$MeshFormat
4.1 0 8
$EndMeshFormat
$PhysicalNames
2
2 1 "Circle"
2 2 "Square"
$EndPhysicalNames
$Entities
9 8 3 0
1 0 0 0 0 
2 1 0 0 0 
3 1 1 0 0 
4 0 1 0 0 
5 0.5 0.5 0 0 
6 0.5 0.65 0 0 
7 0.65 0.5 0 0 
8 0.5 0.35 0 0 
9 0.35 0.5 0 0 
1 -9.999999994736442e-08 -1e-07 -1e-07 1.0000001 1e-07 1e-07 0 2 1 -2 
2 0.9999999000000001 -9.999999994736442e-08 -1e-07 1.0000001 1.0000001 1e-07 0 2 2 -3 
3 -9.999999994736442e-08 0.9999999000000001 -1e-07 1.0000001 1.0000001 1e-07 0 2 3 -4 
4 -1e-07 -9.999999994736442e-08 -1e-07 1e-07 1.0000001 1e-07 0 2 4 -1 
5 0.3499999 0.4999999 -1e-07 0.5000000999999999 0.6500001 1e-07 0 2 6 -9 
6 0.3499999 0.3499999 -1e-07 0.5000000999999999 0.5000000999999999 1e-07 0 2 9 -8 
7 0.4999999 0.3499999 -1e-07 0.6500001 0.5000000999999999 1e-07 0 2 8 -7 
8 0.4999999 0.4999999 -1e-07 0.6500001 0.6500001 1e-07 0 2 6 -7 
1 -9.999999994736442e-08 -9.999999994736442e-08 -1e-07 1.0000001 1.0000001 1e-07 0 4 1 2 3 4 
2 0.3499999 0.3499999 -1e-07 0.6500001 0.6500001 1e-07 1 1 4 5 6 7 -8 
3 -9.999999994736442e-08 -9.999999994736442e-08 -1e-07 1.0000001 1.0000001 1e-07 1 2 8 1 2 3 4 8 -7 -6 -5 
$EndEntities
$Nodes
18 3995 1 3995
0 1 0 1
1
0 0 0
0 2 0 1
2
1 0 0
0 3 0 1
3
1 1 0
0 4 0 1
4
0 1 0
0 6 0 1
5
0.5 0.65 0
0 7 0 1
6
0.65 0.5 0
0 8 0 1
7
0.5 0.35 0
0 9 0 1
8
0.35 0.5 0
1 1 0 55
9
10
11
12
13
14
15
16
17
18
19
20
21
22
23
24
25
26
27
28
29
30
31
32
33
34
35
36
37
38
39
40
41
42
43
44
45
46
47
48
49
50
51
52
53
54
55
56
57
58
59
60
61
62
63
0.01785714285714288 0 0
0.03571428571428577 0 0
0.05357142857142866 0 0
0.07142857142857154 0 0
0.08928571428571443 0 0
0.1071428571428573 0 0
0.1250000000000002 0 0
0.1428571428571431 0 0
0.1607142857142859 0 0
0.1785714285714288 0 0
0.1964285714285716 0 0
0.2142857142857145 0 0
0.2321428571428574 0 0
0.2500000000000002 0 0
0.2678571428571431 0 0
0.2857142857142859 0 0
0.3035714285714288 0 0
0.3214285714285716 0 0
0.3392857142857145 0 0
0.3571428571428573 0 0
0.3750000000000002 0 0
0.3928571428571431 0 0
0.4107142857142859 0 0
0.4285714285714288 0 0
0.4464285714285716 0 0
0.4642857142857145 0 0
0.4821428571428573 0 0
0.5000000000000001 0 0
0.517857142857143 0 0
0.5357142857142858 0 0
0.5535714285714287 0 0
0.5714285714285716 0 0
0.5892857142857144 0 0
0.6071428571428573 0 0
0.6250000000000001 0 0
0.642857142857143 0 0
0.6607142857142858 0 0
0.6785714285714287 0 0
0.6964285714285715 0 0
0.7142857142857144 0 0
0.7321428571428573 0 0
0.7500000000000001 0 0
0.767857142857143 0 0
0.7857142857142858 0 0
0.8035714285714287 0 0
0.8214285714285715 0 0
0.8392857142857144 0 0
0.8571428571428573 0 0
0.8750000000000001 0 0
0.892857142857143 0 0
0.9107142857142858 0 0
0.9285714285714287 0 0
0.9464285714285715 0 0
0.9642857142857143 0 0
0.9821428571428571 0 0
1 2 0 55
64
65
66
67
68
69
70
71
72
73
74
75
76
77
78
79
80
81
82
83
84
85
86
87
88
89
90
91
92
93
94
95
96
97
98
99
100
101
102
103
104
105
106
107
108
109
110
111
112
113
114
115
116
117
118
1 0.01785714285714288 0
1 0.03571428571428577 0
1 0.05357142857142866 0
1 0.07142857142857154 0
1 0.08928571428571443 0
1 0.1071428571428573 0
1 0.1250000000000002 0
1 0.1428571428571431 0
1 0.1607142857142859 0
1 0.1785714285714288 0
1 0.1964285714285716 0
1 0.2142857142857145 0
1 0.2321428571428574 0
1 0.2500000000000002 0
1 0.2678571428571431 0
1 0.2857142857142859 0
1 0.3035714285714288 0
1 0.3214285714285716 0
1 0.3392857142857145 0
1 0.3571428571428573 0
1 0.3750000000000002 0
1 0.3928571428571431 0
1 0.4107142857142859 0
1 0.4285714285714288 0
1 0.4464285714285716 0
1 0.4642857142857145 0
1 0.4821428571428573 0
1 0.5000000000000001 0
1 0.517857142857143 0
1 0.5357142857142858 0
1 0.5535714285714287 0
1 0.5714285714285716 0
1 0.5892857142857144 0
1 0.6071428571428573 0
1 0.6250000000000001 0
1 0.642857142857143 0
1 0.6607142857142858 0
1 0.6785714285714287 0
1 0.6964285714285715 0
1 0.7142857142857144 0
1 0.7321428571428573 0
1 0.7500000000000001 0
1 0.767857142857143 0
1 0.7857142857142858 0
1 0.8035714285714287 0
1 0.8214285714285715 0
1 0.8392857142857144 0
1 0.8571428571428573 0
1 0.8750000000000001 0
1 0.892857142857143 0
1 0.9107142857142858 0
1 0.9285714285714287 0
1 0.9464285714285715 0
1 0.9642857142857143 0
1 0.9821428571428571 0
1 3 0 55
119
120
121
122
123
124
125
126
127
128
129
130
131
132
133
134
135
136
137
138
139
140
141
142
143
144
145
146
147
148
149
150
151
152
153
154
155
156
157
158
159
160
161
162
163
164
165
166
167
168
169
170
171
172
173
0.9821428571428571 1 0
0.9642857142857142 1 0
0.9464285714285714 1 0
0.9285714285714285 1 0
0.9107142857142856 1 0
0.8928571428571427 1 0
0.8749999999999998 1 0
0.8571428571428569 1 0
0.8392857142857141 1 0
0.8214285714285712 1 0
0.8035714285714284 1 0
0.7857142857142855 1 0
0.7678571428571426 1 0
0.7499999999999998 1 0
0.732142857142857 1 0
0.7142857142857141 1 0
0.6964285714285712 1 0
0.6785714285714284 1 0
0.6607142857142856 1 0
0.6428571428571427 1 0
0.6249999999999998 1 0
0.607142857142857 1 0
0.5892857142857141 1 0
0.5714285714285712 1 0
0.5535714285714284 1 0
0.5357142857142856 1 0
0.5178571428571428 1 0
0.4999999999999999 1 0
0.482142857142857 1 0
0.4642857142857142 1 0
0.4464285714285713 1 0
0.4285714285714284 1 0
0.4107142857142856 1 0
0.3928571428571427 1 0
0.3749999999999999 1 0
0.357142857142857 1 0
0.3392857142857142 1 0
0.3214285714285713 1 0
0.3035714285714285 1 0
0.2857142857142856 1 0
0.2678571428571427 1 0
0.2499999999999999 1 0
0.232142857142857 1 0
0.2142857142857142 1 0
0.1964285714285713 1 0
0.1785714285714285 1 0
0.1607142857142856 1 0
0.1428571428571427 1 0
0.1249999999999999 1 0
0.107142857142857 1 0
0.08928571428571419 1 0
0.07142857142857129 1 0
0.05357142857142849 1 0
0.0357142857142857 1 0
0.0178571428571429 1 0
1 4 0 55
174
175
176
177
178
179
180
181
182
183
184
185
186
187
188
189
190
191
192
193
194
195
196
197
198
199
200
201
202
203
204
205
206
207
208
209
210
211
212
213
214
215
216
217
218
219
220
221
222
223
224
225
226
227
228
0 0.9821428571428571 0
0 0.9642857142857142 0
0 0.9464285714285714 0
0 0.9285714285714285 0
0 0.9107142857142856 0
0 0.8928571428571427 0
0 0.8749999999999998 0
0 0.8571428571428569 0
0 0.8392857142857141 0
0 0.8214285714285712 0
0 0.8035714285714284 0
0 0.7857142857142855 0
0 0.7678571428571426 0
0 0.7499999999999998 0
0 0.732142857142857 0
0 0.7142857142857141 0
0 0.6964285714285712 0
0 0.6785714285714284 0
0 0.6607142857142856 0
0 0.6428571428571427 0
0 0.6249999999999998 0
0 0.607142857142857 0
0 0.5892857142857141 0
0 0.5714285714285712 0
0 0.5535714285714284 0
0 0.5357142857142856 0
0 0.5178571428571428 0
0 0.4999999999999999 0
0 0.482142857142857 0
0 0.4642857142857142 0
0 0.4464285714285713 0
0 0.4285714285714284 0
0 0.4107142857142856 0
0 0.3928571428571427 0
0 0.3749999999999999 0
0 0.357142857142857 0
0 0.3392857142857142 0
0 0.3214285714285713 0
0 0.3035714285714285 0
0 0.2857142857142856 0
0 0.2678571428571427 0
0 0.2499999999999999 0
0 0.232142857142857 0
0 0.2142857142857142 0
0 0.1964285714285713 0
0 0.1785714285714285 0
0 0.1607142857142856 0
0 0.1428571428571427 0
0 0.1249999999999999 0
0 0.107142857142857 0
0 0.08928571428571419 0
0 0.07142857142857129 0
0 0.05357142857142849 0
0 0.0357142857142857 0
0 0.0178571428571429 0
1 5 0 13
229
230
231
232
233
234
235
236
237
238
239
240
241
0.4832053285845038 0.6490568314839864 0
0.4666218599065529 0.6462391868272735 0
0.450458140706725 0.6415824995462551 0
0.4349174391323662 0.6351453301853629 0
0.4201951885226994 0.6270086298842426 0
0.4064765297211899 0.6172747223702044 0
0.3939339828220177 0.606066017177982 0
0.3827252776297955 0.5935234702788099 0
0.3729913701157573 0.5798048114773005 0
0.3648546698146371 0.5650825608676336 0
0.3584175004537448 0.549541859293275 0
0.3537608131727265 0.5333781400934472 0
0.3509431685160136 0.5167946714154962 0
1 6 0 13
242
243
244
245
246
247
248
249
250
251
252
253
254
0.3509431685160136 0.4832053285845039 0
0.3537608131727265 0.4666218599065529 0
0.3584175004537448 0.4504581407067251 0
0.364854669814637 0.4349174391323665 0
0.3729913701157572 0.4201951885226997 0
0.3827252776297954 0.4064765297211902 0
0.3939339828220176 0.3939339828220181 0
0.4064765297211896 0.3827252776297958 0
0.4201951885226991 0.3729913701157576 0
0.434917439132366 0.3648546698146373 0
0.4504581407067247 0.3584175004537449 0
0.4666218599065527 0.3537608131727265 0
0.4832053285845037 0.3509431685160136 0
1 7 0 13
255
256
257
258
259
260
261
262
263
264
265
266
267
0.5167946714154962 0.3509431685160136 0
0.5333781400934471 0.3537608131727265 0
0.5495418592932749 0.3584175004537448 0
0.5650825608676335 0.364854669814637 0
0.5798048114773003 0.3729913701157572 0
0.5935234702788098 0.3827252776297954 0
0.6060660171779819 0.3939339828220176 0
0.6172747223702043 0.4064765297211897 0
0.6270086298842424 0.4201951885226992 0
0.6351453301853628 0.434917439132366 0
0.6415824995462551 0.4504581407067247 0
0.6462391868272735 0.4666218599065527 0
0.6490568314839864 0.4832053285845037 0
1 8 0 13
268
269
270
271
272
273
274
275
276
277
278
279
280
0.5167946714154962 0.6490568314839864 0
0.5333781400934472 0.6462391868272735 0
0.549541859293275 0.6415824995462551 0
0.5650825608676339 0.6351453301853629 0
0.5798048114773006 0.6270086298842426 0
0.5935234702788101 0.6172747223702044 0
0.6060660171779823 0.606066017177982 0
0.6172747223702045 0.5935234702788099 0
0.6270086298842427 0.5798048114773005 0
0.6351453301853629 0.5650825608676336 0
0.6415824995462551 0.549541859293275 0
0.6462391868272735 0.5333781400934472 0
0.6490568314839864 0.5167946714154962 0
2 2 0 273
281
282
283
284
285
286
287
288
289
290
291
292
293
294
295
296
297
298
299
300
301
302
303
304
305
306
307
308
309
310
311
312
313
314
315
316
317
318
319
320
321
322
323
324
325
326
327
328
329
330
331
332
333
334
335
336
337
338
339
340
341
342
343
344
345
346
347
348
349
350
351
352
353
354
355
356
357
358
359
360
361
362
363
364
365
366
367
368
369
370
371
372
373
374
375
376
377
378
379
380
381
382
383
384
385
386
387
388
389
390
391
392
393
394
395
396
397
398
399
400
401
402
403
404
405
406
407
408
409
410
411
412
413
414
415
416
417
418
419
420
421
422
423
424
425
426
427
428
429
430
431
432
433
434
435
436
437
438
439
440
441
442
443
444
445
446
447
448
449
450
451
452
453
454
455
456
457
458
459
460
461
462
463
464
465
466
467
468
469
470
471
472
473
474
475
476
477
478
479
480
481
482
483
484
485
486
487
488
489
490
491
492
493
494
495
496
497
498
499
500
501
502
503
504
505
506
507
508
509
510
511
512
513
514
515
516
517
518
519
520
521
522
523
524
525
526
527
528
529
530
531
532
533
534
535
536
537
538
539
540
541
542
543
544
545
546
547
548
549
550
551
552
553
0.3869998650031433 0.5784867122876809 0
0.6109435379735784 0.4204473673542217 0
0.4207599208869289 0.3907053715259039 0
0.5769166465802253 0.6126797390415362 0
0.3665323859612959 0.4781887470401414 0
0.5220007706799397 0.3651696967603275 0
0.6329774352481258 0.5243849468363 0
0.4773907848498561 0.633233693388866 0
0.609452839664425 0.5806009320257387 0
0.5374271902105192 0.6299126517400752 0
0.4612696230856052 0.3680895490274261 0
0.5642122244139016 0.3827616629266717 0
0.3673521056128853 0.5225213561609868 0
0.3885556900966122 0.4232276802165353 0
0.6328684277856971 0.4768564646629044 0
0.4220354088606657 0.6132238578820894 0
0.4924194721871693 0.3650161963520389 0
0.6249052725097817 0.5517374578854588 0
0.5900877202884008 0.3991917944687472 0
0.3753274676016086 0.4473241452216501 0
0.505563502385172 0.6367706466726192 0
0.3759004864282895 0.5521957867660997 0
0.447787410553025 0.6249660612622459 0
0.6238291709825696 0.4501452134219179 0
0.5531483266526298 0.6254629802810215 0
0.5417077652122899 0.6140247863354287 0
0.5254730802678976 0.6182036911933693 0
0.5299153596515667 0.6020172242881985 0
0.5135433234420925 0.6058714611181177 0
0.5180809821360797 0.5899715298086273 0
0.5343710042327924 0.5857842344029912 0
0.522551426683865 0.5738028332306567 0
0.5062757631203793 0.5780507011041962 0
0.5107359384509446 0.5618417382020002 0
0.5270111124928555 0.5575911201738278 0
0.515193362884116 0.5456223913032292 0
0.4989179924984822 0.5498724022662014 0
0.503375317738156 0.5336526823351133 0
0.5196507600120684 0.529402912600674 0
0.5078326409342037 0.5174329505875036 0
0.4915572007355259 0.5216827283113095 0
0.4960144983040103 0.5054629074376542 0
0.512289935971491 0.5012131208826056 0
0.5004717924729319 0.4892430747378156 0
0.4841963556036947 0.4934928640680347 0
0.5167472295737581 0.484993286211232 0
0.4886536489603188 0.477273028547098 0
0.4723782120208311 0.4815228176339857 0
0.4768355051724744 0.4653029814013843 0
0.4605600682450149 0.4695527705300315 0
0.4561027751423167 0.48577260693256 0
0.4650173613552647 0.453332934153754 0
0.4812927982788877 0.4490831450117895 0
0.444284631328687 0.4738025596973232 0
0.4398273382278425 0.4900223961062597 0
0.5285653734245086 0.4969633335756455 0
0.5330226666147363 0.4807434974762315 0
0.5448408104554332 0.4927135448053724 0
0.5492981035753907 0.4764937084626102 0
0.5374799597573543 0.4645236612120394 0
0.5611162474026983 0.4884637557453134 0
0.5566589543017737 0.5046835921540074 0
0.5537553966871336 0.460273872091405 0
0.5419372528677301 0.4483038248360947 0
0.4694746544588445 0.4371130977543248 0
0.4857500913818666 0.4328633086102349 0
0.4531992175357545 0.4413628868981392 0
0.5729343912313651 0.5004338030327188 0
0.5684770981282965 0.5166536394339837 0
0.428009194408221 0.4780523488502432 0
0.4235519013066897 0.4942721852567817 0
0.4353700451278022 0.5062422325179704 0
0.5773916843320632 0.4842139666232411 0
0.4190946082052384 0.5104920216635956 0
0.430912752026254 0.5224620689244377 0
0.5582126897921338 0.4440540356968339 0
0.5463945459716063 0.4320839884376294 0
0.4576565106380305 0.4251430504941848 0
0.5892098281541559 0.4961840138878691 0
0.4413810737150039 0.4293928396382188 0
0.41463731510334 0.5267118580688599 0
0.4264554589243773 0.5386819053297754 0
0.4427308958473744 0.534432116185639 0
0.4382736027454335 0.5506519525907562 0
0.4072145645890923 0.4984488950125289 0
0.4545490396684337 0.5464021634466306 0
0.4500917465664826 0.5626219998517128 0
0.4338163096434846 0.5668717889958462 0
0.4456344534645302 0.5788418362567908 0
0.4619098903875288 0.5745920471126592 0
0.5301191090486878 0.4363337775820358 0
0.5345764021511086 0.4201139411785275 0
0.5936671212560911 0.4799641774826774 0
0.5626699828949268 0.427834199294615 0
0.574488126716012 0.4398042465557526 0
0.4101800220013929 0.542931694473956 0
0.4574525972855755 0.5908118835177338 0
0.4458420672579596 0.4131740201332101 0
0.4621144204801718 0.4089233835725272 0
0.4737280385523861 0.5865620964904712 0
0.5522016612018661 0.5209034285852582 0
0.5640198050232028 0.5328734758475547 0
0.5802952419504269 0.5286236866987423 0
0.5758379488477529 0.5448435231045944 0
0.5595625117788153 0.5490933123940236 0
0.571380655721929 0.5610633595333607 0
0.4590063327703772 0.5301823270415762 0
0.5183009652280718 0.42436373032254 0
0.522758258330134 0.4081438939177744 0
0.5064828214071116 0.4123936830618634 0
0.5138436721260858 0.4405835667275927 0
0.4324664875104118 0.4618325124459901 0
0.416191050587875 0.4660823015917237 0
0.420648343689945 0.4498624651870535 0
0.6053995788213709 0.4920188236162173 0
0.6010136909326983 0.5081681609613904 0
0.5921133857713421 0.540593733959827 0
0.539033695253134 0.4038941047736492 0
0.4295817894805051 0.4174796718770738 0
0.5108275551075938 0.3962849776462557 0
0.4946459176858299 0.4004421576325321 0
0.3983618781803491 0.5309616472130178 0
0.4500674312171437 0.3971853207081384 0
0.4693170140033714 0.6031435597365442 0
0.4044049585865168 0.4541210623336648 0
0.3999918187592743 0.4703040576976041 0
0.4297300056745229 0.5827253442297508 0
0.4180601872970038 0.5711862499359097 0
0.4855539097798012 0.5985924176824712 0
0.5551051793115654 0.5653132477090174 0
0.5669233119854038 0.5772832759532348 0
0.4708244766116025 0.5421523743188864 0
0.478185333217938 0.5703422625188828 0
0.5818489774350528 0.4679941302217028 0
0.5974774618226384 0.463566555248396 0
0.5829588644545225 0.5729674870522423 0
0.5784118357174588 0.4241112229118121 0
0.5664638832446083 0.4122693369926014 0
0.4142668431208151 0.5867463624638726 0
0.4095893309685553 0.4381010309932412 0
0.5900897037268895 0.4362197658429791 0
0.6169542114456384 0.5031974051725185 0
0.4665710968419756 0.3927033776841697 0
0.6154384595629983 0.5204826753143578 0
0.5783808824108844 0.5880656798686875 0
0.5621652657289715 0.5925113961518771 0
0.4984704340233278 0.3814636814703548 0
0.3933036686580366 0.5470982847850308 0
0.4811362102915663 0.6149625480963787 0
0.3820864412573528 0.5352114363571573 0
0.3858586083630584 0.5187245154224948 0
0.374463530442996 0.5057093391454035 0
0.3925251245964979 0.4402882778374377 0
0.4530496763452264 0.6075021444168361 0
0.5599961770343672 0.6090686348634565 0
0.3905436519918365 0.5024181728364263 0
0.3787846272508311 0.4903100057538436 0
0.4972584233303047 0.610103604062516 0
0.4936822607183036 0.6258219519705979 0
0.4650138123564905 0.6196308999313472 0
0.5464672055272175 0.5974899403758707 0
0.5018217021502749 0.5942823650020224 0
0.5388289096952743 0.5695613173273791 0
0.5314688169841054 0.5413726681786653 0
0.4944601908327458 0.5660903072725056 0
0.5359262006884888 0.5251531376949057 0
0.5432868163912222 0.55334248846642 0
0.5241080771610196 0.5131831591619521 0
0.4870998962985625 0.5379025244570139 0
0.4797390615305216 0.5097126970971158 0
0.467920918703486 0.49774265329064 0
0.4829689356134246 0.3889534368865009 0
0.4784066171110944 0.4047598482219934 0
0.4975682352029009 0.4448333558711284 0
0.4902071539086859 0.4166609630573008 0
0.5049290858296135 0.4730232392167115 0
0.5020254898757871 0.4286164346084434 0
0.5212045227911524 0.468773450206355 0
0.5093863790067037 0.4568034030722699 0
0.6106726278818343 0.475388988728754 0
0.4026184377388191 0.5146261850361539 0
0.5403835128721817 0.5089333659961902 0
0.4417967282472782 0.5949271297990351 0
0.5655735405077686 0.4722439193509831 0
0.473934907996449 0.4209106086184277 0
0.4663671844943786 0.5583722114769732 0
0.5860861351291909 0.4518555475839754 0
0.569994144377882 0.4560376252501088 0
0.6045902575066365 0.4468566772013832 0
0.5278289168417061 0.3917927784244724 0
0.544606833380657 0.3876973492622259 0
0.5559566879381432 0.3998135325163005 0
0.5508518390741795 0.4158641520346485 0
0.5873900675233287 0.5567404679250322 0
0.6042967443932242 0.5528850186534023 0
0.4252353019063589 0.4336868775434585 0
0.5847501548783954 0.5124062002615553 0
0.448741924431375 0.4575827232947936 0
0.4117504711522375 0.4822711383202495 0
0.4471881889492266 0.5182122797802946 0
0.4220847182518558 0.5549125203675473 0
0.4369453914648082 0.445620050834609 0
0.4058682309188799 0.5590653403023687 0
0.4931109420751498 0.4610531921867302 0
0.6096064490286214 0.5376478456490094 0
0.597202897020747 0.5246537171408137 0
0.4142212232355337 0.4219904577781194 0
0.5256618159329524 0.4525536139393979 0
0.4516454820038237 0.5019924432107162 0
0.4752817656364764 0.5259325236437457 0
0.4634636249323186 0.5139624873440147 0
0.5477443020112834 0.5371230851944713 0
0.4826425123256183 0.5541220137184105 0
0.4900041562755876 0.5823200250117582 0
0.5506434794135375 0.5813239019867283 0
0.4337603682002251 0.4015533306022843 0
0.4370843241231859 0.3829036919301346 0
0.593945947535238 0.5839147157575112 0
0.3954022041719678 0.4863940572038044 0
0.3874115419969559 0.4580951001991829 0
0.3827592321177264 0.4742313524563815 0
0.4179019614345307 0.4063304629713937 0
0.4009153295887654 0.410807897034515 0
0.3904794017798999 0.5635109081769366 0
0.6224279873623308 0.4889475418911514 0
0.6225173979703686 0.464402499560104 0
0.6333690739728143 0.4995852278809512 0
0.4372765057464387 0.6101698533708373 0
0.5153560489149137 0.3801184909253863 0
0.6239049911583626 0.534999823896059 0
0.5939417431884546 0.4188410897853775 0
0.5517339277804583 0.3738245359853202 0
0.5898375818253268 0.6000945697521068 0
0.5988182267798725 0.5684320343448205 0
0.5723127113103162 0.3978436191533386 0
0.6166045072361515 0.5664238025423924 0
0.363553101875835 0.4937074436988396 0
0.5358233703726268 0.3738340972185301 0
0.617635666791312 0.4344289473985681 0
0.5075068995368078 0.3654518723373535 0
0.4770653293060974 0.365016196352039 0
0.5212041583236525 0.6333956358488115 0
0.3982952707715264 0.5907148147246464 0
0.4103559489222898 0.6018565915662928 0
0.3700532971741117 0.4623750116613743 0
0.3788508644450226 0.4331905461861379 0
0.4533556172275131 0.3821133899327296 0
0.5094541247445705 0.6216944984776719 0
0.3675034693849998 0.5385697157341932 0
0.603662748199724 0.4077781528303107 0
0.4023282998152114 0.5749517313152358 0
0.4259102400953351 0.5982748565519797 0
0.5802435787498478 0.4104514126623753 0
0.5669897045224314 0.621873062851124 0
0.4078652123725398 0.3967949773315717 0
0.5801729624740355 0.3869228782247557 0
0.4735824876913181 0.3783070034418252 0
0.6036850082311193 0.432116777871453 0
0.6111810172744323 0.4592666889334455 0
0.4614286268605062 0.633545288352511 0
0.3608880852282327 0.5078007021410429 0
0.4469846736650446 0.3711026813320235 0
0.4015347908256952 0.4271652410636606 0
0.4920878002683896 0.6394175743356618 0
0.6295592023427127 0.5128889853239247 0
0.4849013317642674 0.3757513029005518 0
0.6033154217146353 0.5928399409984297 0
0.6343624936188759 0.4613248878308285 0
0.3775343016091325 0.5679520692740465 0
0.4321581921982425 0.6226823737343758 0
0.6381393712206241 0.4884515726267184 0
0.5729387374094865 0.5998439551949531 0
0.635295587227291 0.5390368734735016 0
2 3 0 3442
554
555
556
557
558
559
560
561
562
563
564
565
566
567
568
569
570
571
572
573
574
575
576
577
578
579
580
581
582
583
584
585
586
587
588
589
590
591
592
593
594
595
596
597
598
599
600
601
602
603
604
605
606
607
608
609
610
611
612
613
614
615
616
617
618
619
620
621
622
623
624
625
626
627
628
629
630
631
632
633
634
635
636
637
638
639
640
641
642
643
644
645
646
647
648
649
650
651
652
653
654
655
656
657
658
659
660
661
662
663
664
665
666
667
668
669
670
671
672
673
674
675
676
677
678
679
680
681
682
683
684
685
686
687
688
689
690
691
692
693
694
695
696
697
698
699
700
701
702
703
704
705
706
707
708
709
710
711
712
713
714
715
716
717
718
719
720
721
722
723
724
725
726
727
728
729
730
731
732
733
734
735
736
737
738
739
740
741
742
743
744
745
746
747
748
749
750
751
752
753
754
755
756
757
758
759
760
761
762
763
764
765
766
767
768
769
770
771
772
773
774
775
776
777
778
779
780
781
782
783
784
785
786
787
788
789
790
791
792
793
794
795
796
797
798
799
800
801
802
803
804
805
806
807
808
809
810
811
812
813
814
815
816
817
818
819
820
821
822
823
824
825
826
827
828
829
830
831
832
833
834
835
836
837
838
839
840
841
842
843
844
845
846
847
848
849
850
851
852
853
854
855
856
857
858
859
860
861
862
863
864
865
866
867
868
869
870
871
872
873
874
875
876
877
878
879
880
881
882
883
884
885
886
887
888
889
890
891
892
893
894
895
896
897
898
899
900
901
902
903
904
905
906
907
908
909
910
911
912
913
914
915
916
917
918
919
920
921
922
923
924
925
926
927
928
929
930
931
932
933
934
935
936
937
938
939
940
941
942
943
944
945
946
947
948
949
950
951
952
953
954
955
956
957
958
959
960
961
962
963
964
965
966
967
968
969
970
971
972
973
974
975
976
977
978
979
980
981
982
983
984
985
986
987
988
989
990
991
992
993
994
995
996
997
998
999
1000
1001
1002
1003
1004
1005
1006
1007
1008
1009
1010
1011
1012
1013
1014
1015
1016
1017
1018
1019
1020
1021
1022
1023
1024
1025
1026
1027
1028
1029
1030
1031
1032
1033
1034
1035
1036
1037
1038
1039
1040
1041
1042
1043
1044
1045
1046
1047
1048
1049
1050
1051
1052
1053
1054
1055
1056
1057
1058
1059
1060
1061
1062
1063
1064
1065
1066
1067
1068
1069
1070
1071
1072
1073
1074
1075
1076
1077
1078
1079
1080
1081
1082
1083
1084
1085
1086
1087
1088
1089
1090
1091
1092
1093
1094
1095
1096
1097
1098
1099
1100
1101
1102
1103
1104
1105
1106
1107
1108
1109
1110
1111
1112
1113
1114
1115
1116
1117
1118
1119
1120
1121
1122
1123
1124
1125
1126
1127
1128
1129
1130
1131
1132
1133
1134
1135
1136
1137
1138
1139
1140
1141
1142
1143
1144
1145
1146
1147
1148
1149
1150
1151
1152
1153
1154
1155
1156
1157
1158
1159
1160
1161
1162
1163
1164
1165
1166
1167
1168
1169
1170
1171
1172
1173
1174
1175
1176
1177
1178
1179
1180
1181
1182
1183
1184
1185
1186
1187
1188
1189
1190
1191
1192
1193
1194
1195
1196
1197
1198
1199
1200
1201
1202
1203
1204
1205
1206
1207
1208
1209
1210
1211
1212
1213
1214
1215
1216
1217
1218
1219
1220
1221
1222
1223
1224
1225
1226
1227
1228
1229
1230
1231
1232
1233
1234
1235
1236
1237
1238
1239
1240
1241
1242
1243
1244
1245
1246
1247
1248
1249
1250
1251
1252
1253
1254
1255
1256
1257
1258
1259
1260
1261
1262
1263
1264
1265
1266
1267
1268
1269
1270
1271
1272
1273
1274
1275
1276
1277
1278
1279
1280
1281
1282
1283
1284
1285
1286
1287
1288
1289
1290
1291
1292
1293
1294
1295
1296
1297
1298
1299
1300
1301
1302
1303
1304
1305
1306
1307
1308
1309
1310
1311
1312
1313
1314
1315
1316
1317
1318
1319
1320
1321
1322
1323
1324
1325
1326
1327
1328
1329
1330
1331
1332
1333
1334
1335
1336
1337
1338
1339
1340
1341
1342
1343
1344
1345
1346
1347
1348
1349
1350
1351
1352
1353
1354
1355
1356
1357
1358
1359
1360
1361
1362
1363
1364
1365
1366
1367
1368
1369
1370
1371
1372
1373
1374
1375
1376
1377
1378
1379
1380
1381
1382
1383
1384
1385
1386
1387
1388
1389
1390
1391
1392
1393
1394
1395
1396
1397
1398
1399
1400
1401
1402
1403
1404
1405
1406
1407
1408
1409
1410
1411
1412
1413
1414
1415
1416
1417
1418
1419
1420
1421
1422
1423
1424
1425
1426
1427
1428
1429
1430
1431
1432
1433
1434
1435
1436
1437
1438
1439
1440
1441
1442
1443
1444
1445
1446
1447
1448
1449
1450
1451
1452
1453
1454
1455
1456
1457
1458
1459
1460
1461
1462
1463
1464
1465
1466
1467
1468
1469
1470
1471
1472
1473
1474
1475
1476
1477
1478
1479
1480
1481
1482
1483
1484
1485
1486
1487
1488
1489
1490
1491
1492
1493
1494
1495
1496
1497
1498
1499
1500
1501
1502
1503
1504
1505
1506
1507
1508
1509
1510
1511
1512
1513
1514
1515
1516
1517
1518
1519
1520
1521
1522
1523
1524
1525
1526
1527
1528
1529
1530
1531
1532
1533
1534
1535
1536
1537
1538
1539
1540
1541
1542
1543
1544
1545
1546
1547
1548
1549
1550
1551
1552
1553
1554
1555
1556
1557
1558
1559
1560
1561
1562
1563
1564
1565
1566
1567
1568
1569
1570
1571
1572
1573
1574
1575
1576
1577
1578
1579
1580
1581
1582
1583
1584
1585
1586
1587
1588
1589
1590
1591
1592
1593
1594
1595
1596
1597
1598
1599
1600
1601
1602
1603
1604
1605
1606
1607
1608
1609
1610
1611
1612
1613
1614
1615
1616
1617
1618
1619
1620
1621
1622
1623
1624
1625
1626
1627
1628
1629
1630
1631
1632
1633
1634
1635
1636
1637
1638
1639
1640
1641
1642
1643
1644
1645
1646
1647
1648
1649
1650
1651
1652
1653
1654
1655
1656
1657
1658
1659
1660
1661
1662
1663
1664
1665
1666
1667
1668
1669
1670
1671
1672
1673
1674
1675
1676
1677
1678
1679
1680
1681
1682
1683
1684
1685
1686
1687
1688
1689
1690
1691
1692
1693
1694
1695
1696
1697
1698
1699
1700
1701
1702
1703
1704
1705
1706
1707
1708
1709
1710
1711
1712
1713
1714
1715
1716
1717
1718
1719
1720
1721
1722
1723
1724
1725
1726
1727
1728
1729
1730
1731
1732
1733
1734
1735
1736
1737
1738
1739
1740
1741
1742
1743
1744
1745
1746
1747
1748
1749
1750
1751
1752
1753
1754
1755
1756
1757
1758
1759
1760
1761
1762
1763
1764
1765
1766
1767
1768
1769
1770
1771
1772
1773
1774
1775
1776
1777
1778
1779
1780
1781
1782
1783
1784
1785
1786
1787
1788
1789
1790
1791
1792
1793
1794
1795
1796
1797
1798
1799
1800
1801
1802
1803
1804
1805
1806
1807
1808
1809
1810
1811
1812
1813
1814
1815
1816
1817
1818
1819
1820
1821
1822
1823
1824
1825
1826
1827
1828
1829
1830
1831
1832
1833
1834
1835
1836
1837
1838
1839
1840
1841
1842
1843
1844
1845
1846
1847
1848
1849
1850
1851
1852
1853
1854
1855
1856
1857
1858
1859
1860
1861
1862
1863
1864
1865
1866
1867
1868
1869
1870
1871
1872
1873
1874
1875
1876
1877
1878
1879
1880
1881
1882
1883
1884
1885
1886
1887
1888
1889
1890
1891
1892
1893
1894
1895
1896
1897
1898
1899
1900
1901
1902
1903
1904
1905
1906
1907
1908
1909
1910
1911
1912
1913
1914
1915
1916
1917
1918
1919
1920
1921
1922
1923
1924
1925
1926
1927
1928
1929
1930
1931
1932
1933
1934
1935
1936
1937
1938
1939
1940
1941
1942
1943
1944
1945
1946
1947
1948
1949
1950
1951
1952
1953
1954
1955
1956
1957
1958
1959
1960
1961
1962
1963
1964
1965
1966
1967
1968
1969
1970
1971
1972
1973
1974
1975
1976
1977
1978
1979
1980
1981
1982
1983
1984
1985
1986
1987
1988
1989
1990
1991
1992
1993
1994
1995
1996
1997
1998
1999
2000
2001
2002
2003
2004
2005
2006
2007
2008
2009
2010
2011
2012
2013
2014
2015
2016
2017
2018
2019
2020
2021
2022
2023
2024
2025
2026
2027
2028
2029
2030
2031
2032
2033
2034
2035
2036
2037
2038
2039
2040
2041
2042
2043
2044
2045
2046
2047
2048
2049
2050
2051
2052
2053
2054
2055
2056
2057
2058
2059
2060
2061
2062
2063
2064
2065
2066
2067
2068
2069
2070
2071
2072
2073
2074
2075
2076
2077
2078
2079
2080
2081
2082
2083
2084
2085
2086
2087
2088
2089
2090
2091
2092
2093
2094
2095
2096
2097
2098
2099
2100
2101
2102
2103
2104
2105
2106
2107
2108
2109
2110
2111
2112
2113
2114
2115
2116
2117
2118
2119
2120
2121
2122
2123
2124
2125
2126
2127
2128
2129
2130
2131
2132
2133
2134
2135
2136
2137
2138
2139
2140
2141
2142
2143
2144
2145
2146
2147
2148
2149
2150
2151
2152
2153
2154
2155
2156
2157
2158
2159
2160
2161
2162
2163
2164
2165
2166
2167
2168
2169
2170
2171
2172
2173
2174
2175
2176
2177
2178
2179
2180
2181
2182
2183
2184
2185
2186
2187
2188
2189
2190
2191
2192
2193
2194
2195
2196
2197
2198
2199
2200
2201
2202
2203
2204
2205
2206
2207
2208
2209
2210
2211
2212
2213
2214
2215
2216
2217
2218
2219
2220
2221
2222
2223
2224
2225
2226
2227
2228
2229
2230
2231
2232
2233
2234
2235
2236
2237
2238
2239
2240
2241
2242
2243
2244
2245
2246
2247
2248
2249
2250
2251
2252
2253
2254
2255
2256
2257
2258
2259
2260
2261
2262
2263
2264
2265
2266
2267
2268
2269
2270
2271
2272
2273
2274
2275
2276
2277
2278
2279
2280
2281
2282
2283
2284
2285
2286
2287
2288
2289
2290
2291
2292
2293
2294
2295
2296
2297
2298
2299
2300
2301
2302
2303
2304
2305
2306
2307
2308
2309
2310
2311
2312
2313
2314
2315
2316
2317
2318
2319
2320
2321
2322
2323
2324
2325
2326
2327
2328
2329
2330
2331
2332
2333
2334
2335
2336
2337
2338
2339
2340
2341
2342
2343
2344
2345
2346
2347
2348
2349
2350
2351
2352
2353
2354
2355
2356
2357
2358
2359
2360
2361
2362
2363
2364
2365
2366
2367
2368
2369
2370
2371
2372
2373
2374
2375
2376
2377
2378
2379
2380
2381
2382
2383
2384
2385
2386
2387
2388
2389
2390
2391
2392
2393
2394
2395
2396
2397
2398
2399
2400
2401
2402
2403
2404
2405
2406
2407
2408
2409
2410
2411
2412
2413
2414
2415
2416
2417
2418
2419
2420
2421
2422
2423
2424
2425
2426
2427
2428
2429
2430
2431
2432
2433
2434
2435
2436
2437
2438
2439
2440
2441
2442
2443
2444
2445
2446
2447
2448
2449
2450
2451
2452
2453
2454
2455
2456
2457
2458
2459
2460
2461
2462
2463
2464
2465
2466
2467
2468
2469
2470
2471
2472
2473
2474
2475
2476
2477
2478
2479
2480
2481
2482
2483
2484
2485
2486
2487
2488
2489
2490
2491
2492
2493
2494
2495
2496
2497
2498
2499
2500
2501
2502
2503
2504
2505
2506
2507
2508
2509
2510
2511
2512
2513
2514
2515
2516
2517
2518
2519
2520
2521
2522
2523
2524
2525
2526
2527
2528
2529
2530
2531
2532
2533
2534
2535
2536
2537
2538
2539
2540
2541
2542
2543
2544
2545
2546
2547
2548
2549
2550
2551
2552
2553
2554
2555
2556
2557
2558
2559
2560
2561
2562
2563
2564
2565
2566
2567
2568
2569
2570
2571
2572
2573
2574
2575
2576
2577
2578
2579
2580
2581
2582
2583
2584
2585
2586
2587
2588
2589
2590
2591
2592
2593
2594
2595
2596
2597
2598
2599
2600
2601
2602
2603
2604
2605
2606
2607
2608
2609
2610
2611
2612
2613
2614
2615
2616
2617
2618
2619
2620
2621
2622
2623
2624
2625
2626
2627
2628
2629
2630
2631
2632
2633
2634
2635
2636
2637
2638
2639
2640
2641
2642
2643
2644
2645
2646
2647
2648
2649
2650
2651
2652
2653
2654
2655
2656
2657
2658
2659
2660
2661
2662
2663
2664
2665
2666
2667
2668
2669
2670
2671
2672
2673
2674
2675
2676
2677
2678
2679
2680
2681
2682
2683
2684
2685
2686
2687
2688
2689
2690
2691
2692
2693
2694
2695
2696
2697
2698
2699
2700
2701
2702
2703
2704
2705
2706
2707
2708
2709
2710
2711
2712
2713
2714
2715
2716
2717
2718
2719
2720
2721
2722
2723
2724
2725
2726
2727
2728
2729
2730
2731
2732
2733
2734
2735
2736
2737
2738
2739
2740
2741
2742
2743
2744
2745
2746
2747
2748
2749
2750
2751
2752
2753
2754
2755
2756
2757
2758
2759
2760
2761
2762
2763
2764
2765
2766
2767
2768
2769
2770
2771
2772
2773
2774
2775
2776
2777
2778
2779
2780
2781
2782
2783
2784
2785
2786
2787
2788
2789
2790
2791
2792
2793
2794
2795
2796
2797
2798
2799
2800
2801
2802
2803
2804
2805
2806
2807
2808
2809
2810
2811
2812
2813
2814
2815
2816
2817
2818
2819
2820
2821
2822
2823
2824
2825
2826
2827
2828
2829
2830
2831
2832
2833
2834
2835
2836
2837
2838
2839
2840
2841
2842
2843
2844
2845
2846
2847
2848
2849
2850
2851
2852
2853
2854
2855
2856
2857
2858
2859
2860
2861
2862
2863
2864
2865
2866
2867
2868
2869
2870
2871
2872
2873
2874
2875
2876
2877
2878
2879
2880
2881
2882
2883
2884
2885
2886
2887
2888
2889
2890
2891
2892
2893
2894
2895
2896
2897
2898
2899
2900
2901
2902
2903
2904
2905
2906
2907
2908
2909
2910
2911
2912
2913
2914
2915
2916
2917
2918
2919
2920
2921
2922
2923
2924
2925
2926
2927
2928
2929
2930
2931
2932
2933
2934
2935
2936
2937
2938
2939
2940
2941
2942
2943
2944
2945
2946
2947
2948
2949
2950
2951
2952
2953
2954
2955
2956
2957
2958
2959
2960
2961
2962
2963
2964
2965
2966
2967
2968
2969
2970
2971
2972
2973
2974
2975
2976
2977
2978
2979
2980
2981
2982
2983
2984
2985
2986
2987
2988
2989
2990
2991
2992
2993
2994
2995
2996
2997
2998
2999
3000
3001
3002
3003
3004
3005
3006
3007
3008
3009
3010
3011
3012
3013
3014
3015
3016
3017
3018
3019
3020
3021
3022
3023
3024
3025
3026
3027
3028
3029
3030
3031
3032
3033
3034
3035
3036
3037
3038
3039
3040
3041
3042
3043
3044
3045
3046
3047
3048
3049
3050
3051
3052
3053
3054
3055
3056
3057
3058
3059
3060
3061
3062
3063
3064
3065
3066
3067
3068
3069
3070
3071
3072
3073
3074
3075
3076
3077
3078
3079
3080
3081
3082
3083
3084
3085
3086
3087
3088
3089
3090
3091
3092
3093
3094
3095
3096
3097
3098
3099
3100
3101
3102
3103
3104
3105
3106
3107
3108
3109
3110
3111
3112
3113
3114
3115
3116
3117
3118
3119
3120
3121
3122
3123
3124
3125
3126
3127
3128
3129
3130
3131
3132
3133
3134
3135
3136
3137
3138
3139
3140
3141
3142
3143
3144
3145
3146
3147
3148
3149
3150
3151
3152
3153
3154
3155
3156
3157
3158
3159
3160
3161
3162
3163
3164
3165
3166
3167
3168
3169
3170
3171
3172
3173
3174
3175
3176
3177
3178
3179
3180
3181
3182
3183
3184
3185
3186
3187
3188
3189
3190
3191
3192
3193
3194
3195
3196
3197
3198
3199
3200
3201
3202
3203
3204
3205
3206
3207
3208
3209
3210
3211
3212
3213
3214
3215
3216
3217
3218
3219
3220
3221
3222
3223
3224
3225
3226
3227
3228
3229
3230
3231
3232
3233
3234
3235
3236
3237
3238
3239
3240
3241
3242
3243
3244
3245
3246
3247
3248
3249
3250
3251
3252
3253
3254
3255
3256
3257
3258
3259
3260
3261
3262
3263
3264
3265
3266
3267
3268
3269
3270
3271
3272
3273
3274
3275
3276
3277
3278
3279
3280
3281
3282
3283
3284
3285
3286
3287
3288
3289
3290
3291
3292
3293
3294
3295
3296
3297
3298
3299
3300
3301
3302
3303
3304
3305
3306
3307
3308
3309
3310
3311
3312
3313
3314
3315
3316
3317
3318
3319
3320
3321
3322
3323
3324
3325
3326
3327
3328
3329
3330
3331
3332
3333
3334
3335
3336
3337
3338
3339
3340
3341
3342
3343
3344
3345
3346
3347
3348
3349
3350
3351
3352
3353
3354
3355
3356
3357
3358
3359
3360
3361
3362
3363
3364
3365
3366
3367
3368
3369
3370
3371
3372
3373
3374
3375
3376
3377
3378
3379
3380
3381
3382
3383
3384
3385
3386
3387
3388
3389
3390
3391
3392
3393
3394
3395
3396
3397
3398
3399
3400
3401
3402
3403
3404
3405
3406
3407
3408
3409
3410
3411
3412
3413
3414
3415
3416
3417
3418
3419
3420
3421
3422
3423
3424
3425
3426
3427
3428
3429
3430
3431
3432
3433
3434
3435
3436
3437
3438
3439
3440
3441
3442
3443
3444
3445
3446
3447
3448
3449
3450
3451
3452
3453
3454
3455
3456
3457
3458
3459
3460
3461
3462
3463
3464
3465
3466
3467
3468
3469
3470
3471
3472
3473
3474
3475
3476
3477
3478
3479
3480
3481
3482
3483
3484
3485
3486
3487
3488
3489
3490
3491
3492
3493
3494
3495
3496
3497
3498
3499
3500
3501
3502
3503
3504
3505
3506
3507
3508
3509
3510
3511
3512
3513
3514
3515
3516
3517
3518
3519
3520
3521
3522
3523
3524
3525
3526
3527
3528
3529
3530
3531
3532
3533
3534
3535
3536
3537
3538
3539
3540
3541
3542
3543
3544
3545
3546
3547
3548
3549
3550
3551
3552
3553
3554
3555
3556
3557
3558
3559
3560
3561
3562
3563
3564
3565
3566
3567
3568
3569
3570
3571
3572
3573
3574
3575
3576
3577
3578
3579
3580
3581
3582
3583
3584
3585
3586
3587
3588
3589
3590
3591
3592
3593
3594
3595
3596
3597
3598
3599
3600
3601
3602
3603
3604
3605
3606
3607
3608
3609
3610
3611
3612
3613
3614
3615
3616
3617
3618
3619
3620
3621
3622
3623
3624
3625
3626
3627
3628
3629
3630
3631
3632
3633
3634
3635
3636
3637
3638
3639
3640
3641
3642
3643
3644
3645
3646
3647
3648
3649
3650
3651
3652
3653
3654
3655
3656
3657
3658
3659
3660
3661
3662
3663
3664
3665
3666
3667
3668
3669
3670
3671
3672
3673
3674
3675
3676
3677
3678
3679
3680
3681
3682
3683
3684
3685
3686
3687
3688
3689
3690
3691
3692
3693
3694
3695
3696
3697
3698
3699
3700
3701
3702
3703
3704
3705
3706
3707
3708
3709
3710
3711
3712
3713
3714
3715
3716
3717
3718
3719
3720
3721
3722
3723
3724
3725
3726
3727
3728
3729
3730
3731
3732
3733
3734
3735
3736
3737
3738
3739
3740
3741
3742
3743
3744
3745
3746
3747
3748
3749
3750
3751
3752
3753
3754
3755
3756
3757
3758
3759
3760
3761
3762
3763
3764
3765
3766
3767
3768
3769
3770
3771
3772
3773
3774
3775
3776
3777
3778
3779
3780
3781
3782
3783
3784
3785
3786
3787
3788
3789
3790
3791
3792
3793
3794
3795
3796
3797
3798
3799
3800
3801
3802
3803
3804
3805
3806
3807
3808
3809
3810
3811
3812
3813
3814
3815
3816
3817
3818
3819
3820
3821
3822
3823
3824
3825
3826
3827
3828
3829
3830
3831
3832
3833
3834
3835
3836
3837
3838
3839
3840
3841
3842
3843
3844
3845
3846
3847
3848
3849
3850
3851
3852
3853
3854
3855
3856
3857
3858
3859
3860
3861
3862
3863
3864
3865
3866
3867
3868
3869
3870
3871
3872
3873
3874
3875
3876
3877
3878
3879
3880
3881
3882
3883
3884
3885
3886
3887
3888
3889
3890
3891
3892
3893
3894
3895
3896
3897
3898
3899
3900
3901
3902
3903
3904
3905
3906
3907
3908
3909
3910
3911
3912
3913
3914
3915
3916
3917
3918
3919
3920
3921
3922
3923
3924
3925
3926
3927
3928
3929
3930
3931
3932
3933
3934
3935
3936
3937
3938
3939
3940
3941
3942
3943
3944
3945
3946
3947
3948
3949
3950
3951
3952
3953
3954
3955
3956
3957
3958
3959
3960
3961
3962
3963
3964
3965
3966
3967
3968
3969
3970
3971
3972
3973
3974
3975
3976
3977
3978
3979
3980
3981
3982
3983
3984
3985
3986
3987
3988
3989
3990
3991
3992
3993
3994
3995
0.390290808874041 0.3780149003204372 0
0.6215824387132904 0.3916575515217477 0
0.3908050787235808 0.6225939612431847 0
0.6097091714265767 0.6219852689446763 0
0.2229307632967832 0.01556898591779254 0
0.9851394866969263 0.22321779474765 0
0.9845352606467065 0.7767857142857144 0
0.01684806522392918 0.7738562304675949 0
0.01546146308483476 0.2410523064126883 0
0.7595538027030214 0.01549226001218729 0
0.2405100036274402 0.9850297347832374 0
0.7584002753117856 0.984389871835026 0
0.6440917182334878 0.5785134004404288 0
0.3568802557937039 0.5795573308825913 0
0.5767662003822346 0.355552862560238 0
0.3561578365881833 0.4210942106639481 0
0.312189446603503 0.01513374621659519 0
0.9856266630065413 0.3118296474521396 0
0.9849519844054047 0.6875017708004549 0
0.01448428131631319 0.6875846441340492 0
0.3301791616393641 0.9858982657699885 0
0.669642857142857 0.9845352606467065 0
0.6691820273301623 0.01518797162090446 0
0.01546473935329351 0.3303571428571427 0
0.6533387214481992 0.4366507531331503 0
0.4379294411388689 0.3485576744714155 0
0.5634989846121002 0.6512934878467195 0
0.4378951348540415 0.650963927930363 0
0.3365744793035856 0.5278449369892526 0
0.5258921859931655 0.3364169647927708 0
0.3362980415425367 0.471222172992145 0
0.6616268804136463 0.5265470700881553 0
0.4898125749163407 0.6640563140140884 0
0.9846336863842989 0.5980680479679228 0
0.01480198265916255 0.5988728758478638 0
0.4020154215109084 0.0153477280389564 0
0.9852692078688725 0.402076050512187 0
0.4196769317170769 0.9864601775278073 0
0.580888855350346 0.9842159985850565 0
0.01541293421237078 0.4219016095489055 0
0.5815595127491985 0.0154110703729981 0
0.4910488860266874 0.01545904130894099 0
0.9838139797769359 0.4892271218907925 0
0.0151035075459377 0.5082624559338542 0
0.5071075112648621 0.9825249131891194 0
0.8295083350335615 0.9838960166218216 0
0.8310343051845723 0.0162616551324638 0
0.1673760919689062 0.9830552477553784 0
0.01546473935329357 0.169642857142857 0
0.01815016456590424 0.8501962206624603 0
0.9853072499209932 0.8479153053418359 0
0.9845354586733899 0.1517889086241483 0
0.149753401208206 0.01746527440163598 0
0.09785872883723323 0.9855565306112017 0
0.9008175706628696 0.9850643341662111 0
0.01546473935329351 0.09821428571428559 0
0.9017840139272797 0.01546467921109163 0
0.98455091131874 0.5446589998686326 0
0.01455553923055131 0.9026906514871798 0
0.9838134227179741 0.901175676420068 0
0.09842179948968099 0.01661150832723141 0
0.9845332933314044 0.09822075444232337 0
0.472300368914761 0.3389752538778869 0
0.6620097143135991 0.4724734423939774 0
0.5275265576060224 0.662009714313599 0
0.4723185242673581 0.9853450659060736 0
0.5447752361365671 0.9846144852792115 0
0.9852569965989503 0.6339317395526798 0
0.5445642480734891 0.01495012647732141 0
0.01479486339372549 0.4558751286951721 0
0.6164828676054268 0.01584003241816662 0
0.01486683629761509 0.3826780723696011 0
0.9860571379685521 0.454861002412927 0
0.01560673604954521 0.6337118905775561 0
0.455357142857143 0.01546473935329351 0
0.01658398038991937 0.5631833849153547 0
0.3636566643448719 0.01543901811956117 0
0.983874825369238 0.3656111532207797 0
0.3861068316367691 0.9846046801585793 0
0.6160305711416144 0.9854334057137459 0
0.0140956714997606 0.7243208938806329 0
0.705018709513928 0.01672802597859524 0
0.9846665671696585 0.7230266263769384 0
0.01484335265985648 0.2946370411145291 0
0.2960344588664086 0.9849654080464507 0
0.27742517905064 0.01391529113443868 0
0.7234787457718521 0.98494763905566 0
0.9846349055554349 0.276792686396303 0
0.9848702827491134 0.8125034808385146 0
0.1875473462999624 0.01382104627568709 0
0.01546473935329351 0.8124999999999998 0
0.9839828785066328 0.1875190616109024 0
0.8659405636099464 0.9854104899488213 0
0.7948149439950283 0.9840571050005034 0
0.2053648759124352 0.984545467453861 0
0.7955235212257304 0.01725476799064785 0
0.01488673135581531 0.2044180752672784 0
0.1343660566757433 0.9831825518785446 0
0.0628764475530163 0.9835174976032917 0
0.937289090700289 0.9841997777294318 0
0.8663665897805582 0.01476841394368411 0
0.9378857157487506 0.01794517321098815 0
0.01482902785535456 0.1339285694526423 0
0.01546473935329351 0.06249999999999994 0
0.9855374722003998 0.9402546353649572 0
0.01572056140723388 0.9379422560879644 0
0.06029687617890972 0.01548325968669978 0
0.9845352606467064 0.06250000000000006 0
0.01544407084851962 0.9734258493582283 0
0.9733933322097994 0.985186366522662 0
0.01504465916242043 0.02891151257112046 0
0.9738027425451101 0.01532808904735616 0
0.378022338760357 0.6111293155118309 0
0.3744521784323752 0.6275202463202066 0
0.3874326005536025 0.6390733174565828 0
0.3710840361577451 0.6443215544350094 0
0.3583185573180442 0.6327570692117939 0
0.3549431617992708 0.6496287680892787 0
0.3422709311638513 0.63831467566949 0
0.3388170593018209 0.6550087769233871 0
0.3261307111689109 0.643676246496486 0
0.3226428362638444 0.6603524594122986 0
0.3353685802160117 0.6717157146546451 0
0.319150458821216 0.6770728393344909 0
0.3319159223553719 0.6884568683709587 0
0.315657324849061 0.6938280752607577 0
0.3102490221477489 0.649055507447943 0
0.3284758083430301 0.7052449480153041 0
0.3121606592876904 0.7106229679597768 0
0.3250099909975639 0.7220659283614639 0
0.3086550514804889 0.7274546250020599 0
0.2958147488362586 0.7159906669457073 0
0.2922915003319906 0.7328589145361631 0
0.2794245418351637 0.721362670182281 0
0.2758937641228538 0.7382745987244694 0
0.3215464571546485 0.7388637463810306 0
0.2629851985136256 0.7267406869978934 0
0.2594556940028453 0.743703353996931 0
0.246516100082938 0.7321416184001328 0
0.2429803279986857 0.7491459291799564 0
0.2559398577261027 0.7607073208752804 0
0.2394328667285415 0.766170367824585 0
0.2300634825963911 0.737528812295829 0
0.2524280767023077 0.7777565358514358 0
0.2358807283293406 0.7832268328496317 0
0.2335792586395075 0.7205470399870024 0
0.2171043356648049 0.7259349334888594 0
0.2206328149087298 0.7089368495555656 0
0.2488967822593332 0.7948338654928951 0
0.2323191054055977 0.8003195002283815 0
0.2041454745366178 0.7143194264754802 0
0.2076682211708418 0.6973046253178156 0
0.3379963258890534 0.7333787748451982 0
0.3344363574933051 0.7503024865246484 0
0.3508848401476357 0.7448008194416362 0
0.3473344682413652 0.761750255912359 0
0.363848014687927 0.7563790639741637 0
0.3602395906841009 0.7732495364877835 0
0.376914243145956 0.7678199062631441 0
0.3731892093494412 0.7847230526225357 0
0.3896896926617155 0.779304306431412 0
0.3860899353343322 0.7962295920386862 0
0.4024655862720691 0.790863962392375 0
0.3990143682697717 0.8077417434350945 0
0.4154064881374679 0.8023878830731401 0
0.3831266641089926 0.8133808580591355 0
0.245361551794098 0.8119472307936504 0
0.2287550311910858 0.8174401618982418 0
0.2156704994953184 0.8057162167921105 0
0.2121205371620145 0.8229362757485366 0
0.1989976289030168 0.8111722446622194 0
0.1911594250154909 0.702709436037988 0
0.1946852426601728 0.6856793082806112 0
0.1954490145766763 0.8284484518228507 0
0.4118370809113472 0.8194063852121831 0
0.4283482662961665 0.8139463332815239 0
0.1823309118487302 0.816731899204548 0
0.178741913367981 0.8339666627806117 0
0.1781023584433269 0.6911436156688198 0
0.1816763080273441 0.6740642338599208 0
0.2418226226659596 0.8290928110074969 0
0.4249150161675148 0.8308605082805225 0
0.4413335526069768 0.8254807199424152 0
0.4448397679241824 0.8084820267732966 0
0.4578077551630665 0.820021754522507 0
0.4613113421486671 0.8030230696309339 0
0.4742915338416323 0.814544778172831 0
0.4707867530757138 0.8315521260326997 0
0.4872040193299327 0.8258736906748323 0
0.4907520049393474 0.8090329004247142 0
0.5036582362795256 0.8203431303002815 0
0.5071997287168023 0.8035444750824785 0
0.5201090178250041 0.8148679327724264 0
0.5236313158043546 0.7980762418748247 0
0.5365791865096574 0.809498529183949 0
0.5400760334816378 0.7926336684251861 0
0.5529629824798017 0.8039381311415901 0
0.5564743585265296 0.7871508794373914 0
0.5693768647683797 0.7985101813779244 0
0.5728720209162731 0.7816934765399463 0
0.5857941464247894 0.7931173886887375 0
0.5892541669449467 0.776240893265792 0
0.6021581167603944 0.7876078604767158 0
0.6056277035412108 0.7707800664644704 0
0.6185448956207394 0.7821714415316623 0
0.6219967867934892 0.7653134703098268 0
0.6349260494954343 0.7767143787920097 0
0.6387029252495686 0.76074142478883 0
0.6513710339622587 0.7714144152647556 0
0.6549722993396521 0.7549018361810806 0
0.667757611769074 0.7659175386690364 0
0.6715319928840139 0.7499017455299362 0
0.6841939566543189 0.7605299417235526 0
0.6876827143722164 0.7436286345734129 0
0.7005705724562989 0.7549285512177879 0
0.7040588630670931 0.737987759518681 0
0.7170115925620337 0.7494541275217921 0
0.7204877634946076 0.7324690909503104 0
0.733476212367222 0.7439686273845116 0
0.7369573565248628 0.7269615636895554 0
0.7499645336225661 0.7384874706852486 0
0.7534431929134768 0.7214526017513605 0
0.7464162729279953 0.7555382589340786 0
0.7629919296143285 0.7500343355566592 0
0.7595016504733092 0.7671045578449881 0
0.6806809150477986 0.7773604335214399 0
0.7760575201692317 0.76159708051708 0
0.7725207648800925 0.7787634071404939 0
0.7891480430990979 0.7732016930982404 0
0.7855979426355767 0.7904033561043684 0
0.6141878113007546 0.7995009710263788 0
0.8022646194571378 0.7848226473089948 0
0.8056162695212897 0.7677720987651138 0
0.7987448269274174 0.8020092599192339 0
0.7819416447084631 0.8076390821861279 0
0.5645865333672214 0.8158191659274248 0
0.7414278807071766 0.7101329837430642 0
0.7570532269632162 0.7044506663575958 0
0.8154153589929227 0.796450278823161 0
0.8118760624982013 0.8136762678889345 0
0.7450936664143901 0.6931499617612545 0
0.7605533056839444 0.6874442831141704 0
0.7475681845149917 0.6759457357510021 0
0.7638766253518819 0.6704225946808587 0
0.7508509533688997 0.6589190736354319 0
0.7672864854465452 0.6534256670373482 0
0.7802567675837107 0.6649398097897827 0
0.783731382255731 0.6478977072014811 0
0.7967305503336146 0.6594441732014393 0
0.8001932677854374 0.6423808680776215 0
0.7871830417257145 0.6308645040814413 0
0.8036355656659036 0.6253381369504709 0
0.7906293095094252 0.6138399222716268 0
0.8070834853202266 0.6083106065673308 0
0.7940791033865563 0.5968240384370961 0
0.8104642591055766 0.5912774952665587 0
0.7975226055852367 0.579798090944696 0
0.8139409815187075 0.5742658961398557 0
0.800967944087806 0.5627924280255656 0
0.8173545889575093 0.5572458466372492 0
0.8044127291431122 0.5457680454188166 0
0.8208199325127662 0.540232498699987 0
0.8087385248773089 0.5289287908138515 0
0.824378061307449 0.5232367054582889 0
0.811650458877698 0.5117612824198464 0
0.8278015789899165 0.5062042695840619 0
0.8141170724422666 0.4945323640156424 0
0.8311073616675051 0.4891479797574274 0
0.8181911857944055 0.4776808191225878 0
0.8346277427111626 0.4721373719863989 0
0.8214569519429701 0.4604453829781443 0
0.8132342732656284 0.6538683883454361 0
0.8380791847776072 0.4550686358200141 0
0.8250291041596014 0.4434957232878798 0
0.8415676249112398 0.4380255032260792 0
0.8285192462378208 0.4265210633735417 0
0.8120247725812595 0.4320033258378504 0
0.8154799693543291 0.4150304934860296 0
0.8319702664445515 0.4094829935733595 0
0.8189085877480105 0.3979885486322811 0
0.835381587626657 0.3924493743231603 0
0.8222967249640618 0.3809494002849794 0
0.8054607527164467 0.3860337731037017 0
0.8086217070520388 0.3689573011382046 0
0.8257534052959472 0.3638203642509035 0
0.8125538997651394 0.3522407565373749 0
0.7961475209558617 0.3579113437505611 0
0.7995359370760713 0.3408045548125517 0
0.8160652181964363 0.3352143223571112 0
0.8029473073715945 0.3237126779818685 0
0.786509957375689 0.3292242811272655 0
0.7898307889665803 0.312198472291961 0
0.8063433904339141 0.3065996852270717 0
0.7932080453389151 0.2951041216779234 0
0.7766914037939379 0.3007230526902317 0
0.7800708337293871 0.2836210992429294 0
0.7635690829364878 0.2892539750883291 0
0.7669396397797072 0.2721416317810986 0
0.7834544048455949 0.2664991935653017 0
0.7703007818144116 0.2550166364946428 0
0.7537812664663316 0.2606692756521324 0
0.7868361048894388 0.2493554892329159 0
0.7571452728287026 0.2435382095929947 0
0.7406280366795609 0.2491824245426056 0
0.7439502855878107 0.2321097292554611 0
0.7274704740156204 0.2377127357999282 0
0.7307911505771845 0.2206438932474117 0
0.7143278397540556 0.2262404248372764 0
0.7176351151315874 0.2091782385179765 0
0.7011786986602107 0.2147660814085166 0
0.7337001412729061 0.2030953177914017 0
0.7044847676139754 0.1977022882277318 0
0.6880345093608796 0.2033152676917174 0
0.7109861735664045 0.2433505110490897 0
0.6913789043206058 0.1861647967892567 0
0.6748690365881949 0.1918228499296556 0
0.6715753528390829 0.2089863338839626 0
0.658368046230029 0.197481014948846 0
0.6617066385182464 0.1803500340748866 0
0.6452046280662611 0.1860277250141626 0
0.6418628747010932 0.2031406708314146 0
0.6287206687760832 0.1917039884403675 0
0.6253942829531741 0.2087863711573186 0
0.6122608877326983 0.1973678440480944 0
0.6155796346410672 0.1802897611558112 0
0.599124600403379 0.1859645925872864 0
0.8233447024107292 0.6028235356568075 0
0.5957623978219035 0.2030290125892177 0
0.5826516067595019 0.1916415753137864 0
0.5859748977577312 0.1745653705565522 0
0.5695307408062376 0.1802585579535128 0
0.5662225676211015 0.1973216367611547 0
0.5531069790847541 0.1859554971572952 0
0.5499548728330476 0.203023255356132 0
0.5368474268100316 0.1916757432902069 0
0.5398975775066852 0.1746064620631047 0
0.5235666991314427 0.1802949282474801 0
0.5208941247933772 0.1976076086085973 0
0.5074516391564193 0.186212053785263 0
0.5104152363727397 0.1690426909091287 0
0.4940135719421376 0.1746656367401836 0
0.491277598946529 0.1919673210614198 0
0.4777135145638754 0.1804442503461841 0
0.47476009400198 0.1975339520588418 0
0.4613389490870471 0.1861637943506593 0
0.4581059407895831 0.2031663600234779 0
0.4449335216440197 0.1918603357704118 0
0.4416991837555074 0.2088540593047309 0
0.4285788137800398 0.1975747280382562 0
0.4253400629070013 0.2145570767766226 0
0.4122440121542036 0.2032874653104384 0
0.4090288090190211 0.2202561337218669 0
0.395926917196092 0.2089930721368162 0
0.3927070157083561 0.225955230299015 0
0.379602822087189 0.2146747356532814 0
0.3764086015224974 0.2316531338895632 0
0.3632873625883938 0.2203706468161287 0
0.3600803268302203 0.2373566522150349 0
0.3469795748421159 0.2261124597019275 0
0.3437639082508097 0.2430683365236743 0
0.3306526246756362 0.2318204860921011 0
0.3274410290124136 0.2487846444242621 0
0.3143080982816576 0.2375127476693809 0
0.3110352893354217 0.2543995699583756 0
0.2979423752399878 0.2432014834470546 0
0.294666155491639 0.2601025073674694 0
0.281559428604169 0.2488815347153803 0
0.2782964451922083 0.265847688827994 0
0.2651674355129362 0.2545964366676075 0
0.2619030152694097 0.2715913868506996 0
0.2487504307438678 0.2603185251367194 0
0.2455171846196536 0.2774092446264123 0
0.2520442115975922 0.2432242238970941 0
0.2355591564083584 0.2489676659661809 0
0.2388601585666825 0.2318161389936214 0
0.3178883782334393 0.220347947086877 0
0.2223317475021587 0.2375826314496032 0
0.2255939017851944 0.2204126235900722 0
0.2090675297914883 0.2261762282348921 0
0.2123348177618717 0.2089716746372569 0
0.3828160818423105 0.197678712353449 0
0.1957826552920914 0.2147458447678537 0
0.1926737518464791 0.2318432179880828 0
0.1990584597784582 0.1975102946861909 0
0.2156389202128036 0.1917371693274402 0
0.259069762499155 0.2885751533392105 0
0.2423825045006382 0.2944822482760949 0
0.4316312199033381 0.1805379502250274 0
0.1824762553043667 0.2032932838277644 0
0.1857646720306831 0.1860167745603939 0
0.2554745232354652 0.3058511253228799 0
0.2391345875672167 0.3115845788535642 0
0.2530161752108781 0.3230579922410439 0
0.2360167801799535 0.3286584565638183 0
0.2499638159494976 0.3398855436845588 0
0.2328311834339533 0.3456779009084023 0
0.2195746019614294 0.3343449893227698 0
0.2162904444068957 0.351421266554071 0
0.2031251059722837 0.340067884989749 0
0.1998956591836261 0.3571807603029273 0
0.2130691385763432 0.368512324755929 0
0.1966917441403204 0.3742738678117803 0
0.2098616191211379 0.3855803707125762 0
0.1934862379066344 0.3913477596826605 0
0.206653656163999 0.4026481430532856 0
0.1905082489217927 0.4084564922687605 0
0.2034819527405618 0.4197296185536006 0
0.1873176730326528 0.425522508963226 0
0.2002859524372127 0.4367933018894276 0
0.1841152728397223 0.4425823603311077 0
0.1970865053149037 0.4538506920102245 0
0.1808502844514991 0.459629560234009 0
0.1938779294529384 0.4709100021160303 0
0.1776597137186204 0.4766955989454985 0
0.1906839018189242 0.4879845470007957 0
0.1743915475763314 0.4937613185512154 0
0.1874758110838424 0.5050718214489925 0
0.1711072584260318 0.5108381299332195 0
0.1866872352934308 0.3458784844666928 0
0.1770123223116299 0.3984753046365468 0
0.1842590128932654 0.5221613503019267 0
0.1678775288242219 0.5279383432573748 0
0.8285867703160041 0.8081072507088864 0
0.8250340499368229 0.8253744509107621 0
0.5151289119350356 0.8321945475105519 0
0.1671691993102232 0.4504073348632484 0
0.8337421700869946 0.5522240149953704 0
0.169130938850668 0.1918218130494773 0
0.172437870618046 0.1745014516955131 0
0.1650704265698219 0.6795026597968046 0
0.161489980284941 0.6966268718541637 0
0.4807131585094905 0.1633209528026801 0
0.1656117031137244 0.8222179896706496 0
0.162008776254973 0.8394870351952926 0
0.1578311419220783 0.4994895484548154 0
0.8441662171725348 0.5008747454194108 0
0.8417711635582656 0.8198019454329697 0
0.8453082572363382 0.8025182814312358 0
0.8382323548580204 0.8370845184950394 0
0.8214740689668506 0.8426558704232419 0
0.8005191471497726 0.4821697770861888 0
0.1810417110561448 0.5392617683924114 0
0.1646107473852126 0.5450422853221805 0
0.1974412235472386 0.533487860946307 0
0.1918819751847344 0.8456844705611757 0
0.1557770917546414 0.180312436198001 0
0.1524857593993718 0.1976479634063101 0
0.159069587179924 0.1629753626545163 0
0.1757532272208607 0.1571645192482252 0
0.2198113718454213 0.4139429676777027 0
0.7776329710908516 0.6010972015758747 0
0.2713943347805259 0.3168300445093509 0
0.7302693856373274 0.6818930750101388 0
0.2070174630307796 0.4821985720959659 0
0.1982514015575504 0.6686178732875501 0
0.4063231404358011 0.7738554796484409 0
0.1484397249935989 0.6849580146005366 0
0.1448519972724415 0.702108543092022 0
0.3245987593462023 0.265747526441357 0
0.7919398122911973 0.5324331390794746 0
0.14885323681827 0.8277168000745934 0
0.145249499661376 0.8450229227106729 0
0.6731584697415977 0.7317372177544591 0
0.8346852685181579 0.854382172387866 0
0.8179207535633102 0.8599513970929535 0
0.8514491497612945 0.8488083896539993 0
0.1520297867030357 0.6678182837517002 0
0.162370861984127 0.1456198954691135 0
0.179062047799216 0.1398120720654335 0
0.4714862385517398 0.2145076440007275 0
0.8546107692060247 0.4495946105113203 0
0.1456820704102638 0.1514333686032145 0
0.2584417591929819 0.823587268362405 0
0.2549402961467299 0.8407136901738668 0
0.5105935427171444 0.7865655330438487 0
0.1353752946404209 0.6732738989894469 0
0.1389748192516246 0.6560950543484546 0
0.373219936135054 0.2486231695911069 0
0.1942477343804035 0.5505572042718909 0
0.2099892902349302 0.5455257116610975 0
0.1489813089103559 0.1340552139079254 0
0.4221308097019796 0.2315180888758713 0
0.6274997711512601 0.7481299276404998 0
0.271556896684605 0.8352403501189651 0
0.2680422833218004 0.8523735709204154 0
0.8479019857239247 0.866125858066332 0
0.8646944066515709 0.8605503688907915 0
0.5763310124385053 0.7648095075222511 0
0.1320745816557871 0.8332586618495214 0
0.1284726908262687 0.8505693693033399 0
0.1416879607386916 0.8623359087688431 0
0.1248662464469279 0.867895126967863 0
0.1356807740116688 0.8159381545569041 0
0.1322651035658166 0.1398769868895719 0
0.2073232685931198 0.561954039790536 0
0.2230114455901619 0.5569562683437681 0
0.2846669467569296 0.8469014698343791 0
0.2811620906305105 0.8640305288449247 0
0.2647779337046209 0.8696049194841544 0
0.2977729614148528 0.8585654996831947 0
0.3678049886234837 0.7393761803021143 0
0.2204360147912136 0.5732500883151197 0
0.236722187098738 0.5675193327682808 0
0.2393039257347879 0.5488003312010282 0
0.2336506809421303 0.5843713919486181 0
0.2942157368852854 0.8757746400332747 0
0.3108910488706429 0.8702536698593651 0
0.1355738799777708 0.1224742998806668 0
0.2499280133951053 0.5786258989504378 0
0.1223018255029377 0.6615739335302167 0
0.1259002808378384 0.644369332161566 0
0.8611348845058849 0.8779031575158021 0
0.8779605281071272 0.8722994318196899 0
0.8815155810319101 0.8549269517635095 0
0.1381074924618529 0.8796808623099158 0
0.1212507173386331 0.8852431700184036 0
0.1188271135831784 0.1283139711316766 0
0.1158188948320032 0.1455817441677585 0
0.1188971544379936 0.8214878534034891 0
0.122500603996535 0.8041723788220489 0
0.1899286135885073 0.3286987488071669 0
0.1734422675659729 0.334489682530329 0
0.8097501212714404 0.6709973810668661 0
0.82631192330089 0.6654434589088304 0
0.2045816474565987 0.5785196615993458 0
0.3073937386289802 0.8874111277702412 0
0.3240488446500502 0.881936846873665 0
0.8744001454482918 0.889680169179464 0
0.8575546934920875 0.8952801646616304 0
0.1221422429635802 0.1108817340809841 0
0.1389051960247465 0.1050485682696778 0
0.3837263074705892 0.6556278482791588 0
0.2005013987445382 0.7310958052823582 0
0.1766896381265963 0.3173141359288965 0
0.1601746471417742 0.3231218510200433 0
0.8228204482876091 0.6825673521492241 0
0.8394128263029499 0.6769952583013428 0
0.8947939425793596 0.866691302417767 0
0.8983562307111759 0.8493098877718256 0
0.1634229903935258 0.3059076207673158 0
0.1468837199905801 0.3116919874804484 0
0.1436386385831933 0.3289396729644765 0
0.1303245143758948 0.3174908710692272 0
0.1270812756111685 0.3347490081228379 0
0.1335840789266595 0.3002271497606769 0
0.1169844945169251 0.3060366222453371 0
0.1202560539634474 0.2887332167984282 0
0.8359203362441698 0.6941595994212285 0
0.8525384555259642 0.6886126317940653 0
0.8560279773757684 0.6714132214930033 0
0.8691802978432335 0.6830502376944708 0
0.8726703225597783 0.6658443029832399 0
0.865673266324074 0.7002665355187654 0
0.8823549426212592 0.6946941458023914 0
0.878836675527003 0.7119510614168951 0
0.3133800101007938 0.6324022072793303 0
0.1080302274875792 0.8734523310736249 0
0.1043979130164729 0.8908054665868425 0
0.1091928999947137 0.6498541327237362 0
0.1128074341980692 0.6326459487743001 0
0.1055900791024679 0.6670825164618297 0
0.2467959709315568 0.5955371489807986 0
0.1295096647135561 0.6271681346663333 0
0.1164314840366587 0.6154247460443736 0
0.3312360091375148 0.7672450744039456 0
0.1057080299586157 0.8097051877216674 0
0.1093244239602053 0.792391947747066 0
0.1261129840090154 0.7868694088633954 0
0.1129425910129963 0.7750895170151397 0
0.1053753909017909 0.116727479083697 0
0.895555531156678 0.7063595222808656 0
0.892036574142551 0.7236389272934489 0
0.1344834209093618 0.8970468430197319 0
0.1513594893748849 0.8914738879897304 0
0.1036205714221998 0.2945614692548248 0
0.1068926011394775 0.2772360175412293 0
0.09970801063611751 0.6209061425587118 0
0.1033397358886845 0.6036648611102015 0
0.3205625774883251 0.8990854924757468 0
0.3372126502155081 0.8936317212306939 0
0.3042749745347845 0.9046719304960003 0
0.1086963417107984 0.09927420271831705 0
0.3012981155438492 0.8413910997601206 0
0.1235433250205563 0.2714160425906775 0
0.1101744494900239 0.2599019387430315 0
0.8753021325186422 0.7292217504302745 0
0.8885072954424635 0.7409266656349525 0
0.9052637639385701 0.7353399451937185 0
0.9017293257584398 0.7526606984792708 0
0.09115789289691584 0.8789939658545304 0
0.0875281040543614 0.8963741470579812 0
0.09350329186342887 0.2657259045995181 0
0.09678982358118915 0.248361247866132 0
0.09614241196918116 0.7806039893180297 0
0.09976944625899459 0.7632926107940505 0
0.8708302166210081 0.9070734058834575 0
0.8539729741454067 0.9126702948042202 0
0.1477348093906612 0.9088426141484673 0
0.1645872839146325 0.9032790761625623 0
0.5435615141385366 0.7757137238661242 0
0.7845303661821278 0.5683292280515357 0
0.6385107028341929 0.2201940562088186 0
0.5629422086668301 0.2143635226572565 0
0.2266758319353828 0.3799000970264291 0
0.7601977174582932 0.3063305380555181 0
0.7372988664951611 0.2663032388092813 0
0.2142075417828866 0.4471679067224884 0
0.6485356844876347 0.1688810054370616 0
0.6220883247049258 0.225827397523425 0
0.6352152032152114 0.2372451996405804 0
0.6188170752106114 0.2428385728335041 0
0.6318839349722839 0.2542229707141583 0
0.6155372065443125 0.25979015128278 0
0.6285029322798383 0.2711017345261707 0
0.6122324719147784 0.2766684581834519 0
0.625186782646959 0.2879488314644851 0
0.6414353399043186 0.2823957101585088 0
0.6381204649377248 0.2992166427880689 0
0.6543553699291912 0.2936871027665975 0
0.6510476410130313 0.310494072549341 0
0.6672848803737654 0.3049672998725223 0
0.6639801024296491 0.3217976979959121 0
0.6801900986602518 0.3162680689207396 0
0.6769002867291377 0.3330868281413041 0
0.6931140478993126 0.3275528604730551 0
0.6898378374740113 0.3443693281479638 0
0.5992743041941379 0.2653959104625313 0
0.5959882867428486 0.2822599765077876 0
0.5830585748285333 0.2710081356378653 0
0.4378256178818011 0.8425307296176225 0
0.421259418687542 0.8480277376465364 0
0.4342871781703488 0.859643188890016 0
0.4177450985562711 0.8653162557326928 0
0.4307644348323335 0.8768115840842292 0
0.4143969358428063 0.8823781848533296 0
0.4274329380846467 0.8937903068683504 0
0.4439087937156784 0.8884126119030429 0
0.4115778968434632 0.8997404265322049 0
0.4405456555481463 0.9054241431522971 0
0.4570706711918985 0.9000669696479211 0
0.5465760870284184 0.2200194269926377 0
0.2369445540813696 0.7037484088949499 0
0.5728204885153509 0.1631535089470489 0
0.4825357635407949 0.8431462264361391 0
0.1556597680595049 0.6507086536034825 0
0.1309158010959903 0.9144245223066998 0
0.7060284791663439 0.3388575332829284 0
0.702767015464304 0.3556625486992272 0
0.7189816764677709 0.3501222882883486 0
0.7156982537866949 0.3669452520880737 0
0.6994812499161994 0.3725296737332146 0
0.7123845939331676 0.3837805486536101 0
0.7286212411112943 0.3782307542639052 0
0.7252816865328471 0.3950650359853251 0
0.8876881807708934 0.9014682456418935 0
0.09246216840353938 0.6553459826560126 0
0.08884917751820076 0.6726071100290119 0
0.8097455843403538 0.2894723083299425 0
0.8229037162109367 0.3009787495896032 0
0.8263119484438733 0.2838156852623749 0
0.839485771633095 0.2953493331153096 0
0.8428993408112592 0.2781485326717288 0
0.8561215921344371 0.2897231241880276 0
0.8595351327677965 0.272473861150088 0
0.8727683657007967 0.2840597951405878 0
0.8761925514186203 0.2667897814879299 0
0.8628054131235661 0.2551842413338531 0
0.8795982258838903 0.2494995771087768 0
0.8661803019357466 0.2378736144724513 0
0.8830147670334719 0.2321874443502859 0
0.8696397353705518 0.2205427920569663 0
0.8864529419554985 0.2148535347778838 0
0.8730638403090994 0.2031943319859399 0
0.8898926502209622 0.1974963562222483 0
0.8765656283418934 0.1858474390524664 0
0.8596721059530618 0.1914823696719417 0
0.8631923956647405 0.1741634946926783 0
0.8799903749038108 0.1684594419539348 0
0.8666446897804663 0.1568118860246849 0
0.8498592643487406 0.1625091828001162 0
0.8533140952438436 0.1451769919452262 0
0.8365505444647683 0.1509066871529398 0
0.8700124373567242 0.1393579847728996 0
0.8399627919740527 0.1335351538886518 0
0.8232127611407833 0.1392658838709644 0
0.8266152420274113 0.1218936986125511 0
0.8098643735021946 0.1276206303014346 0
0.8693473774901792 0.3013257062607458 0
0.8198025419056366 0.1566380164510198 0
0.8859848844740718 0.2956906014298758 0
0.8825730649209076 0.3129383742302561 0
0.8132756615457248 0.1102401671027861 0
0.7965136171408149 0.1159713009800759 0
0.8299572740169473 0.1044469552137838 0
0.8963318266869928 0.243821474234633 0
0.8992362179658729 0.3073036520466843 0
0.8958218074902191 0.3245675852788207 0
0.7999278287995428 0.09858792177038089 0
0.7831659128252617 0.1043335662565789 0
0.7797558743225244 0.121714058310521 0
0.7664194058277359 0.110079028973083 0
0.7630040973933717 0.1274274611892779 0
0.7496782351406729 0.1158105830210438 0
0.7530822754966054 0.09845803911934514 0
0.7363418153692051 0.1041958804366243 0
0.7397451852213993 0.08683595722959436 0
0.7230103617960978 0.09258151126937214 0
0.7196134272951248 0.1099337564489782 0
0.7062880992301831 0.09833393167267579 0
0.8527141938820775 0.2261528733745348 0
0.9032338585345212 0.2091635536817861 0
0.9066744660723003 0.1917753306462348 0
0.5893019434911565 0.157443442542301 0
0.576105684678782 0.1459980060224536 0
0.5926387396633651 0.1402862896828556 0
0.5794040759897299 0.128811082912529 0
0.5956441429717303 0.123021970493182 0
0.5826614330927 0.1115810836590916 0
0.5661234626851288 0.1173296246579291 0
0.5981741638717059 0.1052436976591506 0
0.5694343686957405 0.1000861520158917 0
0.5528261471790199 0.1058416279730739 0
0.1003585763611856 0.3118827600514876 0
0.8990636167699766 0.6890841893838073 0
0.85810362498021 0.4324851248736544 0
0.8711895263117491 0.4440781565709293 0
0.8746840968425704 0.4269102450989235 0
0.8878141471945389 0.4384931476668904 0
0.8912936385136495 0.4212983450072746 0
0.8843093995525655 0.4556993654483001 0
0.9009686109065451 0.4501060196749207 0
0.897458934672916 0.4673415531985904 0
0.7559696877627512 0.7842227174305612 0
0.3030989401081068 0.6824594674737278 0
0.2422969472372013 0.2146042488465335 0
0.2305193517568357 0.6012877851977932 0
0.2436408759296766 0.6124952075357009 0
0.7602244154028028 0.2263155295221191 0
0.1506513270129921 0.5342029232276732 0
0.7990273066356252 0.4205789114696694 0
0.3571303628926997 0.7902280174687265 0
0.7079210960967015 0.1804945074571882 0
0.647883625871803 0.7882636356084247 0
0.3503596825932777 0.2092074309716762 0
0.9116447028015927 0.8610815357517364 0
0.9152022572821947 0.8436784140637589 0
0.901907359979379 0.8319328345651296 0
0.1859119245370201 0.7994860626092757 0
0.6649909077181847 0.1632754212633494 0
0.6518743241476714 0.1517047940283139 0
0.333720807940224 0.9108009610282575 0
0.2292056462643427 0.2831576365520621 0
0.7698722771227922 0.7159552304893415 0
0.2655124531292298 0.7893709891200609 0
0.3407433572838189 0.8764069997518782 0
0.09191157226124441 0.1051250301639477 0
0.08859695989280303 0.1225935388526686 0
0.9187544640700371 0.8262776840238211 0
0.7865779635732664 0.08693881994058555 0
0.9122897024894836 0.7007527944572107 0
0.9158022182623731 0.6834522831330344 0
0.1297223553988476 0.7695873254250938 0
0.5797704070745248 0.2878079952522659 0
0.5668723298492333 0.2765935182234205 0
0.095236388683133 0.08764983100482721 0
0.1120381847784638 0.08180480214680935 0
0.5561428151923591 0.08856096129178609 0
0.5395165405635438 0.09433447202338419 0
0.57278535651253 0.08279660882907169 0
0.1326154858313122 0.6105474355268486 0
0.9120628078870169 0.3188072688384721 0
0.9090048365404797 0.3361869301524805 0
0.9153367659705343 0.3015317078468294 0
0.8923761683953311 0.3418703210275312 0
0.9056172776278806 0.3534960466407717 0
0.2630288017153859 0.5898010622656814 0
0.2661918480286268 0.5729167307641911 0
0.2792288721878985 0.5840935735300823 0
0.6477655918434354 0.3273375491683793 0
0.9185130981238276 0.7470611140649502 0
0.803354831907088 0.08118804470562502 0
0.9140597665383163 0.4618423092173482 0
0.9106166172512822 0.4790281133871552 0
0.9175611118386258 0.444977941192248 0
0.7090601631903907 0.4005934443747045 0
0.7219427255236949 0.4118813099000031 0
0.2823895198262997 0.5672590780609565 0
0.08658569775027741 0.6091467654816088 0
0.0902267640096916 0.5919039887848669 0
0.08697088884249904 0.30040219654215 0
0.08370384716073204 0.3177506470790645 0
0.4537041951443371 0.91709644627637 0
0.4698826994568 0.9121590055094559 0
0.08295727419550325 0.7688040748418219 0
0.08647107308457741 0.751607250303018 0
0.0793393210739487 0.7861465917417927 0
0.1069833889718751 0.5864325535557876 0
0.09387765175067003 0.5746483209657788 0
0.6218278014934245 0.3047515762968511 0
0.6735997731738631 0.3499823645109551 0
0.4382056204459237 0.9229568050094639 0
0.8841169376468397 0.9188806409747057 0
0.9009812226045772 0.9132660064518541 0
0.9200276074071299 0.2034670656859705 0
0.9234690597889137 0.1860403412589528 0
0.7415457247005505 0.3895382672182475 0
0.7096684327156453 0.08096632932955095 0
0.6929417686132817 0.08672823091715764 0
0.07569013731012014 0.6608374814756623 0
0.6578412139909673 0.2768976381933124 0
0.9253030993471527 0.3306657824692439 0
0.08009503488339637 0.2541954770849879 0
0.08338913079567961 0.2368074622410833 0
0.07206686880941227 0.6781213165379647 0
0.07427315912621363 0.8845299056015705 0
0.07793369462617139 0.8671708520507923 0
0.07064291216674667 0.9019369845765021 0
0.08391495264640375 0.9137844747500394 0
0.6837709761889542 0.2995457016264592 0
0.8889066556754264 0.3590516803834458 0
0.5362036979716481 0.1116226654907714 0
0.5228792213596406 0.100120364010864 0
0.5250068970646774 0.08028919869938117 0
0.5095610872177236 0.08860935208285764 0
0.5062421553902707 0.1059074927894419 0
0.4929211092041269 0.09441158264506411 0
0.1404050569482554 0.3461856183585638 0
0.1238382776984217 0.3520078298293843 0
0.8595043467407766 0.6542195238933194 0
0.8761540183878742 0.6486306030442046 0
0.1610456121519407 0.9206511623781339 0
0.1778256156957914 0.9150843800454285 0
0.7057363541072466 0.4173661081584719 0
0.7185987840555337 0.4286452556121191 0
0.7349600991853014 0.4233818964132998 0
0.7314553258542229 0.4400142327893213 0
0.6928909779550213 0.4061239200609074 0
0.7152582897032232 0.4454471771528973 0
0.7281054143966096 0.4567687300224066 0
0.7442969547967214 0.4513160993094291 0
0.7409642449467844 0.4680660947276697 0
0.724744428149385 0.4735617143786048 0
0.7375956344324668 0.4848468580140801 0
0.721389953830478 0.4903259284160884 0
0.734345676098803 0.5017205944393567 0
0.718050813650583 0.5070902774027273 0
0.7318440356932755 0.5187372143832408 0
0.7148388052195618 0.5238865203923768 0
0.7285282238144988 0.5354291904558709 0
0.7117186166426661 0.5406780572838085 0
0.7243645836369265 0.5519261079400817 0
0.7082633973170878 0.5573857896814276 0
0.7208537313521348 0.5686202478987338 0
0.7052032734907128 0.5741824884137041 0
0.7175173387359325 0.5853646741783672 0
0.701880328364652 0.5909479378359488 0
0.7141683521343788 0.6021182500117026 0
0.6979668351029942 0.6075939352882141 0
0.07710195431463335 0.580121828043565 0
0.08076457069332321 0.5628612857513957 0
0.07843312896681398 0.09350934589294579 0
0.2953609212224732 0.5783950471280612 0
0.1000782833232374 0.2310079316136817 0
0.08655673989777568 0.2193825863644777 0
0.1268325966589695 0.2540861011735259 0
0.8717657620407987 0.7465050251871511 0
0.08524671166057524 0.6899023179920764 0
0.08176136109660687 0.07601891645045478 0
0.9149735794227961 0.7642271224776839 0
0.8983535536194565 0.7695014427661251 0
0.06973909982658766 0.757017690275175 0
0.4962254045974726 0.07710649181812335 0
0.4794646745039526 0.08225376213608915 0
0.4762761123600982 0.1001064666087594 0
0.4629902882768243 0.08875167614524615 0
0.4596929726887199 0.1060049206053339 0
0.4464135491260821 0.09469632349095425 0
0.4430830611889228 0.1118310911642333 0
0.4297739664310918 0.1003847647958247 0
0.4265112089507114 0.117625953444483 0
0.4131912418294936 0.1061693235951835 0
0.4099845052200177 0.1234504278601224 0
0.3966375309147077 0.1120009212400561 0
0.3998748681024704 0.09470895031088344 0
0.3832929713382432 0.1005226230211201 0
0.380036960802157 0.1177865899203091 0
0.366709380410937 0.1063379441720664 0
0.3634642752687937 0.1235953196660315 0
0.3501386863683941 0.1121625137859212 0
0.3468933991559504 0.1294118090813852 0
0.3335719955830584 0.1179918858050577 0
0.3302800622007482 0.1351252455784216 0
0.3169916150586355 0.1237890615756438 0
0.3141688037272221 0.1409617293034349 0
0.30043230644278 0.1294715236759225 0
0.3036304429671839 0.1123572074927903 0
0.2870552786063469 0.1181573480610023 0
0.2838124408009438 0.1354612656525108 0
0.2703818619768423 0.1238562323869807 0
0.2736728903013034 0.1066458088816568 0
0.2570218047168519 0.1124985515497096 0
0.2602902804431471 0.09517363473358914 0
0.2436106701644893 0.1010320890376756 0
0.3533131717708878 0.09489401513174722 0
0.2769326147570493 0.08934506278010657 0
0.4331225997707764 0.08442980657239424 0
0.2547995958919133 0.1299111827165272 0
0.2468894233360179 0.08364687794885284 0
0.2301748095959991 0.08952057207285818 0
0.3865462652155829 0.08322806429275437 0
0.3768474937926124 0.1350590280407344 0
0.3438960669703827 0.1461874988920375 0
0.4019758556774814 0.8712690334262928 0
0.09753411704496251 0.5573977985971057 0
0.08443106239871401 0.5456085661520604 0
0.3503867189522645 0.9053448634128745 0
0.346813562817112 0.9226215239782432 0
0.330471789284596 0.9282787918636906 0
0.7107191745101191 0.6188666043565264 0
0.6944908565687578 0.6243132626619018 0
0.06894432264716782 0.6949727148242761 0
0.2971856870051456 0.6376007507756818 0
0.7462649408340081 0.1331428651361776 0
0.759592764902366 0.1447544708139966 0
0.6684401376925807 0.1460107353095649 0
0.6539344737340343 0.1334082751676415 0
0.1033212418967197 0.746345079057709 0
0.927247358223236 0.4735215426620409 0
0.9238137766391146 0.4907013178427531 0
0.9071042391766164 0.4962851174252921 0
0.9203029726020064 0.5079570779406143 0
0.9035935076351811 0.5135300709545677 0
0.9167808608185983 0.5252155062058502 0
0.9000753309065554 0.530787184083672 0
0.9127439797130948 0.5423664126659544 0
0.8964625199510596 0.5480149890653376 0
0.9091203273366087 0.5595953803788861 0
0.89291039199263 0.5652559187518982 0
0.9059770690842593 0.576618229193173 0
0.8895068910245565 0.5825413765551027 0
0.9026973964553666 0.592988288721388 0
0.9229145391833038 0.5714001180788296 0
0.7448883435293936 0.3726605734464985 0
0.227364111697991 0.6182497327949922 0
0.2407786761403997 0.6291352424657979 0
0.5636107062045767 0.2933649996087295 0
0.550706950757257 0.2821681152567723 0
0.7093878862943677 0.3219502549296758 0
0.2268555661986432 0.1067400274224437 0
0.2134515273581533 0.09537872083492493 0
0.2167174353104783 0.07798003767177264 0
0.1999854056796904 0.08387691313745071 0
0.1011949625278753 0.5401563121434499 0
0.08810131080857131 0.5283507427977296 0
0.07131493720113458 0.5338076227927232 0
0.07499643874580325 0.5165448397760021 0
0.09177837578482617 0.5110969380877992 0
0.07868251198088383 0.4992888506384516 0
0.09545630319249421 0.4938591850944307 0
0.08151907023957727 0.4818655252844344 0
0.09899105816794618 0.4765909979297799 0
0.08503833363926994 0.4645978087786166 0
0.1026118170530338 0.4593531724701416 0
0.08953387861830836 0.4475486756482527 0
0.1064899716370763 0.4421643192818218 0
0.09338214552251023 0.4303667682565727 0
0.1101516785975578 0.424948349839712 0
0.09708231605690226 0.413153976288063 0
0.08033484770701893 0.4185804519120002 0
0.08400823940009311 0.4013340694634728 0
0.1138292130617775 0.4077489384878617 0
0.0631389426716879 0.4865288147550904 0
0.07180153122114635 0.4524374586940703 0
0.6963142297150543 0.06934840902453837 0
0.6795819027880822 0.07511563742859595 0
0.7130639336571911 0.06358298412940433 0
0.06701516363023852 0.9193608715428367 0
0.07087032977724161 0.2251170104514971 0
0.07361563245837077 0.2075404216681065 0
0.08971225420005169 0.2020266055879167 0
0.07645136195907776 0.1903189819721999 0
0.9285064345723679 0.8554666147471799 0
0.9358178942986943 0.5210018596141404 0
0.5594606966033493 0.07124365487594292 0
0.9290557750933631 0.6951490772393032 0
0.9325740203583277 0.6778158306430616 0
0.2144121278070952 0.5320740417875929 0
0.7955934194702863 0.4375798450879483 0
0.4483344546132481 0.7915073341911203 0
0.2914797013705683 0.2772492040009327 0
0.7072755452572413 0.7212607793967316 0
0.4647816441345425 0.7860545831850647 0
0.4518427826830359 0.7745782232627269 0
0.4682267046273941 0.7691398132589067 0
0.4553617912590445 0.7576869849525629 0
0.4716746155355077 0.7522824718200556 0
0.4588543368164325 0.7408794285591828 0
0.47511444009544 0.7354795653638696 0
0.4623378413516189 0.7240948225800645 0
0.446085030971908 0.7294788467342376 0
0.4495753195121603 0.7127456574680122 0
0.4333557328600916 0.7180980929151991 0
0.4785731131429669 0.7187316401385433 0
0.491333894239451 0.7300746195659359 0
0.494762614544107 0.7133530376046939 0
0.5075394579959663 0.7246720231778092 0
0.7503650932973603 0.4956902993309153 0
0.7543175528175525 0.6419548958985883 0
0.3449859647699103 0.6996832095565808 0
0.1814135054272267 0.897715437613527 0
0.194666473217333 0.9095106378958793 0
0.1907641255092902 0.925896670736534 0
0.2077714661907832 0.9209032070034067 0
0.2114864271224151 0.9038777493493224 0
0.2247092011499411 0.9156460831223248 0
0.8585763118900043 0.7348152548498044 0
0.1401728322443064 0.2656243716629217 0
0.4642691637678776 0.07163898829865051 0
0.804713466524196 0.8482219652955194 0
0.8011533863217694 0.8655086611532601 0
0.7879520682516148 0.8537927601862775 0
0.7843963424931134 0.8710660660504224 0
0.7712033975656079 0.8593582390716772 0
0.7676479085721368 0.8766119600273939 0
0.7544764234776876 0.86490927948826 0
0.7509128994658656 0.8821636748207826 0
0.737748487199425 0.8704654036544193 0
0.7341846863831936 0.8877088641627655 0
0.7210099821892865 0.8760308252107689 0
0.7174654699912976 0.8932771609378084 0
0.7042878491719619 0.8815884657733458 0
0.7807222769282816 0.8883995612387092 0
0.7007466073105648 0.898830441814247 0
0.6875802281639363 0.8871277506399795 0
0.7245742455340308 0.8587755883571997 0
0.6840287781490961 0.9043779470092982 0
0.6708714559482498 0.8926707043846472 0
0.6744219254211591 0.8754462942211256 0
0.6577304180295722 0.8809820371321255 0
0.6541697677462102 0.8981976388493033 0
0.6410296657484793 0.8865138293422051 0
0.6374737522934896 0.9037304091994345 0
0.6243288716083313 0.8920404415938564 0
0.6207747881634278 0.9092575817921421 0
0.6076423176760223 0.8975555201561954 0
0.7305091706245856 0.9050054824714142 0
0.6111990655195785 0.8803472631011984 0
0.5945252069551898 0.8858627371161222 0
0.5909516093725096 0.9030699323116543 0
0.5778372603488444 0.8913676230838202 0
0.5742491371851085 0.9085645955481561 0
0.5611177410565077 0.896850964047311 0
0.5575392513415099 0.9140745054099829 0
0.6612910595793745 0.8637846042010484 0
0.5443981175305087 0.9023530703769809 0
0.5408229330217214 0.9196064619635158 0
0.6338995321955354 0.9209758256618181 0
0.6972036617729606 0.9161038000766779 0
0.5873207397817879 0.9202959417134746 0
0.5646992446281406 0.879652822103115 0
0.5980986465082803 0.8686852799435807 0
0.5276929657861061 0.9078742898953569 0
0.525360504471643 0.9256600244568208 0
0.5312811169579077 0.8906457990173786 0
0.5539316711158834 0.9313221889563827 0
0.7580244517523713 0.847663180537075 0
0.6779338467483598 0.8582422405654901 0
0.6648344194849573 0.8466121933398145 0
0.6814359694199689 0.8410864950932171 0
0.6147292163688189 0.8631831152626336 0
0.8659243797656584 0.3186422694565068 0
0.4724386191766131 0.8952959066374573 0
0.1924410420369103 0.1513593244025446 0
0.9193176810825562 0.666135063545499 0
0.8143100251291513 0.8772773132506178 0
0.7135385439651709 0.7664491158196582 0
0.9249512983641945 0.8728765670371695 0
0.2848650086684356 0.2318182893613909 0
0.1371197879679023 0.3636578367466327 0
0.6804521688279052 0.9216621784666407 0
0.6936562950935301 0.9334074302941743 0
0.829490983388927 0.2665952237221394 0
0.8628194290366891 0.6372119082415217 0
0.2384499525174961 0.8462259568610955 0
0.1579301330371308 0.7137840243020829 0
0.2228749788825662 0.7716115705645094 0
0.2887975317195988 0.7497756102112745 0
0.9360877480975832 0.6604740953388524 0
0.9228140640498601 0.6488423158962073 0
0.1799526753809461 0.3001259922663284 0
0.8193125252282477 0.6997039716822663 0
0.6816749405592012 0.6130380575511324 0
0.6782934029464801 0.6297564905531015 0
0.6911007342381645 0.6410569377159832 0
0.6748980536673932 0.6464969288198577 0
0.6877101455003918 0.6578217511015623 0
0.6714898700510359 0.6632542703129678 0
0.6586956895226994 0.651936961601469 0
0.6552873233083389 0.6686718134896235 0
0.6655146829296239 0.6184714339681417 0
0.78998742130953 0.0695169325080498 0
0.466809924222528 0.9288801387397625 0
0.4398351695238045 0.1290693778917575 0
0.0672086339846012 0.4067785872728802 0
0.07079960743903463 0.3891391440275841 0
0.8781435967475921 0.4097594923300749 0
0.902005967995235 0.3705410300331065 0
0.9188567629187986 0.365081255398823 0
0.91510839445898 0.3821213441343733 0
0.8833717760280592 0.5363349075027377 0
0.07028761552574142 0.3062440470265523 0
0.06701632344565661 0.3236234214061623 0
0.08043529613456907 0.3351137481724041 0
0.06374921354187302 0.3410110753615406 0
0.08030164632698189 0.9312164908428309 0
0.5757740778204463 0.06539078333104442 0
0.1435177142053385 0.2484148792898285 0
0.9321036195552432 0.376702987183252 0
0.9284783939808364 0.3939020674235362 0
0.9317777767354403 0.7588047568994202 0
0.9353108243920182 0.7414532564893446 0
0.854996230624437 0.7519397293616374 0
0.6425302251497559 0.6573749834462019 0
0.6391105249395941 0.6740830988588163 0
0.6263282198432013 0.6627924612669528 0
0.6226017207939346 0.6786447960268016 0
0.6356570018216693 0.6906566764830253 0
0.6194654105956414 0.6960402799531007 0
0.6063657068321366 0.6838811102173751 0
0.60327502758541 0.7014027933435905 0
0.5904637979257368 0.6899356419145473 0
0.5871482977008836 0.706898135223329 0
0.5743507793354405 0.6954571958078575 0
0.5707693965281064 0.7114846158632179 0
0.5582200450776797 0.7008950548120847 0
0.5522558981328026 0.7174071425111942 0
0.1480238124782828 0.5509316913927605 0
0.1613829860609278 0.5622186297424542 0
0.1391115328021458 0.1861283374302088 0
0.1567855306643613 0.2598475850863532 0
0.8418766326451762 0.740329023067651 0
0.2207686558970158 0.9314810519748011 0
0.2381104241776221 0.9269796039004615 0
0.5764795641142262 0.3045580744308326 0
0.3635492854974015 0.9170915352422693 0
0.3599791801365979 0.9343896655160364 0
0.3767523466991434 0.9288317611337087 0
0.2985092086207847 0.5616031343512512 0
0.2855665722747757 0.5504839656946586 0
0.6680879296927555 0.6799842856070438 0
0.8974149534394781 0.9306966562977862 0
0.9142823141612453 0.9250936439417713 0
0.9287717176110353 0.7756721281259197 0
0.8067341952183116 0.06375260959831719 0
0.6015642033852883 0.8515280558431146 0
0.6182990449781967 0.8460331742296865 0
0.6898273339697344 0.5635903325966647 0
0.06358895544083548 0.9365642155350131 0
0.05888922334337687 0.6663281752112791 0
0.06253233322759466 0.6490511553480445 0
0.06494251557127984 0.08188414313637515 0
0.06191115482577325 0.09904622543678643 0
0.4368333033242576 0.7013980816309233 0
0.4206298810138192 0.7067359703535623 0
0.4171456571678704 0.7234434456445967 0
0.404404614573904 0.712075087131733 0
0.1158108971464148 0.4711949946302808 0
0.2032465457057849 0.06643408740214773 0
0.1865010062629963 0.07234151456889498 0
0.5102260205475637 0.7087686101946808 0
0.8805379831466628 0.9362930325222025 0
0.1268742357898211 0.4195203711570649 0
0.06101195012240401 0.8726910054507935 0
0.06470667638098249 0.8553338654584781 0
0.7055272692036691 0.4958545414668598 0
0.453013671584729 0.6960541211928117 0
0.7336935189244548 0.5809812091747348 0
0.7420570956557524 0.5482670499929488 0
0.1085515799402919 0.5056296632173041 0
0.9418284116803997 0.867267517633004 0
0.9382666924847991 0.884703381927771 0
0.7572223598063322 0.4625835175903339 0
0.9392498222860051 0.6430655787167752 0
0.9368395314422329 0.197744199004125 0
0.9333842551766377 0.215175895619555 0
0.9402924077975969 0.1803101619237425 0
0.9269092986413305 0.1686097932961761 0
0.1831747458341283 0.08959136318557048 0
0.6768898874418739 0.9389554910954614 0
0.2199944257986454 0.06053558097117595 0
0.169732988803772 0.07822208224802674 0
0.1729997466369668 0.06077736620187457 0
0.1562263961931365 0.06669817955693358 0
0.06827258297846961 0.06437908987923324 0
0.758228768192353 0.3843907901564162 0
0.7826087896337627 0.4261099211061642 0
0.3460704298796322 0.6211029500125151 0
0.4076928117866211 0.695315362513558 0
0.3914749342282683 0.7006409786216441 0
0.06396955045042985 0.5683338767040776 0
0.06035927954227133 0.5855511210234517 0
0.08747530782876872 0.3829937558652946 0
0.5863026703700688 0.2541650623657843 0
0.6762113654589264 0.0924845341226469 0
0.6628577277304347 0.08088136486913861 0
0.6662203585615185 0.06351554044387953 0
0.6494965320947511 0.0692866053810921 0
0.6461350537247966 0.08664862998554557 0
0.6327785588257898 0.07506085234131177 0
0.5539308334857169 0.2654230005996064 0
0.5378047026158137 0.2709705974884423 0
0.5345587002108069 0.2877416135289386 0
0.5216665567983951 0.2765671034712235 0
0.5184369774729491 0.2933165795692435 0
0.505534181912052 0.2821579492950655 0
0.5087650112804503 0.2653847325250597 0
0.4926312457820074 0.270991900082732 0
0.4894110748344973 0.2877542194100867 0
0.4765093309580687 0.2766013938314852 0
0.473267585456823 0.293245625429472 0
0.4603981443718261 0.2821885827835344 0
0.4571592980314485 0.2988183801914261 0
0.4443042387839544 0.2877869986470333 0
0.4635937391997241 0.2654461826116896 0
0.4409015766826178 0.3039292374572451 0
0.4281916108938432 0.2933012394503632 0
0.4247865391818184 0.3094264933610497 0
0.4121075886104429 0.2988826737187198 0
0.4088806488572104 0.3155188689896641 0
0.3960655409636707 0.3045878778522568 0
0.3928336371333551 0.3212172905862126 0
0.3799825494907495 0.3101935380458787 0
0.3769232107242539 0.326727451220631 0
0.3639055611611193 0.3157462073522154 0
0.3606832329010983 0.3325230821038442 0
0.347774117860443 0.3213758269195477 0
0.3442744897578064 0.3380874075434284 0
0.3315805160319675 0.3269657787344086 0
0.3283762166915285 0.3437478042278528 0
0.3410005088098385 0.3548436742818061 0
0.3251710095505351 0.3605267539794069 0
0.3122545463813865 0.3494085337284823 0
0.3090996296010211 0.3661907565831644 0
0.3222066349031394 0.378120422725704 0
0.3059647375419855 0.3831108976751895 0
0.292976366262585 0.3718578047781867 0
0.2898165609402543 0.3886653130416408 0
0.3024616563294899 0.3997408277139273 0
0.2866064118435779 0.4054406487984717 0
0.2992360749073274 0.4165023525370189 0
0.2829696126665165 0.4221341123237079 0
0.2964745411767724 0.4333581241472869 0
0.2798056417525617 0.4389115650206442 0
0.2933258878869515 0.4501343042504504 0
0.2771217150990726 0.4557747160490658 0
0.2901480210818818 0.4668966897672391 0
0.2740431153289604 0.4725619680043594 0
0.2870169607985483 0.483680304820591 0
0.2709141613161271 0.4893452766147617 0
0.4150876262401922 0.2822456194647791 0
0.3670824174520616 0.2990215247017465 0
0.25792271663489 0.4782176385759893 0
0.2547647025198365 0.4950469146478376 0
0.2629118298705413 0.4452827175756031 0
0.2838760086147568 0.5004551910253021 0
0.2682520246353361 0.4118640259755024 0
0.2768173326821113 0.3774844014971123 0
0.2999501444948396 0.4947899345381139 0
0.4958400290508201 0.2541918656303193 0
0.8763328536627367 0.5708565147323981 0
0.872838609746603 0.5880733376021041 0
0.5041159314731086 0.7413988283932451 0
0.3125640260439426 0.4276945169166574 0
0.1428707046879635 0.7813450962235597 0
0.1464760298975054 0.7640925905542727 0
0.4730180279791133 0.1175005373223615 0
0.858514905452015 0.8142249686807752 0
0.3114470468693135 0.5727126070758546 0
0.1412732631581515 0.7192751942013875 0
0.3348339282227882 0.3101744395884154 0
0.3186474734177862 0.3157891559103516 0
0.2415653379186518 0.9100487114711757 0
0.2548028154319917 0.9217984632637206 0
0.2514518204484903 0.9389252323070765 0
0.2680722356818672 0.9335856998099487 0
0.10208546705086 0.8270310516158407 0
0.1282008227585195 0.7075900714304799 0
0.8904169164128226 0.5018691318618432 0
0.6683631747741396 0.829481363874482 0
0.6849512631687367 0.8239610214113323 0
0.6900624685411652 0.9506361108252186 0
0.7069052790787521 0.9451548531101418 0
0.6083895748858617 0.1341043100209906 0
0.6361316691702975 0.05768546926659263 0
0.2645216305651951 0.9509664745216789 0
0.2813120049451174 0.9454029753640351 0
0.0600723913837215 0.1959168848935801 0
0.06316061407758988 0.1787161067045823 0
0.742907834241042 0.1504618508634997 0
0.7561912489295778 0.1620437419415701 0
0.7728553760999595 0.1563512038360739 0
0.769455202214991 0.1736284001565513 0
0.08510334375324008 0.05851739210259266 0
0.5119576311028898 0.2486395857356093 0
0.7029172543598112 0.1156768411335744 0
0.2973922268566453 0.5108633314478715 0
0.582470495899546 0.7235026004366695 0
0.1359209043032549 0.2033650299024512 0
0.8619467878433021 0.7970410483704846 0
0.910725783655032 0.9425301158278691 0
0.9276212571591778 0.9369230145183942 0
0.9429685845811496 0.162711023918941 0
0.9302156802637949 0.1511227174467641 0
0.9471929578584308 0.1454065470180921 0
0.9337702423938987 0.1336826914185642 0
0.9169113032613485 0.1394262810074546 0
0.9203705061032778 0.1219664970527358 0
0.9372362775127188 0.1162176450259524 0
0.9233852507837007 0.1044124921166804 0
0.9068919762629312 0.1102371298555856 0
0.9101912423841075 0.09292026899385419 0
0.9267997896647371 0.08513098114124018 0
0.893510952617244 0.09856025274169689 0
0.8968212002389102 0.08125175949413632 0
0.8801128487925522 0.08686281746464414 0
0.8835526088413697 0.06939814238107267 0
0.8667273314670665 0.07513032846066897 0
0.8991967477337394 0.06368906254645634 0
0.3082561629820056 0.5892895413603643 0
0.9054437554678448 0.8145649924456064 0
0.3671028445722129 0.8998063213392891 0
0.5607290240829738 0.3096719060005897 0
0.6322911740393173 0.7074890000618682 0
0.07975838832178839 0.1728890103959193 0
0.06644740045917996 0.1613028975967405 0
0.5203381153773299 0.7359958844952641 0
0.9448036990119305 0.8504904095832391 0
0.07332744289524989 0.7397298089124135 0
0.05628764312951801 0.744460044133649 0
0.9263218681604837 0.6314060612089883 0
0.9427023205288655 0.6256909850533927 0
0.05818414350535395 0.5219887267351848 0
0.7039329155758711 0.6523782239519604 0
0.6895757561801542 0.4228435393803349 0
0.6762692151447161 0.412207891735634 0
0.9405613455568029 0.4851092890190621 0
0.9440440057228405 0.4680482923644786 0
0.8792401941419801 0.6318453518094312 0
0.7269036178728727 0.6133853490785401 0
0.1454374628058832 0.5674126565975465 0
0.1583185938507893 0.5785853980206437 0
0.2564959713366894 0.6236070801281711 0
0.2536026335578346 0.640638458178117 0
0.2372235545905315 0.6450380310835582 0
0.2506695951965447 0.657172135695157 0
0.9486108532736599 0.7531902921038698 0
0.6195476517625362 0.06330219085190752 0
0.5927043646638162 0.6722247033532613 0
0.9552001667412957 0.6539267275109635 0
0.1304526813047126 0.4018224854430769 0
0.8701700727419559 0.05765735276211442 0
0.8533553452451471 0.06341743124462051 0
0.5627236570196722 0.05387268344691759 0
0.05357514386755263 0.3120936989295784 0
0.05685795822425738 0.2947097412544522 0
0.485804643837723 0.3055190497248768 0
0.3911785128049245 0.33698058304576 0
0.07691818500647329 0.948389641119332 0
0.09364193545285893 0.9430296457302367 0
0.1435449587640747 0.4140130356902875 0
0.05286016618817102 0.7624255303288838 0
0.2793095398959515 0.3607895775464176 0
0.195756089950234 0.1340091211467091 0
0.2087640140775333 0.1459719735684307 0
0.5145820868790851 0.8961508344161208 0
0.5181628575148912 0.8789614299559447 0
0.945405821633877 0.3883929804602028 0
0.9419332558907458 0.4057439820564066 0
0.2326494098437364 0.6602118841108986 0
0.4833837288724492 0.9235092535312711 0
0.4799376818075274 0.9406830952968639 0
0.464502080895284 0.9470187502149343 0
0.2995150102291412 0.5439887084535163 0
0.2817965459691119 0.5198215373144629 0
0.05393296394180486 0.3947096827560055 0
0.6051097246110939 0.8344229420965641 0
0.3731781969187067 0.9461599417978916 0
0.3899738647784105 0.9405939315425029 0
0.3563721018497333 0.9517250129195284 0
0.7611892602317345 0.3670831722615935 0
0.9489021126023399 0.3710507431929944 0
0.03937500382810061 0.7498314493749373 0
0.4987353203524303 0.2372905137713615 0
0.3997345776538754 0.6503098332280034 0
0.9458460795801298 0.6895393974049157 0
0.7005468123166458 0.669181029239988 0
0.04937041440003059 0.9247439410913598 0
0.05736381349093544 0.3767935850184257 0
0.4009018888858467 0.7288152352439683 0
0.206512892137987 0.04897149749774565 0
0.6996889411223849 0.05194798549555313 0
0.7163516977501894 0.0458491063822834 0
0.8597161310444137 0.5764476921741141 0
0.05035281550019238 0.4122161826538878 0
0.9551612210743673 0.8790834544702939 0
0.9515832462582794 0.8965433516943602 0
0.6992347487452577 0.5294871661146379 0
0.4136489477661245 0.7402094461610962 0
0.2583352737052074 0.9045304333372688 0
0.6517839540706736 0.8349896564031943 0
0.1205719428234555 0.3702018572426841 0
0.1596154347953029 0.7758732460829972 0
0.1632045982343794 0.7585944188756659 0
0.1763154398528152 0.7703711447718842 0
0.876707249349444 0.1042958396680619 0
0.786113056665833 0.167940027419784 0
0.7827064618188696 0.1852082365223439 0
0.0456908452662429 0.6545176173225823 0
0.04892836405069612 0.6343347153493697 0
0.4819864977924567 0.7013043279612849 0
0.5348098849797835 0.8734459445604652 0
0.6980245488589536 0.8355599269084583 0
0.7015332348673113 0.8184338508311295 0
0.6468441367380945 0.6407991300611964 0
0.6799679001746571 0.3950266183728676 0
0.6633677399176681 0.4011274400818129 0
0.6671177940923056 0.3839077486961224 0
0.1461351647143463 0.6219190495171262 0
0.8757036211656102 0.3475422644738966 0
0.8721230247720553 0.36452693016025 0
0.6517873356450622 0.2317163524986377 0
0.8807887093192184 0.472938272858607 0
0.7471144815608166 0.2948842898590729 0
0.7437549291192406 0.311930289618453 0
0.7566637753305665 0.3232486360207298 0
0.5849116865070846 0.8570032899903464 0
0.7162163581448323 0.127259764406421 0
0.2757081690390659 0.6006779263157245 0
0.247267933087279 0.3565017200005054 0
0.7933902687045263 0.05207711704096374 0
0.7766258910685544 0.0578849847987295 0
0.6056108120984349 0.2314438129604258 0
0.275071470696844 0.818095284678436 0
0.7993665746976695 0.1795261871588967 0
0.7959605353281932 0.1967923504661895 0
0.8126227893691519 0.1911094953098625 0
0.8093471392525531 0.2085605746000405 0
0.8259524016956735 0.2027272957756036 0
0.8226603472287666 0.2202918804857149 0
0.1536979950835892 0.3576599693777618 0
0.8463400242134372 0.6426247327874219 0
0.785856465449369 0.4086034055924224 0
0.7696411942536741 0.4146629538926524 0
0.2665452715282434 0.7098235882878458 0
0.1852657852163782 0.6569950649376207 0
0.2018220242061127 0.6515670936745984 0
0.1888567144975802 0.6399450626485774 0
0.4845557407748565 0.7636934254113739 0
0.5735494062549962 0.3208821341392065 0
0.5893553952160185 0.3156794849993639 0
0.7146071941421593 0.8300300568792509 0
0.7182164093172125 0.8128638263452643 0
0.7315195296231813 0.8243915082345308 0
0.559513004755392 0.1517223475301097 0
0.559755777446212 0.2314216637928971 0
0.04721245389836237 0.9413697263376224 0
0.5169462453775384 0.752718374989841 0
0.5331572401573429 0.7473335355218582 0
0.8407147584217736 0.9008745423799452 0
0.8371165357057256 0.9182656932201338 0
0.823854055160292 0.9064673691151792 0
0.8202490802276191 0.9238601315710953 0
0.8335321517039419 0.9356711814113756 0
0.8166363106509038 0.9411984067179527 0
0.8033739220231887 0.9294396615754699 0
0.7997579658178249 0.9467740302167543 0
0.7865060622750706 0.9350229524385101 0
0.7829084064077773 0.9524221721555133 0
0.76965142307328 0.9406115572056387 0
0.7732438902122476 0.9232353084841953 0
0.2667482045955774 0.6518998883830438 0
0.2638572386348625 0.6685279098094734 0
0.83607103640963 0.3125504621423795 0
0.7298118092571693 0.05776789104801877 0
0.08889334582778685 0.8152383584205544 0
0.2191665370995975 0.254683427181871 0
0.69414832410023 0.1685040171435476 0
0.7794618886189821 0.7445580249658041 0
0.6171961462829629 0.9265280874216673 0
0.6303472237786054 0.938269896609373 0
0.6135905431828859 0.9438334808441406 0
0.4818375700682303 0.2427932096607585 0
0.5471524541575443 0.05989539308793224 0
0.05450297707009 0.5392785334827905 0
0.726589459505766 0.6319127212310405 0
0.4508229642084392 0.8541287657651087 0
0.8199897711351246 0.07534597788278485 0
0.8590563030676213 0.3531588243341766 0
0.1072419544291846 0.3580247924749473 0
0.1503614547007611 0.3753382921065893 0
0.4390139450986676 0.7630957415904782 0
0.7564352326384893 0.9288193321356908 0
0.7528099235284975 0.9461871826075643 0
0.4029138330906121 0.07768943004870754 0
0.3897645500324458 0.06593862292449909 0
0.4078422848097037 0.05978374821920635 0
0.3731493447519435 0.07173426556777157 0
0.3764175275353868 0.05436939578319128 0
0.3597286369970084 0.06020688217500725 0
0.8497097447390055 0.6255835829606256 0
0.2146039617577916 0.6050974278141172 0
0.6485238556487372 0.7021038907955883 0
0.6450901849540052 0.7188783016954781 0
0.950214825288308 0.2094520132962081 0
0.9467495801693914 0.2268909211473619 0
0.9299351599698551 0.2326110740442312 0
0.9432826702895476 0.2443229649194788 0
0.9264799268489139 0.250036359696141 0
0.9398167964299338 0.2617387135423833 0
0.9423149470726959 0.7068907769790529 0
0.6351952763472848 0.1573691783931587 0
0.6681262014192745 0.6024368968578234 0
0.6527461989969567 0.6072192260897028 0
0.8110893763074892 0.04450723668368167 0
0.7307390253136723 0.3004566730979102 0
0.9229966646823233 0.2673836977130259 0
0.9369021556149338 0.2795800405744011 0
0.05144072338280969 0.07024727121969843 0
0.05477369159918422 0.05273019209006546 0
0.5323402945756749 0.3073506094562627 0
0.5149384944427946 0.3112401415229066 0
0.7482482879418099 0.3560363042062512 0
0.312928346087082 0.5056974641483746 0
0.8632119419469446 0.5592695880918351 0
0.6217620509630182 0.828953619406178 0
0.540812796418384 0.2542289434143216 0
0.1600569656261327 0.242850250309986 0
0.8383736823879608 0.7572550968254723 0
0.7928046349349114 0.2143456681357229 0
0.7050744206780578 0.8013763620103783 0
0.7216862251991922 0.7957448898651226 0
0.2450251129589791 0.8927630263031975 0
0.1333364445134004 0.7525265445423366 0
0.9299130016398043 0.6140708241521901 0
0.9455905890152012 0.6082101619911244 0
0.7397478471028032 0.9342282272827036 0
0.9520706933819096 0.7358936201876523 0
0.7661135929192341 0.1908241156135362 0
0.6719116215866343 0.8124461157814873 0
0.5150539871200607 0.2317587488743713 0
0.2413132864929173 0.4838061349626762 0
0.238074720085267 0.5006680689740765 0
0.2515819042325702 0.5120557999351284 0
0.2449521506244546 0.4672950762952295 0
0.7361252916837252 0.951557223222807 0
0.9562250197520734 0.255999266810914 0
0.1397130542972895 0.4312735866544902 0
0.7396055474607186 0.167666827540493 0
0.7262726009000349 0.1561769302951633 0
0.7331185364940158 0.04001120972168648 0
0.9247499226351747 0.4108630285620862 0
0.9382214397613287 0.4228651779517945 0
0.9549482786335024 0.4173733927508442 0
0.9523974253149535 0.4346116209762119 0
0.1301781216889588 0.2371728703596472 0
0.08169976018726954 0.7066007641281722 0
0.1225539517578657 0.19180606225365 0
0.8681707694990561 0.7633549604624736 0
0.5795578634320734 0.04608077440958341 0
0.3062496392398815 0.4612461197084108 0
0.0607200290956319 0.7267094568983397 0
0.6996308741209507 0.1328810064088024 0
0.6862428888514865 0.1214193192661195 0
0.3216316096138552 0.2992194845521112 0
0.3368794427488206 0.2939388367697339 0
0.3056395240207878 0.3047156238510237 0
0.302428206792608 0.3214672140531606 0
0.588221856769725 0.07638738510946336 0
0.1733313114185758 0.2541687432153771 0
0.8252590904492418 0.7457511458639495 0
0.0832133929358963 0.1555689432894586 0
0.4400713372331903 0.6846984561868338 0
0.4555822935939752 0.6810401273089322 0
0.9223735648826344 0.8090865409613059 0
0.9356197932095319 0.8206790461361348 0
0.9392000374213582 0.8033500841803407 0
0.5616826521183298 0.684401918892821 0
0.5459038735093796 0.6898381711215177 0
0.1316512537728303 0.5566441767849752 0
0.3008059592135119 0.6213483576459318 0
0.04795716383287485 0.8614879916867834 0
0.04928085886393796 0.8433730183855122 0
0.04413422614362367 0.8783700784152959 0
0.5572188979737955 0.3279527311013523 0
0.04640420421831964 0.18456761164813 0
0.9656235540751297 0.7475856133738115 0
0.1594841099941814 0.04920830803300652 0
0.1427008845552955 0.05513962974267606 0
0.8560750294252745 0.5931685992052774 0
0.6295642357598064 0.09225516007498968 0
0.3242864272518799 0.5838824304828665 0
0.327784975107439 0.568280203490544 0
0.3208264116845133 0.5999976532938425 0
0.8565535491911349 0.04618184811170767 0
0.04715129826359021 0.5738136345380241 0
0.06974570902228155 0.1439918072667683 0
0.05298946502401303 0.1497207803610332 0
0.05625537436386407 0.1324193975444689 0
0.09620744580388396 0.1678594782249454 0
0.7745576624096813 0.3788097691892919 0
0.1806166631183832 0.1234742642597051 0
0.07719534734016287 0.352482676002813 0
0.6427877863626326 0.1039481151933431 0
0.6270450699581456 0.9553268179130319 0
0.6438522762912811 0.9509011303586647 0
0.6399818496223755 0.9685328033181668 0
0.9240505305858139 0.954372460526528 0
0.9409717620278834 0.9487457856991961 0
0.9445128676774985 0.9313050363141073 0
0.04163915053889972 0.527510666184315 0
0.04480056855422931 0.5101418392536327 0
0.9529050379649397 0.8140774105879178 0
0.9554563607881759 0.7962112629743808 0
0.2797047684561191 0.6621820931602831 0
0.2765498115363782 0.6792047815957558 0
0.7803231903192918 0.04133361294174842 0
0.396316833556681 0.6669007249758678 0
0.3802213570101292 0.6722343380471943 0
0.5017878950174506 0.2204466935603219 0
0.8297596930992455 0.9526908809091468 0
0.8467910269077922 0.9474187496511666 0
0.9130483748324731 0.6198165440043584 0
0.9694314877002184 0.4278494871732663 0
0.3973803483425901 0.7455465650818933 0
0.6226359025784851 0.04621288216636871 0
0.6400803211298263 0.04047443089401831 0
0.04313895116596755 0.6713892857785893 0
0.5018884988990471 0.8841847146858283 0
0.5052154324990628 0.8674649407547816 0
0.4899179739700907 0.8726864712894052 0
0.5759822793348333 0.2257012124955048 0
0.6314911843999811 0.8576581279096017 0
0.7399127815141344 0.3287370383301769 0
0.1560358392088474 0.7931210280829248 0
0.7650989877744079 0.3507544470715127 0
0.4507421705415554 0.315081336974812 0
0.8293886197717576 0.1854315167060794 0
0.8323741118178993 0.7113533404382228 0
0.8157808897957078 0.716854067362551 0
0.8027416215240915 0.7051958842020702 0
0.1666911704595785 0.2886993366033522 0
0.1832213186237299 0.2829273607610501 0
0.1964438180995051 0.2943967397557519 0
0.7895264439728737 0.1506587616832126 0
0.9584070343952297 0.7015929703727438 0
0.8499794130491475 0.08097048050964045 0
0.8752696977533074 0.8086397550008169 0
0.7600473870891057 0.9114244660600845 0
0.7564886415215535 0.08108719565687894 0
0.4965962649892057 0.9352419692947318 0
0.493134769664853 0.9524555105835986 0
0.5098314445031975 0.9469946861752155 0
0.7915205265468495 0.836496353976542 0
0.8927622624335259 0.6430749120092643 0
0.205729094960936 0.1629696724847702 0
0.2224042098958063 0.1571804637558817 0
0.2240445829918207 0.1408020627093607 0
0.2384203348652313 0.1520117766935801 0
0.2356827064187683 0.168742853816244 0
0.2519546172040801 0.1633664286283847 0
0.2490154643643836 0.1802140247951851 0
0.2656021737824368 0.1744594444184033 0
0.2623543324542179 0.1916159254589419 0
0.2789241359520852 0.1858559647538001 0
0.2819328102971284 0.1690026035599337 0
0.2954306005055117 0.1801683348719775 0
0.2921416923450788 0.1972436608258245 0
0.3086629456745074 0.1915062986272594 0
0.3117030053955546 0.1747375650931197 0
0.3251216126987433 0.1858248164294842 0
0.843045268529399 0.5813674571694318 0
0.166727821175348 0.3692856981934396 0
0.174669401162998 0.5734021460581746 0
0.1707230003763097 0.588369473361309 0
0.8332109966920532 0.631167665153421 0
0.1258807130976218 0.1746015028318254 0
0.8484777451619437 0.4039321708613363 0
0.8717587501635746 0.8259250537694063 0
0.08525540273515908 0.8325798503727135 0
0.07209738060086124 0.8207675233363924 0
0.7999459294870874 0.2609008656645608 0
0.8031738592162131 0.2437591245677624 0
0.9045290485069405 0.8958614439453119 0
0.08296536059478199 0.6263757412802788 0
0.07077942869739501 0.6147525126966413 0
0.09847419672522451 0.8443441192727984 0
0.0768138247793434 0.2715753110229864 0
0.06242995922836458 0.2605835879085208 0
0.9346925994008195 0.902095775022367 0
0.0984389493709667 0.7014733709120529 0
0.6637173525559517 0.9271788330839915 0
0.746650836720847 0.05207156640049265 0
0.7605953166171016 0.4457275221616951 0
0.7737930772748998 0.4572446282821975 0
0.7701065259866512 0.4737565206792043 0
0.9575036519709685 0.1730380022188181 0
0.8518734172352829 0.386971849080946 0
0.6265649620937772 0.1096472802822077 0
0.1799140418819031 0.7532131385620541 0
0.1929960124140759 0.7649226097272251 0
0.9616958413724066 0.3826529026397847 0
0.7026480503264025 0.9609381248053991 0
0.1760854973596176 0.04366538567039435 0
0.6515842512768695 0.3887957527585126 0
0.6541919649102501 0.3722910012963972 0
0.1675817015300572 0.09559086310069603 0
0.04442180903636189 0.5897076136721958 0
0.8947669903057627 0.4040894739871331 0
0.1243560600496079 0.7243516314615217 0
0.2847309881960067 0.9280187566923215 0
0.2980068977565621 0.9399119365498099 0
0.840125331352604 0.05250990400848687 0
0.1997006742658463 0.2772517275493861 0
0.7992411961562225 0.7222877669082444 0
0.1406515600148867 0.07274469291896901 0
0.1496003603868609 0.2146529349750692 0
0.6734793055290003 0.9563849426480339 0
0.8484277597250403 0.7855698770643773 0
0.04515091025843238 0.2034903692337814 0
0.9570897649200172 0.4787338531821013 0
0.9539171143426035 0.4940866977638668 0
0.2449292474829475 0.9565245093470492 0
0.26109442224278 0.9684587894687757 0
0.8815530398570928 0.3928111947669561 0
0.3933584862746279 0.9234545697701512 0
0.406556368938954 0.9352606968642281 0
0.4031639736878014 0.952403796720044 0
0.4197891438663676 0.9470332939966634 0
0.1668468380654588 0.7414706434630642 0
0.2234958254439487 0.04367617517254041 0
0.236802678008551 0.05474146761065429 0
0.2403154723389624 0.03789299932642043 0
0.2535610305417414 0.04874906451671934 0
0.9089189417961595 0.797764271105478 0
0.1273338651249853 0.06119666261689038 0
0.1294016529438091 0.04358400073515617 0
0.1138779960666351 0.04961864356031315 0
0.3152090780825161 0.488599880622292 0
0.4123929409759831 0.6615730458641886 0
0.8734197820588882 0.04047421635354825 0
0.1196170303082044 0.2086403752323923 0
0.02988815758573338 0.6613713078536146 0
0.8785489855752838 0.7917011357463526 0
0.2845958488075064 0.6266944785090982 0
0.9571840572962624 0.6172998859167236 0
0.8691983449339231 0.6048448357525825 0
0.09441394252238683 0.7183467233304477 0
0.03865313532332748 0.544954607402435 0
0.2595253870762312 0.6841617187343203 0
0.363295457151081 0.04365633625338344 0
0.3463892358482209 0.0489782260895017 0
0.3430395429974388 0.0661222302152743 0
0.329591988175778 0.05460936706838726 0
0.3263087970894348 0.07197252318531161 0
0.3128668653206846 0.060439321340721 0
0.3097413613514176 0.07785794693682652 0
0.2963356974789758 0.06634217712642604 0
0.299448689960741 0.0488889943140362 0
0.3798000967203964 0.03690234834062162 0
0.3231997916133128 0.08933409066314146 0
0.3335183345437119 0.03879725619467134 0
0.2827776305761444 0.05478869668095721 0
0.2067310839070275 0.6359218605794863 0
0.1933278423945088 0.6238556897293174 0
0.1760451509971696 0.6284728782003461 0
0.564745080758654 0.0359352496946963 0
0.0372230452970389 0.4003803708747954 0
0.1570795717471518 0.4237852309304326 0
0.4232918260061991 0.3266144331943558 0
0.3368995156383692 0.5946356900172534 0
0.294348812781184 0.9565887829069336 0
0.3111597579118738 0.9515385561847229 0
0.9571609717549994 0.9429665304160822 0
0.9615799202678669 0.9254365368048622 0
0.9537717307252138 0.9592992464488864 0
0.9331623289992785 0.5971471860445845 0
0.9501253123386875 0.5910618934108294 0
0.3268534322400405 0.1689485058923274 0
0.340237835104873 0.1800986545877758 0
0.9610047591940262 0.7639898035074573 0
0.1417170011580371 0.585199607785173 0
0.5487599742951036 0.6736238941901131 0
0.5866728629703496 0.3316925666199606 0
0.602213045873762 0.3267852671284842 0
0.5994379648275501 0.3437488644969364 0
0.6150060396698558 0.338081098854063 0
0.61144329660458 0.3547789490106188 0
0.6276559996084056 0.3492385126686918 0
0.6065673232779085 0.05291560279701341 0
0.6477990722603214 0.4053178517341963 0
0.6103928941936188 0.9601546974351868 0
0.5968365637448702 0.9492158780210517 0
0.4995550204221889 0.901856018430552 0
0.6236363996359191 0.3660899942778701 0
0.6286922900075743 0.7226108940548777 0
0.3111102977063822 0.5205974133643081 0
0.2112513327468296 0.1127622632578266 0
0.9078059451690217 0.959233904685125 0
0.3693480080826474 0.9627837839988562 0
0.3527540184616222 0.9690930309399363 0
0.3402694990921731 0.9569149658731153 0
0.2562792110823136 0.03218652490397023 0
0.0408628766980248 0.2995301382444241 0
0.04341152411001453 0.283097134927805 0
0.960884598181499 0.462112015842671 0
0.09080078146885595 0.9595179981838393 0
0.107335107269331 0.9544370043048791 0
0.1105834394726123 0.9373873587743391 0
0.1239086892244985 0.9492447519489607 0
0.2281063603588755 0.4730071943851801 0
0.8424214045727966 0.9671097791872107 0
0.8602025655506025 0.9589092684838609 0
0.6734641087350499 0.4283346742180084 0
0.6862487704293636 0.4395151978196553 0
0.2359439110476255 0.5169391778725597 0
0.2207313122513717 0.5069109276254936 0
0.2472108197380172 0.5297392067628166 0
0.03821464463415414 0.316918914995754 0
0.02748002029752761 0.5348852335638877 0
0.6633382160999863 0.7139243109726078 0
0.03081176677291553 0.8663912397738223 0
0.1156199893577689 0.0319837821188414 0
0.0989480233107754 0.03782367985110169 0
0.08378585365495494 0.02976517177845184 0
0.3645926378837944 0.5960008089867597 0
0.04044689896371256 0.1376896824633399 0
0.04354160717061489 0.1202628858878043 0
0.03781768261783192 0.1551944568623781 0
0.7168827380146461 0.6642748408901393 0
0.7426368935633973 0.6232895230826598 0
0.7432142934468524 0.6078770498788695 0
0.7559135048941379 0.6174568362947527 0
0.7379169172397986 0.6474397408586146 0
0.9712494714273067 0.9549551721677985 0
0.9612391809023761 0.684146851302989 0
0.2852842769522006 0.03864717833707376 0
0.6417024688629428 0.7356994786670403 0
0.538686302629901 0.7300484506267733 0
0.5498356290465026 0.7422188329898981 0
0.1470538593589631 0.3962339220482666 0
0.7503267510174607 0.966558422188095 0
0.6704095065754248 0.4455498873060455 0
0.6830862754525386 0.4555687732207492 0
0.1480107102307948 0.6036602604304075 0
0.2887909483439695 0.3105961861833409 0
0.2859397481228403 0.3277604715006004 0
0.2677366318605648 0.3335897625797408 0
0.03062888139009712 0.5776940175745588 0
0.03698077971448244 0.05826954919842636 0
0.04156463714036612 0.0411055823666634 0
0.03460033114888533 0.07612960224254645 0
0.8405459195332696 0.03383761002252611 0
0.03571279679216316 0.7680065065273016 0
0.04926622928038099 0.7799403691038658 0
0.02332511332942222 0.7550848437468597 0
0.1202092589196705 0.9667940659250025 0
0.1372873622510957 0.9619365990529266 0
0.1407520907857067 0.9438352689206235 0
0.1534366752943757 0.9556069304112028 0
0.1794211608474087 0.6126382976707088 0
0.3290368148613766 0.499445505418098 0
0.787453899465256 0.4695780114257693 0
0.131788504192271 0.0261583140416124 0
0.2103250883810284 0.03105046666535188 0
0.1172192482429076 0.3888115232017942 0
0.5923368155259726 0.967731488145109 0
0.5796176961096697 0.9546926635823126 0
0.3779797617421104 0.3903821764562205 0
0.3729803444769678 0.3730805916260658 0
0.3621637192282857 0.3858398996260138 0
0.38395942569832 0.3612802061108832 0
0.3682731877195447 0.3583987852282696 0
0.6221778596631597 0.6091754406945944 0
0.6254801860858727 0.6265351866633191 0
0.6133472810738175 0.6376673843156577 0
0.4545222470463591 0.3433719178015949 0
0.4215218073478139 0.354452224288241 0
0.5790074009053853 0.6437536641384515 0
0.5783023154384328 0.6613866669507034 0
0.5928602346593025 0.6536465304070138 0
0.4552241242911224 0.6551748323354678 0
0.6364543340942845 0.5960984482718802 0
0.5609487026473776 0.3474919619742937 0
0.3453539690792404 0.5633952212868605 0
0.3412748202999644 0.5446790627293002 0
0.3255631697126558 0.5410950273889695 0
0.3486218224860126 0.4368343306951251 0
0.3393631600606153 0.4222031898516044 0
0.3462960386719593 0.4073004869510533 0
0.3299166898277587 0.408239755459052 0
0.3288851378572953 0.4373997616980343 0
0.3359575480454093 0.393258760975084 0
0.6539030800520116 0.5612956604712108 0
0.6614267369495226 0.5764253483196118 0
0.6720614132706468 0.5627387999841256 0
0.6783265585662404 0.5778795638421459 0
0.6816239350737181 0.5490110380283177 0
0.50759888038798 0.336413667473121 0
0.663712105701123 0.5095531854653664 0
0.6764179804355495 0.5215406872394066 0
0.6781869372466347 0.5047353419505215 0
0.5095540427592903 0.663774133276535 0
0.5197898608502126 0.6783523420636507 0
0.5031839697460651 0.6799594932693804 0
0.4835469991241654 0.6827845932158506 0
0.4753865950162536 0.6699521295018207 0
0.4905932825965293 0.336464472734901 0
0.4028077817204004 0.3641052423034927 0
0.5950939520633006 0.6340223831551817 0
0.6578466019143488 0.5426046626879523 0
0.365977616844818 0.4049060479366998 0
0.3419012552039644 0.4536090340366587 0
0.6639980282179985 0.4925690450096509 0
0.6808598146593529 0.4850505287509694 0
0.1504438980320875 0.9730524752149649 0
0.9217674381079038 0.9710347515358082 0
0.3241007293711747 0.4557702280648567 0
0.3078476260986888 0.9689645909492748 0
0.03061376440787522 0.1945997765346899 0
0.3076425524043708 0.2881206742582701 0
0.02769178153386798 0.8825054603494374 0
0.04047154365746919 0.8957182025496048 0
0.7554670103521122 0.4018925037700635 0
0.2299939779714857 0.4569869513026611 0
0.07365616106866729 0.9672327737781571 0
0.7502682397514302 0.03138016297567048 0
0.7342864936324272 0.02464461713692168 0
0.5952265479220793 0.364631300900602 0
0.6400943799017622 0.1213468108413902 0
0.2412774844882242 0.01850066445626275 0
0.9631820966301816 0.221087676827802 0
0.9680480608577599 0.2026593764083523 0
0.2619300264064242 0.3670555524426692 0
0.2582475427835949 0.3845009941208793 0
0.2737520611672504 0.2997182332640651 0
0.4995139422079872 0.3202686076371969 0
0.4161587485646972 0.9633712769125623 0
0.4327502558099132 0.9576884667019414 0
0.3990132615951482 0.9698667848527168 0
0.9731441266290546 0.4745255045750493 0
0.7825597230018966 0.4859664428585628 0
0.7962178688158651 0.5013626085176219 0
0.7775927864662517 0.5024660839557904 0
0.4194023256513059 0.6454731280878652 0
0.6076279053337169 0.03411516207591103 0
0.4797696955979531 0.3232907024655914 0
0.6565512070150684 0.1155492798581065 0
0.7967521102875114 0.9644927729403112 0
0.779888323874854 0.9696874060793119 0
0.8119796501304286 0.9747781685717019 0
0.5062592469863174 0.9643461639014815 0
0.5230893855141862 0.9587675838138715 0
0.4918500812815205 0.9692150854909672 0
0.5444623509656563 0.3416149441100778 0
0.05703388327954956 0.03451252871422694 0
0.04348218524609049 0.02423815257056428 0
0.4052394865835346 0.3465870219005232 0
0.7860348916945883 0.5166125154045784 0
0.7705133040351417 0.5176344771986625 0
0.6087469421038302 0.8173756257018996 0
0.5922281444933789 0.8228385536302119 0
0.772316776350277 0.3966466516568781 0
0.6095017671683909 0.3774674659830657 0
0.214753222630316 0.6638926548316657 0
0.03238550533093193 0.785514144708243 0
0.04618019108251825 0.797304242837751 0
0.6081799673565087 0.66311149298443 0
0.06051865726130212 0.3585987450454767 0
0.04704377153272182 0.3469255284555116 0
0.04423155137175161 0.3646611914097576 0
0.03074721384562418 0.3553398121723299 0
0.6389992087447497 0.3761629417014283 0
0.6404494294467563 0.3603721346198673 0
0.1629948817552672 0.03179827215420972 0
0.968746482568779 0.8905283908219292 0
0.9709712934977832 0.872892820019549 0
0.7521688252542942 0.4186759513444718 0
0.8048511643906247 0.4653775231104875 0
0.6583295737795434 0.4194257892428565 0
0.4406331845411318 0.3313826769496797 0
0.7030678483821226 0.03452711943064701 0
0.6870953020840995 0.04130250672074964 0
0.6377867732007259 0.1393990296372548 0
0.2877420973482684 0.5350469213251404 0
0.2726520972561149 0.5393493627964598 0
0.965701982959862 0.3653707346974571 0
0.9523763617965473 0.3536935794730514 0
0.9692440458369711 0.3486818676189442 0
0.9559184414800981 0.3367037494699022 0
0.9721754274468865 0.3319750829830661 0
0.958258715387631 0.3190776577365869 0
0.03212147313922398 0.9305005938780956 0
0.04136957070666758 0.3826095304831885 0
0.0268958600858068 0.7355882984119304 0
0.3844732408732262 0.7341234368952441 0
0.7090441940244955 0.7840705938129215 0
0.5394510746234842 0.3254421224295092 0
0.7594721915753688 0.602316346457016 0
0.1967541871393023 0.6070794366343382 0
0.3195399911884111 0.4718845644737252 0
0.1039914484325118 0.3766214895807394 0
0.133796495733117 0.382677652798174 0
0.5298955210582286 0.7641510952373767 0
0.3019730127980284 0.03059543653493729 0
0.6571399031591934 0.3554235432511521 0
0.8391836293579407 0.2143233305980122 0
0.8357709397044641 0.2318302525475815 0
0.8488460922010139 0.2435166793622509 0
0.7899817371161486 0.2321785777204929 0
0.9803585968506465 0.7599062214727618 0
0.9832291865209151 0.7405231520392138 0
0.4358129717249821 0.9408428055919593 0
0.4091119087658242 0.9177059105778408 0
0.3215276210089181 0.2029959808833334 0
0.5730306441371271 0.2428235820967563 0
0.7883465403167138 0.3904621653244855 0
0.2316212788701627 0.5335090792995917 0
0.3671346532184513 0.9818379233567501 0
0.6310283128499218 0.3325919534200282 0
0.7134154493251332 0.6805619402831233 0
0.6969566803128455 0.6855701112697926 0
0.7198203903348046 0.6959697297160045 0
0.6703711140288868 0.3669236598971687 0
0.1146413363185047 0.5513349985404485 0
0.1183147539364546 0.5333143602279549 0
0.1094521167480402 0.1798193731729265 0
0.8326473555053859 0.2493784219873532 0
0.03249688321119526 0.4168327156582309 0
0.04651217287975323 0.4294173521078494 0
0.0299360057930157 0.4340949376597363 0
0.04351101977190885 0.4460654126213677 0
0.6055086270608234 0.3101952116521366 0
0.1894044749377857 0.7820245001918954 0
0.07400365939175202 0.3706255560342867 0
0.2323738866142463 0.1859482976656435 0
0.3807056593990593 0.7508918790157249 0
0.3716541362151277 0.7224636435191233 0
0.3548149736922601 0.7278971970889978 0
0.3581938380497209 0.7110920068330884 0
0.77680859605518 0.9058759876885464 0
0.5892920315269417 0.2371157837458948 0
0.5181406288533412 0.2147855974359649 0
0.5769235792393708 0.6787221586345971 0
0.4100604038360278 0.7569521703881903 0
0.7111720373761278 0.8471716415290047 0
0.3100386083423441 0.4445892180315936 0
0.4691034856284396 0.6906728966420902 0
0.2615389474681526 0.8870284301450494 0
0.2747801538805492 0.8987505099268223 0
0.3010711098127796 0.9223169779522071 0
0.9096729529943031 0.2557543053085913 0
0.9061915734679097 0.2730065415348391 0
0.4089622393482398 0.6781726413249441 0
0.4254254572227892 0.6736355812964638 0
0.4049060479366993 0.6340223831551817 0
0.8958370887278326 0.6262193755716152 0
0.3613487971077485 0.6148797778524729 0
0.7129680877262583 0.1444712737235131 0
0.696889325016786 0.1505634592013732 0
0.7341382991290858 0.6643578262083395 0
0.6605116822322985 0.3385648544543167 0
0.6506083866176912 0.6241509034045397 0
0.01588444816025292 0.08147348710906555 0
0.5435101323689719 0.2370963134875619 0
0.01654932538243581 0.7945243790524839 0
0.8624885154792084 0.3359795700634852 0
0.8458746826875041 0.3416323439680875 0
0.1836836258270895 0.7362451739869511 0
0.9347415320021383 0.4400959867606291 0
0.3030189724810131 0.4778495823217287 0
0.547412500628956 0.2989320966466341 0
0.9078142142957752 0.4159765167466897 0
0.02452131299958749 0.04623123747303681 0
0.7027413993672852 0.5127077309336586 0
0.2641978166547533 0.5244386938661607 0
0.7340049979151761 0.2834038322092651 0
0.7175744794055766 0.2889206083091414 0
0.2529530241843725 0.5613730583256945 0
0.4318586407646242 0.7969563611712127 0
0.2230839166888507 0.3968956197119204 0
0.2361425590813785 0.4081743482412588 0
0.2328379368060508 0.4248895489604049 0
0.2498177544556276 0.4187847820138381 0
0.254251664843722 0.4014591278681952 0
0.248018471470599 0.4347517687083068 0
0.2650993389160947 0.4282649931788425 0
0.2166342790374484 0.4304815453884138 0
0.8492894455775807 0.3244276320185432 0
0.7810729193349752 0.5853619602522722 0
0.7684121065693458 0.5735430820744156 0
0.771596916693763 0.556873110643984 0
0.7548934026109155 0.5611174818400909 0
0.7585814940266353 0.5455481880760458 0
0.7471623413952594 0.5305454977109614 0
0.7508618776378948 0.5767433481099492 0
0.7474002790960363 0.5120255707007204 0
0.7754900842913099 0.5409306360652213 0
0.4190373991533967 0.785410203694087 0
0.5022732191180005 0.300042757859896 0
0.6842359837692683 0.5942990451254629 0
0.4564301248978701 0.1232774789420561 0
0.4531360959940202 0.1404953414884528 0
0.4365767637911053 0.1462446634534874 0
0.4498206484159694 0.1576732641280413 0
0.4663036549084535 0.1519254919375784 0
0.4233026100866636 0.1348557136614656 0
0.4200722415722546 0.1520197280088078 0
0.406805784375667 0.1406789663449935 0
0.403612580347872 0.1578401317298208 0
0.4168452275253683 0.1692060508651979 0
0.4004027385772199 0.1749757028335674 0
0.3871778080227324 0.1636414785915819 0
0.3934473261865252 0.1292491328568319 0
0.2044394461767406 0.5168673058712867 0
0.2038444592733815 0.4993225307884766 0
0.55977801822345 0.7702421843539651 0
0.5630985757565383 0.7534131645470763 0
0.5799947930073899 0.7488227142355096 0
0.5683054947018574 0.7368671107431495 0
0.5927005949809062 0.7594970764180486 0
0.5960558060428293 0.7424785180866023 0
0.609409699073427 0.7538625700273225 0
0.6118843966127503 0.7393445145977028 0
0.2565342281036102 0.5440044381311004 0
0.7241345555479016 0.2548110311747973 0
0.7076582098383214 0.26042085930598 0
0.6945624639638428 0.2489966947096506 0
0.6912136259428339 0.2659896303699766 0
0.6781094338680231 0.2545969475928445 0
0.6814711785262679 0.2376270840608843 0
0.674829691973293 0.2716346281360489 0
0.6649966642865159 0.2432002608646724 0
0.7043058879016915 0.2774307778243799 0
0.6682703795612562 0.2260983471351021 0
0.6484790988216849 0.248769135800748 0
0.886909808537234 0.519108252578213 0
0.8702556494074094 0.5246864933861911 0
0.8667276901508763 0.5418844668978177 0
0.8537226532502331 0.529945085319822 0
0.857154750481729 0.512998527014745 0
0.8798320510692865 0.5535852866596876 0
0.3147542322044417 0.5546741250809748 0
0.1122159565690757 0.4884486253328598 0
0.1288295501701526 0.4829559271019314 0
0.1325483454385237 0.4658082545441218 0
0.1455944099264735 0.4775556924102036 0
0.1492500095723517 0.4604375809367546 0
0.1360100626432287 0.4485149766417342 0
0.125182079611469 0.5001404104095247 0
0.1214656223107735 0.5165216066893603 0
0.1388544767616243 0.5096623990212307 0
0.521808855718794 0.8620298476505243 0
0.5384172187657466 0.856537568791134 0
0.5100232256500362 0.8501491616635477 0
0.5514525347839527 0.8679511978578178 0
0.5549461743340631 0.8508490986988699 0
0.543247430854397 0.8387605351160361 0
0.5598084982883651 0.8333265141097912 0
0.5718647605571885 0.8454388159739641 0
0.210960712493317 0.6806618475529927 0
0.223859020630116 0.6923004728067905 0
0.2412723050590433 0.6882377046040727 0
0.5479597733228001 0.885149966327178 0
0.7091185080086322 0.4791708922027698 0
0.7118649464004909 0.4623144645501411 0
0.693809920069467 0.4697800513610589 0
0.498172773204336 0.6966602742634569 0
0.1625696348879613 0.3879026841874187 0
0.4548745956774302 0.2201428300124078 0
0.4681098288179305 0.231425406134946 0
0.4516205905844207 0.2370839506965408 0
0.484898553677731 0.2258674232615158 0
0.4884767134975184 0.2090576737537378 0
0.7207844039715974 0.2718919070615458 0
0.7007192108491901 0.2942245364240792 0
0.7271944020772703 0.3174169388949371 0
0.5680827821111583 0.8624548245055979 0
0.5885099966522737 0.8400703670508476 0
0.3602640580792889 0.1407583198933445 0
0.3571221827651612 0.1578571076667266 0
0.3736722219629319 0.1522097148777742 0
0.3707077424019148 0.1689629052766171 0
0.2198542360002979 0.6483033346357918 0
0.4942083089012524 0.7920664264513957 0
0.4974709411851159 0.7750526227409122 0
0.4777439285582798 0.7975450944980063 0
0.7310363329146758 0.9693119607937251 0
0.1604274735606479 0.4058079488885477 0
0.8467197504329702 0.5642735316085062 0
0.7716108619732651 0.618981119469488 0
0.2117149629853116 0.4640202197720917 0
0.223076611707886 0.4900616005920167 0
0.4232691716548196 0.6899926822177143 0
0.489637281661346 0.1116871713042375 0
0.5029757301742381 0.123187054252859 0
0.5195756938194804 0.1173977347047805 0
0.5328808195792497 0.1288678651145029 0
0.5163727090056018 0.134673569974497 0
0.5297231727212143 0.1461268630420687 0
0.499724305573075 0.1404195647244758 0
0.5461618694305367 0.1403113463957371 0
0.4863758595975196 0.1289371208122319 0
0.4697184186630058 0.1347023102346804 0
0.7412291599813488 0.853230562118855 0
0.7447366865690137 0.8360132306399495 0
0.7615409238610338 0.8304364135713296 0
0.7483584347113148 0.8187962308066548 0
0.7651048499896385 0.8132379615727438 0
0.7519544607426805 0.8015872276305233 0
0.7351967484416038 0.8071454586718613 0
0.738535187206204 0.7900024128608858 0
0.7425432206088893 0.7728151283273301 0
0.1881302813794894 0.583259508013227 0
0.1425936993261515 0.6389928888516939 0
0.7782756531590368 0.8248649694063644 0
0.6553424495885107 0.8179729654605823 0
0.6387504244173703 0.8233792285756365 0
0.6430126330051736 0.8061032786638715 0
0.6350534280642481 0.840524189211398 0
0.7329336978757461 0.121532325132561 0
0.1049011008847988 0.5225116038605997 0
0.856122703062377 0.2088000079887901 0
0.8427956900182143 0.1970719526174895 0
0.4384742756358698 0.2258214094894483 0
0.4352302495882187 0.24275579855696 0
0.418954394626505 0.2484228494747816 0
0.4319598228965229 0.2596612335219116 0
0.4482700189196491 0.2540014614132764 0
0.4058597522899915 0.2372056445770458 0
0.4026799044155042 0.2541357317828489 0
0.8737932693290899 0.5073979786924624 0
0.8773016778078262 0.4901436598973674 0
0.240613981810483 0.3909126577398353 0
0.2440301746742799 0.3736092701530622 0
0.1142929478161754 0.568215079227785 0
0.1247331921928329 0.584065098150151 0
0.8791479262028223 0.3302567307550828 0
0.7795141875419415 0.2027158244341937 0
0.7626667935169422 0.2081298345297341 0
0.3895224283854216 0.2429089049469291 0
0.3862828063349123 0.2598605912660611 0
0.3699918243411983 0.2655025732835014 0
0.3830307228585461 0.2767682819330806 0
0.3993799085394958 0.2710602045102927 0
0.3569192860451699 0.2543177917718806 0
0.3540807473752878 0.2713113713544292 0
0.3406552625500469 0.2599591993444814 0
0.2882087575591806 0.8297481690987802 0
0.3048421828652884 0.8242494160544807 0
0.3179042022649812 0.8358707208893268 0
0.3214192243065673 0.8187452907492783 0
0.30838626953307 0.8071489305934946 0
0.334483687707677 0.830344546085706 0
0.32481840328815 0.8016361600105718 0
0.3118051403387379 0.790062367163909 0
0.2952996846870909 0.7955475385891562 0
0.2987904847242053 0.7784909905073514 0
0.331004507130556 0.847493822590267 0
0.3475688171325447 0.841939724918538 0
0.3509556009026102 0.8249318374974981 0
0.3640240011479491 0.8365357367895315 0
0.3606332826509761 0.8535405367991957 0
0.3770140506553645 0.8479535932670088 0
0.3735216122620533 0.8653172544179112 0
0.2821596510004931 0.7839339262775348 0
0.3801550479907154 0.8307471633466266 0
0.3927090235715455 0.8420679800011217 0
0.3280782441003189 0.7844427356130457 0
0.3378324079856634 0.8132336213037263 0
0.3539573866703884 0.8076056768064982 0
0.3275266601023367 0.8646949475671799 0
0.2857997969854568 0.7669129642786355 0
0.3020820523023782 0.761367950480121 0
0.5923849694310017 0.2200717973582882 0
0.1232152168263164 0.436735015719602 0
0.7528808811859141 0.1792256166981074 0
0.7366609256683778 0.1852506909687766 0
0.2456659183965648 0.1974031045320301 0
0.2589544557328184 0.2087786449644552 0
0.2554730602559304 0.2259998278761113 0
0.2755833693937223 0.2029870310645554 0
0.2885606869595526 0.214461641010802 0
0.6908523999642071 0.7265319263085853 0
0.6922570742986233 0.711435411312794 0
0.2282939486416995 0.8983270205562495 0
0.2151001583362012 0.8865981525494523 0
0.198262193446571 0.8921444979487194 0
0.1850439325944114 0.8803662036551464 0
0.2018599970191819 0.8748144981355588 0
0.2185813609100942 0.8692055681077584 0
0.2052228750647162 0.8574220937056098 0
0.2317616328102946 0.8809948600537425 0
0.1682186616542112 0.8859159326165942 0
0.1718330723692341 0.868569936728798 0
0.1550478169929215 0.8740905274841793 0
0.2352779734923368 0.8636450476700742 0
0.5638387132636945 0.01754917125912686 0
0.5267083601090071 0.9848717702366084 0
0.4732133651282464 0.01544744760723588 0
0.4821357545853924 0.03087159212733165 0
0.499923351077084 0.0308921288869512 0
0.4910292726146008 0.046099058925473 0
0.508789931528259 0.0460906859843952 0
0.5176900546858328 0.03088999449500379 0
0.473256343192584 0.04552325611810148 0
0.525108692920583 0.0474982223332529 0
0.5176425169121865 0.06166384030074112 0
0.4812238783442787 0.0629437505236678 0
0.5365410398625893 0.03260513599031256 0
0.4643289814918975 0.03075439341992259 0
0.4465291761414205 0.0309223594222176 0
0.4554881343235483 0.04543458208685991 0
0.4376645927289622 0.04621274365582062 0
0.4286362276735106 0.03100134125199644 0
0.4472837934370439 0.0616832352211889 0
0.428511837948181 0.06073293961525966 0
0.4375397622363006 0.01551915378622382 0
0.4196910837301785 0.01560144453305073 0
0.4117270962089253 0.03038152374286218 0
0.419612552680721 0.04642500052072984 0
0.01833052962923637 0.4021304419631629 0
0.5986074231561966 0.0160946817322577 0
0.5903268819595109 0.03230721744835158 0
0.9854740623700664 0.6158961040848848 0
0.01536332171870719 0.6161422426854779 0
0.03088580078320691 0.624982988852848 0
0.03061463050069424 0.6075876730711828 0
0.04575076675906919 0.6159477913565073 0
0.5625028087286617 0.98456971595855 0
0.5519536083757173 0.9666302190742664 0
0.6911242983171956 0.8698917064255287 0
0.98583666729625 0.3842243901314396 0
0.3821978005423152 0.01815344213682024 0
0.5981976953889727 0.9845448390754917 0
0.6089169457903564 0.2144210392727949 0
0.6884947157411154 0.8069369108430238 0
0.676053911290141 0.7950978849161634 0
0.3397356866635982 0.08348426727826141 0
0.6860782937161471 0.01489200572811789 0
0.7191762619144948 0.02899536089461935 0
0.01495659292961304 0.3125124710060902 0
0.6989927986747846 0.4507180282682723 0
0.8939478491067803 0.4846009747714759 0
0.8641976947512769 0.4783600148970857 0
0.1196283725531048 0.5994039431728778 0
0.1701738932584522 0.3517807292905588 0
0.4657649881687286 0.7072672443304677 0
0.5813591378431163 0.8741710961237636 0
0.6623077101133136 0.6352219915165218 0
0.1569220830968729 0.3403629205902889 0
0.2300274510190223 0.3626037632330665 0
0.7733810620215629 0.3176830434952237 0
0.8122933038529816 0.7338756865605128 0
0.01422886406806456 0.7055525513896382 0
0.03089546590593611 0.7142695406440241 0
0.04404313563249418 0.7306487433902986 0
0.04952119805874627 0.7132237300139506 0
0.04021830493112144 0.7006604054813065 0
0.9856126340680084 0.7053279697443811 0
0.8297667582107084 0.6482141660444163 0
0.6089199552171722 0.2934905688264439 0
0.7295939199536536 0.1388408349262226 0
0.8428939760240883 0.6598183935713891 0
0.3538786316893704 0.8880597322165048 0
0.3703178782639852 0.8826806660257671 0
0.383205064162883 0.8945363936537227 0
0.259488040351 0.6066174806287883 0
0.2944333011307674 0.0140352627118383 0
0.9847453792019 0.2945348455921794 0
0.969160764941714 0.2851422956435465 0
0.9682394758187756 0.3042818035811165 0
0.9507308515340793 0.2936777118795725 0
0.9414899949196256 0.3101941928753226 0
0.7707269435722663 0.6363602697917075 0
0.8064768364148135 0.14500613606688 0
0.8676987274763974 0.4612130538353133 0
0.8621350219506219 0.7175324788460434 0
0.6961782100836582 0.3893887411183459 0
0.1864574813590824 0.2658465398201295 0
0.3800027685132729 0.9118006366730127 0
0.2231206613602322 0.9846291477924367 0
0.2142733461725337 0.9691186454975707 0
0.1964614525728622 0.9691022592142924 0
0.2062984488089911 0.9542557367786809 0
0.1903058950801681 0.9532430708053774 0
0.2242356204667549 0.9554044597154129 0
0.2322428543435892 0.9699618638448341 0
0.1793575031970767 0.9677678069685253 0
0.219029501454642 0.1744744530455961 0
0.1368595822283177 0.2829596099188684 0
0.01533032864576128 0.2231062539831198 0
0.03088302546635024 0.2321426625663838 0
0.0308426342784669 0.2499490954187137 0
0.04506052404498573 0.2409705636347192 0
0.04452576227537386 0.2225405488383577 0
0.01546245509558186 0.2588845047955509 0
0.03258488102505597 0.2692216300914355 0
0.01553076596300523 0.2766891382918979 0
0.7767433422282428 0.01498064770164781 0
0.4599671593954682 0.8834072703456743 0
0.2060680649628273 0.7765741270281908 0
0.209753147520947 0.7596431507682883 0
0.5409685819075494 0.7046042661726529 0
0.5296929675546355 0.6927104815032274 0
0.8062396859547151 0.6881117741367109 0
0.7897096509517088 0.6935557838205884 0
0.8083059832376944 0.8309349442480838 0
0.790121759998087 0.9176501103622869 0
0.8070006880257593 0.9120603873791144 0
0.8106827866386361 0.8946531455674629 0
0.1931925315029103 0.3115325438558841 0
0.2096469372713944 0.3058510472065585 0
0.8021799370367491 0.4031162162680983 0
0.6895854179368989 0.104091389594026 0
0.6729568255746667 0.1097796439982047 0
0.8633258623147888 0.09260269022189649 0
0.8599092429320837 0.1100718601080577 0
0.8732644743766691 0.1217318393822414 0
0.8901098973521598 0.1160082637330843 0
0.9035259987572146 0.1277218025520545 0
0.9001268413867055 0.1452051903149013 0
0.9134971919769936 0.1568939043984304 0
0.6446041782430633 0.8693060426807756 0
0.1502394333782971 0.7471077341974945 0
0.4354899257820548 0.7799929723340975 0
0.5495337270816224 0.1231015885409121 0
0.724122025702453 0.7131537717812227 0
0.1164669690604875 0.7579882658773749 0
0.2713997298299548 0.9162083311859874 0
0.2025370643356541 0.7938610873401979 0
0.2920647292312026 0.5948549077077472 0
0.189079016248788 0.1687133339358406 0
0.1020115085965675 0.6843111792385752 0
0.5835242743035637 0.937582668466127 0
0.9845545449488173 0.5625149419613906 0
0.96912749362165 0.5535901334392874 0
0.9691218640319844 0.535780836564018 0
0.9545848258710916 0.5446802625256363 0
0.9539397857300684 0.5621298966192654 0
0.9410212338414631 0.5500180585503498 0
0.9537090354079826 0.5269166892028286 0
0.9686183258947213 0.5183846503474219 0
0.9845708503858002 0.5803446738280977 0
0.9672892348523222 0.5894253803839824 0
0.9691227879124347 0.571485039867267 0
0.0153351960068368 0.4732937497615964 0
0.03052238174586319 0.4648239309342774 0
0.03077875761004267 0.4821759008885998 0
0.04727402395831598 0.4729984822266576 0
0.04631287663066785 0.4914109061560886 0
0.0658208094514246 0.4691300122203866 0
0.01534020980347506 0.4909296918007702 0
0.9845466318967773 0.5087765889754527 0
0.4553571428571427 0.9845352606467065 0
0.4636158004867572 0.9679976011116787 0
0.4375918308529387 0.9854986513803561 0
0.9849591159607216 0.4373025129008572 0
0.9850153276315141 0.4196673701586019 0
0.6865568942316297 0.3612909694172168 0
0.1573750230913263 0.9380910282070387 0
0.01495945711357816 0.3648605397632239 0
0.634047276221031 0.01457448020314173 0
0.6517310073787638 0.01452437322299061 0
0.6574460004100631 0.03201257191587653 0
0.9851861930588777 0.6508849031366879 0
0.9691061557685726 0.642857142857143 0
0.9833183501875944 0.6682986683233367 0
0.442590242176626 0.7462548318349858 0
0.655033997770277 0.2145791381748277 0
0.3473559127652779 0.01510615228382384 0
0.3298931919987176 0.01403094650508907 0
0.6335377665215438 0.9848434640226915 0
0.6511229591202967 0.9843038557119104 0
0.6584881618764329 0.9673574984211448 0
0.4648816846747954 0.2483266554181597 0
0.2767371651263981 0.98178780692011 0
0.7057926022924712 0.9858470412573238 0
0.6866589070879339 0.9832202995091712 0
0.2501454156548943 0.0663313568712175 0
0.6595354160504319 0.09821729804270363 0
0.1274431775582808 0.9319037596859286 0
0.4811645446969069 0.7805919942576098 0
0.9100976103534546 0.1743469726676127 0
0.09720971766845998 0.9255996406797975 0
0.7881563087815526 0.551187764547433 0
0.2972135764836844 0.1638150377147125 0
0.1154896151536048 0.9842518487738805 0
0.1194477184574323 0.4539617888812837 0
0.7930954790864575 0.1333325710493961 0
0.5269887577044775 0.7811338924220461 0
0.9850259041110198 0.2589367271336278 0
0.9857707010783625 0.2410765821716833 0
0.9165837072695672 0.2208765958248152 0
0.1778401872896821 0.5563472843486803 0
0.1727819980661666 0.7877378660229405 0
0.8125007818814076 0.01546428793385268 0
0.8218574445668396 0.03038013855133725 0
0.8488816136916146 0.01580050940715483 0
0.100649548487623 0.3953508977590288 0
0.1392797172496587 0.7986308083154214 0
0.1524513837453771 0.8104424968967054 0
0.9849453743551071 0.7946427224654341 0
0.2917137473996761 0.8126264736569394 0
0.3375542125605054 0.3727106989282882 0
0.3183840331325012 0.3955023721711646 0
0.7824625850228893 0.3458452682895639 0
0.1659669576865703 0.2090197002864223 0
0.526598809551336 0.01555525127541135 0
0.62787943217682 0.8748441536815303 0
0.09710276556921127 0.3291872196258492 0
0.9025651482515291 0.6718264929785916 0
0.9844729555237037 0.5268620840544923 0
0.5232680165730155 0.7199635779559546 0
0.01591026718288957 0.8306853959565639 0
0.03004873391775198 0.8216396368411389 0
0.03092173994264896 0.8392729696108876 0
0.9847237757313988 0.830312845629243 0
0.9699281792105535 0.8395419344452528 0
0.9849426408162085 0.1687823421727402 0
0.9696568368909688 0.1608224745830104 0
0.965938073883342 0.1430175173169638 0
0.984011695480244 0.1339640564558166 0
0.968223871097263 0.1235895057781796 0
0.9843059797193541 0.1158436519703356 0
0.9691514368057562 0.1064228882245745 0
0.9690881189533105 0.08917380645028555 0
0.9543008716052073 0.09540325293735419 0
0.9536198393178947 0.0803726995528341 0
0.969077727993563 0.07142425629195842 0
0.9536187190014515 0.06252627482965956 0
0.9381672522302187 0.07145361808813688 0
0.938165095419393 0.05361318463063036 0
0.9533187642501502 0.04520139191515987 0
0.924368302465666 0.06404365396058148 0
0.9216206891009591 0.0452435830609787 0
0.26731520821748 0.1581145811547408 0
0.8319922597098942 0.7909629299701961 0
0.8482134874013305 0.9845357215529058 0
0.01495959666878904 0.1517853943591094 0
0.883172829594453 0.9843551034919928 0
0.8839774029342899 0.01456751185048971 0
0.8907675577642034 0.03231056478159733 0
0.9104124721532854 0.03067949968388961 0
0.9196387290048177 0.0154675958337645 0
0.01488192599582794 0.1160715028467852 0
0.02967700252871652 0.1090521710219459 0
0.8442945170501711 0.8834945220044508 0
0.8454639753178665 0.7230437942041272 0
0.08035712749912988 0.984535269513659 0
0.05407040130582885 0.9682688018020458 0
0.04450127301760792 0.982805880626256 0
0.03486608528815549 0.9668629855333561 0
0.01577348369713694 0.9204280515344477 0
0.03253576881648046 0.9119036297075953 0
0.9808912931058873 0.9215675167496465 0
0.9572169685404199 0.01649356588904455 0
0.9562097523545512 0.9853839751583998 0
0.01604518006584221 0.9560160698064988 0
0.9846176552646633 0.04480395709938656 0
0.7504708071619965 0.2777835808940219 0
0.1699582233782203 0.271476996229869 0
0.2690365763060302 0.7723128273226505 0
0.2786128881434361 0.8009974806275858 0
0.6165899383362592 0.08073249695383944 0
0.9845390668208307 0.08033885048314215 0
0.6481928103306305 0.8521416669918633 0
0.2838204368119496 0.7047959771324861 0
0.1686633553262295 0.6624137876530299 0
0.1872599872752134 0.9840784635653428 0
0.1545370253613005 0.08428720492364772 0
0.2409899860364102 0.1183087833928202 0
0.1007862736552511 0.908191576417569 0
0.8857872775959112 0.5989443176140599 0
0.9380053821932912 0.03681883673034569 0
0.6978856231814428 0.2319143921458842 0
0.3481391359690938 0.6829632705448545 0
0.9509557466027472 0.128588723203482 0
0.1523181953557572 0.1166470746069931 0
0.1973802713653574 0.101145176011568 0
0.3415794836235898 0.7165603441167722 0
0.9690383959500399 0.05370432231895272 0
0.2498380247701243 0.7154123503656027 0
0.3880609426556267 0.7173288511155395 0
0.04816662292269441 0.08701192597088653 0
0.9373863736381594 0.9662102837119371 0
0.6673078743269252 0.9099161704314302 0
0.07201286263764461 0.04447853860556894 0
0.9690919140894944 0.8214607324219261 0
0.953742737446158 0.2739992271550103 0
0.1135205091450864 0.2427670435555883 0
0.6056287869055701 0.1517247465095276 0
0.09857251538938872 0.07015907172840363 0
0.7747202011528671 0.8421141975160413 0
0.8849408179820069 0.757929311425613 0
0.07524633366011318 0.1108430197539345 0
0.3143995825545365 0.8530449600582424 0
0.5463910490274393 0.7588025348684994 0
0.8194842370624744 0.3181125018902212 0
0.8291781249144177 0.3467168926383016 0
0.2334540312840977 0.07212598219108862 0
0.8527214352814114 0.3069896016567336 0
0.1254673874007499 0.09344666373718608 0
0.06348862835036984 0.42401389698539 0
0.9573839801147971 0.8624801772448774 0
0.8939461729934006 0.9480063825014942 0
0.8920718280874415 0.9676226847959079 0
0.1021785992769159 0.1340429990402733 0
0.9220261589346807 0.7297374692587119 0
0.8912308502633446 0.8840729560348496 0
0.9678388816090204 0.03330154459741314 0
0.7959475116522787 0.03494255300686255 0
0.05738359411757099 0.8901259301559092 0
0.04995796475797659 0.1670868259476919 0
0.1885415634262434 0.8630286894869961 0
0.20860533902536 0.8401060789556503 0
0.3515194290969776 0.6663256176634135 0
0.1176358419192584 0.9026035794694844 0
0.1691872934199777 0.8049562237478407 0
0.9589830304172371 0.2384104906185869 0
0.9319655880405324 0.838168005011578 0
0.8867609003854638 0.0516880509624581 0
0.8503867320855758 0.9300628147181478 0
0.6159476432300962 0.7117408850410768 0
0.8424581171374331 0.3587094453750494 0
0.7103452509830909 0.9278089626060615 0
0.683082267940973 0.05789970237646291 0
0.5127022729252454 0.9140367629280378 0
0.8672533150823318 0.9244676693280425 0
0.1460205724415051 0.03722563318471622 0
0.1152897510071315 0.8387908883003792 0
0.2902781629887859 0.1008757779628759 0
0.9535722680187417 0.1915204258447034 0
0.846037386299658 0.2608828267045689 0
0.6320231677224855 0.1745835898412527 0
0.267855189884526 0.5068605689006089 0
0.7688086169769224 0.7961264924717543 0
0.03169859796491459 0.6429731037122828 0
0.7660591735822457 0.958003337377763 0
0.191132086710382 0.5673399740136424 0
0.602536940140366 0.2484856121865712 0
0.7264039087146388 0.07521121147901189 0
0.8933351534582392 0.1801144124092122 0
0.329687429249339 0.6270631873614614 0
0.9356027345818454 0.3594173768265106 0
0.06259358275935334 0.7916981043059771 0
0.09252863592884591 0.7979200574996342 0
0.1897296164179865 0.05493304747291683 0
0.8027736512618444 0.1622550500266063 0
0.8311174189425187 0.8717016224883543 0
0.8166204565058226 0.09282025332653188 0
0.8187662023767239 0.7794070666018666 0
0.1656803404394412 0.1282622447149324 0
0.1621311495631625 0.6171633907621979 0
0.354931947307833 0.3681859792662363 0
0.228984065334647 0.2031795197664961 0
0.1793577271644246 0.2203926132005594 0
0.7762689841006752 0.1390491349827069 0
0.2059640153235271 0.2432557035684954 0
0.1745522857593057 0.7080888440286197 0
0.150148510380549 0.2944759904806219 0
0.7698271384768409 0.09269637947264292 0
0.9131563168983388 0.2383234319775676 0
0.1343417920559454 0.5401172273426724 0
0.8549875700178704 0.8315156052689187 0
0.8490175278634327 0.7058280633704088 0
0.05654190112776691 0.6824889718970146 0
0.8160805279248067 0.1738487890474931 0
0.1424208187974091 0.1687810885377626 0
0.06712004221887075 0.2427516534804445 0
0.5628069707701986 0.1345456660099451 0
0.2777435762472635 0.9628047872513585 0
0.7932370527693984 0.6764883402267292 0
0.5562772756418036 0.1688524908809992 0
0.2063764944103713 0.3229727095300075 0
0.7384451465632107 0.4066329631641108 0
0.6531612924568593 0.05152379217448677 0
0.7924948604430946 0.7561716176815301 0
0.1723125595576072 0.6453625261435859 0
0.9448581938281139 0.7698209140253778 0
0.06763674208145753 0.551072764807514 0
0.4543109653306446 0.8370419917918628 0
0.1751823753915914 0.8512142179771847 0
0.1584236812661339 0.8567603630926304 0
0.773227707827874 0.07531552313781081 0
0.3162956921401407 0.04362972755953803 0
0.678042342792692 0.1746910241916677 0
0.7965950730637243 0.2779911319056303 0
0.2619828175359872 0.8064720198458388 0
0.06167149221689594 0.5046170836913567 0
0.9288680300283892 0.5379878725826385 0
0.9495077270494526 0.6720761209507492 0
0.05053327088328452 0.3293251444752123 0
0.2177300347875756 0.5895230789124761 0
0.1187012739912996 0.6787615486240955 0
0.5700363878073139 0.2598070135886629 0
0.8997544982036024 0.2264984768775979 0
0.5792996732840791 0.2086932804322528 0
0.2193197351481945 0.7886878839085667 0
0.4162014706684378 0.08945115461100073 0
0.9087796785729575 0.7180425993435352 0
0.7077867971375762 0.8643882567211394 0
0.06612594555399087 0.7743387267662527 0
0.1318007680990103 0.6904237319404485 0
0.5494069546465479 0.04231465664559286 0
0.9373136870019498 0.5017853643666128 0
0.09608045527728204 0.6381246602138606 0
0.3699207344200549 0.0890434656655642 0
0.7138442592576457 0.9105250534255696 0
0.2323877905924069 0.2660662114781356 0
0.6518708094481609 0.6853791910626821 0
0.766413188623206 0.7329872921430338 0
0.09023183539900659 0.2830699159672602 0
0.6945200811839474 0.8526773952687301 0
0.84503077427076 0.4209893214226262 0
0.4472735817362873 0.8713591305399491 0
0.6040649610493068 0.9147914260604051 0
0.5248167106471577 0.2598600422038649 0
0.3663373754459414 0.2035340152276348 0
0.8850624131549468 0.8375965344669153 0
0.6847611460483081 0.2204778497917533 0
0.2693812149456333 0.5558977722955102 0
0.0736767153236223 0.5973378783113652 0
0.7735535697975005 0.2378998639834669 0
0.6024188295359143 0.1688696323264055 0
0.1137586220302796 0.3232999061625871 0
0.5428309972565185 0.07704104154770675 0
0.4475032011659386 0.2710701520093968 0
0.4879075608726492 0.7468400731308728 0
0.4795301044055342 0.2598002238614053 0
0.7537525612431588 0.4790818737532351 0
0.5853098051868536 0.09405861457054665 0
0.8858248440224651 0.6774781800017874 0
0.7951107828462771 0.819270146270881 0
0.3860089794256153 0.9571149052588019 0
0.2993481554817405 0.3384179462112766 0
0.07639817750697908 0.435707177459256 0
0.702371320029778 0.4340578816226715 0
0.8928784500071986 0.2611137427706056 0
0.2999529405652954 0.6993338736827913 0
0.6842766386705026 0.6745169921829944 0
0.9577531411357257 0.3999045486659377 0
0.3067203384578808 0.6657510766372083 0
0.5088530406996805 0.01546606932771794 0
0.7078286783156391 0.6359114994838498 0
0.7319016114964715 0.3614751942876187 0
0.3154391857995029 0.3326327388109221 0
0.5926465809803739 0.2990082792359574 0
0.2264733571504258 0.7544759562654655 0
0.3052697464292032 0.7443045953995182 0
0.2023832774477185 0.180236949673372 0
0.6003761991613821 0.7165141222250954 0
0.3435415367649944 0.939921342509484 0
0.2727197819973728 0.394734999523095 0
0.6448854696195455 0.265571473795366 0
0.9043434771541143 0.4331050323354994 0
0.3923719584593611 0.04848462389665975 0
0.2723796222925911 0.7551952275329554 0
0.4311784744126586 0.2766521018961151 0
0.6347794365644214 0.3159581427045657 0
0.8967438285191616 0.1626672452656259 0
0.5385176844417768 0.9369519221614616 0
0.5516865511793896 0.9479300883719635 0
0.7408974936931052 0.9842013156454176 0
0.6505930947678675 0.9154455398748339 0
0.9518755204386364 0.8332177604222102 0
0.05290323279808939 0.9072982599373012 0
0.618148462560594 0.3214317751978382 0
0.3676066920100874 0.6609479738771094 0
0.8274955935570905 0.8890780858010017 0
0.7377873683030132 0.5646092408260899 0
0.889425897731659 0.2784478954193182 0
0.3565132730327346 0.07754388180792532 0
0.2252525461199292 0.8345607953929605 0
0.833081239348073 0.1681986921176324 0
0.9080931615362767 0.8784767345623576 0
0.3902605357813902 0.1464464087402895 0
0.2609509922141774 0.4618243356202393 0
0.9223199911667441 0.3478429741353525 0
0.7301034936330786 0.5969552320673025 0
0.888589176548864 0.8202688523900499 0
0.3505849619927113 0.3049285028028637 0
0.5430428732608203 0.1575026390242358 0
0.3928749606367398 0.6834873099294213 0
0.3769491642596324 0.6888995519141401 0
0.7431599287421844 0.06945710804399574 0
0.1929895286827321 0.03856938529402199 0
0.1104769359188062 0.340628603365373 0
0.429861690718957 0.7348450171758463 0
0.8893068760764481 0.6602518324877659 0
0.8867751668915919 0.1335114025819144 0
0.1140479274784585 0.9199915877634957 0
0.1116876614054583 0.8561144957892686 0
0.2634702239697874 0.07794837135220467 0
0.4630226307751488 0.8661096051204094 0
0.8325747537523353 0.3296191140432927 0
0.8636930923435689 0.9418077470281374 0
0.8833822231397432 0.1510021918189935 0
0.1292079984759814 0.1572507446785941 0
0.49700804610083 0.157603267105165 0
0.6004222047242296 0.932041247087811 0
0.7975176391460626 0.8828624267266392 0
0.8921139145912592 0.8032606115529893 0
0.03169124382660315 0.1738529567124441 0
0.9214091267022284 0.8902766021873114 0
0.8682109530446185 0.8432413962486489 0
0.813059223267925 0.2723820843730462 0
0.3441092242177236 0.859114070144554 0
0.07355359146057089 0.2888943960737248 0
0.3751179276744951 0.7058097253599852 0
0.466514606545595 0.8485860847369397 0
0.6704686098836495 0.04593049879087813 0
0.6832823655251918 0.3782416745897415 0
0.9255373504670161 0.712454856972522 0
0.8566601385948731 0.1277565187727366 0
0.9178385410147822 0.9076882273528197 0
0.03153500659910391 0.3355018179337307 0
0.07932958873084117 0.643594716930972 0
0.7278888279768646 0.841601119513565 0
0.05098474540458142 0.5565823699025167 0
0.2685594509349831 0.2374174540656361 0
0.7938410173654242 0.9002698130993634 0
0.09481228533597436 0.8616840889925113 0
0.8615791244076445 0.4154195938479196 0
0.8433002162887555 0.1160664744043765 0
0.1534359748925556 0.2771806483303312 0
0.8774446502161126 0.9537842123263249 0
0.483046748601058 0.1460778909054009 0
0.6300041247972337 0.6439883071710175 0
0.3367828601144662 0.1007569991268202 0
0.1834214126798738 0.3630750875256492 0
0.4643674351776936 0.1691144803690976 0
0.4158381912309168 0.2652197406593115 0
0.09383872017457129 0.3465028639766323 0
0.4478451153004397 0.1748209741275836 0
0.6615030358087934 0.2600741623292158 0
0.5007550242873536 0.7581533248233437 0
0.6188251302656611 0.1632084145545873 0
0.966042755352099 0.6687188057708041 0
0.8463428468926039 0.1797864180622662 0
0.9060425515729862 0.6545819992451307 0
0.8166296729785665 0.6368334182490982 0
0.2697765450302496 0.6350487005025042 0
0.1442110856789844 0.9262913926078153 0
0.1696428571428574 0.01534567760600525 0
0.8466148967053717 0.09854515229026423 0
0.6440918198566685 0.3439214245970726 0
0.7204189964295008 0.6475758510877028 0
0.9697379719904788 0.7863313490344088 0
0.2961322423848836 0.3551426612024017 0
0.4332798534528359 0.1632834064185764 0
0.07571970290834162 0.8034686270011525 0
0.08161026039784364 0.8498597664347465 0
0.179984862183628 0.3807267336729159 0
0.9311444302588345 0.9195167658353696 0
0.8510962657175499 0.4666079027256372 0
0.3572006643946546 0.8708532098926351 0
0.759883805818197 0.06372404577097796 0
0.7296425047735564 0.761223000111777 0
0.9390751309525194 0.3424482048788262 0
0.06030441428636668 0.2783750464715004 0
0.6647362517033238 0.6959076328332244 0
0.6807110439487388 0.6907846668819091 0
0.2227960544720367 0.3173120329459226 0
0.8200484226898552 0.619793800735046 0
0.7767355405212011 0.6818811193449877 0
0.05953840449297609 0.440646480818075 0
0.1593824983800383 0.6336971088132012 0
0.7639543110208424 0.8939218011373983 0
0.670769306118663 0.2882227422917066 0
0.8288413339798122 0.7285345095828357 0
0.06624707757172882 0.6318332806119735 0
0.9480649220158798 0.9138574824540304 0
0.115164416600806 0.6959132884014363 0
0.09062440626615864 0.3645418556557856 0
0.9094845288504492 0.6373515274764234 0
0.8476477797061609 0.4837323649342955 0
0.8649809355507585 0.3984024090138663 0
0.03399476923859329 0.5620408024802594 0
0.3201501421133854 0.1065817831036582 0
0.9387801579264013 0.7241571163997669 0
0.06804609556581082 0.8380299560000806 0
0.5706251791110341 0.9257477957738403 0
0.9657798811557777 0.9081848258241494 0
0.9850225627013651 0.2058922064123833 0
0.8365299514448893 0.6142349685457145 0
0.7472092300603674 0.8994862427225225 0
0.4153116273374099 0.1863435445448037 0
0.1739306147234934 0.9315804356884428 0
0.6471023544373333 0.9328600737269741 0
0.8366599414043698 0.06945343501652751 0
0.6877267899262194 0.282824792667473 0
0.3642106563832553 0.6775555321706842 0
0.05928745057657964 0.8087143500709544 0
0.7634536467658962 0.0460719628628678 0
0.7434573770631211 0.9168480372199375 0
0.03066495473626146 0.4997441523646634 0
0.9552346426685534 0.7188830913678786 0
0.3987618890505715 0.1920313583703411 0
0.3990058386060098 0.2879524354939175 0
0.4263379269959599 0.7516278628742594 0
0.6790668930570753 0.7172784958686518 0
0.2260335574458142 0.3002601550533007 0
0.7732811034104774 0.6989102202004567 0
0.1114094495340973 0.7128366683552492 0
0.8607645010719719 0.4954891214350822 0
0.3838621335623177 0.1805133787054261 0
0.2721209169334569 0.2201167602678612 0
0.6605882230219788 0.9456063282223783 0
0.4430954353437908 0.6675569047308444 0
0.05572592736005022 0.825669940361861 0
0.2128458073970043 0.2888049231657794 0
0.3014759225677404 0.2259553915032454 0
0.7862651931687303 0.7105568291717483 0
0.3829163640394831 0.2935854946270678 0
0.4227104568836513 0.7684890717549255 0
0.5669810383207287 0.942409269377493 0
0.5266916215160413 0.163275189866094 0
0.6566647477983826 0.728601132288621 0
0.6969568152378434 0.3108887189889233 0
0.9026015568700739 0.2900800039963202 0
0.8086106268486475 0.4487634588887722 0
0.8406444987754325 0.5178257421540192 0
0.216050032474753 0.2717490686849658 0
0.7828253230141347 0.7275489818432532 0
0.3050428744648728 0.208751819989557 0
0.8333036254694639 0.08693037570658879 0
0.2218983411883221 0.8518609234488581 0
0.1537531258308632 0.5175401468899575 0
0.9194340016103963 0.2844996257003743 0
0.8387186457382235 0.3755294196086055 0
0.3687927888747213 0.1862962727091857 0
0.03023175373493475 0.2133829477372686 0
0.2825830520473647 0.6457970528480423 0
0.3675548393256292 0.2823607788894235 0
0.8373132280098113 0.5351882419119456 0
0.513322515214917 0.1518568576035716 0
0.3342759671137299 0.2145585292092402 0
0.6966862747158555 0.7722423138172481 0
0.5137750053883098 0.7696291405428947 0
0.8061953298628883 0.2261699047775819 0
0.6925058512202839 0.7896858441977004 0
0.8232782431826111 0.05795473302344506 0
0.3067271490042259 0.09513731529032515 0
0.04593436535874595 0.2574893627862776 0
0.6637868745246005 0.7832129052282142 0
0.8555131476564872 0.3700212168703967 0
0.2028071249640364 0.2602624044531163 0
0.8502395723129716 0.5471308214708828 0
0.4063031284648791 0.3315726667135594 0
0.2515887320385257 0.8578344811785048 0
0.714351283552894 0.3057523824872469 0
0.7958902259957812 0.7392196892216621 0
0.3935122479701917 0.7623950511381342 0
0.7764575563850411 0.2202642163876217 0
0.5568460952772877 0.2484667528299678 0
0.2135188471377659 0.742786774602286 0
0.6594677469003012 0.8007182430706499 0
0.3375224890785374 0.1977447127855163 0
0.8684099020184379 0.3814721976310395 0
0.3248421240355932 0.515422352616516 0
0.7268372110031243 0.9223075378271703 0
0.1720542116131351 0.9504106022058542 0
0.3612661145176846 0.6943338827298888 0
0.2482206279665343 0.8753352493565119 0
0.3182449589473747 0.7557416929581635 0
0.1967278455877199 0.7479844421548605 0
0.2933248893891539 0.08364015768764366 0
0.8129288412203877 0.958280019491919 0
0.7468465186340429 0.2144146515555984 0
0.6307175869953674 0.7941980961625255 0
0.2762215833643293 0.2828124468145576 0
0.4443552226625568 0.9701544207647462 0
0.7222409488010924 0.3335629693941845 0
0.6259779223854182 0.8120013332082185 0
0.6215571067061769 0.1453262032345292 0
0.7498114755329028 0.196823371192859 0
0.9687079564514456 0.7303618873287204 0
0.7484104607558189 0.4349758150798002 0
0.338335294704415 0.2771066601235753 0
0.8301692561679418 0.5690297601082727 0
0.1418612588257336 0.4939249912852597 0
0.279911719174043 0.07216251589624978 0
0.3149987460610317 0.7729027801165321 0
0.816253602049046 0.2551498872451032 0
0.9700257567547504 0.2668152193916525 0
0.7206125217249264 0.1914529534439452 0
0.1875783933125995 0.7195258482567276 0
0.2779110831973121 0.8812986705280927 0
0.7352627654374861 0.3449323843271156 0
0.7255566574620921 0.7785923480044754 0
0.826686842236287 0.5861039893881246 0
0.056747230880553 0.6036192897162952 0
0.7232730845660107 0.1729966777005962 0
0.5278652532508487 0.2431434468340625 0
0.2910420998685029 0.8930788338067123 0
0.1896429885118469 0.2488342508754696 0
0.3441178314548254 0.7786952098661872 0
0.8088829802588677 0.7508355235652142 0
0.7102454197343369 0.1622011442535637 0
0.9684009880612201 0.4468736870397915 0
0.3082541239181491 0.2712543930455832 0
0.8852868288699793 0.3758233618398497 0
0.7231532510317287 0.9394848563898685 0
0.8981842425862709 0.3873634194862333 0
0.2666239792369255 0.06065516968414086 0
0.340989106065341 0.795973570178126 0
0.2878831760204296 0.9105075566766752 0
0.467879257344646 0.3108360712281615 0
0.9113780811346178 0.3990148058066408 0
0.9034586331726271 0.04659896694995919 0
0.5978323140671584 0.8047263868097266 0
0.7696459266621276 0.3344466753450173 0
0.2050315722005732 0.01448898758937617 0
0.3284917168543119 0.1520611932104275 0
0.7192449599481778 0.9563130956804919 0
0.291685256400562 0.2938806235113762 0
0.2692831974805894 0.04398225802729633 0
0.5707647704705587 0.9694737200133683 0
0.1616833661558326 0.4825286083630031 0
0.534021746556355 0.2088394222352818 0
0.1763845804907617 0.2372942489859109 0
0.1707862421481865 0.7248947767100243 0
0.1186502869351917 0.01438083943498969 0
0.5808665772467559 0.8107003702008182 0
0.5453163369046853 0.6572964858254213 0
0.9320959175366482 0.29622100754554 0
0.8219705792023516 0.7625639305033411 0
0.3700932745844597 0.8020189987719766 0
0.1204682890156694 0.7410440878435709 0
0.6809858887289635 0.1568581308089777 0
0.6868874189050113 0.9664011921942024 0
0.5046714333774392 0.2033461580342175 0
0.01455810331477209 0.6695957850840718 0
0.5308771823305176 0.2259761872628951 0
0.5335234825056179 0.9699901037335534 0
0.3174124388261201 0.9166636544142591 0
0.7770903777509959 0.3620037021898562 0
0.1540870704097881 0.7303734090668301 0
0.9212386162811929 0.4279806139248245 0
0.6834042950533079 0.1381041277443631 0
0.2988230413392036 0.147093651674564 0
0.1631325314097612 0.2259031024615962 0
0.6572381329331675 0.4551759245809644 0
0.3400698461909267 0.5799952997912692 0
0.1032386552404805 0.2140264345967843 0
0.3172388408160601 0.6161017449696979 0
0.6702549713201907 0.1273785635573334 0
0.3670519959008526 0.8192033785452111 0
0.3142441801669477 0.93405133531183 0
0.8350724901917503 0.7741178268234361 0
0.1467289663906901 0.2315895497158837 0
0.4783014504328724 0.9582585332720633 0
0.1372934267541525 0.7357797668855235 0
0.2650021939810557 0.3503355841034624 0
0.2580165702195225 0.9848951594892748 0
0.819450238927794 0.2377632452685162 0
0.3127183304037391 0.9855499733144513 0
0.2822447519545061 0.3443393338573166 0
0.9167139635034969 0.602979679594617 0
0.9848399990742874 0.8828065410970144 0
0.8515406246867904 0.7686906031141573 0
0.9306210094146364 0.456687887348015 0
0.09299656843638621 0.1849903977597723 0
0.1331353647700861 0.2201470313318906 0
0.3336148531286973 0.6102985433285971 0
0.1645954242199618 0.466367418181042 0
0.395945093253957 0.8245379707227716 0
0.1166279940793423 0.225626947781664 0
0.8649588548102165 0.7801641167969251 0
0.2674318663213127 0.1407040504672576 0
0.3478281251766728 0.9851481499204175 0
0.1126909884386929 0.1626299151815271 0
0.8818143186486859 0.7748792716378536 0
0.9709163373869261 0.6078818923688394 0
0.5001590251611442 0.06082146856338921 0
0.948514926449548 0.4514049150552995 0
0.408927104500471 0.8357277642041597 0
0.4490182346462319 0.07855651839450628 0
0.02766026671327454 0.9850416877674473 0
0.9853910626217106 0.02696008702829972 0
0.3272283495336448 0.9456404270350928 0
0.9368564976065035 0.5817621656704823 0
0.5763107517675305 0.8280322978155096 0
0.3242874126868876 0.9617997756694137 0
0.1535185082204135 0.4409793240043786 0
0.1062617627818381 0.1968848747672404 0
0.08952840048804395 0.7349262885229794 0
0.3510594203968613 0.03134690885868852 0
0.07729159260541907 0.722948482643639 0
0.03198141370998558 0.9481841838463501 0
0.8951956247094313 0.7862927076076374 0
0.5485903251973 0.8208440319183792 0
0.2603124724986649 0.01529926232128825 0
0.2249668832145577 0.1239884468114323 0
0.6241635023260121 0.1278020808442342 0
0.1077177459104853 0.7294221897540903 0
0.7669862428272715 0.4307391884605838 0
0.5315540007824722 0.8270031680420412 0
0.9682340649056989 0.501463810000508 0
0.4050774994787556 0.8543162456265462 0
0.9842369216489868 0.9718414558007241 0
0.02861309843006082 0.01516592283247892 0
0.5141147019906757 0.6938263289940761 0
0.01516475054642707 0.6515405341127523 0
0.6136771949013397 0.09885404102830514 0
0.5266966072844136 0.8444458047956391 0
0.7796723948074148 0.4420716631263056 0
0.9114422877558963 0.07396538079943893 0
0.09952549887717843 0.1506993781016243 0
0.01545106948526664 0.3470813140258331 0
0.3894534048548525 0.8598286089689676 0
0.181351023861537 0.1067876252653831 0
0.696388458582146 0.5462869973831184 0
0.3046317594769773 0.6053742924587197 0
0.3486233613188616 0.604523115464183 0
0.9120799500632309 0.7810272742916194 0
0.1714742956377348 0.4320021119717362 0
0.7902489894457161 0.3731946980539484 0
0.08608190930471471 0.1390666632221986 0
0.7916624303761881 0.4534358549869134 0
0.4984986707057239 0.8381076138326111 0
0.9857803493631739 0.3475100697549108 0
0.8396673680576556 0.5978461615496601 0
0.9260769409904708 0.7925691164300167 0
0.6036441817130059 0.06960548188844845 0
0.07259576299385651 0.1274576536241544 0
0.01446154517275511 0.8676646069667155 0
0.03059926157952964 0.8042458722201279 0
0.7691972676200168 0.02939301673526429 0
0.6272908812428809 0.0296187669095026 0
0.9417018582867285 0.7863016139104433 0
0.6376495025917929 0.6155863635515016 0
0.3862557569631762 0.8769571049825391 0
0.4939666047847562 0.8551820345419838 0
0.3755779010019645 0.3450634611501121 0
0.7661668306483196 0.4901167908477176 0
0.05931306108593248 0.1155851245089642 0
0.6323894423078216 0.4060072929259582 0
0.8726624342877956 0.9705679226774673 0
0.7523277385585621 0.3398091357762833 0
0.653898652749126 0.5915495326855585 0
0.396051601477852 0.906231950472256 0
0.8527677252931544 0.6094438215832094 0
0.2027933888759568 0.9381727945981229 0
0.1739699308686017 0.4156749329432083 0
0.4017857142857141 0.9861026875574721 0
0.2881774864869816 0.6110894035306458 0
0.8656892490763876 0.6208502815519434 0
0.5624139737680037 0.6677874353900626 0
0.5249485236314005 0.3208664851962474 0
0.7760517069186365 0.985576139818337 0
0.4248888936457546 0.9117158428924259 0
0.01474550583700052 0.581735240006116 0
0.01400491725596642 0.543690024953476 0
0.8822521663779161 0.6154141293380305 0
0.422394151231301 0.9292525591554301 0
0.4883645437363149 0.9848777035867495 0
0.3989840897908673 0.88831892625163 0
0.9707534896657305 0.4101074045449398 0
0.898865780238412 0.6096650309302267 0
0.4512060403123458 0.9348915893259656 0
0.01449022439645115 0.4388601448241589 0
0.9416096432623955 0.325598388238322 0
0.2715487550300025 0.6175090740512615 0
0.3561962058246231 0.349110310931473 0
0.253881981006978 0.6993122646001554 0
0.3956975783857818 0.03221646448055993 0
0.2460013901273025 0.4510844630048164 0
0.6423351283109151 0.4204190524485377 0
0.01490928176899475 0.1866087697211035 0
0.6777421354790453 0.4690244699695519 0
0.06099870605143481 0.9528431426879872 0
0.02886198600948908 0.517316470948054 0
0.2332998186016646 0.9425859166396992 0
0.4487070619819732 0.9530989389518709 0
0.9856405610623156 0.8654662667658354 0
0.230681881174513 0.4407429062561371 0
0.825319584811284 0.9673509729563601 0
0.971055215572787 0.803567159688231 0
0.9709295775634758 0.7126052017276878 0
0.8601278986957106 0.02955091951093464 0
0.314624729627938 0.4116175258729717 0
0.9685351307555846 0.1859188022169743 0
0.3531118925235853 0.191697807723698 0
0.6111022568417378 0.1164455633880117 0
0.05861978432237325 0.2144188617287767 0
0.3525952421935012 0.2884549655008365 0
0.2456958100158526 0.6724868174096038 0
0.9197202991387013 0.5871492778838456 0
0.9561330302887475 0.6346404376509744 0
0.2953635952325112 0.65494228684345 0
0.6009361901298149 0.08748028620162562 0
0.7072764367139704 0.7052991131046917 0
0.9715206698422616 0.2488965478203193 0
0.535035267030665 0.6789652008425922 0
0.0304729434269238 0.09174840392531342 0
0.6230244008774476 0.9713983246863525 0
0.419729676758762 0.07360042992454197 0
0.5907791020802432 0.05929651202244179 0
0.3378737910407844 0.487228460550989 0
0.4172183984592179 0.3395882625928105 0
0.3228902971226355 0.2825645958651051 0
0.04551373199344261 0.1037844561252835 0
0.2281984134453969 0.6762985635526706 0
0.06539311081235255 0.7105628350979061 0
0.9512373868051975 0.5112184786433843 0
0.9646398051799614 0.9715805822478956 0
0.9882047730553387 0.9555531098095531 0
0.4606933520341131 0.3283670884016061 0
0.7472865588174706 0.5922908929788677 0
0.2921065062075388 0.6718070366672715 0
0.5729893844411965 0.3375481656871481 0
0.3553885294328436 0.1738960064545266 0
0.05520840385996573 0.4569755766973842 0
0.1039288212924063 0.9706939447671465 0
0.7655536885048896 0.5887579714040168 0
0.3419982938946021 0.1631748277839703 0
0.9391607925731043 0.09941991999792388 0
0.04394624856286961 0.8146544909630413 0
0.02854118789588012 0.2867741603331706 0
0.0281293852886601 0.678617639752651 0
0.3128755960066695 0.157936280481431 0
0.9186955577065076 0.9864130958167981 0
0.2888670421721966 0.6883871837970681 0
0.7617209592930873 0.5063813838426384 0
0.2241533048435415 0.6330714090319161 0
0.1810094622949955 0.02799832886531334 0
0.02822096998884749 0.1261740457550927 0
0.6723426854350354 0.5377928044784472 0
0.03064517859570515 0.03113048156277276 0
0.2827548239099588 0.1523651983706199 0
0.5325042073286728 0.06431353470810419 0
0.4785204785769746 0.8608955911003036 0
0.9264432436945477 0.3126590332146705 0
0.3479896052276027 0.3834453383408699 0
0.02933456232588516 0.3725702083035628 0
0.2537812553692451 0.1478499701790706 0
0.2104890819566939 0.6205459260973611 0
0.9531714993661328 0.1116069891945778 0
0.3212547136320397 0.0281926297182184 0
0.6769554701714217 0.02957211873865351 0
0.551819207320995 0.02867086801341001 0
0.4751758421049034 0.877787362104399 0
0.7132795067767232 0.9719194679387526 0
0.2720473146439351 0.6941945727199561 0
0.6965330113651073 0.4863929332537967 0
0.924667010722023 0.5541455792807373 0
0.9871216452906728 0.3295843873530757 0
0.724555663439884 0.01339312008976462 0
0.2401367514040007 0.1361748002096449 0
0.07921753830698847 0.01410993588636 0
0.2103074920129873 0.1303530696859555 0
0.4847624859894033 0.9086736106987195 0
0.4872897400937077 0.8900806806410602 0
0.01309659370513022 0.8851189138957645 0
0.4979477103934569 0.9201337478884112 0
0.1515545848265011 0.9879304687238044 0
0.1964735137424477 0.1186449439088622 0
0.5110995782674165 0.9322379158725645 0
0.5464898760429455 0.3131139337101381 0
0.9547901783897923 0.5771787914191663 0
0.6918946956321216 0.5801798735627852 0
0.2024776266068546 0.5934416307515348 0
0.4268986958993128 0.973105808179522 0
0.1642429597628608 0.9663525168508948 0
0.5633681411591077 0.956693976915122 0
0.1667892037219587 0.1130005075603 0
0.524242800457319 0.9435493859615468 0
0.9508531424683264 0.02995210246859031 0
0.7630646578631827 0.5319331333240153 0
0.3366767555718089 0.9723116845978976 0
0.9723963346324696 0.3928631309410879 0
0.3382793173433138 0.5119014932878726 0
0.0123513807255442 0.7426775774351418 0
0.05377485268299187 0.6978515223775622 0
0.1532702106719929 0.1017054950596261 0
0.9713409492249858 0.8560672147644621 0
0.5371689187456677 0.953969883852777 0
0.5183374431819774 0.9726082404667233 0
0.1397970478081394 0.09017055114330169 0
0.9727379568677581 0.695381187207004 0
0.4362492399920956 0.3174233514568801 0
0.6165953731256969 0.6514360747859316 0
0.9252852254877256 0.02905390768234728 0
0.5103854378733982 0.07417195238410174 0
0.1263190143909623 0.07861556982783596 0
0.01424173851815347 0.5262876023284501 0
0.1339285714285717 0.01153143212225294 0
0.2276689267897894 0.02933785830767366 0
0.2466475604992527 0.9711234755800093 0
0.2717914622889268 0.02847542874020459 0
0.02942652156083103 0.4500491947230768 0
0.32507074868351 0.421430949959664 0
0.2899841347256625 0.9709130998757807 0
0.1128323252068742 0.06701598844219592 0
0.8275510975080995 0.04408340339673866 0
0.9731968926247183 0.2314466881150497 0
0.6694179871921236 0.5883749561766312 0
0.1349003170422464 0.5252551581037653 0
0.9566785630560408 0.7797261517255976 0
0.09921607083583184 0.05487386621998991 0
0.9873250619136511 0.4721129372613256 0
0.08630136625422979 0.04436138576951465 0
0.1652534898411873 0.6023365325141143 0
0.03542433879565632 0.8521442880238932 0
0.9706784399515874 0.6254178670718742 0
0.8571421686682172 0.973325777017896 0
0.4267276588131221 0.6595702622933424 0
0.329705116118842 0.5539920446798373 0
0.6723943285324618 0.9705503186321749 0
0.4644179503657298 0.0573478050719517 0
0.6428710145887996 0.02649561369940873 0
0.05701317869592221 0.2325674653223646 0
0.1839708474253193 0.5979911332501048 0
0.3678234174891239 0.02935439892936448 0
0.6699137211744106 0.4593683724772059 0
0.7845044364972243 0.02722478340459694 0
0.6052153616557253 0.647976773129643 0
0.3541756678122833 0.3965817879877026 0
0.02681564582521256 0.3048106160015236 0
0.9708664915006954 0.9368090809217982 0
0.04189014510738553 0.8298314412693276 0
0.02971992578040655 0.5932321042202073 0
0.692399135983683 0.5006196291343277 0
0.7654073873243558 0.9720523223472624 0
0.02828153771036085 0.3890112976228539 0
0.02680246804206199 0.1442476849169274 0
0.04582581205075342 0.9555057680414724 0
0.8749999379187976 0.02624291922698685 0
0.1860336395783269 0.9398429428222999 0
0.7791633526103889 0.5275642650922926 0
0.3813765714909776 0.9708811926408003 0
0.1333409523932164 0.5965752690130917 0
0.9562994894274794 0.1566104737948649 0
0.01307233584944406 0.986927664150556 0
0.9869276641505562 0.01307233584944373 0
0.8124999999999996 0.9893579926113244 0
0.01063890225285324 0.04464285714285726 0
0.01298141543848291 0.01298141543848291 0
0.9870185845615174 0.9870185845615174 0
0.9401520547392643 0.5667208108455092 0
0.4060730968727845 0.0440291207274387 0
0.02653118170716007 0.696136550420636 0
0.5769124819869327 0.02905160071073176 0
0.5937111679732314 0.04598957010171245 0
0.06935136388372798 0.02734102846557701 0
0.6905463840600483 0.5189766984501597 0
0.1315892829764566 0.5716746372069432 0
0.0893104318708442 0.9736995001889786 0
0.9681212021977107 0.487041418473718 0
0.6868986060013191 0.5351891274961289 0
0.6363597878667263 0.3910505638793133 0
0.9428002038895242 0.5361209484951187 0
0.9411663913005204 0.08524139065560421 0
0.1563567247168385 0.591843998967585 0
0.6071291222813739 0.9743893531655728 0
0.7442430777395262 0.01330861380368664 0
0.9588144315434728 0.8481067847694226 0
0.7065769179880422 0.6928585497216475 0
0.586195859340087 0.3462342609689291 0
0.3494131233651311 0.5909424490284113 0
0.3922751800219151 0.3505669520047565 0
0.04464285714285698 0.01007805237151932 0
0.9738059654177982 0.3765792403610047 0
0.5550613427272985 0.7301095436934496 0
0.04179661147626823 0.6861687418927467 0
0.6384300500927923 0.630338976184974 0
0.321598819740213 0.5284676081203098 0
0.3116167720608771 0.5355085098520732 0
0.5247219751919793 0.7063935247775773 0
0.7995277599562224 0.5182765282302599 0
0.9492989520891749 0.9730058691055232 0
0.8080443750840676 0.02826627323151404 0
0.6915915427252195 0.02760515598679325 0
0.5361827802060556 0.7167375231396078 0
0.2976878726309197 0.5259677482631369 0
0.05840804865467503 0.6212339662636431 0
0.6258593968128899 0.3789148119902028 0
0.9744892130286081 0.6791562125941433 0
0.009791639438275435 0.7589285714285714 0
0.5989376596107485 0.7305982381864951 0
0.5851528498524742 0.7364538363376851 0
0.6578292573192229 0.7418753456051603 0
0.9730456652590568 0.3181048969233187 0
0.1967966625295363 0.0247902061915613 0
0.974833256726362 0.2143246860712922 0
0.6436532244547701 0.7482722470137625 0
0.4618611832596606 0.6680911787443489 0
0.5657725255979222 0.7238742026495362 0
0.3381755333408867 0.02549700659983284 0
0.2232212546686818 0.5434310354186601 0
0.5130162816453465 0.3243048128325066 0
0.6978868418242288 0.9740304264389819 0
0.6772195762841794 0.7036215942078385 0
0.02639369392991092 0.5509938833657095 0
0.04275377938984315 0.4599526715579351 0
0.4372357110733577 0.07128531176264963 0
0.9722886007692122 0.1738624608235683 0
0.02750714479867322 0.8968519943251464 0
0.2218532041307107 0.5206265355509941 0
0.9720968587437091 0.7730522171356049 0
0.7582874622154141 0.5203550810220245 0
0.9578017695952991 0.602028278990316 0
0.907557087728897 0.9729379626347803 0
0.6930133583227217 0.6979985586302824 0
0.0488228206583825 0.270793622508712 0
0.05578605112474749 0.2488945682178415 0
0.321470699147457 0.9754248937482157 0
0.4773206082185996 0.9724304387281653 0
0.6130517291607072 0.7257064839651013 0
0.2153954015305873 0.9441866179279688 0
0.6247420862762298 0.7351590725560688 0
0.7327533112753183 0.6992312038532936 0
0.9719855830768476 0.6561304600573564 0
0.9116544481286054 0.05775225804971085 0
0.28589226760262 0.02477359549972313 0
0.3266775357688675 0.4828321325115257 0
0.02456608249632158 0.3214318968658791 0
0.5386191464159166 0.6674239117573697 0
0.9544437591129685 0.3069605293723741 0
0.4729420197440657 0.6570926400826984 0
0.5388488450400349 0.04929926937325685 0
0.04267570801742532 0.6033328168886933 0
0.02454063215783653 0.1607139606090018 0
0.7438053891225769 0.6357612788344146 0
0.4108591857886941 0.9754618557897189 0
0.7580771460431054 0.6299299827262101 0
0.4293148743614325 0.3390804623463213 0
0.4684071540754493 0.6786874943559855 0
0.6683479265307882 0.5505487195457485 0
0.6078023251897628 0.3657617931148288 0
0.973440256912114 0.4612916561715624 0
$EndNodes
$Elements
2 7764 1 7764
2 2 2 600
1 475 485 298 
2 280 545 507 
3 469 519 304 
4 292 472 471 
5 460 506 295 
6 295 505 460 
7 280 507 6 
8 509 518 470 
9 297 520 427 
10 251 497 250 
11 427 520 509 
12 471 512 292 
13 485 510 298 
14 257 518 256 
15 286 518 509 
16 483 531 504 
17 276 516 277 
18 304 539 469 
19 469 538 519 
20 250 497 283 
21 293 431 430 
22 287 545 280 
23 501 525 500 
24 287 510 424 
25 504 531 281 
26 293 432 431 
27 511 533 299 
28 522 528 307 
29 299 530 511 
30 527 537 423 
31 298 516 475 
32 404 440 434 
33 434 440 303 
34 302 430 428 
35 256 518 286 
36 512 518 257 
37 277 516 298 
38 289 516 276 
39 292 515 472 
40 424 545 287 
41 294 543 433 
42 248 503 247 
43 433 526 294 
44 301 528 522 
45 500 525 300 
46 288 440 429 
47 291 537 527 
48 285 525 501 
49 470 518 471 
50 435 552 284 
51 251 542 497 
52 247 503 294 
53 429 440 404 
54 429 439 288 
55 424 510 485 
56 427 546 297 
57 428 504 302 
58 284 534 435 
59 435 441 426 
60 299 533 515 
61 433 500 300 
62 419 532 524 
63 430 529 293 
64 432 436 431 
65 285 501 437 
66 483 504 428 
67 508 532 463 
68 515 536 299 
69 365 461 436 
70 273 513 274 
71 436 461 431 
72 303 508 434 
73 306 441 435 
74 283 497 496 
75 434 508 463 
76 432 437 436 
77 437 499 436 
78 509 520 286 
79 436 499 365 
80 437 501 499 
81 311 495 441 
82 441 495 426 
83 311 441 308 
84 438 442 309 
85 309 442 310 
86 411 495 410 
87 410 495 443 
88 315 447 443 
89 426 495 411 
90 443 447 410 
91 315 443 312 
92 409 494 442 
93 409 442 438 
94 413 494 380 
95 442 494 313 
96 445 494 413 
97 445 493 317 
98 380 494 409 
99 413 493 445 
100 314 445 317 
101 447 492 385 
102 410 447 385 
103 444 492 447 
104 444 447 315 
105 316 444 315 
106 412 493 466 
107 449 493 412 
108 449 490 321 
109 466 493 413 
110 382 492 381 
111 412 490 449 
112 318 449 321 
113 381 492 446 
114 448 462 446 
115 446 462 381 
116 385 492 382 
117 319 448 446 
118 336 448 323 
119 336 462 448 
120 323 448 320 
121 328 451 331 
122 450 451 325 
123 321 490 450 
124 325 451 328 
125 452 453 423 
126 451 489 331 
127 322 450 325 
128 401 453 452 
129 401 455 453 
130 454 457 391 
131 450 491 451 
132 455 457 346 
133 390 457 455 
134 391 459 454 
135 390 455 401 
136 346 465 455 
137 455 465 453 
138 346 457 454 
139 391 457 388 
140 490 491 450 
141 388 457 390 
142 459 484 454 
143 337 458 340 
144 331 489 335 
145 391 488 459 
146 459 488 458 
147 456 458 326 
148 326 458 337 
149 456 484 459 
150 458 488 340 
151 324 456 326 
152 456 459 458 
153 327 484 456 
154 381 462 342 
155 265 304 264 
156 434 463 377 
157 383 486 397 
158 355 363 362 
159 367 370 369 
160 370 380 377 
161 409 438 429 
162 384 474 386 
163 5 301 268 
164 232 303 231 
165 430 431 402 
166 357 374 356 
167 454 484 333 
168 355 362 361 
169 380 409 404 
170 343 468 464 
171 373 460 395 
172 349 381 342 
173 347 358 345 
174 367 369 368 
175 425 426 411 
176 263 282 262 
177 370 377 369 
178 341 353 348 
179 380 404 377 
180 409 429 404 
181 438 439 429 
182 393 405 394 
183 354 461 365 
184 386 411 410 
185 352 354 351 
186 383 384 382 
187 331 334 330 
188 330 478 332 
189 346 454 333 
190 338 462 336 
191 341 342 338 
192 397 486 485 
193 333 484 329 
194 345 346 333 
195 397 475 474 
196 414 468 467 
197 332 333 329 
198 363 387 366 
199 396 486 477 
200 329 484 327 
201 367 368 364 
202 348 477 349 
203 422 424 396 
204 377 463 369 
205 393 406 405 
206 247 294 246 
207 386 474 416 
208 7 297 254 
209 230 288 229 
210 328 331 330 
211 405 420 394 
212 420 476 394 
213 350 392 334 
214 253 291 252 
215 334 478 330 
216 376 483 428 
217 431 461 402 
218 412 466 366 
219 344 357 356 
220 388 389 372 
221 350 393 392 
222 428 430 402 
223 376 402 361 
224 403 423 379 
225 464 468 414 
226 359 477 348 
227 352 480 355 
228 241 293 240 
229 332 347 345 
230 414 467 415 
231 245 300 244 
232 395 396 359 
233 423 453 379 
234 394 482 392 
235 388 390 389 
236 267 295 266 
237 354 365 351 
238 234 296 233 
239 269 290 270 
240 277 298 278 
241 343 464 339 
242 365 479 351 
243 476 482 394 
244 331 335 334 
245 355 480 363 
246 362 376 361 
247 335 352 351 
248 360 399 378 
249 363 366 364 
250 378 379 358 
251 367 466 370 
252 407 408 368 
253 392 482 478 
254 420 487 476 
255 485 486 424 
256 243 285 242 
257 332 345 333 
258 345 465 346 
259 353 359 348 
260 353 464 414 
261 361 461 354 
262 370 413 380 
263 386 410 385 
264 405 433 420 
265 407 419 408 
266 250 283 249 
267 330 332 329 
268 373 395 359 
269 369 407 368 
270 415 460 373 
271 404 434 377 
272 418 473 472 
273 272 284 273 
274 328 329 327 
275 350 479 393 
276 360 378 358 
277 366 367 364 
278 408 481 368 
279 370 466 413 
280 378 403 379 
281 453 465 379 
282 389 470 398 
283 400 470 389 
284 472 473 398 
285 389 398 372 
286 390 400 389 
287 371 372 357 
288 357 473 374 
289 369 463 407 
290 374 418 417 
291 401 427 400 
292 408 483 481 
293 396 477 359 
294 424 486 396 
295 340 344 343 
296 360 476 399 
297 368 481 364 
298 366 466 367 
299 387 412 366 
300 398 473 372 
301 374 473 418 
302 340 343 339 
303 349 382 381 
304 421 467 375 
305 384 386 385 
306 397 474 384 
307 390 401 400 
308 237 281 236 
309 344 371 357 
310 416 425 411 
311 470 471 398 
312 401 452 427 
313 348 349 342 
314 356 468 343 
315 392 478 334 
316 335 351 350 
317 341 464 353 
318 372 473 357 
319 376 428 402 
320 383 397 384 
321 386 416 411 
322 339 341 338 
323 332 478 347 
324 353 414 373 
325 355 361 354 
326 371 391 388 
327 374 417 375 
328 341 348 342 
329 351 479 350 
330 353 373 359 
331 414 415 373 
332 335 350 334 
333 358 465 345 
334 364 481 362 
335 384 385 382 
336 395 422 396 
337 393 479 406 
338 397 485 475 
339 328 330 329 
340 337 339 338 
341 342 462 338 
342 339 464 341 
343 402 461 361 
344 471 472 398 
345 476 487 399 
346 393 394 392 
347 347 360 358 
348 379 465 358 
349 344 356 343 
350 352 355 354 
351 360 482 476 
352 362 481 376 
353 363 480 387 
354 363 364 362 
355 374 375 356 
356 371 388 372 
357 417 421 375 
358 467 468 375 
359 259 292 258 
360 275 289 276 
361 478 482 347 
362 337 338 336 
363 481 483 376 
364 349 383 382 
365 256 286 255 
366 477 486 383 
367 375 468 356 
368 337 340 339 
369 349 477 383 
370 347 482 360 
371 327 456 324 
372 421 469 467 
373 239 302 238 
374 261 299 260 
375 279 287 280 
376 325 328 327 
377 467 469 415 
378 326 337 336 
379 371 488 391 
380 340 488 344 
381 325 327 324 
382 326 336 323 
383 344 488 371 
384 322 325 324 
385 324 326 323 
386 335 489 352 
387 322 324 323 
388 352 489 480 
389 489 491 480 
390 451 491 489 
391 322 323 320 
392 321 450 322 
393 387 490 412 
394 387 491 490 
395 480 491 387 
396 321 322 320 
397 320 448 319 
398 318 321 320 
399 319 446 444 
400 319 444 316 
401 318 320 319 
402 446 492 444 
403 318 319 316 
404 317 449 318 
405 317 493 449 
406 317 318 316 
407 314 317 316 
408 314 316 315 
409 314 315 312 
410 313 445 314 
411 313 494 445 
412 313 314 312 
413 310 442 313 
414 312 443 311 
415 310 313 312 
416 443 495 311 
417 310 312 311 
418 310 311 308 
419 309 310 308 
420 399 496 378 
421 496 497 403 
422 307 309 308 
423 308 441 306 
424 378 496 403 
425 365 499 479 
426 307 308 306 
427 416 498 425 
428 405 500 433 
429 284 513 273 
430 296 532 508 
431 479 499 406 
432 399 502 496 
433 524 532 296 
434 499 501 406 
435 496 502 283 
436 406 500 405 
437 432 517 437 
438 487 503 502 
439 475 516 514 
440 290 307 306 
441 306 435 305 
442 406 501 500 
443 426 552 435 
444 300 526 433 
445 460 505 395 
446 487 502 399 
447 400 509 470 
448 505 507 422 
449 475 514 474 
450 498 514 289 
451 416 514 498 
452 395 505 422 
453 290 522 307 
454 403 527 423 
455 292 512 258 
456 258 512 257 
457 437 517 285 
458 439 528 301 
459 307 528 309 
460 427 509 400 
461 438 528 439 
462 302 529 430 
463 514 516 289 
464 417 511 421 
465 408 531 483 
466 407 532 419 
467 506 539 304 
468 290 306 305 
469 498 513 425 
470 415 539 460 
471 503 543 294 
472 474 514 416 
473 433 543 420 
474 472 515 418 
475 422 545 424 
476 460 539 506 
477 487 543 503 
478 242 517 8 
479 285 517 242 
480 293 541 432 
481 270 305 271 
482 255 520 7 
483 290 305 270 
484 234 524 296 
485 264 519 263 
486 7 520 297 
487 254 521 253 
488 297 521 254 
489 301 522 268 
490 253 521 291 
491 235 524 234 
492 286 520 255 
493 244 525 243 
494 304 519 264 
495 269 522 290 
496 300 525 244 
497 243 525 285 
498 236 523 235 
499 263 519 282 
500 281 523 236 
501 268 522 269 
502 294 526 246 
503 245 526 300 
504 246 526 245 
505 432 541 517 
506 497 527 403 
507 417 533 511 
508 239 529 302 
509 293 529 240 
510 440 540 303 
511 288 540 440 
512 261 530 299 
513 282 530 262 
514 282 538 511 
515 511 538 421 
516 423 537 452 
517 515 533 418 
518 272 534 284 
519 248 535 503 
520 283 535 249 
521 259 536 292 
522 299 536 260 
523 309 528 438 
524 505 551 507 
525 513 552 425 
526 284 552 513 
527 303 540 231 
528 230 540 288 
529 439 544 288 
530 241 541 293 
531 291 542 252 
532 301 544 439 
533 471 518 512 
534 288 544 229 
535 5 544 301 
536 435 534 305 
537 240 529 239 
538 275 547 289 
539 265 548 304 
540 295 548 266 
541 523 531 419 
542 279 553 287 
543 298 553 278 
544 6 551 267 
545 302 549 238 
546 237 549 281 
547 296 550 233 
548 232 550 303 
549 502 535 283 
550 289 547 498 
551 419 524 523 
552 262 530 261 
553 304 548 506 
554 506 548 295 
555 507 551 6 
556 295 551 505 
557 281 531 523 
558 513 547 274 
559 419 531 408 
560 511 530 282 
561 523 524 235 
562 504 549 302 
563 281 549 504 
564 463 532 407 
565 303 550 508 
566 508 550 296 
567 452 546 427 
568 503 535 502 
569 287 553 510 
570 510 553 298 
571 418 533 417 
572 292 536 515 
573 271 534 272 
574 249 535 248 
575 260 536 259 
576 421 538 469 
577 305 534 271 
578 497 542 527 
579 469 539 415 
580 498 547 513 
581 527 542 291 
582 519 538 282 
583 231 540 230 
584 517 541 8 
585 8 541 241 
586 252 542 251 
587 420 543 487 
588 229 544 5 
589 274 547 275 
590 266 548 265 
591 238 549 237 
592 233 550 232 
593 267 551 295 
594 507 545 422 
595 425 552 426 
596 278 553 279 
597 521 537 291 
598 297 546 521 
599 521 546 537 
600 537 546 452 
2 3 2 7164
601 1919 2662 2499 
602 2385 2386 614 
603 2376 2405 578 
604 2337 3446 3118 
605 2591 2884 2330 
606 634 2918 2557 
607 2412 2414 657 
608 2918 2919 2557 
609 2677 2678 2379 
610 1875 3097 3094 
611 2285 2950 2949 
612 662 3121 3115 
613 665 3173 3119 
614 2419 2420 651 
615 1682 2530 1679 
616 106 2573 105 
617 2379 3963 2677 
618 2168 3471 3037 
619 1007 2754 2373 
620 2487 2754 1160 
621 1875 3671 3097 
622 1867 3140 3084 
623 2373 2754 2487 
624 2491 3923 2348 
625 2458 2460 1710 
626 598 2516 2514 
627 2142 3911 2798 
628 3027 3239 2189 
629 2142 2798 2587 
630 2454 2609 1826 
631 565 3326 2404 
632 578 2542 2376 
633 3005 3769 3662 
634 2547 2548 1937 
635 2497 3316 2647 
636 2949 3737 2285 
637 584 2480 2475 
638 1710 2459 2458 
639 617 2477 2476 
640 2350 2491 2348 
641 2499 2509 1919 
642 2482 3495 650 
643 2562 3801 2327 
644 1400 2657 1402 
645 2647 2796 2497 
646 3018 3738 1935 
647 2548 2638 1937 
648 2446 2517 2147 
649 2527 2746 1932 
650 3173 3832 3119 
651 1525 3013 3012 
652 2587 3226 2142 
653 2646 2647 1819 
654 2373 2755 1007 
655 2588 3226 2587 
656 1513 3014 1515 
657 2415 3060 600 
658 606 3192 2426 
659 1932 2746 1907 
660 2647 3316 1819 
661 1797 3067 2455 
662 2080 3152 2935 
663 584 2563 2480 
664 3012 3014 1525 
665 617 3734 2477 
666 2935 3589 2080 
667 598 3720 2516 
668 3121 3653 3115 
669 592 3581 2429 
670 2560 3713 2083 
671 2893 3841 3325 
672 946 2410 948 
673 2499 2662 2084 
674 2286 3234 3039 
675 3617 3621 1925 
676 593 2884 2591 
677 3081 3328 3151 
678 2477 3734 2729 
679 3366 3733 602 
680 2282 3495 2482 
681 3118 3884 2337 
682 2420 2478 651 
683 3662 3769 2284 
684 2155 3872 2447 
685 2509 3772 3571 
686 2374 3101 599 
687 1292 3862 3491 
688 1898 2542 1979 
689 2482 3733 3366 
690 237 2388 567 
691 240 2448 582 
692 1057 2580 2380 
693 3598 3841 2893 
694 561 2418 2416 
695 2199 3772 2543 
696 2729 3809 2477 
697 2549 2551 631 
698 2380 2687 1057 
699 3544 3582 988 
700 2403 2565 2053 
701 2709 3582 3544 
702 3117 3329 1950 
703 614 3586 2385 
704 1947 2507 2302 
705 3084 3140 3086 
706 1945 2919 1892 
707 2083 3823 2560 
708 603 3868 2384 
709 645 3447 2495 
710 2408 2409 1005 
711 1819 2649 2646 
712 580 3712 3588 
713 2889 2891 1972 
714 2468 2730 1973 
715 818 2505 820 
716 2433 3217 2432 
717 2447 3872 2448 
718 3118 3446 613 
719 2448 2449 582 
720 2064 3801 2562 
721 22 2493 21 
722 568 3923 2491 
723 3563 3639 2117 
724 2480 2609 2454 
725 2495 3746 645 
726 2551 3685 631 
727 21 2493 558 
728 2384 3690 603 
729 2383 3464 1016 
730 2796 2797 2497 
731 3379 3673 577 
732 1016 3481 2383 
733 1947 2618 2507 
734 1005 2498 2408 
735 2414 2626 657 
736 988 3491 2714 
737 2714 3544 988 
738 1004 2753 2561 
739 3648 3680 979 
740 2573 2574 105 
741 1679 2530 1678 
742 1006 2583 2392 
743 2537 3192 606 
744 2678 2755 2379 
745 2331 3680 3648 
746 3105 3184 2303 
747 2561 2753 2395 
748 2392 2623 1006 
749 2396 3410 2048 
750 2386 2387 614 
751 599 3741 2374 
752 2709 3629 3582 
753 3037 3471 2280 
754 2623 3410 2396 
755 2710 3629 2709 
756 1973 2610 2468 
757 2048 3988 2396 
758 3491 3862 2714 
759 3731 3740 2648 
760 1426 2871 1425 
761 2487 3740 3731 
762 836 3681 837 
763 2428 2564 1964 
764 2059 2883 2879 
765 2658 3333 2655 
766 2442 2443 1911 
767 630 3651 3033 
768 1400 2659 2657 
769 2725 3767 3751 
770 1730 3333 2658 
771 2392 3410 2623 
772 2168 3037 2169 
773 2534 3673 3379 
774 2508 2885 624 
775 3664 3770 2397 
776 1911 2530 1682 
777 3751 3767 1932 
778 1731 2656 2655 
779 2147 3775 2446 
780 2655 3333 1731 
781 3103 3169 608 
782 2548 2687 2638 
783 630 3878 3651 
784 973 2751 2731 
785 3781 3802 1871 
786 2508 2886 2885 
787 2638 2687 2380 
788 2648 2649 1817 
789 560 2573 106 
790 1689 3928 2401 
791 3151 3328 2175 
792 2401 3938 1689 
793 2076 3695 2445 
794 2397 3771 3664 
795 199 3850 3717 
796 3588 3712 2345 
797 3535 3738 3018 
798 2189 3875 3027 
799 2428 3062 2564 
800 2948 3707 2947 
801 154 2581 153 
802 2496 2797 1992 
803 2677 3963 1540 
804 600 3061 2415 
805 2053 2731 2403 
806 657 2636 2412 
807 2948 3893 3707 
808 2416 2528 561 
809 2404 3888 565 
810 2445 3704 2076 
811 2446 3775 568 
812 1515 3014 1526 
813 1525 3014 1513 
814 1935 3615 3018 
815 2579 2976 2005 
816 3115 3642 662 
817 2410 3621 3617 
818 3534 3579 2498 
819 629 3441 2411 
820 3810 3904 1495 
821 1402 2657 1731 
822 2870 3795 1376 
823 1376 3848 2870 
824 1005 2410 946 
825 647 2512 2511 
826 994 2504 2425 
827 2322 3878 2896 
828 2350 3994 2491 
829 2404 3326 2750 
830 2388 3924 567 
831 2935 3152 2933 
832 3698 3925 2434 
833 2425 2541 994 
834 1936 3939 3932 
835 3027 3374 3239 
836 3090 3802 3781 
837 2429 3581 2430 
838 1913 2565 2403 
839 1964 2565 2428 
840 3039 3618 2286 
841 3701 3732 263 
842 3150 3909 2387 
843 1979 2542 2353 
844 1007 2755 2678 
845 3571 3772 2199 
846 651 3050 2419 
847 2376 2542 1898 
848 2435 3698 2434 
849 2489 3920 563 
850 3067 3798 2455 
851 2424 3763 8 
852 3717 3850 2382 
853 3753 3869 3029 
854 2387 3866 3150 
855 2879 3761 2059 
856 2368 3639 3563 
857 2429 2897 592 
858 2936 3589 2935 
859 2163 2525 1748 
860 2488 3112 652 
861 2710 3648 979 
862 2485 3329 3117 
863 3775 3923 568 
864 2455 3068 1797 
865 1892 2919 2124 
866 1972 3200 2889 
867 2658 3779 3773 
868 2438 2472 557 
869 2434 2471 554 
870 2441 2472 2443 
871 2465 2467 586 
872 2555 3117 1950 
873 2452 2474 569 
874 2431 2474 2433 
875 275 2445 2436 
876 2450 2475 2454 
877 2543 3845 2199 
878 2462 2476 2464 
879 2467 2468 586 
880 253 2439 616 
881 2475 2480 2454 
882 3773 3779 2561 
883 2557 2919 1945 
884 979 3629 2710 
885 2476 2477 2464 
886 652 3113 2488 
887 1571 2871 1426 
888 2331 3708 3680 
889 2411 3716 629 
890 2751 3708 2331 
891 1806 2649 1804 
892 1525 3252 3013 
893 2486 2525 2006 
894 1748 2525 2486 
895 2543 3772 2439 
896 3105 3573 3184 
897 2717 3697 3684 
898 1157 2914 2797 
899 3142 3821 3675 
900 2308 3869 3753 
901 2432 3217 2435 
902 3684 3697 1197 
903 2597 3437 1755 
904 3134 3813 3657 
905 3003 3904 3810 
906 1911 2606 2442 
907 49 3920 3812 
908 1447 3785 3604 
909 1451 3794 3633 
910 2467 2730 2468 
911 820 2505 994 
912 2175 3742 3151 
913 2006 2540 2486 
914 2445 3695 2436 
915 2564 3062 1755 
916 2478 3828 601 
917 818 3934 2505 
918 3013 3252 2174 
919 2410 3617 948 
920 2353 3732 3701 
921 2409 2410 1005 
922 2809 3750 3542 
923 2553 3685 2551 
924 2720 3669 3661 
925 1571 3641 2878 
926 2105 2755 2104 
927 3812 3920 2490 
928 2579 3681 836 
929 3661 3669 978 
930 601 3820 2478 
931 2492 2510 1479 
932 2540 3660 3541 
933 1012 3765 3564 
934 2484 3690 2384 
935 1364 3797 3726 
936 2433 3798 3217 
937 2405 3606 578 
938 2447 3607 2155 
939 1543 3579 3534 
940 1479 2546 2492 
941 3538 3658 2546 
942 2169 3037 3036 
943 2470 2509 2499 
944 613 3446 2538 
945 8 3836 2424 
946 2415 3859 3060 
947 2646 2649 2648 
948 2235 3416 2731 
949 2479 3148 653 
950 939 2498 944 
951 2473 3993 2456 
952 2896 3730 2322 
953 2434 3925 2471 
954 659 3116 2555 
955 2524 3646 3587 
956 2443 2530 1911 
957 236 2388 237 
958 2731 2751 2403 
959 239 2448 240 
960 3628 3678 1750 
961 3729 3808 2007 
962 2490 3920 2489 
963 2301 2633 2563 
964 2553 3811 3685 
965 2518 2519 660 
966 153 2581 632 
967 3116 3117 2555 
968 2591 2593 593 
969 2958 3495 2282 
970 2461 3955 583 
971 2428 2565 1913 
972 585 3792 2473 
973 3169 3967 608 
974 664 3793 2636 
975 658 3771 2397 
976 2456 3993 2458 
977 1755 3437 2564 
978 2176 3742 2175 
979 944 2498 1005 
980 2186 3563 2117 
981 1826 3856 2454 
982 2484 3818 3690 
983 3084 3897 1867 
984 2426 3851 606 
985 1860 3945 2682 
986 2878 3874 1571 
987 1658 2597 1755 
988 583 3955 3713 
989 2437 3391 2438 
990 2496 3617 1925 
991 2511 2513 647 
992 2497 2797 2496 
993 2682 3952 1860 
994 2502 3709 632 
995 2525 2579 2005 
996 3234 3857 3039 
997 2307 3496 3405 
998 836 2976 2579 
999 2547 3939 1936 
1000 2045 3292 3038 
1001 2459 3825 2663 
1002 2636 3901 664 
1003 2169 3036 3035 
1004 616 3772 2509 
1005 2480 2563 2123 
1006 1992 3617 2496 
1007 2860 3907 2329 
1008 3472 3951 2136 
1009 3587 3646 789 
1010 658 3884 3118 
1011 2045 3038 2733 
1012 2397 3884 658 
1013 1475 3496 2307 
1014 3036 3037 575 
1015 154 3634 2581 
1016 1955 2903 2113 
1017 2517 2560 2147 
1018 2477 3887 2464 
1019 3809 3887 2477 
1020 2663 3861 2459 
1021 3698 3728 1788 
1022 2885 2886 594 
1023 3477 3497 2806 
1024 1536 3769 3004 
1025 1814 3497 3477 
1026 1946 2735 2182 
1027 556 2618 668 
1028 2871 3638 1425 
1029 2884 3889 2330 
1030 2282 3749 2958 
1031 561 3943 2418 
1032 3004 3916 1536 
1033 3675 3821 2164 
1034 1543 3564 2483 
1035 1951 2533 2531 
1036 647 3714 2512 
1037 670 2620 667 
1038 2951 3525 2948 
1039 2123 2609 2480 
1040 2427 3576 558 
1041 1157 2797 2796 
1042 2483 3579 1543 
1043 3657 3813 2220 
1044 897 2736 1023 
1045 2807 3462 2806 
1046 2797 2914 1992 
1047 655 3832 3137 
1048 2498 3579 2408 
1049 2720 3655 2721 
1050 172 3114 171 
1051 3633 3794 3099 
1052 2593 3725 593 
1053 2807 3395 1813 
1054 1817 2649 1806 
1055 3604 3785 3049 
1056 225 2626 224 
1057 1804 2649 1819 
1058 2720 3661 3655 
1059 2135 2756 2617 
1060 632 3895 2502 
1061 563 3692 2489 
1062 2185 3723 3622 
1063 3867 3877 2423 
1064 2342 3776 3747 
1065 3462 3477 2806 
1066 2616 2756 1751 
1067 2617 2756 2616 
1068 2513 3741 599 
1069 2775 3553 3421 
1070 3623 3739 112 
1071 3715 3719 2576 
1072 3747 3776 3494 
1073 2781 3537 3533 
1074 2801 3517 2802 
1075 599 3900 2513 
1076 2163 2579 2525 
1077 1354 3719 3715 
1078 653 3786 2479 
1079 665 3643 3173 
1080 2357 2536 2535 
1081 583 2560 2517 
1082 973 3708 2751 
1083 2104 2755 2373 
1084 2535 2536 2268 
1085 2563 2633 2123 
1086 3461 3469 2674 
1087 2731 3416 973 
1088 2444 3951 3472 
1089 2379 2755 2105 
1090 3533 3537 784 
1091 2896 3878 630 
1092 3932 3939 2359 
1093 185 2628 184 
1094 56 3061 55 
1095 3726 3797 2936 
1096 3542 3750 2128 
1097 3127 3755 3688 
1098 1752 3346 1751 
1099 1813 3462 2807 
1100 2466 3758 2967 
1101 1751 3346 2616 
1102 2602 3143 1562 
1103 3541 3660 2256 
1104 2791 3290 2790 
1105 2407 3896 2344 
1106 2617 3472 2135 
1107 2393 3990 3988 
1108 2303 3892 3105 
1109 2326 3789 2746 
1110 666 2388 236 
1111 2447 2448 239 
1112 2891 3940 1972 
1113 2395 3990 2393 
1114 3564 3765 2483 
1115 1846 3658 3538 
1116 1813 3395 3321 
1117 612 3117 3116 
1118 2791 3038 1777 
1119 2536 2568 2268 
1120 2481 3620 638 
1121 2441 2442 580 
1122 2431 2432 554 
1123 2400 3950 1036 
1124 2436 2437 557 
1125 2450 2451 569 
1126 2471 2520 2440 
1127 2456 2457 566 
1128 2462 2463 585 
1129 618 2466 2465 
1130 3321 3395 2790 
1131 2470 2499 2461 
1132 616 2509 2470 
1133 1750 3678 2620 
1134 2237 3877 3867 
1135 2393 3988 2048 
1136 2967 3666 2466 
1137 892 3595 895 
1138 3575 3703 1988 
1139 3081 3921 3328 
1140 1951 2556 2533 
1141 2312 3808 3729 
1142 3593 3603 2622 
1143 2632 3602 2115 
1144 837 3681 840 
1145 2524 3574 2523 
1146 3147 3766 3759 
1147 1160 3740 2487 
1148 1752 3347 3346 
1149 2326 3801 3789 
1150 3290 3321 2790 
1151 22 3656 2493 
1152 3152 3548 2933 
1153 2261 3748 3668 
1154 2000 3503 2092 
1155 994 2505 2504 
1156 934 3469 3461 
1157 2327 3801 2326 
1158 1478 3603 3593 
1159 2772 2774 1286 
1160 2524 3587 3574 
1161 2540 3238 2486 
1162 2402 2682 2680 
1163 1388 3238 2540 
1164 2802 3517 1291 
1165 1951 2597 1658 
1166 2235 2731 2053 
1167 2135 3472 2136 
1168 3792 3993 2473 
1169 3660 3670 2256 
1170 2798 3911 2799 
1171 2918 2921 2920 
1172 1817 3731 2648 
1173 3670 3683 2257 
1174 2437 3930 3391 
1175 1777 3290 2791 
1176 2053 2565 1632 
1177 2438 3881 2472 
1178 2472 3881 2443 
1179 2918 2920 2919 
1180 784 3537 2523 
1181 2474 3882 2433 
1182 2452 3882 2474 
1183 2680 3160 2402 
1184 1632 2565 1964 
1185 1752 3372 3347 
1186 2900 3520 3508 
1187 2256 3670 2257 
1188 2679 3160 2680 
1189 2257 3683 2425 
1190 2531 2597 1951 
1191 994 2541 822 
1192 3200 3667 627 
1193 2344 3918 2407 
1194 2329 3805 2860 
1195 3114 3642 3115 
1196 3038 3292 1777 
1197 789 3646 2721 
1198 978 3669 2717 
1199 2558 2599 1054 
1200 668 2618 1947 
1201 2735 2736 2182 
1202 822 2541 824 
1203 3508 3520 1296 
1204 1054 2599 710 
1205 2733 2735 2045 
1206 192 3667 3596 
1207 2544 2903 1955 
1208 2509 3571 1919 
1209 2083 3713 2084 
1210 1184 3663 3640 
1211 650 3733 2482 
1212 2113 2903 2490 
1213 2114 3572 1672 
1214 2006 3660 2540 
1215 1036 3975 2400 
1216 2439 3772 616 
1217 2045 2735 1946 
1218 1686 2606 1684 
1219 2330 2556 1938 
1220 2074 2546 1303 
1221 3796 3806 3357 
1222 558 3852 2427 
1223 2440 3991 579 
1224 2738 3514 3482 
1225 1625 3817 3816 
1226 840 3600 3069 
1227 171 3114 652 
1228 3549 3556 2840 
1229 706 2601 708 
1230 1303 2546 1479 
1231 2149 2574 2573 
1232 2312 3729 2725 
1233 2717 3684 978 
1234 2106 3198 2638 
1235 2092 3503 2572 
1236 2951 3828 3525 
1237 3004 3769 3005 
1238 2145 3868 3079 
1239 1023 2736 2735 
1240 606 3407 2537 
1241 2721 3655 789 
1242 235 666 236 
1243 2546 3658 2492 
1244 276 2445 275 
1245 1750 2620 670 
1246 238 2447 239 
1247 1054 2600 2558 
1248 252 2439 253 
1249 1295 3556 3549 
1250 667 2620 666 
1251 3281 3494 934 
1252 1731 2657 2656 
1253 2869 3795 2870 
1254 234 2618 556 
1255 2149 3540 2574 
1256 248 2431 554 
1257 271 2441 580 
1258 274 2436 557 
1259 557 2472 273 
1260 554 2471 249 
1261 251 2440 579 
1262 231 2444 581 
1263 261 2526 555 
1264 581 2507 232 
1265 258 2446 568 
1266 277 2456 566 
1267 245 2450 569 
1268 568 2491 259 
1269 583 2517 256 
1270 569 2474 246 
1271 272 2472 2441 
1272 585 2473 279 
1273 2507 2618 233 
1274 280 2462 585 
1275 255 2461 583 
1276 584 2475 243 
1277 5 2465 586 
1278 250 2471 2440 
1279 895 2736 897 
1280 257 2517 2446 
1281 247 2474 2431 
1282 2491 2526 260 
1283 278 2473 2456 
1284 2385 3586 2426 
1285 244 2475 2450 
1286 2559 3504 3501 
1287 1920 3512 2520 
1288 2601 3143 2602 
1289 6 2476 2462 
1290 618 2465 268 
1291 7 2470 2461 
1292 617 2476 267 
1293 616 2470 254 
1294 1478 3610 3603 
1295 1710 3825 2459 
1296 3501 3504 779 
1297 2471 3925 2520 
1298 934 3494 3469 
1299 104 2574 636 
1300 2774 2775 1286 
1301 224 2626 609 
1302 657 2626 225 
1303 2523 3574 784 
1304 105 2574 104 
1305 2725 3751 2312 
1306 1479 3610 1478 
1307 635 2903 2544 
1308 3608 3631 1416 
1309 3372 3526 3347 
1310 2435 3728 3698 
1311 3024 3673 2534 
1312 2602 3526 3372 
1313 712 3516 714 
1314 1938 2556 1951 
1315 3532 3539 2802 
1316 3482 3514 1501 
1317 2568 3409 2624 
1318 2990 3756 2585 
1319 2673 3450 2674 
1320 2590 3196 1635 
1321 864 3539 3532 
1322 1295 3562 3556 
1323 3397 3413 2667 
1324 1296 3520 2781 
1325 3098 3573 3106 
1326 1353 2586 2568 
1327 3737 3974 1695 
1328 2673 3413 941 
1329 941 3413 3397 
1330 2018 3518 2627 
1331 561 2628 185 
1332 939 3534 2498 
1333 2196 3536 2739 
1334 2444 3472 581 
1335 3450 3461 2674 
1336 184 2628 644 
1337 55 3061 600 
1338 654 3061 56 
1339 3674 3696 2827 
1340 1220 2571 1222 
1341 1912 3753 3029 
1342 2174 3459 3013 
1343 710 2599 712 
1344 3609 3628 3206 
1345 1398 2659 1400 
1346 3622 3723 1494 
1347 2040 3562 1295 
1348 2528 2628 561 
1349 3079 3868 603 
1350 1560 2659 1398 
1351 2468 2469 586 
1352 3816 3817 2356 
1353 2889 3200 627 
1354 1372 3454 2738 
1355 2198 3575 3069 
1356 652 3114 3113 
1357 2668 3390 985 
1358 2339 3752 3645 
1359 2493 3852 558 
1360 2196 3552 3536 
1361 2702 3511 3498 
1362 3650 3659 1480 
1363 2781 3533 1296 
1364 941 3450 2673 
1365 2949 3974 3737 
1366 2774 3553 2775 
1367 2193 3806 3796 
1368 2554 3726 2936 
1369 1805 2609 1807 
1370 779 3504 2900 
1371 2571 3196 2590 
1372 580 3588 270 
1373 3421 3553 1629 
1374 269 3588 618 
1375 1263 2570 2569 
1376 1337 3602 2632 
1377 2668 3394 2667 
1378 895 3595 2736 
1379 3591 3611 2833 
1380 1501 3514 2739 
1381 3910 3914 2463 
1382 2687 3284 2641 
1383 2577 3521 3500 
1384 578 3732 2542 
1385 578 3606 265 
1386 638 3857 2481 
1387 2460 3676 1710 
1388 3394 3397 2667 
1389 266 3606 617 
1390 3653 3891 3115 
1391 2536 3409 2568 
1392 2510 3610 1479 
1393 2140 2606 1686 
1394 624 3693 2508 
1395 1684 2606 1911 
1396 2568 2586 2268 
1397 1708 2741 1939 
1398 3069 3600 2198 
1399 3498 3511 980 
1400 2622 3562 2040 
1401 3500 3521 1297 
1402 2900 3508 779 
1403 2853 3490 2859 
1404 2638 3198 1937 
1405 2567 2931 570 
1406 575 3873 3041 
1407 3599 3612 2613 
1408 1153 3053 2566 
1409 2015 2773 2016 
1410 708 2601 1054 
1411 3125 3320 2835 
1412 1932 3767 2527 
1413 1028 3502 3053 
1414 719 3611 3591 
1415 3103 3702 3169 
1416 2186 3021 3020 
1417 2539 3739 3623 
1418 2599 3516 712 
1419 1363 3398 2694 
1420 2529 3691 2528 
1421 2094 2773 2015 
1422 2016 2773 2770 
1423 3029 3977 1912 
1424 1153 3160 2679 
1425 2635 3572 2114 
1426 3137 3847 655 
1427 2574 3540 636 
1428 985 3394 2668 
1429 2016 2770 2768 
1430 2092 3517 2801 
1431 706 3143 2601 
1432 2234 3543 2752 
1433 1471 3612 3599 
1434 3362 3390 2763 
1435 2453 3068 2455 
1436 2729 3734 2406 
1437 1989 2740 2722 
1438 1995 3203 2604 
1439 2929 3721 3705 
1440 2845 3488 3475 
1441 2767 3381 2768 
1442 2739 3536 1501 
1443 2106 2638 2380 
1444 1009 3478 2661 
1445 1222 2571 1263 
1446 2505 3934 2521 
1447 2919 2920 2124 
1448 1984 2697 2695 
1449 3119 3832 655 
1450 1224 2785 1226 
1451 2675 2745 2744 
1452 2234 3554 3543 
1453 2773 2774 2772 
1454 989 3468 2703 
1455 2695 2698 1984 
1456 2828 3125 2835 
1457 985 3390 3362 
1458 3475 3488 929 
1459 2566 3160 1153 
1460 2840 3539 864 
1461 2843 3470 3383 
1462 2541 3484 824 
1463 2569 2785 1263 
1464 2367 3783 2960 
1465 3688 3755 2131 
1466 2627 3518 2089 
1467 2578 2604 1756 
1468 2478 3820 651 
1469 3079 3885 2145 
1470 2305 3667 3200 
1471 262 3701 263 
1472 2761 3499 2763 
1473 2198 3703 3575 
1474 2768 3381 2016 
1475 2559 3501 1629 
1476 2538 3623 613 
1477 724 2993 722 
1478 2455 3882 2452 
1479 1756 3258 2578 
1480 888 3583 891 
1481 2869 3985 3795 
1482 980 3511 2752 
1483 1984 3032 2697 
1484 2528 3691 2628 
1485 2582 3322 1332 
1486 2406 2905 2729 
1487 1307 3125 2828 
1488 1807 2609 2123 
1489 2832 3569 2833 
1490 3636 3654 2306 
1491 1640 2836 2835 
1492 2548 3284 2687 
1493 1826 2609 1805 
1494 2273 3570 2613 
1495 2780 2782 2088 
1496 2729 2905 2728 
1497 2570 3619 2002 
1498 3798 3882 2455 
1499 2841 2842 1288 
1500 840 3681 3600 
1501 2703 3468 2794 
1502 2534 3799 3024 
1503 2580 3954 1540 
1504 2842 2843 1288 
1505 3710 3727 1991 
1506 2738 3482 1372 
1507 1263 2571 2570 
1508 2503 3865 596 
1509 618 3758 2466 
1510 3764 3991 2440 
1511 2002 3503 2000 
1512 2877 2883 2882 
1513 1640 3312 2836 
1514 2604 2837 1995 
1515 2927 3419 2928 
1516 2088 2782 1709 
1517 3432 3454 1372 
1518 2585 3976 2990 
1519 1163 2698 1165 
1520 2837 2898 1995 
1521 3041 3873 3594 
1522 2640 2738 2696 
1523 1220 3196 2571 
1524 2841 3218 2598 
1525 2964 2965 1639 
1526 2696 2737 2640 
1527 1562 3526 2602 
1528 3012 3777 3014 
1529 2095 3527 2611 
1530 2040 3593 2622 
1531 2507 3871 2302 
1532 566 3704 2445 
1533 3236 3345 2017 
1534 2604 3203 1756 
1535 3650 3652 2310 
1536 2624 3409 1332 
1537 1989 2911 2740 
1538 3668 3748 1273 
1539 2607 3478 1009 
1540 2965 3311 1639 
1541 1288 3218 2841 
1542 1464 3339 2744 
1543 864 3549 2840 
1544 2738 3454 2696 
1545 3464 3957 2847 
1546 1939 2741 2524 
1547 2505 2506 2504 
1548 2694 3398 2692 
1549 2744 3339 2675 
1550 2879 2883 2876 
1551 168 3050 167 
1552 2722 2741 1989 
1553 3106 3573 3105 
1554 2697 3032 870 
1555 796 2623 798 
1556 2600 3146 2558 
1557 3325 3829 2893 
1558 3596 3667 2305 
1559 2818 3546 2831 
1560 1423 3654 3636 
1561 788 2778 2771 
1562 3066 3126 2819 
1563 2835 3320 1640 
1564 1353 3022 2586 
1565 2694 3454 3432 
1566 2711 2838 2110 
1567 3626 3649 1533 
1568 2310 3652 2119 
1569 2333 3678 3628 
1570 1709 2782 2195 
1571 2964 3261 2993 
1572 1893 3438 2185 
1573 3592 3616 2096 
1574 3759 3766 3109 
1575 3957 3968 2847 
1576 3679 3687 2297 
1577 1935 3738 3724 
1578 1989 2741 1708 
1579 1540 3963 2580 
1580 2437 2438 557 
1581 2432 2434 554 
1582 2441 2443 2442 
1583 2466 2467 2465 
1584 783 3199 781 
1585 1967 3058 1965 
1586 2431 2433 2432 
1587 1984 2698 1163 
1588 2451 2452 569 
1589 778 2775 776 
1590 2456 2458 2457 
1591 666 2620 2388 
1592 2450 2454 2451 
1593 2854 3177 998 
1594 2462 2464 2463 
1595 1286 2775 778 
1596 788 3296 2778 
1597 1286 3199 2772 
1598 1639 3261 2964 
1599 2748 3045 2011 
1600 2859 3490 1637 
1601 1057 2687 2641 
1602 2876 2883 2877 
1603 2631 3529 2262 
1604 2778 3296 2216 
1605 2595 2924 1352 
1606 2747 3045 2748 
1607 1291 3532 2802 
1608 264 3732 578 
1609 2195 3129 2986 
1610 2928 3419 2827 
1611 929 3488 2577 
1612 2694 3432 1363 
1613 2094 2774 2773 
1614 2877 2882 2881 
1615 2702 3485 2703 
1616 3053 3502 2566 
1617 2728 2905 1391 
1618 32 2881 31 
1619 3162 3187 838 
1620 2600 3372 3146 
1621 2782 3129 2195 
1622 1263 2785 1224 
1623 2568 2624 1353 
1624 2185 3438 2619 
1625 2036 3164 2651 
1626 2598 3218 938 
1627 3640 3663 2830 
1628 1629 3553 2559 
1629 2133 3433 1694 
1630 1226 2785 1229 
1631 2793 3395 2807 
1632 1585 3384 2603 
1633 1054 2601 2600 
1634 2443 3881 2530 
1635 622 3071 38 
1636 2630 3187 3162 
1637 1631 3470 2845 
1638 759 2685 1036 
1639 2764 3233 2017 
1640 891 3583 2605 
1641 2872 3071 622 
1642 3322 3330 1352 
1643 2640 2737 2639 
1644 909 2803 1031 
1645 2611 3527 1052 
1646 2993 3261 722 
1647 2200 2786 2001 
1648 2588 2784 2713 
1649 31 2881 589 
1650 2017 3345 2764 
1651 2521 3934 1013 
1652 3383 3470 1631 
1653 915 2810 1012 
1654 1006 2585 2583 
1655 798 2623 2396 
1656 938 2952 2598 
1657 2664 2766 2665 
1658 2630 3358 2651 
1659 2200 3402 2786 
1660 1204 3375 3022 
1661 1301 2993 724 
1662 2833 3569 1294 
1663 2952 3313 2218 
1664 2752 3543 980 
1665 1981 3430 2777 
1666 998 3178 2854 
1667 2613 3570 1134 
1668 2639 2737 1159 
1669 3217 3798 3067 
1670 3784 3929 3906 
1671 1332 3409 2582 
1672 2793 2807 2804 
1673 2582 3330 3322 
1674 2421 3406 3023 
1675 2407 3216 1981 
1676 824 3484 827 
1677 1006 2623 796 
1678 1013 3048 2660 
1679 2803 2804 1031 
1680 2740 2911 1613 
1681 928 2843 926 
1682 2702 3498 3485 
1683 1436 2676 1439 
1684 1996 3126 3066 
1685 2540 3541 1388 
1686 2685 2686 1036 
1687 870 3283 2697 
1688 2828 3126 1307 
1689 1288 2843 928 
1690 1301 3058 2596 
1691 881 2898 2837 
1692 2304 3631 3608 
1693 2771 3199 788 
1694 2734 2788 2787 
1695 2734 2791 2788 
1696 1588 3264 2608 
1697 2209 3489 3453 
1698 2625 2912 1977 
1699 2436 3695 2437 
1700 2705 3932 2449 
1701 1229 3402 1230 
1702 2981 3353 1236 
1703 938 3313 2952 
1704 2132 3124 1693 
1705 3114 3115 3113 
1706 2819 3126 2828 
1707 1693 3388 1570 
1708 2711 3051 2838 
1709 1588 3381 2767 
1710 2942 3124 2132 
1711 2236 3202 2776 
1712 2165 2597 2531 
1713 3177 3245 998 
1714 2831 3546 1118 
1715 2684 2686 2685 
1716 2786 3402 1229 
1717 2795 2907 1985 
1718 2676 3339 1464 
1719 167 3050 651 
1720 2596 2993 1301 
1721 607 3050 168 
1722 866 3283 870 
1723 2989 3233 2764 
1724 3162 3358 2630 
1725 3449 3458 1599 
1726 2857 3245 3177 
1727 2207 3052 2938 
1728 2011 3399 2748 
1729 1439 2676 1464 
1730 2880 2881 32 
1731 2211 3431 2603 
1732 2603 3384 2971 
1733 2596 3058 1967 
1734 2793 2804 2803 
1735 889 3345 3236 
1736 1613 2726 2718 
1737 2665 2766 2668 
1738 781 3199 1286 
1739 3226 3862 1292 
1740 2572 3517 2092 
1741 2577 3500 929 
1742 2718 2740 1613 
1743 2986 3072 2195 
1744 2804 2807 2806 
1745 1086 3529 2631 
1746 2701 2704 2087 
1747 1283 2939 1279 
1748 1332 3322 1173 
1749 1729 2910 1554 
1750 1542 2988 1546 
1751 8 3763 242 
1752 2749 3045 2747 
1753 2776 3202 1078 
1754 891 3595 892 
1755 714 3516 1009 
1756 2510 3043 2978 
1757 1852 2925 1476 
1758 2511 3531 2513 
1759 2734 3038 2791 
1760 1973 2910 2610 
1761 1242 3211 2938 
1762 1823 2704 1491 
1763 213 2961 637 
1764 3022 3375 2586 
1765 1352 3330 2595 
1766 2829 3630 2830 
1767 3317 3398 1363 
1768 2766 3390 2668 
1769 2981 3377 2980 
1770 1821 2633 2301 
1771 3799 3889 625 
1772 2842 3470 2843 
1773 3230 3337 2200 
1774 2916 3433 2133 
1775 3111 3228 2940 
1776 2901 3335 1457 
1777 1392 2728 1391 
1778 1247 3408 3387 
1779 1605 2726 1613 
1780 2999 3008 3002 
1781 1965 3058 2197 
1782 2615 3301 2614 
1783 2651 3164 1624 
1784 1044 2858 1068 
1785 33 2880 32 
1786 1885 2634 1499 
1787 2076 3704 2075 
1788 3016 3075 3005 
1789 2001 2786 2569 
1790 1242 3337 3230 
1791 2674 3469 2675 
1792 1608 2726 1605 
1793 2982 3353 2981 
1794 788 3199 783 
1795 1248 3225 2614 
1796 2757 2765 1829 
1797 2211 3449 3431 
1798 2645 2650 1003 
1799 1985 2906 2795 
1800 2763 3499 3362 
1801 757 2685 759 
1802 2165 3437 2597 
1803 1977 2912 1651 
1804 2734 2787 2732 
1805 681 3143 683 
1806 2555 3653 659 
1807 1068 2858 1127 
1808 1159 3123 2639 
1809 2571 2590 2570 
1810 2788 2791 2790 
1811 2621 2925 2112 
1812 2115 3602 2114 
1813 2611 3551 2612 
1814 3225 3259 3056 
1815 1960 2637 1401 
1816 2924 3310 1181 
1817 2698 3398 3317 
1818 2881 2882 589 
1819 2371 3354 3044 
1820 1628 3332 2973 
1821 1336 2906 1285 
1822 2765 2766 1829 
1823 913 2810 915 
1824 3377 3387 2980 
1825 749 3053 1153 
1826 1076 3235 802 
1827 2998 3008 2999 
1828 1014 3064 986 
1829 1352 2924 1169 
1830 1074 3237 952 
1831 1062 2641 1330 
1832 1391 3300 1387 
1833 1706 3687 3679 
1834 2901 3392 2323 
1835 1624 2800 2629 
1836 2643 2644 1003 
1837 1545 2749 739 
1838 2197 3181 3064 
1839 3023 3406 1384 
1840 1175 2624 1332 
1841 2652 2653 1154 
1842 1996 3066 2811 
1843 907 2803 909 
1844 2909 2913 1075 
1845 2923 2926 1077 
1846 1179 3022 1353 
1847 2084 2662 1767 
1848 3586 3851 2426 
1849 1546 2988 2054 
1850 2746 3789 1907 
1851 718 2661 2642 
1852 38 3071 37 
1853 814 3048 1013 
1854 2857 3246 3245 
1855 881 3260 882 
1856 1007 2678 968 
1857 1009 2661 716 
1858 2211 3458 3449 
1859 2644 2796 2647 
1860 2772 3199 2771 
1861 1476 2925 2783 
1862 2643 2796 2644 
1863 2629 2651 1624 
1864 1582 3264 1588 
1865 1046 3064 1014 
1866 972 2909 1075 
1867 1811 2633 1821 
1868 3058 3181 2197 
1869 1374 2989 2760 
1870 958 2643 1003 
1871 2845 3475 1631 
1872 825 2923 1077 
1873 1829 2766 2664 
1874 2201 3228 3111 
1875 2761 2763 2758 
1876 1831 2705 2155 
1877 1242 3230 3211 
1878 2664 2665 1656 
1879 628 2880 33 
1880 2679 2680 1041 
1881 3387 3408 2980 
1882 2595 3310 2924 
1883 2315 3335 2901 
1884 2087 2704 1823 
1885 1177 2624 1175 
1886 2732 2787 901 
1887 1285 2906 1985 
1888 2703 2794 2700 
1889 1290 2930 1905 
1890 1663 2700 2699 
1891 2785 2786 1229 
1892 2973 3332 2024 
1893 2615 3334 3301 
1894 3826 3877 2776 
1895 1374 2760 2759 
1896 1431 2664 1656 
1897 2838 3051 1518 
1898 2700 2794 2699 
1899 1720 2707 2706 
1900 810 2652 1154 
1901 3124 3388 1693 
1902 2578 3518 2018 
1903 2722 2740 2719 
1904 2689 2737 2696 
1905 2750 3326 640 
1906 1279 2939 1024 
1907 2858 3246 2857 
1908 1003 2650 960 
1909 3337 3402 2200 
1910 1433 2669 1435 
1911 3216 3430 1981 
1912 2216 3156 2778 
1913 2610 2910 1729 
1914 1491 2704 1489 
1915 753 2679 1041 
1916 701 2724 1195 
1917 2837 3260 881 
1918 2744 2745 2743 
1919 2156 3628 3609 
1920 2719 2740 2718 
1921 2723 2724 705 
1922 1374 2759 1375 
1923 755 2683 757 
1924 1353 2624 1177 
1925 1720 2706 1514 
1926 2852 2853 2849 
1927 1411 2663 1409 
1928 1982 2800 1327 
1929 1663 2699 1487 
1930 1159 2737 2688 
1931 2698 3317 1165 
1932 2112 2925 1852 
1933 1554 2910 1552 
1934 1594 3072 2986 
1935 2742 2743 1465 
1936 1026 3251 1996 
1937 2834 3159 2821 
1938 2848 2855 2095 
1939 2905 3300 1391 
1940 2230 2845 2844 
1941 1499 2634 1500 
1942 911 2808 913 
1943 2875 2876 2874 
1944 1159 2688 857 
1945 1435 2676 1436 
1946 2713 2784 1732 
1947 2688 2737 2689 
1948 1030 2777 1198 
1949 2760 2989 2764 
1950 2230 2844 2227 
1951 1700 2943 2288 
1952 1574 3156 2216 
1953 1562 3143 681 
1954 2938 3211 2207 
1955 1378 2758 2757 
1956 2505 2521 2506 
1957 1060 3159 2834 
1958 2747 2748 1028 
1959 2742 2744 2743 
1960 2601 2602 2600 
1961 2977 2978 1757 
1962 905 2792 907 
1963 1476 2783 1256 
1964 1090 2926 1103 
1965 2409 3621 2410 
1966 640 3326 133 
1967 1127 2856 1152 
1968 1563 2850 1564 
1969 718 2642 729 
1970 1308 3419 2927 
1971 2759 2761 2758 
1972 1443 2742 1465 
1973 1563 2851 2850 
1974 2978 3043 1757 
1975 2651 3358 2036 
1976 2724 2725 1195 
1977 2832 2833 2823 
1978 214 2961 213 
1979 1767 2662 1768 
1980 1506 2784 2588 
1981 1127 2858 2856 
1982 2997 3363 2355 
1983 3011 3015 3009 
1984 1691 3057 2236 
1985 1995 2898 1162 
1986 1131 2908 1117 
1987 1672 3572 1662 
1988 1117 2908 1323 
1989 1162 2898 876 
1990 1992 2914 949 
1991 2868 2873 2863 
1992 3057 3202 2236 
1993 1160 2754 964 
1994 739 2749 740 
1995 1985 2939 1283 
1996 2669 2671 1435 
1997 1612 3363 2997 
1998 2703 3485 989 
1999 716 2661 718 
2000 1088 2913 1095 
2001 2787 2788 1035 
2002 1588 2767 1580 
2003 1361 2977 1757 
2004 2712 2713 1732 
2005 1561 2937 799 
2006 2692 3398 2695 
2007 2798 2799 1350 
2008 799 2937 801 
2009 3630 3640 2830 
2010 2873 2875 2874 
2011 1248 3259 3225 
2012 1056 2641 1062 
2013 949 2914 951 
2014 844 2915 845 
2015 1617 2726 1608 
2016 37 3306 36 
2017 1701 2705 1831 
2018 86 3021 590 
2019 1978 2941 1390 
2020 997 2677 1540 
2021 745 2747 1028 
2022 2110 2838 1725 
2023 806 2753 1004 
2024 1395 2728 1392 
2025 2938 3052 1240 
2026 2804 2805 1031 
2027 726 2723 705 
2028 2816 2832 2823 
2029 2629 2800 1982 
2030 620 2893 2892 
2031 948 3617 1992 
2032 1390 2941 1338 
2033 3044 3354 1199 
2034 833 2976 836 
2035 2715 2716 1974 
2036 26 3034 570 
2037 2890 2891 2889 
2038 2683 2685 757 
2039 137 3036 575 
2040 3052 3220 1253 
2041 1378 2757 1379 
2042 3042 3163 2294 
2043 1751 2756 1717 
2044 2839 2840 2111 
2045 2888 2889 627 
2046 92 3075 3016 
2047 854 3123 1159 
2048 1016 2846 767 
2049 1838 2992 2273 
2050 2102 2900 2899 
2051 1545 3045 2749 
2052 903 2787 1035 
2053 2675 3469 2745 
2054 2412 2636 2413 
2055 2850 2852 2849 
2056 2863 2873 2862 
2057 705 2724 701 
2058 2868 2875 2873 
2059 2642 2988 1542 
2060 2706 2712 1732 
2061 1923 2751 2331 
2062 3009 3015 202 
2063 1620 2894 1591 
2064 1883 3365 2297 
2065 2854 3490 2853 
2066 1236 3377 2981 
2067 2888 2890 2889 
2068 1461 3163 3042 
2069 1882 2994 1415 
2070 1996 2811 1037 
2071 2654 3048 1154 
2072 1064 2777 1030 
2073 2301 2424 2086 
2074 2862 2873 628 
2075 3551 3558 2612 
2076 692 3145 690 
2077 2894 3276 3264 
2078 1613 2911 1603 
2079 1507 2784 1506 
2080 2102 2899 1843 
2081 802 3235 800 
2082 2092 2801 1998 
2083 1483 2906 1336 
2084 1897 2376 1898 
2085 1842 2779 2102 
2086 1351 2798 1350 
2087 1929 2715 1974 
2088 2603 3431 1585 
2089 1386 1897 1390 
2090 3006 3008 2998 
2091 2852 3177 2854 
2092 952 3237 950 
2093 1853 2839 2111 
2094 1725 2838 1520 
2095 2009 2746 2527 
2096 1558 2730 1723 
2097 2808 2810 913 
2098 1550 3031 1553 
2099 2949 2950 2945 
2100 1567 2849 2848 
2101 1340 1701 1415 
2102 1155 3032 1984 
2103 1701 1831 1415 
2104 2660 3048 2654 
2105 1401 2637 1399 
2106 970 2678 2677 
2107 2665 2666 1656 
2108 1415 2994 1331 
2109 594 2860 40 
2110 598 2861 145 
2111 1897 1898 1390 
2112 2875 2878 2876 
2113 2012 2147 1885 
2114 1653 2076 2075 
2115 2207 3220 3052 
2116 1340 1415 1331 
2117 34 2862 628 
2118 97 2887 587 
2119 3017 3018 619 
2120 2758 2765 2757 
2121 194 2888 627 
2122 625 2884 207 
2123 624 2885 42 
2124 1167 1168 1166 
2125 1697 1885 1499 
2126 620 2892 143 
2127 2760 2761 2759 
2128 2998 2999 611 
2129 3364 3384 1585 
2130 1821 2086 1859 
2131 2917 2918 634 
2132 1165 1166 1164 
2133 3946 3950 2400 
2134 1330 1340 1331 
2135 1386 1390 1338 
2136 2614 3301 1248 
2137 2653 2655 2654 
2138 1429 2664 1431 
2139 591 3019 150 
2140 1169 2924 1168 
2141 2135 2136 1729 
2142 1831 2155 2154 
2143 1057 2641 1056 
2144 874 3032 1155 
2145 1548 3031 1550 
2146 1765 2083 1767 
2147 968 2678 970 
2148 84 2895 631 
2149 29 2896 630 
2150 95 3006 2998 
2151 140 2897 633 
2152 2640 3514 2738 
2153 1591 2894 1587 
2154 1308 2927 1133 
2155 1987 2739 2078 
2156 1550 1552 1551 
2157 2804 2806 2805 
2158 1552 1556 1551 
2159 1548 1550 1549 
2160 2653 2654 1154 
2161 899 2732 901 
2162 1979 2353 2267 
2163 2934 2935 2933 
2164 2083 2084 1767 
2165 1550 1551 1549 
2166 1163 1164 1162 
2167 1697 2012 1885 
2168 1716 2135 1729 
2169 2644 2645 1003 
2170 2680 2681 1041 
2171 635 2902 47 
2172 637 2904 212 
2173 1651 2912 1648 
2174 2932 2933 641 
2175 1803 1826 1805 
2176 2317 2901 2323 
2177 2792 2803 907 
2178 1548 1549 1547 
2179 1399 1728 1397 
2180 1653 2075 1645 
2181 1546 1548 1547 
2182 1720 3051 2708 
2183 1256 2783 1258 
2184 1330 1331 1329 
2185 1544 2990 771 
2186 1821 2301 2086 
2187 1403 1960 1401 
2188 44 3026 3025 
2189 1156 2018 1194 
2190 690 3145 2007 
2191 2665 2667 2666 
2192 215 2959 214 
2193 1723 3076 1559 
2194 1807 2123 1809 
2195 3028 3029 621 
2196 2141 2345 2140 
2197 1716 1729 1554 
2198 1316 1697 1499 
2199 1676 1977 1651 
2200 1049 1057 1056 
2201 2644 2646 2645 
2202 2712 2714 2713 
2203 1171 1352 1169 
2204 2727 2729 2728 
2205 2018 2627 1194 
2206 2907 3418 2939 
2207 956 2643 958 
2208 1720 2708 2707 
2209 1771 1919 1773 
2210 1542 1546 1545 
2211 885 1156 887 
2212 2788 2790 2789 
2213 2932 2934 2933 
2214 100 3030 3028 
2215 1663 2701 2700 
2216 1062 1330 1329 
2217 1156 1194 887 
2218 2849 2855 2848 
2219 1546 1547 1545 
2220 1567 2848 1568 
2221 1936 2705 1701 
2222 2227 2844 2226 
2223 1155 1162 876 
2224 1216 3164 1214 
2225 1775 2199 1778 
2226 135 3041 3040 
2227 880 3448 3427 
2228 1684 1911 1682 
2229 2680 2682 2681 
2230 2708 3051 2711 
2231 2907 2939 1985 
2232 1542 1545 739 
2233 102 2922 572 
2234 2968 3235 1076 
2235 997 1540 1033 
2236 683 3143 706 
2237 1023 2733 2732 
2238 2701 2702 2700 
2239 1592 2986 1607 
2240 2760 2762 2761 
2241 1158 1987 1986 
2242 2192 2717 2715 
2243 1798 3068 1801 
2244 1556 1973 1558 
2245 2944 2950 564 
2246 1033 1049 1048 
2247 737 1542 739 
2248 2974 3237 1074 
2249 745 1028 747 
2250 751 2679 753 
2251 1939 2523 2088 
2252 1002 2995 982 
2253 1514 2706 1512 
2254 1190 3278 2963 
2255 2951 3132 601 
2256 2972 2973 2024 
2257 997 1033 1032 
2258 2126 2978 2977 
2259 1175 1332 1173 
2260 1399 2637 1728 
2261 794 1006 796 
2262 743 2747 745 
2263 2788 2789 1035 
2264 91 3016 596 
2265 1708 1939 1709 
2266 1163 1165 1164 
2267 1077 2926 1090 
2268 1407 1710 1405 
2269 993 2970 977 
2270 2708 2709 2707 
2271 2945 2950 2944 
2272 944 1005 946 
2273 897 1023 899 
2274 798 2396 1561 
2275 148 3017 619 
2276 2521 2522 2506 
2277 958 1003 960 
2278 1134 3570 3558 
2279 1165 1167 1166 
2280 1103 2926 1382 
2281 94 2998 611 
2282 806 1004 808 
2283 1973 2730 1558 
2284 1049 1056 1055 
2285 1688 2140 1686 
2286 2688 2689 867 
2287 2641 3284 1330 
2288 1780 2332 1782 
2289 1375 2759 1378 
2290 2954 2955 562 
2291 1167 1169 1168 
2292 2691 2694 2692 
2293 804 2753 806 
2294 1168 1181 1180 
2295 1869 2984 2983 
2296 1797 3068 1798 
2297 1811 1821 1818 
2298 2959 2961 214 
2299 848 1158 850 
2300 3264 3276 2608 
2301 1075 2913 1088 
2302 208 3024 625 
2303 2608 3381 1588 
2304 1181 1316 1182 
2305 1155 1163 1162 
2306 1179 1353 1177 
2307 874 1155 876 
2308 2716 2720 2719 
2309 974 2677 997 
2310 2834 3370 1308 
2311 43 3025 624 
2312 1614 1708 1623 
2313 189 2917 634 
2314 1646 1653 1645 
2315 2699 2794 1841 
2316 954 1157 956 
2317 1327 2800 1250 
2318 1339 1386 1338 
2319 595 2863 2862 
2320 2166 3043 2510 
2321 2851 2852 2850 
2322 1316 1499 1317 
2323 814 1013 816 
2324 1157 2796 2643 
2325 2846 2847 1544 
2326 1023 2732 899 
2327 2999 3001 3000 
2328 808 2652 810 
2329 99 3028 621 
2330 1487 2699 1485 
2331 1923 2331 2110 
2332 2720 2721 2719 
2333 2818 2831 2817 
2334 2603 2971 2033 
2335 1913 1923 1725 
2336 2152 2234 1956 
2337 2403 2751 1923 
2338 623 3010 3009 
2339 2865 2871 2868 
2340 903 1035 905 
2341 2219 2952 2218 
2342 1431 1656 1433 
2343 2733 2734 2732 
2344 1427 1829 1429 
2345 1824 1956 1823 
2346 874 876 875 
2347 901 2787 903 
2348 2864 2865 2863 
2349 2780 2781 2779 
2350 1095 2913 1380 
2351 161 2944 564 
2352 753 1041 755 
2353 2852 2854 2853 
2354 1829 2664 1429 
2355 79 2932 641 
2356 24 2931 639 
2357 2689 2691 2690 
2358 1869 2983 1870 
2359 1541 1749 1293 
2360 977 2970 793 
2361 749 1153 751 
2362 3063 3064 1046 
2363 1988 2196 1987 
2364 1929 1974 1617 
2365 3002 3003 3001 
2366 1956 2752 2087 
2367 2192 2715 1929 
2368 2670 2673 2672 
2369 134 3040 640 
2370 747 3053 749 
2371 2815 2817 2814 
2372 1761 3043 2166 
2373 587 3007 3006 
2374 1601 1614 1600 
2375 810 1154 812 
2376 859 867 861 
2377 3010 3012 3011 
2378 2966 2967 2141 
2379 1464 2744 2742 
2380 1831 2154 1882 
2381 1056 1062 1058 
2382 216 2954 562 
2383 51 2962 563 
2384 588 2890 2888 
2385 2196 2739 1987 
2386 2009 2527 1008 
2387 1485 1841 1483 
2388 158 3039 638 
2389 3000 3075 611 
2390 2326 2746 2009 
2391 1157 2643 956 
2392 1784 1920 1786 
2393 769 2846 1544 
2394 960 2650 962 
2395 1987 2078 1986 
2396 1158 1986 850 
2397 2004 2238 2063 
2398 2377 2405 2376 
2399 2003 2235 2053 
2400 1512 1732 1510 
2401 1794 3067 1797 
2402 1473 1645 1411 
2403 1642 3438 1893 
2404 172 3642 3114 
2405 2229 2230 2227 
2406 1928 1929 1617 
2407 2727 2728 1395 
2408 2708 2710 2709 
2409 1397 2727 1395 
2410 885 887 886 
2411 1516 1720 1514 
2412 1592 1607 1591 
2413 1350 2908 1131 
2414 951 2914 954 
2415 1153 2679 751 
2416 2233 2577 2231 
2417 2191 2192 1929 
2418 2835 2836 2820 
2419 2811 2812 1136 
2420 1607 1621 1620 
2421 1963 2779 1842 
2422 3071 3306 37 
2423 2025 2972 2024 
2424 2123 2633 1809 
2425 2417 3265 3208 
2426 966 2754 1007 
2427 2815 2818 2817 
2428 3453 3489 2050 
2429 1621 1842 1622 
2430 970 2677 974 
2431 801 2937 804 
2432 1004 2652 808 
2433 2655 2656 2654 
2434 1580 2767 1578 
2435 1768 2662 1771 
2436 2225 2226 2224 
2437 2707 2712 2706 
2438 1506 2587 1467 
2439 1489 1663 1487 
2440 1553 1554 1552 
2441 2646 2648 2645 
2442 982 2995 943 
2443 2154 2333 2156 
2444 2653 2658 2655 
2445 1524 1725 1520 
2446 1062 1329 1115 
2447 2909 3393 2235 
2448 830 1541 1293 
2449 1193 2963 1625 
2450 576 3027 3026 
2451 2203 2969 2968 
2452 909 1031 911 
2453 1765 1767 1766 
2454 962 1160 964 
2455 2927 2928 1884 
2456 1373 1983 1982 
2457 1439 1464 1441 
2458 1555 1716 1554 
2459 1939 2088 1709 
2460 1203 1204 1201 
2461 1983 2051 1982 
2462 1968 2980 2979 
2463 1623 3072 1600 
2464 1652 1676 1651 
2465 854 1159 857 
2466 1214 3164 2036 
2467 2033 2971 2030 
2468 767 2846 769 
2469 820 994 822 
2470 1842 2102 1843 
2471 1512 2706 1732 
2472 1966 2262 1967 
2473 2673 2674 2672 
2474 1520 2838 1518 
2475 3005 3075 3000 
2476 1493 1823 1491 
2477 2236 2776 2237 
2478 2206 2975 2974 
2479 759 1036 761 
2480 2812 2815 2814 
2481 1506 2588 2587 
2482 1708 1709 1623 
2483 1809 2633 1811 
2484 2869 2870 2866 
2485 1614 1623 1600 
2486 1485 2699 1841 
2487 2223 2224 2222 
2488 1108 2940 1106 
2489 1323 1981 1116 
2490 2195 3072 1623 
2491 1702 1936 1701 
2492 1662 3567 1660 
2493 2229 2231 2230 
2494 2999 3000 611 
2495 2225 2227 2226 
2496 2878 2879 2876 
2497 1080 2834 1308 
2498 966 1007 968 
2499 827 830 829 
2500 2621 2622 2125 
2501 1323 2407 1981 
2502 1677 1678 1676 
2503 2226 2844 2842 
2504 974 997 995 
2505 1614 2911 1989 
2506 1740 2985 1866 
2507 1500 2634 1765 
2508 1373 1982 1327 
2509 1382 2004 1636 
2510 737 739 738 
2511 1598 1600 1596 
2512 2194 2578 2018 
2513 2226 2842 2841 
2514 2166 2261 2153 
2515 1294 3569 3560 
2516 3665 3926 2519 
2517 1380 2003 1632 
2518 1441 2742 1443 
2519 1688 2141 2140 
2520 1582 1588 1580 
2521 857 2688 859 
2522 1443 1465 1445 
2523 1100 2953 1098 
2524 1590 1591 1587 
2525 2661 2988 2642 
2526 708 1054 710 
2527 841 3069 844 
2528 1990 2125 1858 
2529 1793 3067 1794 
2530 1587 2894 1584 
2531 964 2754 966 
2532 2923 3404 2238 
2533 877 2898 881 
2534 1828 1966 1965 
2535 2763 3390 2765 
2536 1469 2927 1884 
2537 3392 3442 2323 
2538 1968 2979 1878 
2539 1275 2989 1374 
2540 2166 2492 2261 
2541 1089 2968 1076 
2542 2315 2901 2317 
2543 2767 2768 1619 
2544 1477 1852 1476 
2545 2986 3129 1607 
2546 1207 1338 1205 
2547 1898 1979 1978 
2548 2086 2359 1859 
2549 2093 2559 2094 
2550 1605 1613 1603 
2551 2095 2611 1962 
2552 729 2642 737 
2553 845 2915 848 
2554 1087 2974 1074 
2555 1821 1859 1818 
2556 1986 3123 850 
2557 740 2749 743 
2558 1853 2111 1852 
2559 876 2898 877 
2560 1564 2850 1567 
2561 1152 2856 1563 
2562 1761 2166 2153 
2563 76 3055 559 
2564 1594 2986 1592 
2565 3001 3004 3000 
2566 939 944 940 
2567 1518 3051 1516 
2568 571 2934 2932 
2569 1050 2811 1136 
2570 2317 2323 2319 
2571 1749 2006 2005 
2572 1740 3046 2985 
2573 915 1012 917 
2574 1201 3022 1179 
2575 962 2650 1160 
2576 1691 2236 1904 
2577 2853 2855 2849 
2578 2262 2263 1967 
2579 1060 2834 1080 
2580 859 2688 867 
2581 1556 1558 1557 
2582 1913 2403 1923 
2583 2770 2773 2772 
2584 1615 1617 1608 
2585 1827 3063 1121 
2586 2865 2868 2863 
2587 1688 2966 2141 
2588 1976 2899 2093 
2589 2008 2009 1008 
2590 871 874 873 
2591 2873 2874 628 
2592 1893 2185 2097 
2593 1824 2152 1956 
2594 2689 2696 2691 
2595 830 1293 831 
2596 1524 1913 1725 
2597 2853 2859 2855 
2598 2812 2814 2813 
2599 1990 2621 2125 
2600 1168 2924 1181 
2601 2197 3063 1827 
2602 765 1016 767 
2603 2034 2177 2035 
2604 1037 2811 1050 
2605 2310 3659 3650 
2606 2639 3123 1986 
2607 2644 2647 2646 
2608 1923 2110 1725 
2609 2013 2346 2012 
2610 794 796 795 
2611 595 2864 2863 
2612 3298 3309 1795 
2613 2223 2225 2224 
2614 1464 2742 1441 
2615 2234 2752 1956 
2616 1966 1967 1965 
2617 1133 2927 1469 
2618 877 881 879 
2619 1158 2915 1988 
2620 1500 1765 1764 
2621 944 946 945 
2622 866 870 869 
2623 1379 2757 1427 
2624 1843 2899 1976 
2625 1510 2784 1507 
2626 2689 2690 867 
2627 2702 2703 2700 
2628 2263 2965 2964 
2629 1790 1793 1792 
2630 1650 1651 1648 
2631 2003 2053 1632 
2632 1644 2968 1089 
2633 2801 2802 2101 
2634 796 798 797 
2635 1956 2087 1823 
2636 1963 2780 2779 
2637 1939 2524 2523 
2638 1114 2996 1210 
2639 2004 2063 1636 
2640 1315 1828 1827 
2641 1569 3111 2940 
2642 2864 2866 2865 
2643 3010 3011 3009 
2644 790 794 791 
2645 2079 2615 2614 
2646 946 948 947 
2647 1574 2216 1572 
2648 2221 2222 2219 
2649 1493 1824 1823 
2650 882 885 884 
2651 2999 3002 3001 
2652 1467 2798 1351 
2653 3012 3013 3011 
2654 3007 3008 3006 
2655 1979 2267 1980 
2656 1261 1990 1858 
2657 1578 1619 1576 
2658 895 897 896 
2659 1480 2991 1148 
2660 2216 3296 2970 
2661 743 745 744 
2662 1643 2974 1087 
2663 1552 2910 1556 
2664 1396 1397 1395 
2665 2292 2631 2262 
2666 1378 2759 2758 
2667 2203 2968 1644 
2668 2010 2326 2009 
2669 39 2860 622 
2670 623 3009 203 
2671 1205 2941 1204 
2672 1621 1963 1842 
2673 840 3069 841 
2674 2691 2692 2690 
2675 144 2861 620 
2676 595 2862 35 
2677 2799 2908 1350 
2678 2055 2211 2033 
2679 588 2888 195 
2680 41 2885 594 
2681 206 2884 593 
2682 1835 2095 1962 
2683 621 2887 98 
2684 69 3087 615 
2685 1728 2727 1397 
2686 1008 2723 726 
2687 142 2892 592 
2688 773 2990 790 
2689 1675 1694 1569 
2690 1290 1905 1498 
2691 1168 1180 1166 
2692 2432 2435 2434 
2693 2221 2223 2222 
2694 587 3006 96 
2695 745 747 746 
2696 1656 2669 1433 
2697 2206 2974 1643 
2698 1927 2218 1626 
2699 1906 2034 1908 
2700 2770 2772 2771 
2701 2768 2770 2769 
2702 863 3283 866 
2703 1139 2940 1108 
2704 1607 1620 1591 
2705 590 2895 85 
2706 589 2896 30 
2707 701 1195 699 
2708 1996 3251 3126 
2709 592 2897 141 
2710 1970 2101 1855 
2711 1255 1476 1256 
2712 897 899 898 
2713 3024 3799 625 
2714 149 3019 3017 
2715 2079 2614 2071 
2716 2091 2133 1694 
2717 1653 2912 2625 
2718 1255 1477 1476 
2719 3020 3021 87 
2720 1137 2953 1100 
2721 1771 1773 1772 
2722 1578 2767 1619 
2723 626 3020 88 
2724 3087 3088 615 
2725 1116 2777 1064 
2726 1398 1399 1397 
2727 1569 2940 1139 
2728 1670 1693 1570 
2729 1315 1827 1121 
2730 1477 1853 1852 
2731 2569 2786 2785 
2732 714 1009 716 
2733 1976 2093 2015 
2734 201 3015 597 
2735 2458 2459 2457 
2736 1261 1858 1262 
2737 46 2902 576 
2738 211 2904 577 
2739 723 3178 727 
2740 1828 1965 1827 
2741 2716 2719 2718 
2742 1265 3046 1358 
2743 1253 1255 1254 
2744 1590 1592 1591 
2745 812 3048 814 
2746 1558 1723 1559 
2747 2090 2132 1693 
2748 1771 2662 1919 
2749 648 2945 2944 
2750 1050 1136 1053 
2751 576 3026 45 
2752 1389 1391 1387 
2753 804 2937 2753 
2754 1621 1622 1620 
2755 1570 2953 1137 
2756 1489 2704 1663 
2757 1614 1989 1708 
2758 3208 3265 1349 
2759 630 3033 28 
2760 2816 2823 2822 
2761 747 749 748 
2762 2955 2957 2956 
2763 2748 3502 1028 
2764 572 3030 101 
2765 954 2914 1157 
2766 2224 2841 2598 
2767 3033 3034 27 
2768 633 3035 139 
2769 1338 2941 1205 
2770 2794 2795 1841 
2771 1210 2996 1420 
2772 2955 2956 562 
2773 3035 3036 138 
2774 1198 3131 1020 
2775 1427 1429 1428 
2776 2690 3138 867 
2777 1645 2663 1411 
2778 888 891 890 
2779 1420 2996 2253 
2780 1044 3246 2858 
2781 948 1992 949 
2782 2004 2923 2238 
2783 1158 1988 1987 
2784 1033 1048 1032 
2785 1164 1995 1162 
2786 3086 3088 3087 
2787 1429 1431 1430 
2788 1801 1803 1802 
2789 1049 1055 1048 
2790 1927 2219 2218 
2791 575 3041 136 
2792 1235 1242 1238 
2793 1041 2683 755 
2794 2763 2765 2758 
2795 1773 1775 1774 
2796 2000 2092 1998 
2797 1794 1797 1796 
2798 1026 1996 1037 
2799 870 3032 871 
2800 1328 1373 1327 
2801 1122 1315 1121 
2802 1300 3343 1883 
2803 899 901 900 
2804 2032 2033 2030 
2805 1835 1962 1836 
2806 2051 2630 2629 
2807 798 1561 799 
2808 1761 2153 1762 
2809 2666 2670 2669 
2810 2218 3313 2995 
2811 2824 2829 2826 
2812 2347 2348 2346 
2813 2003 2909 2235 
2814 573 2917 190 
2815 2451 2453 2452 
2816 2288 2576 2289 
2817 1998 2801 1970 
2818 1419 1569 1139 
2819 2947 2949 2945 
2820 1842 1843 1622 
2821 1601 2911 1614 
2822 729 737 736 
2823 1621 3129 1963 
2824 1431 1433 1432 
2825 1115 2930 1290 
2826 2267 2535 2268 
2827 749 751 750 
2828 2814 2832 2816 
2829 997 1032 995 
2830 1023 2735 2733 
2831 740 743 742 
2832 1968 2982 2981 
2833 1855 2839 1853 
2834 1418 1570 1137 
2835 2202 2203 1644 
2836 1031 2808 911 
2837 848 850 849 
2838 146 598 145 
2839 892 895 894 
2840 1170 1171 1169 
2841 97 587 96 
2842 39 622 38 
2843 196 588 195 
2844 94 611 93 
2845 201 597 200 
2846 204 623 203 
2847 41 594 40 
2848 206 593 205 
2849 198 629 197 
2850 91 596 90 
2851 36 595 35 
2852 571 2932 80 
2853 570 2931 25 
2854 1626 2995 1002 
2855 148 619 147 
2856 144 620 143 
2857 89 626 88 
2858 34 628 33 
2859 2946 2947 2945 
2860 848 2915 1158 
2861 1598 1601 1600 
2862 1262 2977 1361 
2863 1400 1401 1399 
2864 636 2922 103 
2865 194 627 193 
2866 43 624 42 
2867 208 625 207 
2868 99 621 98 
2869 1181 1182 1180 
2870 2665 2668 2667 
2871 87 3021 86 
2872 1358 3046 1740 
2873 1970 2801 2101 
2874 86 590 85 
2875 31 589 30 
2876 151 591 150 
2877 142 592 141 
2878 1803 1805 1804 
2879 771 2990 773 
2880 2671 2676 1435 
2881 92 3016 91 
2882 2032 2055 2033 
2883 1080 1308 1133 
2884 2273 2613 2274 
2885 2205 2206 1643 
2886 1596 3072 1594 
2887 1433 1435 1434 
2888 1775 1778 1776 
2889 1473 1646 1645 
2890 46 576 45 
2891 211 577 210 
2892 102 572 101 
2893 191 573 190 
2894 1120 1121 1073 
2895 1732 2784 1510 
2896 954 956 955 
2897 149 3017 148 
2898 84 631 83 
2899 29 630 28 
2900 153 632 152 
2901 140 633 139 
2902 1394 1395 1392 
2903 1653 2625 2076 
2904 2226 2841 2224 
2905 1768 1771 1770 
2906 2072 2079 2071 
2907 1719 1751 1717 
2908 1238 2938 1240 
2909 1117 1323 1116 
2910 1564 1567 1566 
2911 1870 2983 1873 
2912 95 2998 94 
2913 1928 2191 1929 
2914 1798 1801 1800 
2915 901 903 902 
2916 833 836 835 
2917 2423 2562 2327 
2918 48 635 47 
2919 213 637 212 
2920 2984 3360 3353 
2921 27 3034 26 
2922 2030 2971 2028 
2923 1568 1835 1696 
2924 1420 2253 2119 
2925 138 3036 137 
2926 3887 3910 2464 
2927 1698 2943 1700 
2928 2819 2820 2818 
2929 1361 1757 1528 
2930 769 1544 771 
2931 1275 1374 1321 
2932 919 1543 921 
2933 1468 1506 1467 
2934 1375 1378 1377 
2935 1316 1317 1182 
2936 837 840 839 
2937 1357 3056 1264 
2938 134 640 133 
2939 156 574 155 
2940 161 564 160 
2941 158 638 157 
2942 81 571 80 
2943 132 565 131 
2944 137 575 136 
2945 26 570 25 
2946 1244 1624 1241 
2947 2587 2798 1467 
2948 743 2749 2747 
2949 1963 3129 2782 
2950 2101 2839 1855 
2951 2973 3384 3364 
2952 942 3070 981 
2953 1572 2970 993 
2954 209 3024 208 
2955 2028 2972 2025 
2956 2224 2598 2222 
2957 2228 2229 2227 
2958 2733 3038 2734 
2959 1513 1514 1512 
2960 2191 2193 2192 
2961 1765 2634 2083 
2962 1897 2377 2376 
2963 1511 1512 1510 
2964 2693 3283 3138 
2965 1575 1576 1574 
2966 1325 1327 1250 
2967 1683 1684 1682 
2968 44 3025 43 
2969 1427 2757 1829 
2970 601 3132 164 
2971 1469 1884 1698 
2972 1966 2987 2292 
2973 216 562 215 
2974 51 563 50 
2975 956 958 957 
2976 804 806 805 
2977 1190 2963 1193 
2978 1615 1928 1617 
2979 841 844 843 
2980 751 753 752 
2981 2070 2071 2069 
2982 1242 2938 1238 
2983 1556 2910 1973 
2984 876 877 875 
2985 1379 1427 1426 
2986 1204 3022 1201 
2987 1035 2792 905 
2988 1340 1702 1701 
2989 1246 1253 1252 
2990 870 871 869 
2991 2670 2672 2671 
2992 1193 1625 1346 
2993 2828 2835 2820 
2994 1152 1563 1385 
2995 1172 1173 1171 
2996 1758 1761 1760 
2997 2210 3343 2241 
2998 1203 1205 1204 
2999 1258 1261 1260 
3000 2349 2350 2348 
3001 1646 2912 1653 
3002 135 3040 134 
3003 1056 1058 1055 
3004 100 3028 99 
3005 733 1008 726 
3006 1515 1516 1514 
3007 1700 2288 1941 
3008 792 3100 976 
3009 2693 3138 2690 
3010 1805 1807 1806 
3011 871 3032 874 
3012 1348 1480 1148 
3013 1331 1991 1329 
3014 2236 2237 1904 
3015 2111 2112 1852 
3016 2078 2640 2639 
3017 874 875 873 
3018 1681 1682 1679 
3019 1559 3076 1889 
3020 648 2944 162 
3021 1968 2981 2980 
3022 2291 2575 2501 
3023 1546 2054 1548 
3024 159 3039 158 
3025 2817 2832 2814 
3026 1315 2991 2096 
3027 1113 1116 1064 
3028 1838 2273 1849 
3029 1339 1387 1386 
3030 1831 1882 1415 
3031 806 808 807 
3032 903 905 904 
3033 650 2954 217 
3034 649 2962 52 
3035 1030 1198 1020 
3036 2760 2764 2762 
3037 1757 3043 1758 
3038 1836 2992 1838 
3039 1371 3047 1668 
3040 2069 3056 1738 
3041 1460 3134 1454 
3042 2508 3908 2886 
3043 2232 2233 2231 
3044 1067 3368 3282 
3045 2136 2610 1729 
3046 1402 1403 1401 
3047 1517 1518 1516 
3048 773 790 775 
3049 737 2642 1542 
3050 1738 3056 1357 
3051 1550 1553 1552 
3052 2211 2603 2033 
3053 1484 1485 1483 
3054 1258 2783 1261 
3055 1778 1780 1779 
3056 2096 2987 1828 
3057 753 755 754 
3058 2218 2995 1626 
3059 2812 2813 1136 
3060 923 939 925 
3061 1573 1574 1572 
3062 1966 2292 2262 
3063 1486 1487 1485 
3064 1499 1500 1317 
3065 727 3178 998 
3066 2093 2094 2015 
3067 1758 3043 1761 
3068 1419 1675 1569 
3069 1866 2985 1869 
3070 2602 3372 2600 
3071 1981 2777 1116 
3072 641 3054 78 
3073 3064 3181 986 
3074 881 882 879 
3075 2351 2357 2350 
3076 53 3059 649 
3077 1577 1578 1576 
3078 1869 2985 2984 
3079 845 848 847 
3080 1207 1339 1338 
3081 1073 3063 1046 
3082 3439 3468 989 
3083 1156 2194 2018 
3084 1685 1686 1684 
3085 1563 2856 2851 
3086 1675 2091 1694 
3087 2768 2769 1619 
3088 1488 1489 1487 
3089 2614 3225 2071 
3090 644 3078 3077 
3091 1028 3053 747 
3092 1418 1670 1570 
3093 1579 1580 1578 
3094 1568 2848 1835 
3095 1828 2987 1966 
3096 2856 2857 2851 
3097 2341 2342 2233 
3098 2296 3042 2294 
3099 2360 3142 1503 
3100 2125 2126 1858 
3101 1062 1115 1058 
3102 2814 2816 2813 
3103 1876 1968 1878 
3104 1277 3295 3074 
3105 2130 3309 3298 
3106 1670 2090 1693 
3107 2372 3044 2421 
3108 958 960 959 
3109 189 634 188 
3110 104 636 103 
3111 1255 1256 1254 
3112 808 810 809 
3113 1931 2114 1672 
3114 830 831 829 
3115 1749 2005 1293 
3116 1240 3052 1246 
3117 562 2959 215 
3118 1342 1350 1131 
3119 981 3070 1000 
3120 2789 2793 2792 
3121 887 888 886 
3122 1276 3288 3073 
3123 1581 1582 1580 
3124 671 3179 673 
3125 2197 3064 3063 
3126 3353 3360 1236 
3127 1439 1441 1440 
3128 2202 2277 2203 
3129 1509 1510 1507 
3130 79 641 78 
3131 24 639 23 
3132 1413 1467 1351 
3133 2117 2632 2115 
3134 1878 2979 1880 
3135 861 3138 863 
3136 2068 2069 1738 
3137 1380 2913 2003 
3138 699 3145 692 
3139 1315 2096 1828 
3140 1880 2979 2209 
3141 2263 2964 2596 
3142 2527 2723 1008 
3143 600 3060 3059 
3144 2770 2771 2769 
3145 1889 2401 2021 
3146 145 2861 144 
3147 1668 3047 1922 
3148 203 3009 202 
3149 40 2860 39 
3150 1549 2011 1547 
3151 1331 2994 1991 
3152 70 3087 69 
3153 1922 3047 2371 
3154 98 2887 97 
3155 2134 2162 1887 
3156 1382 2926 2004 
3157 1516 3051 1720 
3158 1880 2209 1915 
3159 35 2862 34 
3160 2941 3375 1204 
3161 885 886 884 
3162 143 2892 142 
3163 1873 2983 2982 
3164 42 2885 41 
3165 207 2884 206 
3166 195 2888 194 
3167 2205 2276 2206 
3168 1253 1254 1252 
3169 2681 2684 2683 
3170 1490 1491 1489 
3171 2716 2718 1974 
3172 1404 1405 1403 
3173 854 857 856 
3174 1285 1985 1283 
3175 1807 1809 1808 
3176 3811 3947 571 
3177 150 3019 149 
3178 2421 3023 2422 
3179 1556 1557 1551 
3180 2216 2970 1572 
3181 1436 1439 1438 
3182 2371 3044 2372 
3183 2611 2612 1962 
3184 2220 2221 2219 
3185 30 2896 29 
3186 85 2895 84 
3187 141 2897 140 
3188 2430 2997 2355 
3189 1065 3110 1039 
3190 951 954 953 
3191 1603 2911 1601 
3192 96 3006 95 
3193 960 962 961 
3194 1553 1555 1554 
3195 648 2946 2945 
3196 2269 3133 1744 
3197 2955 2958 2957 
3198 1563 1564 1385 
3199 1230 3402 1233 
3200 2775 3421 776 
3201 1154 3048 812 
3202 47 2902 46 
3203 212 2904 211 
3204 2003 2913 2909 
3205 1873 2982 1876 
3206 3078 3079 3077 
3207 2971 2972 2028 
3208 1482 1483 1336 
3209 2874 2880 628 
3210 88 3020 87 
3211 2054 3031 1548 
3212 103 2922 102 
3213 2823 2824 2822 
3214 1380 1632 1381 
3215 3054 3055 77 
3216 661 3128 3092 
3217 1898 1978 1390 
3218 851 854 853 
3219 45 3026 44 
3220 1716 2756 2135 
3221 1519 1520 1518 
3222 2241 3343 3282 
3223 202 3015 201 
3224 1261 1262 1260 
3225 28 3033 27 
3226 1926 1927 1626 
3227 1314 3074 1627 
3228 1765 1766 1764 
3229 3083 3084 605 
3230 2069 3225 3056 
3231 2062 2315 2314 
3232 2315 2317 2316 
3233 604 3081 3080 
3234 905 907 906 
3235 996 3057 1691 
3236 2946 2948 2947 
3237 139 3035 138 
3238 101 3030 100 
3239 2372 2421 2420 
3240 1344 3073 1666 
3241 136 3041 135 
3242 1441 1443 1442 
3243 1854 1855 1853 
3244 1650 1652 1651 
3245 2034 2035 1908 
3246 1246 3052 1253 
3247 1717 2756 1716 
3248 648 3132 2946 
3249 1567 1568 1566 
3250 1300 1883 1311 
3251 1382 1636 1383 
3252 1727 3415 1369 
3253 1905 1906 1498 
3254 1174 1175 1173 
3255 3088 3090 3089 
3256 2154 2156 1882 
3257 755 757 756 
3258 1000 2279 1861 
3259 2051 2629 1982 
3260 962 964 963 
3261 1652 1677 1676 
3262 810 812 811 
3263 1876 2982 1968 
3264 857 859 858 
3265 162 2944 161 
3266 739 740 738 
3267 1521 1524 1520 
3268 2008 2010 2009 
3269 1687 1688 1686 
3270 1835 1836 1696 
3271 1120 1122 1121 
3272 3044 3406 2421 
3273 801 804 803 
3274 1757 1758 1528 
3275 1922 2371 2370 
3276 217 2954 216 
3277 52 2962 51 
3278 1583 1584 1582 
3279 1883 2297 2137 
3280 2023 2024 2022 
3281 2029 2030 2028 
3282 3082 3083 605 
3283 1173 3322 1171 
3284 2928 2929 1884 
3285 1492 1493 1491 
3286 1576 3156 1574 
3287 1122 2991 1315 
3288 2253 2310 2119 
3289 71 3085 70 
3290 859 861 860 
3291 130 647 129 
3292 163 648 162 
3293 1793 1794 1792 
3294 1000 3070 2279 
3295 2004 2926 2923 
3296 2006 2525 2005 
3297 2666 2669 1656 
3298 976 3100 991 
3299 2867 2869 2866 
3300 3088 3089 615 
3301 1406 1407 1405 
3302 190 2917 189 
3303 1567 2850 2849 
3304 53 649 52 
3305 218 650 217 
3306 733 2008 1008 
3307 2075 2663 1645 
3308 642 3065 108 
3309 2697 3283 2693 
3310 77 3055 76 
3311 1272 2989 1275 
3312 2813 3159 1136 
3313 812 814 813 
3314 1586 1587 1584 
3315 2317 2319 2318 
3316 1198 3241 3131 
3317 1969 1970 1855 
3318 2811 3066 2812 
3319 2031 2032 2030 
3320 25 2931 24 
3321 80 2932 79 
3322 1780 1782 1781 
3323 991 2281 1862 
3324 1121 3063 1073 
3325 2194 2604 2578 
3326 2177 2178 2035 
3327 737 738 736 
3328 1233 1235 1234 
3329 1620 3276 2894 
3330 1161 3197 2074 
3331 1697 2013 2012 
3332 1180 3203 1166 
3333 861 863 862 
3334 1522 3166 1657 
3335 3756 3968 3922 
3336 1164 3203 1995 
3337 2829 2830 2826 
3338 1222 1263 1224 
3339 1226 1229 1228 
3340 2166 2510 2492 
3341 1767 1768 1766 
3342 907 909 908 
3343 1677 1679 1678 
3344 1235 1238 1237 
3345 1018 1572 993 
3346 2010 2327 2326 
3347 882 3260 885 
3348 814 816 815 
3349 1889 3076 2401 
3350 1155 1984 1163 
3351 1589 1590 1587 
3352 1555 1717 1716 
3353 1241 3164 1216 
3354 1244 2800 1624 
3355 1176 1177 1175 
3356 1022 1626 1002 
3357 891 892 890 
3358 694 3320 3125 
3359 2153 3127 1762 
3360 816 818 817 
3361 2072 2080 2079 
3362 2377 2406 2405 
3363 1600 3072 1596 
3364 2070 2072 2071 
3365 1627 1642 1641 
3366 818 820 819 
3367 2876 2877 2874 
3368 944 945 940 
3369 2946 3132 2951 
3370 1997 1998 1970 
3371 2851 3177 2852 
3372 1642 1893 1736 
3373 2027 2028 2025 
3374 1092 1300 1299 
3375 609 3109 3108 
3376 2630 2651 2629 
3377 2254 3149 1633 
3378 1325 1328 1327 
3379 1103 1382 1105 
3380 78 3054 77 
3381 3077 3079 603 
3382 2056 2099 2055 
3383 1178 1179 1177 
3384 1761 1762 1760 
3385 745 746 744 
3386 796 797 795 
3387 1272 3233 2989 
3388 794 795 791 
3389 897 898 896 
3390 1443 1445 1444 
3391 895 896 894 
3392 757 759 758 
3393 1095 1380 1097 
3394 991 3100 2281 
3395 1866 1869 1868 
3396 2956 2960 2959 
3397 2097 2339 2098 
3398 939 940 925 
3399 610 3105 3104 
3400 1990 2925 2621 
3401 687 3130 685 
3402 1835 2848 2095 
3403 1658 1755 1523 
3404 1328 1660 1373 
3405 1873 1876 1874 
3406 1230 1233 1232 
3407 909 911 910 
3408 2295 2296 2294 
3409 1893 2097 1894 
3410 2721 2722 2719 
3411 1593 1594 1592 
3412 743 744 742 
3413 1809 1811 1810 
3414 1261 2783 1990 
3415 946 947 945 
3416 1666 2165 1667 
3417 2273 2274 1849 
3418 661 3144 3122 
3419 107 3065 560 
3420 1408 1409 1407 
3421 1876 1878 1877 
3422 186 561 185 
3423 76 559 75 
3424 21 558 20 
3425 107 560 106 
3426 836 837 835 
3427 1238 1240 1239 
3428 1052 3527 3513 
3429 1374 1375 1321 
3430 2371 2372 2370 
3431 600 3059 54 
3432 2815 2819 2818 
3433 3090 3091 3089 
3434 2068 2070 2069 
3435 1082 3110 1065 
3436 3130 3302 685 
3437 1389 1392 1391 
3438 1797 1798 1796 
3439 697 3125 1307 
3440 3084 3086 3085 
3441 3085 3087 70 
3442 1445 1447 1446 
3443 747 748 746 
3444 2421 2422 2420 
3445 2007 3130 687 
3446 1150 2022 1082 
3447 54 3059 53 
3448 610 3106 3105 
3449 1999 2000 1998 
3450 1870 1873 1872 
3451 1429 1430 1428 
3452 644 3077 183 
3453 645 3082 73 
3454 3224 3247 1312 
3455 899 900 898 
3456 790 791 775 
3457 1782 1784 1783 
3458 2288 2289 1941 
3459 2692 2695 2693 
3460 67 3128 661 
3461 2769 3156 1619 
3462 1378 1379 1377 
3463 851 3123 854 
3464 840 841 839 
3465 759 761 760 
3466 1584 3264 1582 
3467 1431 1432 1430 
3468 844 845 843 
3469 1558 1559 1557 
3470 3089 3128 615 
3471 2783 2925 1990 
3472 1276 3073 1344 
3473 964 966 965 
3474 1200 1201 1179 
3475 2225 2228 2227 
3476 655 3107 60 
3477 1427 1428 1426 
3478 749 750 748 
3479 3094 3097 3095 
3480 1277 3074 1314 
3481 1702 2547 1936 
3482 3091 3094 3093 
3483 1678 3391 1676 
3484 1843 1976 1975 
3485 1595 1596 1594 
3486 611 3075 93 
3487 1979 1980 1978 
3488 2263 2596 1967 
3489 948 949 947 
3490 2985 3323 2984 
3491 831 2976 833 
3492 1741 2269 1744 
3493 3092 3128 3089 
3494 1573 1575 1574 
3495 604 3080 110 
3496 2022 3110 1082 
3497 1965 2197 1827 
3498 798 799 797 
3499 1314 1627 1539 
3500 1433 1434 1432 
3501 2805 2809 2808 
3502 1344 1666 1665 
3503 184 644 183 
3504 109 642 108 
3505 74 645 73 
3506 19 643 18 
3507 1113 1117 1116 
3508 3282 3368 2241 
3509 2592 2594 2593 
3510 1394 1396 1395 
3511 1694 3111 1569 
3512 2001 2002 2000 
3513 1502 2360 1503 
3514 109 3080 642 
3515 2940 3228 1106 
3516 1784 1786 1785 
3517 1771 1772 1770 
3518 1841 2906 1483 
3519 820 822 821 
3520 1371 3135 3047 
3521 60 3107 59 
3522 678 3139 1562 
3523 108 3065 107 
3524 2708 2711 2710 
3525 901 902 900 
3526 1719 1752 1751 
3527 1454 3134 1456 
3528 2017 3233 1267 
3529 1396 1398 1397 
3530 1661 3207 1671 
3531 1663 2704 2701 
3532 2222 2952 2219 
3533 1773 1774 1772 
3534 720 3251 1026 
3535 220 3102 602 
3536 1878 1880 1879 
3537 182 3077 603 
3538 72 3082 605 
3539 2983 3353 2982 
3540 1811 1818 1812 
3541 3519 3529 1086 
3542 2486 3238 1359 
3543 1167 1170 1169 
3544 126 3101 646 
3545 1181 3310 1316 
3546 1974 2726 1617 
3547 1744 3133 1746 
3548 1503 3142 1505 
3549 1689 2966 1688 
3550 848 849 847 
3551 2293 2294 1743 
3552 183 3077 182 
3553 73 3082 72 
3554 3084 3085 605 
3555 2229 2232 2231 
3556 1602 1603 1601 
3557 2013 2347 2346 
3558 2821 3159 2813 
3559 1435 1436 1434 
3560 93 3075 92 
3561 751 752 750 
3562 1746 2278 2151 
3563 1468 1507 1506 
3564 2681 2683 1041 
3565 1505 1741 1722 
3566 2973 3364 1628 
3567 1597 1598 1596 
3568 1250 2800 1244 
3569 1127 1152 1151 
3570 661 3122 66 
3571 1240 1246 1245 
3572 66 3122 65 
3573 1575 1577 1576 
3574 599 3101 127 
3575 165 601 164 
3576 128 599 127 
3577 1477 1854 1853 
3578 55 600 54 
3579 220 602 219 
3580 2267 2268 1980 
3581 656 3102 221 
3582 2569 2570 2002 
3583 2953 3223 1098 
3584 646 3103 125 
3585 2789 2792 1035 
3586 1410 1411 1409 
3587 1607 3129 1621 
3588 3270 3335 2060 
3589 2670 2671 2669 
3590 2106 2380 2378 
3591 1342 1351 1350 
3592 110 3080 109 
3593 221 3102 220 
3594 1413 1468 1467 
3595 1648 2912 1646 
3596 1927 2220 2219 
3597 126 646 125 
3598 167 651 166 
3599 609 3108 223 
3600 610 3104 58 
3601 2122 3907 2886 
3602 57 654 56 
3603 222 656 221 
3604 605 3085 71 
3605 2078 2639 1986 
3606 1511 1513 1512 
3607 1196 3236 2017 
3608 111 604 110 
3609 182 603 181 
3610 72 605 71 
3611 17 606 16 
3612 222 3108 656 
3613 57 3104 654 
3614 1801 1802 1800 
3615 3094 3095 3093 
3616 127 3101 126 
3617 1947 2302 2180 
3618 124 3103 608 
3619 2294 3163 1743 
3620 125 3103 124 
3621 1880 1915 1914 
3622 2819 2828 2820 
3623 863 866 865 
3624 2674 2675 2672 
3625 1931 2115 2114 
3626 169 3112 607 
3627 223 3108 222 
3628 58 3104 57 
3629 114 3118 613 
3630 1755 3062 1523 
3631 177 3116 659 
3632 1691 1904 1903 
3633 124 608 123 
3634 169 607 168 
3635 59 610 58 
3636 224 609 223 
3637 179 612 178 
3638 114 613 113 
3639 14 614 13 
3640 69 615 68 
3641 612 3116 178 
3642 652 3112 170 
3643 658 3118 115 
3644 1300 1311 1299 
3645 61 3119 655 
3646 170 3112 169 
3647 115 3118 114 
3648 120 3120 663 
3649 175 3121 662 
3650 171 652 170 
3651 61 655 60 
3652 226 657 225 
3653 122 653 121 
3654 177 659 176 
3655 116 658 115 
3656 67 661 66 
3657 12 660 11 
3658 653 3120 121 
3659 659 3121 176 
3660 178 3116 177 
3661 694 3125 697 
3662 665 3119 62 
3663 62 3119 61 
3664 121 3120 120 
3665 176 3121 175 
3666 120 663 119 
3667 175 662 174 
3668 63 665 62 
3669 228 664 227 
3670 2778 3156 2769 
3671 1387 3300 1386 
3672 1456 1502 1462 
3673 1957 2592 2591 
3674 911 913 912 
3675 1869 1870 1868 
3676 1709 2195 1623 
3677 1513 1515 1514 
3678 68 3128 67 
3679 1140 1419 1139 
3680 1253 3220 1255 
3681 822 824 823 
3682 1138 1418 1137 
3683 827 829 828 
3684 824 827 826 
3685 1509 1511 1510 
3686 761 763 762 
3687 1018 1573 1572 
3688 1068 1127 1126 
3689 1398 1400 1399 
3690 1873 1874 1872 
3691 1448 1451 1450 
3692 1883 2137 1311 
3693 903 904 902 
3694 1152 1385 1384 
3695 1452 1460 1454 
3696 1564 1566 1565 
3697 2229 3049 2232 
3698 730 1301 724 
3699 3212 3332 1628 
3700 1959 2252 1734 
3701 1515 1517 1516 
3702 1976 2015 2014 
3703 753 754 752 
3704 867 3138 861 
3705 1888 2134 1887 
3706 2857 3177 2851 
3707 1756 3203 1180 
3708 1657 3166 1957 
3709 3047 3354 2371 
3710 725 3222 732 
3711 2023 2025 2024 
3712 1915 2275 2157 
3713 1668 1922 1921 
3714 2552 2554 2553 
3715 1229 1230 1228 
3716 1876 1877 1874 
3717 1256 1258 1257 
3718 2856 2858 2857 
3719 1577 1579 1578 
3720 3092 3144 661 
3721 36 3306 595 
3722 850 851 849 
3723 1422 1423 1142 
3724 954 955 953 
3725 59 3107 610 
3726 3080 3151 642 
3727 2024 3332 2022 
3728 2302 2617 2616 
3729 1851 1887 1534 
3730 1742 2254 1633 
3731 1231 3323 3205 
3732 913 915 914 
3733 1570 3388 2953 
3734 3091 3093 3092 
3735 1604 1605 1603 
3736 956 957 955 
3737 1775 1776 1774 
3738 2032 2056 2055 
3739 2145 3444 1727 
3740 1150 2023 2022 
3741 3097 3098 3095 
3742 1148 2991 1122 
3743 1022 1926 1626 
3744 1262 1361 1360 
3745 2429 2430 2355 
3746 2812 3066 2815 
3747 1072 1073 1046 
3748 1202 1203 1201 
3749 2815 3066 2819 
3750 673 3179 676 
3751 1246 1252 1251 
3752 2805 2808 1031 
3753 2027 2029 2028 
3754 697 1307 702 
3755 1366 1416 1146 
3756 1579 1581 1580 
3757 2228 3049 2229 
3758 610 3107 3106 
3759 1484 1486 1485 
3760 2550 2552 2551 
3761 1568 1696 1695 
3762 966 968 967 
3763 1681 1683 1682 
3764 1119 1120 1073 
3765 1439 1440 1438 
3766 1922 2370 2369 
3767 615 3128 68 
3768 1858 2977 1262 
3769 2201 2202 1644 
3770 2401 2402 2021 
3771 2204 2205 1643 
3772 1486 1488 1487 
3773 1482 1484 1483 
3774 763 765 764 
3775 1803 1804 1802 
3776 676 3139 678 
3777 1472 1473 1411 
3778 2523 3537 2088 
3779 1026 1037 1027 
3780 164 3132 163 
3781 668 1947 1085 
3782 1037 1050 1038 
3783 2029 2031 2030 
3784 1118 3546 3528 
3785 163 3132 648 
3786 1129 1137 1100 
3787 1125 1139 1108 
3788 2956 2959 562 
3789 3091 3092 3089 
3790 2777 3430 1198 
3791 2964 2993 2596 
3792 1654 1994 1993 
3793 706 708 707 
3794 996 1691 1690 
3795 2146 2485 2484 
3796 1854 1969 1855 
3797 804 805 803 
3798 1233 1234 1232 
3799 1606 1608 1605 
3800 806 807 805 
3801 755 756 754 
3802 1170 1172 1171 
3803 2232 2341 2233 
3804 905 906 904 
3805 1050 1053 1051 
3806 1609 1615 1608 
3807 2315 2316 2314 
3808 2413 2518 2082 
3809 1532 1533 1417 
3810 854 856 853 
3811 915 917 916 
3812 1778 1779 1776 
3813 1361 1528 1527 
3814 2306 3365 2210 
3815 1416 3153 1146 
3816 1524 2428 1913 
3817 1836 1838 1837 
3818 1962 2992 1836 
3819 1423 3157 1142 
3820 700 701 699 
3821 1235 1237 1234 
3822 1786 1788 1787 
3823 3086 3087 3085 
3824 1071 3170 1070 
3825 1016 3464 2846 
3826 1488 1490 1489 
3827 1053 3159 1060 
3828 3095 3096 3093 
3829 708 710 709 
3830 1963 2782 2780 
3831 3004 3005 3000 
3832 1816 2106 2105 
3833 1878 1879 1877 
3834 2907 3439 3418 
3835 672 1750 670 
3836 3146 3372 1752 
3837 1824 2309 2152 
3838 1195 3145 699 
3839 1746 3133 2278 
3840 1441 1442 1440 
3841 2347 2349 2348 
3842 3144 3173 3122 
3843 968 970 969 
3844 974 995 975 
3845 1864 2172 2171 
3846 871 873 872 
3847 690 2007 687 
3848 970 974 971 
3849 1042 1046 1014 
3850 1368 1369 1143 
3851 917 919 918 
3852 710 712 711 
3853 2413 2519 2518 
3854 1318 3155 1319 
3855 2172 2337 2336 
3856 1517 1519 1518 
3857 1457 3335 3270 
3858 2372 2420 2419 
3859 1683 1685 1684 
3860 1944 2550 2549 
3861 2354 2355 2044 
3862 733 3131 2008 
3863 866 869 868 
3864 2864 2867 2866 
3865 2336 2397 2338 
3866 958 959 957 
3867 2278 2298 2151 
3868 1061 3141 1034 
3869 2656 2660 2654 
3870 1456 3134 1502 
3871 1969 1997 1970 
3872 1805 1806 1804 
3873 1793 3217 3067 
3874 1340 3284 1702 
3875 808 809 807 
3876 2417 2529 2528 
3877 2317 2318 2316 
3878 2996 3436 2253 
3879 1053 1060 1059 
3880 696 699 692 
3881 720 1026 734 
3882 1400 1402 1401 
3883 1208 2246 1356 
3884 765 767 766 
3885 2336 2338 2171 
3886 1816 3198 2106 
3887 1659 2287 2271 
3888 678 1562 681 
3889 1238 1239 1237 
3890 2816 2822 2821 
3891 1093 1643 1087 
3892 1183 3244 2049 
3893 2960 2961 2959 
3894 1092 3282 1300 
3895 2081 2414 2412 
3896 2319 2320 2318 
3897 1581 1583 1582 
3898 1101 1644 1089 
3899 1726 1727 1369 
3900 1258 1260 1259 
3901 1505 3142 1741 
3902 2843 3383 926 
3903 1762 3127 1910 
3904 1524 3062 2428 
3905 1421 3155 1318 
3906 1420 2119 1474 
3907 1694 3433 3111 
3908 1647 1648 1646 
3909 767 769 768 
3910 2062 3335 2315 
3911 1147 1148 1122 
3912 1747 1856 1421 
3913 1156 3260 2194 
3914 1490 1492 1491 
3915 1268 3154 1266 
3916 2670 3413 2673 
3917 1243 1244 1241 
3918 1210 1420 1367 
3919 1870 1872 1871 
3920 3427 3448 2238 
3921 877 879 878 
3922 1632 1964 1381 
3923 3056 3259 1264 
3924 1380 1381 1097 
3925 1880 1914 1879 
3926 2225 3099 2228 
3927 1414 1715 1714 
3928 2113 2255 2037 
3929 1741 1744 1722 
3930 1897 3300 2377 
3931 1214 2036 1212 
3932 1866 1868 1867 
3933 2172 2336 2171 
3934 1740 1866 1865 
3935 1521 3062 1524 
3936 2223 3099 2225 
3937 2363 2364 1942 
3938 1382 1383 1105 
3939 1922 2369 1921 
3940 2412 2413 2082 
3941 1115 1290 1289 
3942 1519 1521 1520 
3943 2293 2295 2294 
3944 1240 1245 1239 
3945 907 908 906 
3946 2661 3478 2988 
3947 1123 1310 1309 
3948 1233 3337 1235 
3949 1997 1999 1998 
3950 683 706 689 
3951 1924 2417 2416 
3952 1671 3207 1944 
3953 2144 2145 1727 
3954 1758 1760 1759 
3955 857 858 856 
3956 2170 2361 1863 
3957 3093 3144 3092 
3958 960 961 959 
3959 1280 1659 1282 
3960 1358 1740 1739 
3961 810 811 809 
3962 1884 2943 1698 
3963 1636 1901 1383 
3964 1915 2157 1914 
3965 1492 1494 1493 
3966 1256 1257 1254 
3967 1172 1174 1173 
3968 1737 1738 1357 
3969 859 860 858 
3970 1843 1975 1622 
3971 1347 1348 1148 
3972 1874 1875 1872 
3973 2067 2068 1738 
3974 1590 1593 1592 
3975 1060 1080 1079 
3976 850 3123 851 
3977 2349 2351 2350 
3978 1218 1241 1216 
3979 3096 3144 3093 
3980 3095 3137 3096 
3981 1583 1586 1584 
3982 2295 2365 2296 
3983 882 884 883 
3984 1161 2074 1303 
3985 861 862 860 
3986 1070 3170 1123 
3987 757 758 756 
3988 2794 3468 2795 
3989 712 714 713 
3990 1788 1790 1789 
3991 1290 1498 1497 
3992 1424 1891 1348 
3993 1888 2159 2134 
3994 1443 1444 1442 
3995 1627 1641 1539 
3996 1144 1371 1370 
3997 2598 2952 2222 
3998 1402 1404 1403 
3999 962 963 961 
4000 3098 3137 3095 
4001 1999 2001 2000 
4002 909 910 908 
4003 1642 1736 1641 
4004 1329 2930 1115 
4005 1669 2131 1322 
4006 1619 3156 1576 
4007 984 1638 1011 
4008 1711 1950 1530 
4009 1685 1687 1686 
4010 3393 3416 2235 
4011 1502 1503 1462 
4012 1206 1207 1205 
4013 704 705 701 
4014 1906 1908 1907 
4015 2867 2872 2869 
4016 2793 2803 2792 
4017 1807 1808 1806 
4018 1659 3440 2287 
4019 1586 1589 1587 
4020 2300 2386 2385 
4021 2298 2300 2299 
4022 1838 1849 1848 
4023 1958 2539 2538 
4024 1971 3200 1972 
4025 1040 1067 1066 
4026 1851 1888 1887 
4027 1564 1565 1385 
4028 2056 2108 2099 
4029 1549 3291 2011 
4030 1780 1781 1779 
4031 1864 2171 2170 
4032 2824 2826 2825 
4033 2372 2419 2370 
4034 1083 1084 1061 
4035 1047 1071 1070 
4036 1249 1250 1244 
4037 1707 2050 1334 
4038 1870 1871 1868 
4039 1318 1319 1135 
4040 3081 3151 3080 
4041 2692 2693 2690 
4042 2684 2685 2683 
4043 1127 1151 1126 
4044 2170 2479 2361 
4045 1955 2037 1529 
4046 1666 1667 1665 
4047 1084 3141 1061 
4048 1892 2124 1891 
4049 2019 2555 1950 
4050 1111 3135 1144 
4051 2081 2412 2082 
4052 714 716 715 
4053 1704 1724 1355 
4054 1324 1325 1250 
4055 1624 3164 1241 
4056 732 3222 984 
4057 1954 2545 2544 
4058 2274 2335 2334 
4059 2146 3175 2485 
4060 1419 2121 1675 
4061 1893 1894 1736 
4062 1418 2118 1670 
4063 1080 1133 1132 
4064 1714 2081 1747 
4065 964 965 963 
4066 2946 2951 2948 
4067 2165 2531 1667 
4068 2081 2082 1747 
4069 1839 2249 2242 
4070 3015 3459 597 
4071 1958 1959 1734 
4072 812 813 811 
4073 1136 3159 1053 
4074 1762 1910 1847 
4075 1714 1747 1421 
4076 1188 1466 1186 
4077 1535 1890 1733 
4078 1246 1251 1245 
4079 759 760 758 
4080 1994 2179 1993 
4081 2097 2098 1894 
4082 2338 3148 2171 
4083 1133 1469 1304 
4084 1557 3291 1551 
4085 1469 1698 1470 
4086 2369 2488 1921 
4087 2422 2478 2420 
4088 2275 2415 2157 
4089 1152 1384 1151 
4090 1532 1534 1533 
4091 981 1000 999 
4092 1711 2019 1950 
4093 1535 3183 1890 
4094 781 1286 778 
4095 1217 1220 1219 
4096 863 865 862 
4097 1081 1082 1065 
4098 2339 2340 2098 
4099 2001 2569 2002 
4100 1252 1312 1251 
4101 1864 2170 1863 
4102 1067 1092 1091 
4103 1414 1714 1421 
4104 2518 3150 2082 
4105 2385 2426 2299 
4106 814 815 813 
4107 888 890 889 
4108 1649 1650 1648 
4109 2137 2139 2138 
4110 3110 3332 3212 
4111 1958 2538 1959 
4112 1748 2486 1359 
4113 2205 2942 2276 
4114 1445 1446 1444 
4115 1846 3154 1268 
4116 1705 1864 1863 
4117 787 788 783 
4118 1404 1406 1405 
4119 1668 1921 1711 
4120 2184 2375 2374 
4121 1000 1861 1692 
4122 1092 1299 1298 
4123 2795 2906 1841 
4124 2300 2385 2299 
4125 1879 1881 1877 
4126 1388 1389 1387 
4127 1262 1360 1260 
4128 2298 2299 2151 
4129 1447 1448 1446 
4130 2072 3152 2080 
4131 1196 2017 1267 
4132 931 1288 928 
4133 992 993 977 
4134 1861 2304 2120 
4135 1568 1695 1566 
4136 1356 1705 1704 
4137 1910 2352 2188 
4138 2202 2916 2277 
4139 2418 2557 1945 
4140 725 726 705 
4141 2212 3247 3224 
4142 1293 2976 831 
4143 1790 1792 1791 
4144 919 921 920 
4145 1029 1030 1020 
4146 769 771 770 
4147 816 817 815 
4148 1957 3166 2592 
4149 1368 1726 1369 
4150 2971 3384 2972 
4151 1866 1867 1865 
4152 1366 1417 1416 
4153 2081 3147 2414 
4154 818 819 817 
4155 1475 2143 1109 
4156 1371 1668 1530 
4157 1836 1837 1696 
4158 1272 1275 1274 
4159 1715 3147 1714 
4160 1747 3150 1856 
4161 1868 3140 1867 
4162 2771 2778 2769 
4163 1451 1452 1450 
4164 2032 3201 2056 
4165 2667 3413 2666 
4166 2351 2536 2357 
4167 1230 1232 1231 
4168 2160 2391 2389 
4169 716 718 717 
4170 1017 1018 993 
4171 1149 1150 1082 
4172 2126 2977 1858 
4173 2328 2423 2327 
4174 1500 1764 1763 
4175 1698 1700 1699 
4176 1226 1228 1227 
4177 932 936 935 
4178 1174 1176 1175 
4179 2171 3148 2170 
4180 1001 1002 982 
4181 1661 1662 1660 
4182 2026 2027 2025 
4183 1809 1810 1808 
4184 1976 2014 1975 
4185 2157 2303 1914 
4186 1213 1635 1215 
4187 1746 2151 2150 
4188 2051 3187 2630 
4189 976 991 990 
4190 1871 3140 1868 
4191 1269 1272 1271 
4192 1547 3045 1545 
4193 1494 3136 1493 
4194 1668 1711 1530 
4195 1252 3224 1312 
4196 1125 1140 1139 
4197 2170 3148 2479 
4198 1129 1138 1137 
4199 1032 3057 995 
4200 2583 2584 1949 
4201 1270 1846 1268 
4202 937 938 933 
4203 1042 1072 1046 
4204 2361 3169 3168 
4205 1063 1064 1030 
4206 1862 2306 2210 
4207 1208 1356 1355 
4208 820 821 819 
4209 1208 3172 2246 
4210 1477 3220 1854 
4211 1598 1602 1601 
4212 1414 1421 1318 
4213 1700 1941 1940 
4214 740 742 741 
4215 3404 3427 2238 
4216 1705 1863 1704 
4217 1015 1044 1043 
4218 1744 1746 1745 
4219 1275 1321 1320 
4220 837 839 838 
4221 1144 1370 1368 
4222 1072 1119 1073 
4223 2389 2390 2161 
4224 1144 3135 1371 
4225 1176 1178 1177 
4226 1733 1958 1734 
4227 1021 1022 1002 
4228 1850 2282 2148 
4229 1593 1595 1594 
4230 1535 1630 1298 
4231 680 1109 674 
4232 1924 3265 2417 
4233 1733 1734 1630 
4234 845 847 846 
4235 892 894 893 
4236 1166 3203 1164 
4237 831 833 832 
4238 2289 2291 2290 
4239 1356 1704 1355 
4240 1375 1377 1376 
4241 2612 2992 1962 
4242 841 843 842 
4243 991 1862 1830 
4244 1714 3147 2081 
4245 911 912 910 
4246 1010 1020 983 
4247 1220 1222 1221 
4248 1112 1113 1064 
4249 927 2039 930 
4250 1856 3155 1421 
4251 2150 2266 1745 
4252 2113 2489 2255 
4253 2139 2176 2175 
4254 782 786 785 
4255 1267 3233 1269 
4256 2160 2161 2159 
4257 2130 2409 2408 
4258 732 733 726 
4259 1687 1689 1688 
4260 1120 1147 1122 
4261 1371 1530 1370 
4262 2592 2593 2591 
4263 2146 2484 2384 
4264 1782 1783 1781 
4265 1258 1259 1257 
4266 2082 3150 1747 
4267 761 762 760 
4268 1740 1865 1739 
4269 3205 3323 3046 
4270 1234 1236 1232 
4271 1361 1527 1360 
4272 2364 3315 1942 
4273 2026 2184 2183 
4274 1222 1224 1223 
4275 1111 1144 1143 
4276 1379 1426 1425 
4277 1654 3247 1994 
4278 1130 1131 1117 
4279 1190 1193 1192 
4280 1457 3392 2901 
4281 1758 1759 1528 
4282 1726 2144 1727 
4283 1834 2130 2129 
4284 1671 1672 1662 
4285 2552 2553 2551 
4286 2511 2512 2031 
4287 718 729 728 
4288 1224 1226 1225 
4289 1719 3146 1752 
4290 2291 2501 2500 
4291 2204 3124 2205 
4292 1187 1190 1189 
4293 1888 2160 2159 
4294 2137 2138 1311 
4295 676 3179 3139 
4296 1309 1414 1318 
4297 2070 2109 2072 
4298 1406 1408 1407 
4299 2253 3467 2310 
4300 1178 1200 1179 
4301 1726 2146 2144 
4302 1955 2113 2037 
4303 1123 1309 1135 
4304 1069 1110 1045 
4305 1859 1937 1818 
4306 1081 1208 1149 
4307 1310 3158 1309 
4308 1183 2049 1185 
4309 1697 3310 2013 
4310 777 2041 780 
4311 1144 1368 1143 
4312 1299 1535 1298 
4313 1595 1597 1596 
4314 1067 1091 1066 
4315 1309 1318 1135 
4316 1737 2067 1738 
4317 1230 1231 1228 
4318 2695 2697 2693 
4319 1123 1135 1083 
4320 729 736 735 
4321 1092 1298 1091 
4322 1081 1149 1082 
4323 2074 3538 2546 
4324 1850 1851 1534 
4325 1193 1346 1345 
4326 1971 1972 1713 
4327 1414 3158 1715 
4328 1928 2356 2191 
4329 1341 1342 1131 
4330 2015 2016 2014 
4331 871 872 869 
4332 3278 3357 2963 
4333 1493 3136 1824 
4334 771 773 772 
4335 1505 1722 1721 
4336 1145 2250 1365 
4337 1537 2046 1916 
4338 1712 1713 1362 
4339 1138 3153 1418 
4340 1111 1143 1110 
4341 921 923 922 
4342 1744 1745 1722 
4343 1055 1078 1048 
4344 1301 3181 3058 
4345 1070 1123 1083 
4346 1093 2204 1643 
4347 1026 1027 734 
4348 2146 2384 2144 
4349 1691 1903 1690 
4350 1721 1743 1504 
4351 966 967 965 
4352 1068 1126 1069 
4353 1333 1674 1673 
4354 3096 3173 3144 
4355 1412 1413 1351 
4356 1346 1933 1655 
4357 2417 2528 2416 
4358 1123 3170 1310 
4359 1784 1785 1783 
4360 2205 3124 2942 
4361 1141 3171 1333 
4362 2160 2389 2161 
4363 1794 1796 1795 
4364 1933 2213 1934 
4365 2816 2821 2813 
4366 833 835 834 
4367 1718 1719 1717 
4368 1930 1931 1672 
4369 2067 2494 2068 
4370 2213 2215 2214 
4371 1535 1733 1630 
4372 2695 3398 2698 
4373 1069 1111 1110 
4374 1018 1628 1573 
4375 2023 2026 2025 
4376 1208 1355 1149 
4377 2127 2128 1833 
4378 2194 3260 2837 
4379 1037 1038 1027 
4380 1101 2201 1644 
4381 1114 3257 2996 
4382 2151 3192 2150 
4383 2215 2515 2514 
4384 1312 1654 1334 
4385 2187 2558 1952 
4386 866 868 865 
4387 1140 3157 1419 
4388 1050 1051 1038 
4389 1674 2100 1909 
4390 1066 1081 1065 
4391 851 853 852 
4392 1746 2150 1745 
4393 1312 1334 1251 
4394 855 2572 2245 
4395 763 764 762 
4396 1070 1083 1061 
4397 1627 3403 1642 
4398 1508 1509 1507 
4399 1245 1247 1239 
4400 822 823 821 
4401 1666 3396 2165 
4402 1654 1993 1707 
4403 1408 1410 1409 
4404 1702 3284 2548 
4405 1436 1438 1437 
4406 913 914 912 
4407 827 828 826 
4408 2116 2117 2115 
4409 2062 2314 2313 
4410 1865 2259 1739 
4411 1953 2293 1743 
4412 1958 3167 2539 
4413 824 826 823 
4414 1602 1604 1603 
4415 1680 1681 1679 
4416 1200 1202 1201 
4417 1053 1059 1051 
4418 2149 2343 1909 
4419 1151 1199 1126 
4420 1824 3136 2309 
4421 1528 3189 1527 
4422 2139 2175 2138 
4423 2150 2537 2266 
4424 1904 2344 1903 
4425 1634 1845 1844 
4426 2184 2374 2183 
4427 915 916 914 
4428 2071 3225 2069 
4429 1358 1739 1737 
4430 2320 2325 2321 
4431 2210 3365 3343 
4432 261 555 262 
4433 274 557 273 
4434 234 556 235 
4435 248 554 249 
4436 2425 2504 2258 
4437 1768 1770 1769 
4438 773 775 774 
4439 2274 2334 1849 
4440 2550 2551 2549 
4441 1047 1070 1061 
4442 877 878 875 
4443 923 925 924 
4444 1503 1505 1504 
4445 1455 1458 1453 
4446 2361 3168 1863 
4447 949 951 950 
4448 2067 2495 2494 
4449 251 579 252 
4450 264 578 265 
4451 1838 1848 1837 
4452 3370 3419 1308 
4453 1147 1347 1148 
4454 696 700 699 
4455 1022 2164 1926 
4456 2258 3293 1735 
4457 1798 1800 1799 
4458 2366 2367 1918 
4459 1420 1474 1367 
4460 1218 1243 1241 
4461 2036 3161 1212 
4462 2050 3213 1334 
4463 1088 1095 1094 
4464 271 580 270 
4465 231 581 232 
4466 992 1017 993 
4467 672 3206 1750 
4468 1393 1394 1392 
4469 1531 1532 1417 
4470 2052 3396 3350 
4471 1496 2085 1943 
4472 1347 1424 1348 
4473 1015 1043 1042 
4474 2029 2511 2031 
4475 995 996 975 
4476 2845 3470 2844 
4477 1839 3193 2249 
4478 133 3326 132 
4479 917 918 916 
4480 1532 1850 1534 
4481 2809 2810 2808 
4482 2060 2062 2061 
4483 1811 1812 1810 
4484 1044 1068 1045 
4485 974 975 971 
4486 2377 3300 2905 
4487 1040 1066 1065 
4488 1265 3205 3046 
4489 3481 3946 2400 
4490 2282 2482 2148 
4491 1704 3168 1724 
4492 968 969 967 
4493 1654 1707 1334 
4494 2824 2825 2822 
4495 2266 3210 1745 
4496 2969 3235 2968 
4497 1611 3188 1634 
4498 1255 3220 1477 
4499 1786 1787 1785 
4500 245 569 246 
4501 237 567 238 
4502 258 568 259 
4503 277 566 276 
4504 1047 1061 1034 
4505 3343 3365 1883 
4506 1993 2077 1707 
4507 2173 2174 1895 
4508 1068 1069 1045 
4509 1083 3165 1084 
4510 1001 1025 1021 
4511 2354 2429 2355 
4512 1890 3167 1733 
4513 1456 1462 1461 
4514 2026 2183 2027 
4515 727 998 731 
4516 2031 3201 2032 
4517 2975 3237 2974 
4518 1227 1264 1225 
4519 1099 1276 1128 
4520 1917 1918 1664 
4521 2056 3201 2404 
4522 1228 3205 1227 
4523 2131 3294 1322 
4524 970 971 969 
4525 1145 1146 1138 
4526 1762 1847 1760 
4527 1589 3149 1590 
4528 1107 1277 1124 
4529 1365 1366 1146 
4530 1090 1103 1102 
4531 1948 2398 2208 
4532 2257 2258 1735 
4533 700 704 701 
4534 3645 3752 1495 
4535 1358 1737 1357 
4536 3138 3283 863 
4537 1243 1249 1244 
4538 1319 3165 1135 
4539 995 3057 996 
4540 765 766 764 
4541 1226 1227 1225 
4542 1948 2073 1538 
4543 3625 3639 1900 
4544 799 801 800 
4545 855 3286 2572 
4546 873 1161 872 
4547 1854 2207 1969 
4548 1001 1021 1002 
4549 1604 1606 1605 
4550 1265 1358 1357 
4551 1673 1706 1422 
4552 280 585 279 
4553 240 582 241 
4554 242 584 243 
4555 255 583 256 
4556 919 920 918 
4557 882 883 879 
4558 1839 2038 1119 
4559 992 1019 1017 
4560 706 707 689 
4561 5 586 229 
4562 2210 2241 1830 
4563 1015 1042 1014 
4564 1424 1892 1891 
4565 1850 2148 1851 
4566 1606 1609 1608 
4567 1020 3131 983 
4568 1854 3220 2207 
4569 1072 1839 1119 
4570 1609 1616 1615 
4571 1000 1692 999 
4572 1575 1585 1577 
4573 2217 3403 3352 
4574 1861 2120 1692 
4575 1309 3158 1414 
4576 1333 1422 1142 
4577 1259 2212 1257 
4578 2066 2358 1886 
4579 1473 1647 1646 
4580 2299 3192 2151 
4581 1360 3204 1260 
4582 721 722 703 
4583 1025 1047 1034 
4584 1060 1079 1059 
4585 1284 1285 1283 
4586 1862 2210 1830 
4587 1366 1531 1417 
4588 2929 2943 1884 
4589 1276 1344 1343 
4590 1146 3153 1138 
4591 2426 3192 2299 
4592 2380 2580 2378 
4593 1203 1206 1205 
4594 1281 1283 1279 
4595 1324 1364 1325 
4596 1822 2045 1946 
4597 1938 1951 1658 
4598 1917 2381 2366 
4599 1335 1336 1285 
4600 1503 1504 1462 
4601 987 1015 1014 
4602 2404 2750 2108 
4603 2120 2239 1692 
4604 1454 1456 1455 
4605 845 846 843 
4606 767 768 766 
4607 1095 1097 1096 
4608 1220 1221 1219 
4609 1944 3207 2550 
4610 2043 2168 2167 
4611 831 832 829 
4612 1103 1105 1104 
4613 1721 1953 1743 
4614 1481 1482 1336 
4615 1277 1314 1313 
4616 1822 3292 2045 
4617 1182 1756 1180 
4618 1724 3191 1355 
4619 708 709 707 
4620 991 1830 990 
4621 769 770 768 
4622 1954 3189 2545 
4623 1659 2271 1282 
4624 272 2441 271 
4625 1839 2242 2038 
4626 2295 2493 2365 
4627 1410 1472 1411 
4628 1638 1832 1011 
4629 1344 1665 1664 
4630 987 1014 986 
4631 1224 1225 1223 
4632 1044 1045 1043 
4633 1333 3171 1674 
4634 1463 2060 2058 
4635 233 2618 234 
4636 2113 2490 2489 
4637 1260 3204 1259 
4638 2242 2243 2038 
4639 1265 1357 1264 
4640 1947 2180 1085 
4641 1851 3176 1888 
4642 855 2244 852 
4643 1825 3291 1557 
4644 2106 2378 2105 
4645 2305 3200 1971 
4646 2417 3208 2529 
4647 2150 3192 2537 
4648 1145 3275 2250 
4649 1328 1661 1660 
4650 1559 1889 1825 
4651 710 711 709 
4652 2174 3252 1895 
4653 1314 1539 1538 
4654 1222 1223 1221 
4655 1119 3209 1120 
4656 841 842 839 
4657 247 2431 248 
4658 1249 1324 1250 
4659 230 2444 231 
4660 1733 3167 1958 
4661 1863 3168 1704 
4662 2056 2404 2108 
4663 1906 1907 1498 
4664 1025 1034 1021 
4665 1019 1040 1039 
4666 275 2436 274 
4667 1953 2427 2293 
4668 1080 1132 1079 
4669 1111 3180 3135 
4670 2453 2455 2452 
4671 2672 3339 2671 
4672 1040 1065 1039 
4673 232 2507 233 
4674 2283 2284 1899 
4675 273 2472 272 
4676 1505 1721 1504 
4677 1019 1039 1017 
4678 1633 3149 1589 
4679 1227 1265 1264 
4680 3110 3212 1039 
4681 250 2440 251 
4682 1141 1142 1140 
4683 1999 2200 2001 
4684 1522 1523 1521 
4685 2531 2533 2532 
4686 249 2471 250 
4687 1418 3153 2118 
4688 1129 1145 1138 
4689 951 953 952 
4690 1120 3209 1147 
4691 837 838 835 
4692 990 992 977 
4693 2302 2616 2180 
4694 2172 3435 2337 
4695 684 685 682 
4696 257 2446 258 
4697 2250 2251 1365 
4698 1311 3183 1299 
4699 1142 3157 1140 
4700 1339 1388 1387 
4701 1115 1289 1058 
4702 260 2526 261 
4703 2010 2328 2327 
4704 2399 2567 2321 
4705 1147 1349 1347 
4706 1914 3184 1879 
4707 1991 2930 1329 
4708 2335 2481 2334 
4709 278 2456 277 
4710 1657 1658 1523 
4711 731 986 730 
4712 2821 3370 2834 
4713 244 2450 245 
4714 1901 2619 2217 
4715 1527 1954 1529 
4716 1145 1365 1146 
4717 2120 2589 2239 
4718 1527 1529 1360 
4719 1848 2285 1837 
4720 2100 2149 1909 
4721 983 3131 733 
4722 2789 3395 2793 
4723 704 725 705 
4724 888 889 886 
4725 712 713 711 
4726 2178 2312 2035 
4727 1954 2544 1955 
4728 1964 2564 2052 
4729 256 2517 257 
4730 942 3219 3070 
4731 259 2491 260 
4732 2289 2290 1941 
4733 1674 1909 1673 
4734 1370 3175 1368 
4735 2149 2573 2343 
4736 1223 1248 1221 
4737 1469 1470 1304 
4738 727 730 724 
4739 1135 3165 1083 
4740 976 990 977 
4741 1010 1029 1020 
4742 847 1211 846 
4743 1462 3163 1461 
4744 940 1305 925 
4745 1611 1633 1589 
4746 1634 3188 1845 
4747 1452 1454 1453 
4748 1133 1304 1132 
4749 1299 3183 1535 
4750 1254 3224 1252 
4751 279 2473 278 
4752 2303 3184 1914 
4753 1954 1955 1529 
4754 1448 1450 1449 
4755 1113 1130 1117 
4756 6 2462 280 
4757 1910 2188 1847 
4758 2894 3264 1584 
4759 1419 3157 2121 
4760 7 2461 255 
4761 1879 3184 1881 
4762 1889 2021 2020 
4763 698 1639 695 
4764 1150 3185 2023 
4765 725 732 726 
4766 801 803 802 
4767 243 2475 244 
4768 1424 1924 1892 
4769 246 2474 247 
4770 1211 1212 846 
4771 2005 2976 1293 
4772 885 3260 1156 
4773 1333 1673 1422 
4774 1820 2497 2496 
4775 3378 3417 1705 
4776 851 852 849 
4777 268 2465 5 
4778 791 1306 775 
4779 1727 3444 3415 
4780 1759 3189 1528 
4781 3141 3215 1034 
4782 1124 1125 1108 
4783 2320 2321 2318 
4784 1029 1063 1030 
4785 1375 1376 1321 
4786 1849 3234 1848 
4787 1231 3205 1228 
4788 853 855 852 
4789 981 999 982 
4790 731 987 986 
4791 921 922 920 
4792 2352 2508 2188 
4793 1581 1599 1583 
4794 2255 3348 2037 
4795 1128 1129 1100 
4796 923 924 922 
4797 2068 3182 2070 
4798 999 1001 982 
4799 892 893 890 
4800 2316 2324 2314 
4801 1342 1412 1351 
4802 884 1196 883 
4803 1149 3191 1150 
4804 740 741 738 
4805 2109 3152 2072 
4806 981 982 943 
4807 1125 1141 1140 
4808 2394 2561 2395 
4809 1096 1098 1094 
4810 2160 3176 2391 
4811 1379 1425 1377 
4812 792 3214 3100 
4813 976 977 793 
4814 771 772 770 
4815 1069 3180 1111 
4816 1698 1699 1470 
4817 1924 2416 1945 
4818 269 618 268 
4819 1290 1497 1289 
4820 1249 1326 1324 
4821 2179 3174 1993 
4822 1902 2394 2393 
4823 1456 1461 1455 
4824 984 3222 1638 
4825 1217 1219 1218 
4826 942 981 943 
4827 1217 3196 1220 
4828 691 694 693 
4829 1908 1932 1907 
4830 773 774 772 
4831 1788 1789 1787 
4832 2877 2881 2880 
4833 1099 1100 1098 
4834 1650 1703 1652 
4835 1428 1571 1426 
4836 267 2476 6 
4837 1523 3062 1521 
4838 1330 3284 1340 
4839 732 983 733 
4840 1141 3263 3171 
4841 2416 2418 1945 
4842 1063 1112 1064 
4843 1066 3172 1081 
4844 1141 1333 1142 
4845 2494 3182 2068 
4846 1712 2190 1971 
4847 896 985 894 
4848 862 864 860 
4849 732 984 983 
4850 1126 3180 1069 
4851 1468 1508 1507 
4852 720 734 721 
4853 1104 1106 1102 
4854 1500 1763 1317 
4855 1657 1957 1938 
4856 2531 2532 1667 
4857 1931 2116 2115 
4858 716 717 715 
4859 1630 3367 3338 
4860 858 1291 856 
4861 2037 3204 1529 
4862 1215 1217 1216 
4863 714 715 713 
4864 2826 2827 2825 
4865 2718 2726 1974 
4866 949 950 947 
4867 1635 3196 1215 
4868 2512 3201 2031 
4869 1227 3205 1265 
4870 2325 2399 2321 
4871 1432 1459 1430 
4872 1551 3291 1549 
4873 1511 1525 1513 
4874 1368 3175 1726 
4875 1917 2366 1918 
4876 1091 3172 1066 
4877 1736 1912 1641 
4878 694 697 695 
4879 1272 1274 1271 
4880 2284 3268 1899 
4881 746 978 744 
4882 1924 1945 1892 
4883 1712 1971 1713 
4884 1661 1671 1662 
4885 1051 1052 1038 
4886 1107 1108 1106 
4887 1677 1680 1679 
4888 1452 1453 1450 
4889 1217 1218 1216 
4890 799 800 797 
4891 1848 2286 2285 
4892 1700 1940 1699 
4893 2148 3176 1851 
4894 697 702 698 
4895 1063 1114 1112 
4896 792 976 793 
4897 702 720 703 
4898 556 666 235 
4899 723 724 722 
4900 1386 3300 1897 
4901 942 943 937 
4902 774 776 772 
4903 673 676 675 
4904 1760 3239 1759 
4905 785 792 787 
4906 1539 1948 1538 
4907 1634 1742 1633 
4908 931 3218 1288 
4909 1210 1367 1362 
4910 720 721 703 
4911 792 793 787 
4912 2138 3183 1311 
4913 1275 1320 1274 
4914 727 731 730 
4915 1598 3279 1602 
4916 1355 3191 1149 
4917 785 787 783 
4918 2014 2608 1975 
4919 1647 1649 1648 
4920 1436 1437 1434 
4921 1081 3172 1208 
4922 1463 3270 2060 
4923 1215 1216 1214 
4924 2188 2189 1847 
4925 2011 3045 1547 
4926 1586 1611 1589 
4927 1665 1917 1664 
4928 1114 1210 1209 
4929 825 1076 802 
4930 1948 2208 2073 
4931 1888 3176 2160 
4932 1344 1664 1343 
4933 1088 1093 1087 
4934 1199 3180 1126 
4935 1314 1538 1313 
4936 984 1011 1010 
4937 1109 3206 674 
4938 1515 1526 1517 
4939 833 834 832 
4940 972 1074 952 
4941 1845 2265 1844 
4942 1130 2247 1341 
4943 1454 1455 1453 
4944 1957 2591 2330 
4945 924 926 922 
4946 1277 1313 1124 
4947 254 2470 7 
4948 3323 3360 2984 
4949 1276 1343 1128 
4950 1130 1341 1131 
4951 1726 3175 2146 
4952 730 3181 1301 
4953 1794 1795 1792 
4954 1964 2052 1381 
4955 1095 1096 1094 
4956 1017 3212 1018 
4957 1412 1754 1753 
4958 1745 3210 1722 
4959 902 941 900 
4960 253 616 254 
4961 266 617 267 
4962 2194 2837 2604 
4963 782 785 783 
4964 2098 2308 1894 
4965 2864 3306 2867 
4966 935 942 937 
4967 932 935 933 
4968 1448 1449 1446 
4969 702 703 698 
4970 1206 1359 1207 
4971 1213 1215 1214 
4972 872 3249 869 
4973 1681 3186 1683 
4974 936 3219 935 
4975 1905 3405 1906 
4976 930 932 931 
4977 2328 3216 2423 
4978 1132 1134 1079 
4979 843 3161 842 
4980 2979 3408 2209 
4981 1213 1214 1212 
4982 1993 3174 2077 
4983 1529 3204 1360 
4984 2026 3185 2184 
4985 855 2245 2244 
4986 2291 2500 2290 
4987 938 3218 933 
4988 1754 2270 2158 
4989 1161 1302 872 
4990 1470 1471 1304 
4991 2877 2880 2874 
4992 1484 1536 1486 
4993 868 2040 1295 
4994 935 937 933 
4995 752 789 750 
4996 932 933 931 
4997 927 930 928 
4998 1820 3316 2497 
4999 1671 1930 1672 
5000 930 931 928 
5001 1090 1101 1089 
5002 718 728 717 
5003 1622 3276 1620 
5004 566 2445 276 
5005 1901 2217 1383 
5006 736 1183 735 
5007 679 1287 677 
5008 869 3249 868 
5009 1018 3212 1628 
5010 1844 2280 1742 
5011 1490 1495 1492 
5012 1269 3233 1272 
5013 1790 1791 1789 
5014 1832 1840 1011 
5015 1442 1457 1440 
5016 868 1295 865 
5017 1103 1104 1102 
5018 932 3221 936 
5019 1190 1192 1189 
5020 839 3162 838 
5021 1671 1944 1930 
5022 1412 1753 1413 
5023 1475 2307 2143 
5024 782 783 781 
5025 1112 3269 1113 
5026 680 1475 1109 
5027 1161 1303 1302 
5028 2013 3310 2595 
5029 1508 2047 1895 
5030 1021 3215 1022 
5031 2104 2107 1815 
5032 2252 3367 1734 
5033 1099 1128 1100 
5034 567 2447 238 
5035 1077 1089 1076 
5036 1969 3211 1997 
5037 1211 1213 1212 
5038 1944 2549 2264 
5039 1722 3210 1721 
5040 723 727 724 
5041 3359 3389 2375 
5042 786 3214 785 
5043 1519 1522 1521 
5044 2533 2534 2532 
5045 1075 1087 1074 
5046 1818 3198 1812 
5047 1940 1942 1699 
5048 697 698 695 
5049 1015 3246 1044 
5050 1107 1124 1108 
5051 1798 1799 1796 
5052 729 735 728 
5053 809 880 807 
5054 686 1640 688 
5055 1303 1479 1478 
5056 1768 1769 1766 
5057 2047 2311 2173 
5058 1504 3163 1462 
5059 1389 1393 1392 
5060 2373 2487 2107 
5061 1027 1637 734 
5062 1555 1718 1717 
5063 1257 3224 1254 
5064 1193 1345 1192 
5065 2039 3221 930 
5066 2023 3185 2026 
5067 1147 3209 1349 
5068 984 1010 983 
5069 758 784 756 
5070 1527 3189 1954 
5071 777 778 776 
5072 908 934 906 
5073 1096 1099 1098 
5074 927 928 926 
5075 1948 3254 2398 
5076 2259 3195 1739 
5077 1316 3310 1697 
5078 1088 1094 1093 
5079 579 2439 252 
5080 1150 3191 3185 
5081 1611 1634 1633 
5082 1610 2042 1597 
5083 780 781 778 
5084 1832 2272 1840 
5085 951 952 950 
5086 780 782 781 
5087 1346 1655 1345 
5088 1043 3193 1042 
5089 996 1690 1292 
5090 777 780 778 
5091 1508 1895 1509 
5092 2558 3146 1952 
5093 1739 3195 1737 
5094 1920 3925 3698 
5095 1933 1934 1655 
5096 1367 1712 1362 
5097 742 1197 741 
5098 1022 3215 2164 
5099 787 3296 788 
5100 2213 2214 1934 
5101 1450 3194 1449 
5102 774 777 776 
5103 2362 2363 1942 
5104 1590 3149 1593 
5105 1114 1209 1112 
5106 1559 1825 1557 
5107 2215 2514 2214 
5108 959 973 957 
5109 2500 2502 2290 
5110 2070 3182 2109 
5111 2062 2313 2061 
5112 1396 1560 1398 
5113 693 696 692 
5114 953 972 952 
5115 1171 3322 1352 
5116 829 3277 828 
5117 1251 3213 1245 
5118 996 1292 975 
5119 1481 1900 1899 
5120 1662 3572 3567 
5121 1743 3163 1504 
5122 1616 3190 1615 
5123 801 802 800 
5124 1210 1362 1209 
5125 1950 3329 1530 
5126 2970 3296 793 
5127 1042 3193 1072 
5128 2184 3359 2375 
5129 1303 1478 1302 
5130 1847 3239 1760 
5131 924 927 926 
5132 1657 1938 1658 
5133 770 1629 768 
5134 1341 3285 1342 
5135 920 1631 918 
5136 803 825 802 
5137 2130 2408 2129 
5138 669 670 667 
5139 2402 3160 2021 
5140 556 668 667 
5141 2334 3234 1849 
5142 1774 1777 1772 
5143 683 684 682 
5144 1438 1463 1437 
5145 1104 1107 1106 
5146 832 3277 829 
5147 2313 2322 2061 
5148 1320 1322 1274 
5149 1284 1337 1335 
5150 846 3161 843 
5151 691 692 690 
5152 721 723 722 
5153 1615 3190 1928 
5154 3288 3350 3073 
5155 3126 3251 1307 
5156 686 687 685 
5157 1952 3146 1719 
5158 916 929 914 
5159 1321 3289 1320 
5160 2867 3071 2872 
5161 2247 2248 1341 
5162 1900 2368 2283 
5163 1075 1088 1087 
5164 595 3306 2864 
5165 2355 3363 2044 
5166 688 690 687 
5167 676 678 677 
5168 2187 2599 2558 
5169 700 1086 704 
5170 1090 1102 1101 
5171 2116 2186 2117 
5172 2190 2305 1971 
5173 1463 2057 1437 
5174 1634 1844 1742 
5175 681 682 679 
5176 3295 3352 3074 
5177 1934 1935 1655 
5178 1737 3195 2067 
5179 1221 3301 1219 
5180 2043 2044 2042 
5181 873 3197 1161 
5182 2514 2516 2214 
5183 1916 2122 1669 
5184 1522 1657 1523 
5185 986 3181 730 
5186 766 779 764 
5187 694 695 693 
5188 1312 3247 1654 
5189 965 979 963 
5190 1597 3279 1598 
5191 1957 2330 1938 
5192 1917 3255 2381 
5193 1271 1273 1270 
5194 971 988 969 
5195 1345 1354 1192 
5196 2168 2169 2167 
5197 1537 1669 1322 
5198 1718 1952 1719 
5199 1196 1266 883 
5200 2167 2354 2044 
5201 1077 1090 1089 
5202 1165 3317 1167 
5203 842 3162 839 
5204 1903 2142 1690 
5205 1183 1184 735 
5206 1595 1610 1597 
5207 678 681 679 
5208 1110 3385 3355 
5209 3131 3241 2008 
5210 2377 2905 2406 
5211 1764 2089 1763 
5212 717 719 715 
5213 782 3240 786 
5214 681 683 682 
5215 1702 2548 2547 
5216 2701 3511 2702 
5217 683 689 684 
5218 1754 2158 1753 
5219 3435 3446 2337 
5220 834 2240 832 
5221 2257 2425 2258 
5222 1029 3257 1063 
5223 1940 2362 1942 
5224 2060 2061 2058 
5225 2038 3209 1119 
5226 1334 3213 1251 
5227 1245 3213 1247 
5228 2270 2411 2158 
5229 2067 3195 2495 
5230 987 3246 1015 
5231 1284 1335 1285 
5232 1269 1270 1268 
5233 815 980 813 
5234 1170 1363 1172 
5235 1930 3304 1931 
5236 1335 1481 1336 
5237 1039 3212 1017 
5238 1481 1899 1482 
5239 2271 2635 1282 
5240 875 3197 873 
5241 2041 3240 780 
5242 678 679 677 
5243 1269 1271 1270 
5244 927 3272 2039 
5245 1997 3230 1999 
5246 1281 1284 1283 
5247 2058 2059 2057 
5248 825 1077 1076 
5249 972 1075 1074 
5250 2085 2198 1943 
5251 2362 2581 2363 
5252 1189 1191 1188 
5253 1721 3210 1953 
5254 668 1085 669 
5255 3175 3329 2485 
5256 1393 1735 1394 
5257 1072 3193 1839 
5258 1944 2264 1930 
5259 1393 2256 1735 
5260 3154 3287 1266 
5261 1649 3303 1650 
5262 1280 1282 1281 
5263 828 1024 826 
5264 709 1118 707 
5265 1606 1618 1609 
5266 1267 1269 1268 
5267 594 3907 2860 
5268 2592 3429 2594 
5269 1602 1612 1604 
5270 1196 1267 1266 
5271 1685 1860 1687 
5272 1215 3196 1217 
5273 1680 1886 1681 
5274 879 3287 878 
5275 1320 1537 1322 
5276 821 989 819 
5277 1804 1819 1802 
5278 1473 3307 1647 
5279 2047 2173 1895 
5280 1048 3202 1032 
5281 1034 3215 1021 
5282 1032 3202 3057 
5283 1916 2329 2122 
5284 2066 2400 2358 
5285 1187 3278 1190 
5286 777 3274 2041 
5287 937 3313 938 
5288 1067 3282 1092 
5289 1537 1916 1669 
5290 3046 3323 2985 
5291 691 693 692 
5292 2049 3373 3357 
5293 675 680 674 
5294 828 1278 1024 
5295 1690 3226 1292 
5296 1770 1822 1769 
5297 2128 3344 1833 
5298 1366 3232 1531 
5299 676 677 675 
5300 883 3287 879 
5301 762 1296 760 
5302 2995 3313 943 
5303 1267 1268 1266 
5304 1630 3338 1298 
5305 2741 3646 2524 
5306 834 2260 2240 
5307 1792 3309 1791 
5308 2049 3278 1185 
5309 2013 2595 2347 
5310 2268 2586 1980 
5311 132 3326 565 
5312 1302 3249 872 
5313 2311 2382 2173 
5314 684 686 685 
5315 2046 3267 1916 
5316 1458 3194 1453 
5317 2752 3511 2087 
5318 1174 1372 1176 
5319 2212 3224 1257 
5320 688 691 690 
5321 1781 1813 1779 
5322 1486 3253 1488 
5323 1187 1188 1186 
5324 1185 1186 1184 
5325 713 1294 711 
5326 912 1297 910 
5327 1610 2043 2042 
5328 1365 3232 1366 
5329 1641 3254 1539 
5330 686 688 687 
5331 1820 1925 1799 
5332 1203 3308 1206 
5333 2671 3339 2676 
5334 2343 3242 1909 
5335 2207 3211 1969 
5336 1497 2064 1289 
5337 1278 1280 1279 
5338 2907 3468 3439 
5339 1800 1820 1799 
5340 1187 1189 1188 
5341 671 672 670 
5342 1472 3307 1473 
5343 1001 3231 1025 
5344 1206 1496 1359 
5345 1183 1185 1184 
5346 2043 2167 2044 
5347 2021 2566 2020 
5348 1667 3255 1665 
5349 1202 3308 1203 
5350 3183 3328 1890 
5351 1680 2065 1886 
5352 2584 3303 1949 
5353 1673 3242 1706 
5354 992 3227 1019 
5355 1235 3337 1242 
5356 990 3227 992 
5357 1463 2058 2057 
5358 1928 3190 2356 
5359 2318 3248 2316 
5360 1047 3361 1071 
5361 785 3214 792 
5362 1718 1961 1952 
5363 1370 3329 3175 
5364 1178 1501 1200 
5365 1900 2283 1899 
5366 935 3219 942 
5367 673 675 674 
5368 2065 2383 2066 
5369 2130 3298 2409 
5370 643 3407 18 
5371 878 3197 875 
5372 1848 3234 2286 
5373 1212 3161 846 
5374 2368 2503 2283 
5375 3338 3367 2246 
5376 1093 3223 2204 
5377 1402 1731 1404 
5378 1113 3269 1130 
5379 673 674 672 
5380 1453 3194 1450 
5381 1232 3360 1231 
5382 1185 1187 1186 
5383 1812 1816 1815 
5384 925 3272 924 
5385 2349 2582 2351 
5386 2008 3241 2010 
5387 1537 3289 2046 
5388 1496 1748 1359 
5389 1787 1814 1785 
5390 998 3245 731 
5391 1889 2020 1825 
5392 1830 3227 990 
5393 1364 3341 1325 
5394 930 3221 932 
5395 2696 3454 2691 
5396 775 3274 774 
5397 1941 3297 1940 
5398 3031 3351 1553 
5399 1078 3202 1048 
5400 2241 3227 1830 
5401 2290 3297 1941 
5402 1812 3198 1816 
5403 1943 2163 1748 
5404 1902 2048 1472 
5405 1808 1817 1806 
5406 1647 1896 1649 
5407 1413 3243 1468 
5408 793 3296 787 
5409 668 669 667 
5410 556 667 666 
5411 884 3236 1196 
5412 1280 1281 1279 
5413 933 3218 931 
5414 1692 3231 999 
5415 1816 2105 2104 
5416 3172 3338 2246 
5417 999 3231 1001 
5418 1611 3271 3188 
5419 1791 1833 1789 
5420 2358 3186 1886 
5421 1307 3251 702 
5422 1101 3228 2201 
5423 1369 3385 1143 
5424 2256 2257 1735 
5425 2251 3232 1365 
5426 1539 3254 1948 
5427 849 3250 847 
5428 1822 1857 1769 
5429 1129 3275 1145 
5430 1406 1730 1408 
5431 1474 3229 1367 
5432 886 3236 884 
5433 1602 3279 1612 
5434 3042 3356 1461 
5435 2394 2395 2393 
5436 1410 1902 1472 
5437 1248 3301 1221 
5438 847 3250 1211 
5439 2239 3231 1692 
5440 2675 3339 2672 
5441 1665 3255 1917 
5442 1278 1279 1024 
5443 17 3407 606 
5444 1975 3276 1622 
5445 853 3286 855 
5446 2189 3239 1847 
5447 3350 3396 3073 
5448 1961 2607 2187 
5449 1306 3274 775 
5450 1496 1943 1748 
5451 1812 1815 1810 
5452 1509 3252 1511 
5453 2550 3422 2552 
5454 1896 1949 1649 
5455 1342 3285 1412 
5456 3282 3343 1300 
5457 943 3313 937 
5458 1305 3272 925 
5459 2867 3306 3071 
5460 1040 3368 1067 
5461 1376 3289 1321 
5462 2129 2483 2127 
5463 1999 3230 2200 
5464 3231 3361 1025 
5465 1834 3309 2130 
5466 1583 3271 1586 
5467 1961 2187 1952 
5468 738 3244 736 
5469 2392 2583 1949 
5470 669 671 670 
5471 2502 3297 2290 
5472 731 3245 987 
5473 3352 3403 3074 
5474 868 3249 2040 
5475 1909 3242 1673 
5476 671 673 672 
5477 2065 2066 1886 
5478 2378 2379 2105 
5479 2182 2605 2103 
5480 1209 3269 1112 
5481 1063 3257 1114 
5482 1264 3259 1225 
5483 1530 3329 1370 
5484 2180 2181 1085 
5485 1834 2129 2127 
5486 736 3244 1183 
5487 1791 1834 1833 
5488 1937 3198 1818 
5489 3279 3363 1612 
5490 1650 3303 1703 
5491 2138 3328 3183 
5492 1099 3288 1276 
5493 1219 3334 1218 
5494 1776 3290 1774 
5495 1207 3238 1339 
5496 1834 2127 1833 
5497 2244 3250 852 
5498 856 3286 853 
5499 1896 2392 1949 
5500 1886 3186 1681 
5501 1434 3262 1432 
5502 1440 3270 1438 
5503 1125 3263 1141 
5504 1218 3334 1243 
5505 2104 2373 2107 
5506 780 3240 782 
5507 1058 3256 1055 
5508 1098 3223 1094 
5509 1124 3263 1125 
5510 1482 3268 1484 
5511 1753 3243 1413 
5512 1128 3275 1129 
5513 2248 3285 1341 
5514 1094 3223 1093 
5515 674 3206 672 
5516 1946 2103 1857 
5517 1359 3238 1207 
5518 1820 2496 1925 
5519 1225 3259 1223 
5520 1712 3229 2190 
5521 1107 3295 1277 
5522 1931 3304 2116 
5523 1091 3338 3172 
5524 2266 3349 3210 
5525 852 3250 849 
5526 2984 3353 2983 
5527 1055 3256 1078 
5528 1367 3229 1712 
5529 3245 3246 987 
5530 1978 3375 2941 
5531 1349 3265 1347 
5532 702 3251 720 
5533 2021 3160 2566 
5534 2022 3332 3110 
5535 2239 3361 3231 
5536 1223 3259 1248 
5537 3211 3230 1997 
5538 1325 3341 1328 
5539 723 3336 3178 
5540 1946 2182 2103 
5541 1356 3378 1705 
5542 1902 2393 2048 
5543 2822 3370 2821 
5544 1097 3288 1096 
5545 1895 3252 1509 
5546 1280 3386 1659 
5547 1795 3309 1792 
5548 2764 3345 2762 
5549 3250 3369 1211 
5550 1347 3265 1424 
5551 1424 3265 1924 
5552 1822 1946 1857 
5553 722 3261 703 
5554 2567 3248 2321 
5555 1105 3295 1104 
5556 1317 3258 1182 
5557 1298 3338 1091 
5558 1106 3228 1102 
5559 1816 2104 1815 
5560 2175 3328 2138 
5561 924 3272 927 
5562 1912 3254 1641 
5563 1517 3299 1519 
5564 2532 3255 1667 
5565 1130 3269 2247 
5566 3301 3334 1219 
5567 1102 3228 1101 
5568 2240 3277 832 
5569 2142 3226 1690 
5570 734 3336 721 
5571 1266 3287 883 
5572 910 3281 908 
5573 1213 3369 1635 
5574 3180 3354 3135 
5575 2316 3248 2324 
5576 3227 3368 1019 
5577 2321 3248 2318 
5578 1496 3308 2085 
5579 774 3274 777 
5580 1628 3364 1573 
5581 889 3236 886 
5582 1438 3270 1463 
5583 698 3261 1639 
5584 972 3393 2909 
5585 1110 3355 1045 
5586 2264 3304 1930 
5587 2060 3335 2062 
5588 2010 3241 2328 
5589 1320 3289 1537 
5590 1412 3285 1754 
5591 703 3261 698 
5592 1599 3271 1583 
5593 1313 3263 1124 
5594 1343 3275 1128 
5595 2042 3363 3279 
5596 1199 3354 3180 
5597 1011 3266 1010 
5598 1339 3238 1388 
5599 1840 3266 1011 
5600 579 2543 2439 
5601 2042 3279 1597 
5602 1899 3268 1482 
5603 1586 3271 1611 
5604 1652 3273 1677 
5605 1575 3364 1585 
5606 1328 3341 1661 
5607 1291 3286 856 
5608 3355 3385 2249 
5609 2241 3368 3227 
5610 1468 3243 1508 
5611 1647 3307 1896 
5612 741 3244 738 
5613 1231 3360 3323 
5614 1234 3377 1236 
5615 1394 3293 1396 
5616 3204 3348 1259 
5617 1661 3341 3207 
5618 1553 3351 1555 
5619 1772 3292 1770 
5620 1010 3266 1029 
5621 3210 3349 1953 
5622 1766 3280 1764 
5623 1206 3308 1496 
5624 1972 3434 1713 
5625 1381 3350 1097 
5626 1511 3252 1525 
5627 2608 3276 1975 
5628 1043 3355 3193 
5629 559 3447 75 
5630 1637 3336 734 
5631 985 3362 894 
5632 2780 3537 2781 
5633 3493 3509 2260 
5634 1536 3253 1486 
5635 1289 3256 1058 
5636 721 3336 723 
5637 1916 3267 2329 
5638 1383 3352 1105 
5639 3420 3457 1994 
5640 1096 3288 1099 
5641 2254 3327 3149 
5642 3193 3355 2249 
5643 1864 3417 2172 
5644 1639 3311 695 
5645 2049 3357 3278 
5646 1735 3293 1394 
5647 1199 3406 3044 
5648 1764 3280 2089 
5649 685 3302 682 
5650 1683 3314 1685 
5651 1713 3380 1362 
5652 825 3404 2923 
5653 1461 3356 1455 
5654 1182 3258 1756 
5655 2762 3499 2761 
5656 828 3277 1278 
5657 1902 3342 2394 
5658 74 3447 645 
5659 1104 3295 1107 
5660 1432 3262 1459 
5661 2244 3369 3250 
5662 1185 3278 1187 
5663 1522 3299 3166 
5664 1029 3266 3257 
5665 1770 3292 1822 
5666 1437 3262 1434 
5667 1508 3243 2047 
5668 1526 3299 1517 
5669 2052 3350 1381 
5670 2482 3366 2148 
5671 1271 3294 1273 
5672 3436 3467 2253 
5673 1484 3268 1536 
5674 1918 3371 1664 
5675 1940 3297 2362 
5676 1167 3317 1170 
5677 1949 3303 1649 
5678 1753 3382 3243 
5679 1259 3348 2212 
5680 1779 3321 1776 
5681 1802 3316 1800 
5682 1457 3270 1440 
5683 682 3302 679 
5684 1274 3294 1271 
5685 1724 3389 3359 
5686 3135 3354 3047 
5687 693 3311 696 
5688 691 3320 694 
5689 2217 3352 1383 
5690 894 3362 893 
5691 1763 3258 1317 
5692 1703 3273 1652 
5693 1573 3364 1575 
5694 1470 3315 1471 
5695 1593 3327 1595 
5696 1953 3349 2427 
5697 2252 3417 3378 
5698 2073 3376 1538 
5699 1519 3299 1522 
5700 1247 3387 1239 
5701 1677 3273 1680 
5702 1791 3309 1834 
5703 679 3302 1287 
5704 695 3311 693 
5705 2635 3318 1282 
5706 1526 3429 3299 
5707 1942 3315 1699 
5708 1455 3356 1458 
5709 1322 3294 1274 
5710 1097 3350 3288 
5711 2048 3307 1472 
5712 1699 3315 1470 
5713 1774 3290 1777 
5714 1396 3293 1560 
5715 1404 3333 1406 
5716 3161 3358 842 
5717 3275 3371 2250 
5718 1105 3352 3295 
5719 908 3281 934 
5720 2099 3458 2055 
5721 1800 3316 1820 
5722 2347 3330 2349 
5723 1045 3355 1043 
5724 1282 3318 1281 
5725 689 3312 684 
5726 677 3305 675 
5727 2057 3262 1437 
5728 1640 3320 688 
5729 1609 3324 1616 
5730 1769 3280 1766 
5731 2037 3348 3204 
5732 675 3305 680 
5733 1777 3292 1772 
5734 2058 3319 2059 
5735 1284 3318 1337 
5736 1236 3360 1232 
5737 2322 3319 2061 
5738 2230 3488 2845 
5739 2975 3426 3237 
5740 2969 3428 3235 
5741 3186 3314 1683 
5742 1287 3305 677 
5743 1555 3351 1718 
5744 1384 3451 3023 
5745 671 3331 3179 
5746 3247 3420 1994 
5747 684 3312 686 
5748 1618 3325 3324 
5749 1595 3327 1610 
5750 3111 3433 2201 
5751 2201 3433 2202 
5752 1810 3340 1808 
5753 1364 3422 3341 
5754 688 3320 691 
5755 686 3312 1640 
5756 1297 3281 910 
5757 2061 3319 2058 
5758 3037 3873 575 
5759 1980 3375 1978 
5760 1915 3453 2275 
5761 1734 3367 1630 
5762 1281 3318 1284 
5763 2107 3340 1815 
5764 2064 3256 1289 
5765 1151 3406 1199 
5766 1025 3361 1047 
5767 2240 3386 3277 
5768 3149 3327 1593 
5769 1724 3359 3191 
5770 1685 3314 1860 
5771 3263 3376 3171 
5772 1085 3331 669 
5773 2243 3456 3414 
5774 3169 3389 3168 
5775 926 3383 922 
5776 2036 3358 3161 
5777 1618 3324 1609 
5778 953 3393 972 
5779 3197 3400 2074 
5780 2619 3438 2217 
5781 1170 3317 1363 
5782 842 3358 3162 
5783 1819 3316 1802 
5784 3239 3374 1759 
5785 3255 3379 2381 
5786 2014 3381 2608 
5787 2972 3384 2973 
5788 2243 3414 2038 
5789 1813 3321 1779 
5790 2564 3437 2052 
5791 1408 3342 1410 
5792 3277 3386 1278 
5793 3191 3359 3185 
5794 1680 3273 2065 
5795 1019 3368 1040 
5796 2765 3390 2766 
5797 896 3394 985 
5798 1796 3412 1795 
5799 1385 3451 1384 
5800 3243 3382 2047 
5801 803 3404 825 
5802 1343 3371 3275 
5803 920 3383 1631 
5804 1674 3443 2100 
5805 2953 3388 3223 
5806 669 3331 671 
5807 1237 3377 1234 
5808 2532 3379 3255 
5809 2181 3331 1085 
5810 1209 3380 3269 
5811 1718 3351 1961 
5812 2044 3363 2042 
5813 3244 3373 2049 
5814 1776 3321 3290 
5815 1676 3391 1977 
5816 2825 3370 2822 
5817 1731 3333 1404 
5818 1313 3376 3263 
5819 1789 3344 1787 
5820 1759 3374 3189 
5821 1406 3333 1730 
5822 2595 3330 2347 
5823 2581 3634 2363 
5824 1857 3280 1769 
5825 3013 3459 3011 
5826 941 3397 900 
5827 922 3383 920 
5828 2349 3330 2582 
5829 1531 3876 3749 
5830 1211 3369 1213 
5831 2148 3366 3176 
5832 1795 3412 3298 
5833 1918 3423 3371 
5834 2616 3346 2180 
5835 3223 3388 2204 
5836 1442 3392 1457 
5837 2246 3378 1356 
5838 3299 3429 3166 
5839 2809 3542 2810 
5840 1664 3371 1343 
5841 1808 3340 1817 
5842 2252 3378 3367 
5843 3185 3359 2184 
5844 1815 3340 1810 
5845 3269 3380 2247 
5846 2790 3395 2789 
5847 1410 3342 1902 
5848 3346 3347 2181 
5849 2016 3381 2014 
5850 1833 3344 1789 
5851 1233 3402 3337 
5852 2939 3418 1024 
5853 1787 3344 1814 
5854 776 3421 772 
5855 1585 3431 1577 
5856 898 3394 896 
5857 1730 3342 1408 
5858 1703 3424 3273 
5859 3176 3366 2391 
5860 1009 3516 2607 
5861 1538 3376 1313 
5862 3189 3374 2545 
5863 1239 3387 1237 
5864 1197 3373 741 
5865 2367 3423 1918 
5866 3465 3474 1305 
5867 900 3397 898 
5868 2739 3514 2078 
5869 3466 3476 1306 
5870 973 3416 957 
5871 2577 3488 2231 
5872 2047 3382 2311 
5873 3483 3492 1326 
5874 2997 3445 1612 
5875 2180 3346 2181 
5876 1143 3385 1110 
5877 770 3421 1629 
5878 2534 3379 2532 
5879 2204 3388 3124 
5880 955 3393 953 
5881 1237 3387 3377 
5882 950 3426 947 
5883 1906 3405 2034 
5884 741 3373 3244 
5885 800 3428 797 
5886 1444 3392 1442 
5887 2586 3375 1980 
5888 3287 3400 878 
5889 1362 3380 1209 
5890 880 3427 807 
5891 2855 3527 2095 
5892 3168 3389 1724 
5893 3073 3396 1666 
5894 3291 3399 2011 
5895 2277 3476 2203 
5896 2276 3474 2206 
5897 3237 3426 950 
5898 2980 3408 2979 
5899 3235 3428 800 
5900 2158 3382 1753 
5901 1024 3418 826 
5902 3074 3403 1627 
5903 1581 3449 1599 
5904 805 3404 803 
5905 2043 3452 2168 
5906 1925 3412 1799 
5907 2666 3413 2670 
5908 3341 3422 3207 
5909 3273 3424 2065 
5910 3371 3423 2250 
5911 827 3484 830 
5912 1198 3430 3241 
5913 1349 3414 3208 
5914 3065 3411 560 
5915 1278 3386 1280 
5916 18 3407 17 
5917 1449 3442 1446 
5918 2900 3504 2899 
5919 2582 3409 2351 
5920 2103 3597 3557 
5921 2255 3420 3348 
5922 1384 3406 1151 
5923 1635 3547 2590 
5924 1363 3432 1172 
5925 3408 3489 2209 
5926 902 3450 941 
5927 3403 3438 1642 
5928 2073 3443 3376 
5929 821 3439 989 
5930 3396 3437 2165 
5931 2464 3910 2463 
5932 3307 3410 1896 
5933 1174 3432 1372 
5934 2255 3457 3420 
5935 1466 3696 3674 
5936 2052 3437 3396 
5937 2093 3504 2559 
5938 957 3416 955 
5939 2351 3409 2536 
5940 2217 3438 3403 
5941 3154 3400 3287 
5942 2145 3473 3444 
5943 3345 3480 2762 
5944 3417 3435 2172 
5945 898 3397 3394 
5946 2969 3466 3428 
5947 2975 3465 3426 
5948 878 3400 3197 
5949 3209 3414 1349 
5950 3241 3430 2328 
5951 1705 3417 1864 
5952 2102 3520 2900 
5953 772 3421 770 
5954 1606 3445 1618 
5955 826 3418 823 
5956 1612 3445 1604 
5957 2048 3410 3307 
5958 1369 3415 3385 
5959 3367 3378 2246 
5960 2332 3512 1782 
5961 3327 3452 1610 
5962 2806 3497 2805 
5963 807 3427 805 
5964 1713 3434 3380 
5965 1784 3512 1920 
5966 955 3416 3393 
5967 2249 3415 2242 
5968 940 3465 1305 
5969 2781 3520 2779 
5970 1799 3412 1796 
5971 2212 3420 3247 
5972 3414 3456 3208 
5973 1577 3431 1579 
5974 797 3428 795 
5975 947 3426 945 
5976 3443 3460 2100 
5977 791 3466 1306 
5978 3254 3401 2398 
5979 2825 3419 3370 
5980 2827 3419 2825 
5981 650 3495 2954 
5982 2250 3423 2251 
5983 1959 3435 2252 
5984 1896 3410 2392 
5985 2118 3627 3614 
5986 2589 3626 2162 
5987 3445 3479 1618 
5988 934 3461 906 
5989 1172 3432 1174 
5990 2038 3414 3209 
5991 1994 3457 2179 
5992 2181 3455 3331 
5993 805 3427 3404 
5994 3382 3441 2311 
5995 3376 3443 3171 
5996 3348 3420 2212 
5997 3818 3962 612 
5998 2158 3441 3382 
5999 3351 3463 1961 
6000 2202 3433 2916 
6001 2280 3471 1742 
6002 1912 3401 3254 
6003 1825 3399 3291 
6004 2254 3452 3327 
6005 3486 3510 2039 
6006 823 3439 821 
6007 2054 3463 3031 
6008 2020 3399 1825 
6009 2328 3430 3216 
6010 3635 3672 1071 
6011 2080 3492 2079 
6012 2272 3616 3592 
6013 3031 3463 3351 
6014 3380 3434 2247 
6015 2233 3521 2577 
6016 2238 3448 2063 
6017 1781 3462 1813 
6018 2065 3424 2383 
6019 1959 3446 3435 
6020 2247 3434 2248 
6021 2957 3507 2956 
6022 1446 3442 1444 
6023 1444 3442 3392 
6024 3487 3515 2041 
6025 3207 3422 2550 
6026 904 3450 902 
6027 3550 3585 3222 
6028 3415 3444 2242 
6029 2621 3562 2622 
6030 3166 3429 2592 
6031 2955 3495 2958 
6032 2260 3440 2240 
6033 75 3447 74 
6034 1579 3449 1581 
6035 3011 3459 3015 
6036 2242 3444 2243 
6037 3399 3502 2748 
6038 3258 3518 2578 
6039 2538 3446 1959 
6040 2978 3610 2510 
6041 2086 3523 2359 
6042 890 3480 889 
6043 1706 3694 3687 
6044 3418 3439 823 
6045 2463 3914 3792 
6046 3331 3455 3179 
6047 1604 3445 1606 
6048 2121 3632 3624 
6049 3431 3449 1579 
6050 2411 3441 2158 
6051 3303 3425 1703 
6052 1565 3451 1385 
6053 1052 3551 2611 
6054 2691 3454 2694 
6055 1983 3509 2051 
6056 3171 3443 1674 
6057 3480 3499 2762 
6058 2088 3537 2780 
6059 3386 3440 1659 
6060 3452 3471 2168 
6061 1631 3475 918 
6062 2209 3453 1915 
6063 3385 3415 2249 
6064 2469 3984 586 
6065 916 3475 929 
6066 3513 3527 2859 
6067 2584 3425 3303 
6068 1249 3483 1326 
6069 3257 3436 2996 
6070 2323 3506 2319 
6071 1637 3513 2859 
6072 1840 3436 3266 
6073 2795 3468 2907 
6074 2252 3435 3417 
6075 3019 3535 3017 
6076 2839 3539 2840 
6077 2055 3458 2211 
6078 2827 3696 2928 
6079 889 3480 3345 
6080 2383 3481 2066 
6081 1449 3506 3442 
6082 2846 3464 2847 
6083 3266 3436 3257 
6084 2712 3544 2714 
6085 1610 3452 2043 
6086 2576 3705 1191 
6087 2240 3440 3386 
6088 3179 3455 3139 
6089 3405 3496 2034 
6090 2965 3529 3519 
6091 3187 3493 838 
6092 1814 3477 1785 
6093 2802 3539 2101 
6094 838 3493 835 
6095 2933 3548 641 
6096 2340 3824 3007 
6097 3334 3483 1243 
6098 2514 3842 598 
6099 1707 3505 2050 
6100 2965 3519 3311 
6101 906 3461 904 
6102 2975 3474 3465 
6103 3453 3505 2275 
6104 989 3485 819 
6105 3426 3465 945 
6106 3428 3466 795 
6107 2489 3457 2255 
6108 1372 3482 1176 
6109 1840 3467 3436 
6110 2969 3476 3466 
6111 1178 3482 1501 
6112 923 3534 939 
6113 2453 3745 3068 
6114 1543 3534 921 
6115 2262 3529 2263 
6116 3451 3525 3023 
6117 1783 3462 1781 
6118 2519 3926 660 
6119 904 3461 3450 
6120 2073 3460 3443 
6121 2054 3478 3463 
6122 1292 3491 975 
6123 2589 3649 3626 
6124 1703 3425 3424 
6125 2997 3479 3445 
6126 945 3465 940 
6127 834 3493 2260 
6128 971 3491 988 
6129 2844 3470 2842 
6130 2002 3619 3503 
6131 795 3466 791 
6132 2444 3984 3951 
6133 2208 3460 2073 
6134 3242 3694 1706 
6135 3208 3456 2529 
6136 2631 3550 1086 
6137 2605 3595 891 
6138 2840 3556 2111 
6139 3347 3455 2181 
6140 2709 3544 2707 
6141 2099 3524 3458 
6142 3528 3546 2836 
6143 2319 3530 2320 
6144 3312 3528 2836 
6145 2829 3611 719 
6146 3187 3509 3493 
6147 3558 3570 2612 
6148 2272 3467 1840 
6149 3139 3526 1562 
6150 2155 3607 2154 
6151 1629 3501 768 
6152 1961 3463 2607 
6153 815 3498 980 
6154 2820 3546 2818 
6155 929 3500 914 
6156 3113 3735 2488 
6157 766 3501 779 
6158 2915 3575 1988 
6159 2254 3471 3452 
6160 2430 3479 2997 
6161 2615 3483 3334 
6162 3522 3565 2287 
6163 3213 3489 1247 
6164 2296 3580 3568 
6165 3560 3569 2831 
6166 1742 3471 2254 
6167 912 3500 1297 
6168 2322 3730 3319 
6169 3272 3486 2039 
6170 1052 3513 1038 
6171 2615 3492 3483 
6172 1118 3560 2831 
6173 779 3508 764 
6174 3274 3487 2041 
6175 1027 3513 1637 
6176 619 3972 3720 
6177 3530 3545 2320 
6178 762 3508 1296 
6179 2488 3912 3112 
6180 2276 3510 3486 
6181 2183 3531 2027 
6182 2087 3511 2701 
6183 700 3519 1086 
6184 2607 3516 2187 
6185 2988 3478 2054 
6186 2307 3727 3710 
6187 3069 3575 844 
6188 2276 3486 3474 
6189 2029 3531 2511 
6190 2162 3635 2589 
6191 2277 3487 3476 
6192 2277 3515 3487 
6193 1012 3564 917 
6194 1983 3565 3522 
6195 1919 3571 1773 
6196 3442 3506 2323 
6197 586 3984 229 
6198 1775 3571 2199 
6199 919 3564 1543 
6200 230 3984 2444 
6201 3311 3519 696 
6202 2245 3619 3547 
6203 2206 3474 2975 
6204 2320 3545 2325 
6205 2203 3476 2969 
6206 2519 3793 3665 
6207 2296 3568 3042 
6208 864 3532 860 
6209 858 3532 1291 
6210 3463 3478 2607 
6211 1247 3489 3408 
6212 3705 3721 1191 
6213 2992 3570 2273 
6214 918 3475 916 
6215 1388 3541 1389 
6216 1783 3477 3462 
6217 1846 3538 3154 
6218 3286 3517 2572 
6219 758 3533 784 
6220 1118 3528 707 
6221 3444 3473 2243 
6222 2050 3505 3453 
6223 1296 3533 760 
6224 1763 3518 3258 
6225 1785 3477 1783 
6226 1294 3591 2833 
6227 1134 3599 2613 
6228 1465 3577 1445 
6229 830 3484 1541 
6230 2020 3502 3399 
6231 2108 3566 2099 
6232 1660 3565 1373 
6233 1501 3536 1200 
6234 689 3528 3312 
6235 3506 3530 2319 
6236 2366 3783 2367 
6237 1393 3541 2256 
6238 2231 3488 2230 
6239 862 3549 864 
6240 2066 3481 2400 
6241 2575 3719 1354 
6242 980 3543 813 
6243 1754 3555 2270 
6244 1176 3482 1178 
6245 893 3480 890 
6246 2186 3722 3021 
6247 1295 3549 865 
6248 2817 3569 2832 
6249 819 3485 817 
6250 1051 3551 1052 
6251 1243 3483 1249 
6252 3005 3662 3016 
6253 2089 3557 2627 
6254 725 3550 3222 
6255 2892 3581 592 
6256 2711 3648 2710 
6257 2861 3598 620 
6258 2245 3547 2244 
6259 1618 3479 3325 
6260 1086 3550 704 
6261 3178 3490 2854 
6262 809 3554 880 
6263 3716 3886 588 
6264 2387 3814 614 
6265 1305 3486 3272 
6266 1306 3487 3274 
6267 558 3576 20 
6268 1599 3524 3271 
6269 2526 3994 2357 
6270 2442 3712 580 
6271 887 3583 888 
6272 2991 3592 2096 
6273 2108 3578 3566 
6274 19 3576 643 
6275 2833 3611 2823 
6276 2954 3495 2955 
6277 3440 3522 2287 
6278 1134 3558 1079 
6279 2050 3489 3213 
6280 2374 3870 3101 
6281 2034 3496 2177 
6282 2079 3492 2615 
6283 2103 3557 1857 
6284 975 3491 971 
6285 3460 3540 2100 
6286 2243 3473 3456 
6287 3336 3490 3178 
6288 2805 3497 2809 
6289 2590 3619 2570 
6290 1294 3560 711 
6291 709 3560 1118 
6292 2099 3566 3524 
6293 835 3493 834 
6294 2622 3603 2125 
6295 2750 3578 2108 
6296 1109 3609 3206 
6297 719 3630 2829 
6298 14 3586 614 
6299 3485 3498 817 
6300 817 3498 815 
6301 1191 3715 2576 
6302 2530 3881 3846 
6303 1637 3490 3336 
6304 2610 3992 2468 
6305 2899 3504 2093 
6306 893 3499 3480 
6307 3369 3547 1635 
6308 2561 3779 1004 
6309 914 3500 912 
6310 2248 3555 3285 
6311 768 3501 766 
6312 192 3596 191 
6313 2810 3542 1012 
6314 2956 3507 2960 
6315 2572 3503 2245 
6316 2960 3969 2367 
6317 3070 3605 2279 
6318 2824 3611 2829 
6319 2331 3648 2110 
6320 784 3574 756 
6321 2365 3580 2296 
6322 2185 3622 2097 
6323 2182 3595 2605 
6324 2077 3505 1707 
6325 2566 3502 2020 
6326 2887 3637 587 
6327 2632 3625 1337 
6328 2779 3520 2102 
6329 3458 3524 1599 
6330 564 3618 160 
6331 156 3620 574 
6332 638 3620 157 
6333 3724 3738 2575 
6334 3194 3506 1449 
6335 159 3618 3039 
6336 3308 3552 2085 
6337 2613 3612 2274 
6338 3474 3486 1305 
6339 2129 3579 2483 
6340 2557 3837 634 
6341 3362 3499 893 
6342 1447 3604 1448 
6343 3557 3597 2627 
6344 3476 3487 1306 
6345 2078 3514 2640 
6346 3100 3613 2281 
6347 1782 3512 1784 
6348 3944 3945 1860 
6349 764 3508 762 
6350 988 3582 969 
6351 2942 3510 2276 
6352 2631 3585 3550 
6353 1417 3608 1416 
6354 2916 3515 2277 
6355 752 3587 789 
6356 2721 3646 2722 
6357 2162 3626 1887 
6358 3280 3557 2089 
6359 1038 3513 1027 
6360 2109 3548 3152 
6361 2265 3594 1844 
6362 2342 3521 2233 
6363 1354 3724 2575 
6364 2039 3510 3221 
6365 2114 3602 2635 
6366 2424 3523 2086 
6367 719 3591 715 
6368 1478 3593 1302 
6369 1471 3599 1304 
6370 3559 3584 936 
6371 2865 3638 2871 
6372 2658 3773 1730 
6373 1132 3599 1134 
6374 1983 3522 3509 
6375 2051 3509 3187 
6376 2187 3516 2599 
6377 574 3634 155 
6378 113 3623 112 
6379 713 3591 1294 
6380 2041 3515 3240 
6381 696 3519 700 
6382 1534 3626 1533 
6383 2118 3614 1670 
6384 2089 3518 1763 
6385 2870 3638 2866 
6386 2198 3600 1943 
6387 3023 3525 2422 
6388 2544 3937 635 
6389 2332 3845 2543 
6390 3725 3855 623 
6391 1291 3517 3286 
6392 2632 3639 3625 
6393 2935 3983 2936 
6394 3561 3590 786 
6395 2121 3624 1675 
6396 2936 3983 2554 
6397 1861 3627 2304 
6398 2859 3527 2855 
6399 649 3936 3174 
6400 1451 3633 1452 
6401 3249 3593 2040 
6402 2263 3529 2965 
6403 2559 3553 2094 
6404 2920 3768 2124 
6405 3020 3563 2186 
6406 3271 3524 3188 
6407 2516 3615 2214 
6408 1934 3615 1935 
6409 3017 3535 3018 
6410 1862 3632 2306 
6411 3469 3494 2745 
6412 2027 3531 2029 
6413 707 3528 689 
6414 760 3533 758 
6415 3194 3530 3506 
6416 2563 3980 2301 
6417 860 3532 858 
6418 1481 3625 1900 
6419 3298 3621 2409 
6420 1348 3650 1480 
6421 3173 3643 3122 
6422 3545 3568 2325 
6423 1337 3625 1335 
6424 2101 3539 2839 
6425 921 3534 923 
6426 1416 3631 3153 
6427 3147 3759 2414 
6428 1458 3530 3194 
6429 65 3643 64 
6430 1200 3536 1202 
6431 173 3642 172 
6432 1458 3545 3530 
6433 3400 3538 2074 
6434 2112 3562 2621 
6435 2094 3553 2774 
6436 2100 3540 2149 
6437 3221 3559 936 
6438 965 3629 979 
6439 2707 3544 2712 
6440 1423 3636 3157 
6441 717 3630 719 
6442 660 3909 2518 
6443 3314 3944 1860 
6444 3547 3619 2590 
6445 2836 3546 2820 
6446 1389 3541 1393 
6447 3240 3561 786 
6448 813 3543 811 
6449 2401 3928 2402 
6450 3497 3750 2809 
6451 2260 3522 3440 
6452 641 3548 3054 
6453 2589 3635 2239 
6454 2717 3669 2715 
6455 2635 3602 3318 
6456 3190 3822 3819 
6457 1194 3597 3583 
6458 2342 3780 3776 
6459 2356 3819 3816 
6460 2304 3649 2120 
6461 2261 3668 2153 
6462 3134 3657 1502 
6463 2518 3909 3150 
6464 1428 3641 1571 
6465 1459 3641 1430 
6466 2132 3584 3559 
6467 865 3549 862 
6468 2716 3669 2720 
6469 2506 3699 2504 
6470 1403 3676 1960 
6471 1184 3640 735 
6472 1710 3676 1405 
6473 3361 3635 1071 
6474 704 3550 725 
6475 2324 3651 2314 
6476 3455 3526 3139 
6477 3761 3960 1459 
6478 1059 3551 1051 
6479 3206 3628 1750 
6480 3356 3545 1458 
6481 3536 3552 1202 
6482 3524 3566 3188 
6483 3154 3538 3400 
6484 3552 3703 2085 
6485 2133 3590 3561 
6486 2244 3547 3369 
6487 3556 3562 2112 
6488 1186 3663 1184 
6489 811 3554 809 
6490 577 3673 210 
6491 3543 3554 811 
6492 209 3673 3024 
6493 2306 3654 3365 
6494 596 3913 2503 
6495 193 3667 192 
6496 1616 3831 3822 
6497 3347 3526 3455 
6498 1202 3552 3308 
6499 2111 3556 2112 
6500 2132 3559 2942 
6501 2847 3968 3756 
6502 2162 3672 3635 
6503 3003 3810 3253 
6504 3614 3627 2279 
6505 2133 3561 2916 
6506 2152 3686 2234 
6507 1465 3780 3577 
6508 631 3685 83 
6509 3140 3802 3086 
6510 789 3655 750 
6511 1616 3822 3190 
6512 2192 3697 2717 
6513 3678 3924 2388 
6514 3285 3555 1754 
6515 2539 3623 2538 
6516 1059 3558 3551 
6517 3142 3675 1741 
6518 626 3563 3020 
6519 3190 3819 2356 
6520 1874 3671 1875 
6521 746 3661 978 
6522 1937 3939 2547 
6523 1881 3671 1877 
6524 3315 3644 1471 
6525 1079 3558 1059 
6526 3127 3688 1910 
6527 2288 3705 2576 
6528 711 3560 709 
6529 2341 3780 2342 
6530 1905 3727 3405 
6531 2292 3585 2631 
6532 2287 3567 2271 
6533 2297 3687 2137 
6534 2504 3699 2258 
6535 3624 3632 2281 
6536 2357 3941 2526 
6537 3554 3686 880 
6538 3568 3580 2325 
6539 917 3564 919 
6540 1373 3565 1983 
6541 603 3690 181 
6542 1786 3698 1788 
6543 3583 3597 2605 
6544 1660 3567 3565 
6545 1857 3557 3280 
6546 2553 3947 3811 
6547 3509 3522 2260 
6548 2177 3774 2178 
6549 1988 3703 2196 
6550 844 3575 2915 
6551 3324 3831 1616 
6552 570 3803 2567 
6553 3405 3727 2307 
6554 2352 3908 2508 
6555 2090 3584 2132 
6556 2156 3677 1882 
6557 3014 3777 1526 
6558 2929 3705 2943 
6559 2292 3601 3585 
6560 742 3684 1197 
6561 2887 3869 3637 
6562 2942 3559 3510 
6563 2091 3590 2133 
6564 2374 3741 2183 
6565 2627 3597 1194 
6566 3188 3566 1845 
6567 2916 3561 3515 
6568 2831 3569 2817 
6569 3510 3559 3221 
6570 1773 3571 1775 
6571 2987 3601 2292 
6572 978 3684 744 
6573 979 3680 963 
6574 151 3709 591 
6575 3605 3614 2279 
6576 632 3709 152 
6577 3515 3561 3240 
6578 2152 3706 3686 
6579 1571 3874 2871 
6580 2736 3595 2182 
6581 3566 3578 1845 
6582 2188 3693 2189 
6583 1925 3621 3412 
6584 2552 3726 2554 
6585 3720 3972 2516 
6586 659 3653 3121 
6587 2190 3784 2305 
6588 2612 3570 2992 
6589 756 3574 754 
6590 3496 3754 2177 
6591 1445 3577 1447 
6592 3613 3624 2281 
6593 629 3716 197 
6594 196 3716 588 
6595 2390 3766 3700 
6596 2271 3572 2635 
6597 565 3714 131 
6598 20 3576 19 
6599 1901 3718 2619 
6600 3184 3573 1881 
6601 2344 3896 2799 
6602 2886 3907 594 
6603 2342 3747 3521 
6604 2329 3907 2122 
6605 2893 3581 2892 
6606 130 3714 647 
6607 2096 3616 2987 
6608 1845 3578 2265 
6609 3120 3770 663 
6610 1695 3707 1566 
6611 2650 3740 1160 
6612 3042 3568 3356 
6613 1194 3583 887 
6614 2408 3579 2129 
6615 2291 3719 2575 
6616 146 3720 598 
6617 3567 3572 2271 
6618 1636 3711 1901 
6619 619 3720 147 
6620 2542 3732 2353 
6621 2830 3674 2826 
6622 3217 3728 2435 
6623 969 3582 967 
6624 3145 3729 2007 
6625 2325 3580 2399 
6626 2080 3589 3492 
6627 270 3588 269 
6628 199 3717 198 
6629 2576 3719 2289 
6630 2425 3683 2541 
6631 3754 3774 2177 
6632 3356 3568 3545 
6633 2987 3616 3601 
6634 1480 3592 2991 
6635 15 3586 14 
6636 3574 3587 754 
6637 3293 3699 1560 
6638 754 3587 752 
6639 936 3584 3219 
6640 2725 3729 1195 
6641 204 3725 623 
6642 593 3725 205 
6643 959 3708 973 
6644 2366 3883 3783 
6645 1013 3894 2521 
6646 581 3871 2507 
6647 620 3598 2893 
6648 2309 3706 2152 
6649 3222 3585 1638 
6650 2196 3703 3552 
6651 3718 3723 2619 
6652 1991 3727 2930 
6653 3492 3589 1326 
6654 2619 3723 2185 
6655 3585 3601 1638 
6656 1788 3728 1790 
6657 191 3596 573 
6658 3253 3916 3003 
6659 1793 3728 3217 
6660 3774 3787 2178 
6661 715 3591 713 
6662 1354 3715 1192 
6663 786 3590 3214 
6664 2562 3826 2064 
6665 1844 3594 2280 
6666 1189 3715 1191 
6667 2458 3993 2460 
6668 2872 3805 3267 
6669 1188 3721 1466 
6670 2090 3605 3584 
6671 1302 3593 3249 
6672 1304 3599 1132 
6673 2962 3692 563 
6674 2605 3597 2103 
6675 2091 3613 3590 
6676 1943 3600 2163 
6677 663 3770 3664 
6678 3542 3765 1012 
6679 1638 3601 1832 
6680 622 3805 2872 
6681 3627 3631 2304 
6682 2125 3603 2126 
6683 2154 3607 2333 
6684 2484 3962 3818 
6685 2309 3711 3706 
6686 2487 3731 2107 
6687 1803 3745 1826 
6688 3068 3745 1801 
6689 3151 3742 642 
6690 3632 3636 2306 
6691 218 3733 650 
6692 2126 3610 2978 
6693 3603 3610 2126 
6694 2562 3877 3826 
6695 265 3606 266 
6696 602 3733 219 
6697 1448 3604 1451 
6698 1935 3724 1655 
6699 2110 3648 2711 
6700 3730 3905 3319 
6701 2116 3722 2186 
6702 2648 3740 2645 
6703 1345 3724 1354 
6704 3644 3647 2335 
6705 639 3656 23 
6706 1533 3608 1417 
6707 2143 3609 1109 
6708 3401 3977 3030 
6709 3318 3602 1337 
6710 3749 3876 2958 
6711 2823 3611 2824 
6712 3601 3616 1832 
6713 2488 3735 1921 
6714 1711 3735 2019 
6715 112 3739 111 
6716 3711 3718 1901 
6717 3389 3702 2375 
6718 2274 3612 2335 
6719 3582 3629 967 
6720 1696 3737 1695 
6721 2467 3666 2730 
6722 2301 3980 2424 
6723 3219 3605 3070 
6724 23 3656 22 
6725 1881 3978 3671 
6726 3584 3605 3219 
6727 567 3607 2447 
6728 2753 3990 2395 
6729 1670 3614 2090 
6730 1706 3679 1422 
6731 589 3730 2896 
6732 564 3853 3618 
6733 601 3828 2951 
6734 2560 3823 2147 
6735 3039 3857 638 
6736 2799 3911 2344 
6737 2285 3737 1837 
6738 3865 3995 626 
6739 2214 3615 1934 
6740 2097 3622 2339 
6741 160 3618 159 
6742 2966 3933 2967 
6743 1832 3616 2272 
6744 2272 3659 3467 
6745 157 3620 156 
6746 3214 3613 3100 
6747 3590 3613 3214 
6748 613 3623 113 
6749 2157 3744 2303 
6750 3411 3742 2176 
6751 1675 3624 2091 
6752 2234 3686 3554 
6753 2382 3736 2173 
6754 1887 3626 1534 
6755 1544 3756 2990 
6756 2724 3767 2725 
6757 2966 3938 3933 
6758 3019 3827 3535 
6759 1850 3749 2282 
6760 1335 3625 1481 
6761 3065 3742 3411 
6762 1531 3749 1532 
6763 2077 3936 3060 
6764 1270 3748 1846 
6765 2418 3837 2557 
6766 2279 3627 1861 
6767 3565 3567 2287 
6768 1908 3751 1932 
6769 3577 3780 2341 
6770 2333 3628 2156 
6771 2527 3767 2723 
6772 2967 3758 2141 
6773 2285 3853 2950 
6774 3608 3649 2304 
6775 2411 3886 3716 
6776 967 3629 965 
6777 2489 3692 3457 
6778 2364 3647 3644 
6779 3060 3859 2077 
6780 1492 3752 1494 
6781 2312 3751 2035 
6782 3412 3621 3298 
6783 1452 3633 1460 
6784 2281 3632 1862 
6785 728 3630 717 
6786 3153 3631 2118 
6787 2117 3639 2632 
6788 155 3634 154 
6789 2012 3775 2147 
6790 1364 3726 3422 
6791 3195 3746 2495 
6792 1689 3938 2966 
6793 646 3702 3103 
6794 587 3637 3007 
6795 1736 3753 1912 
6796 2308 3753 1894 
6797 2866 3638 2865 
6798 2960 3783 2961 
6799 1004 3779 2652 
6800 1471 3644 3612 
6801 680 3754 1475 
6802 3340 3731 1817 
6803 1669 3762 2131 
6804 2084 3955 2499 
6805 3157 3636 2121 
6806 2239 3635 3361 
6807 3365 3654 2297 
6808 2059 3761 2057 
6809 2394 3773 2561 
6810 728 3640 3630 
6811 116 3771 658 
6812 2722 3646 2741 
6813 2513 3900 647 
6814 2127 3765 2128 
6815 1430 3641 1428 
6816 2167 3760 2354 
6817 3122 3643 65 
6818 2390 3791 3109 
6819 1900 3639 2368 
6820 1536 3916 3253 
6821 2364 3644 3315 
6822 2449 3931 582 
6823 2713 3862 2588 
6824 735 3640 728 
6825 2305 3784 3596 
6826 3609 3677 2156 
6827 2653 3779 2658 
6828 2339 3645 2340 
6829 3704 3861 2075 
6830 3294 3755 1273 
6831 1891 3650 1348 
6832 3344 3750 1814 
6833 1912 3977 3401 
6834 3503 3619 2245 
6835 1891 3652 3650 
6836 2120 3649 2589 
6837 2335 3647 2481 
6838 2163 3681 2579 
6839 2370 3778 2369 
6840 2134 3672 2162 
6841 3467 3659 2310 
6842 2636 3793 2413 
6843 1422 3679 1423 
6844 2606 3712 2442 
6845 2663 3825 1409 
6846 2526 3941 555 
6847 2314 3651 2313 
6848 3695 3930 2437 
6849 2275 3859 2415 
6850 1872 3781 1871 
6851 2386 3866 2387 
6852 3577 3785 1447 
6853 608 3786 123 
6854 122 3786 653 
6855 2124 3652 1891 
6856 2208 3743 3460 
6857 3109 3791 3108 
6858 3262 3761 1459 
6859 2134 3682 3672 
6860 2109 3757 3548 
6861 2159 3682 2134 
6862 3637 3869 2308 
6863 2019 3653 2555 
6864 2140 3712 2606 
6865 2861 3842 3598 
6866 3268 3769 1536 
6867 3130 3808 3787 
6868 2090 3614 3605 
6869 3007 3824 3008 
6870 3086 3802 3088 
6871 750 3655 748 
6872 2159 3689 3682 
6873 1560 3788 2659 
6874 1936 3932 2705 
6875 2492 3658 2261 
6876 2902 3804 576 
6877 635 3812 2903 
6878 1502 3657 2360 
6879 2232 3785 2341 
6880 2588 3862 3226 
6881 1749 3660 2006 
6882 1475 3754 3496 
6883 2161 3689 2159 
6884 2493 3656 2365 
6885 2466 3666 2467 
6886 2634 3823 2083 
6887 3592 3659 2272 
6888 3535 3827 2501 
6889 3016 3662 596 
6890 1907 3789 1498 
6891 1871 3802 3140 
6892 1460 3813 3134 
6893 2091 3624 3613 
6894 3357 3806 2963 
6895 2879 3960 3761 
6896 2727 3809 2729 
6897 1749 3670 3660 
6898 583 3713 2560 
6899 2390 3700 2161 
6900 3800 3813 1460 
6901 1466 3663 1186 
6902 2730 3666 1723 
6903 1814 3750 3497 
6904 748 3661 746 
6905 10 3665 9 
6906 118 3664 117 
6907 3655 3661 748 
6908 2228 3794 3049 
6909 2457 3704 566 
6910 81 3811 571 
6911 3130 3787 3302 
6912 2533 3799 2534 
6913 3025 3693 624 
6914 2449 3872 2705 
6915 3494 3776 2745 
6916 1057 3954 2580 
6917 2143 3710 3677 
6918 2617 3871 3472 
6919 3814 3909 660 
6920 48 3812 635 
6921 2259 3897 3083 
6922 2593 3855 3725 
6923 1324 3797 1364 
6924 2161 3700 3689 
6925 2826 3674 2827 
6926 618 3982 3758 
6927 627 3667 193 
6928 1526 3777 3429 
6929 2918 3906 2921 
6930 2223 3800 3099 
6931 2715 3669 2716 
6932 2147 3823 1885 
6933 3021 3722 590 
6934 2153 3668 3127 
6935 2581 3895 632 
6936 1625 3816 1346 
6937 2491 3994 2526 
6938 3472 3871 581 
6939 1407 3825 1710 
6940 1730 3773 3342 
6941 1541 3670 1749 
6942 614 3814 13 
6943 12 3814 660 
6944 1927 3815 2220 
6945 1376 3795 3289 
6946 1877 3671 1874 
6947 179 3818 612 
6948 2620 3678 2388 
6949 1480 3659 3592 
6950 3083 3897 3084 
6951 3548 3757 3054 
6952 2128 3765 3542 
6953 1541 3683 3670 
6954 165 3820 601 
6955 3109 3766 2390 
6956 651 3820 166 
6957 1490 3810 1495 
6958 1071 3672 3170 
6959 1882 3677 2994 
6960 2199 3845 1778 
6961 3253 3810 1488 
6962 210 3673 209 
6963 1780 3845 2332 
6964 612 3962 3117 
6965 3606 3879 617 
6966 1405 3676 1403 
6967 634 3837 188 
6968 2118 3631 3627 
6969 1741 3675 2269 
6970 3618 3853 2286 
6971 2628 3691 644 
6972 1197 3796 3373 
6973 3451 3893 3525 
6974 3671 3978 3097 
6975 3672 3682 3170 
6976 3663 3674 2830 
6977 3096 3832 3173 
6978 963 3680 961 
6979 2121 3636 3632 
6980 2567 3803 3248 
6981 3374 3804 2545 
6982 744 3684 742 
6983 83 3685 82 
6984 2137 3687 2139 
6985 3027 3804 3374 
6986 644 3691 3078 
6987 3170 3682 1310 
6988 3645 3904 3824 
6989 3050 3778 2419 
6990 3682 3689 1310 
6991 3029 3869 621 
6992 1910 3688 2352 
6993 3906 3929 2921 
6994 3687 3694 2139 
6995 1078 3826 2776 
6996 607 3778 3050 
6997 596 3865 90 
6998 89 3865 626 
6999 2875 3874 2878 
7000 655 3847 3107 
7001 200 3850 199 
7002 1533 3649 3608 
7003 181 3690 180 
7004 1310 3689 3158 
7005 3604 3794 1451 
7006 2360 3821 3142 
7007 2799 3896 2908 
7008 606 3851 16 
7009 2625 3695 2076 
7010 2937 3990 2753 
7011 3215 3830 2164 
7012 2139 3694 2176 
7013 3027 3875 3026 
7014 2508 3693 2188 
7015 2928 3696 2929 
7016 635 3937 2902 
7017 2193 3697 2192 
7018 1920 3698 1786 
7019 3677 3710 2994 
7020 2871 3874 2868 
7021 2258 3699 3293 
7022 3216 3867 2423 
7023 1494 3752 3622 
7024 1377 3848 1376 
7025 604 3840 3081 
7026 3030 3977 3028 
7027 3689 3700 3158 
7028 2427 3852 2293 
7029 3612 3644 2335 
7030 3158 3700 1715 
7031 2295 3852 2493 
7032 1006 3976 2585 
7033 3686 3706 3448 
7034 880 3686 3448 
7035 3391 3930 1977 
7036 3473 3782 3456 
7037 3457 3692 2179 
7038 3815 3821 2360 
7039 2353 3915 2267 
7040 2144 3868 2145 
7041 2943 3705 2288 
7042 2418 3943 3837 
7043 1540 3954 1033 
7044 2990 3976 790 
7045 3588 3982 618 
7046 555 3701 262 
7047 2481 3857 2334 
7048 3589 3797 1326 
7049 2248 3940 3555 
7050 608 3967 3786 
7051 2917 3906 2918 
7052 794 3976 1006 
7053 3003 3916 3001 
7054 2307 3710 2143 
7055 2382 3850 3736 
7056 657 3901 2636 
7057 3680 3708 961 
7058 3622 3752 2339 
7059 2064 3826 3256 
7060 1013 3934 816 
7061 1049 3954 1057 
7062 3105 3892 3104 
7063 2336 3884 2397 
7064 765 3946 1016 
7065 647 3900 129 
7066 1036 3950 761 
7067 3645 3824 2340 
7068 2541 3683 3484 
7069 2682 3945 2681 
7070 1466 3721 3696 
7071 639 3854 3656 
7072 128 3900 599 
7073 1323 3896 2407 
7074 174 3898 4 
7075 4 3898 173 
7076 64 3899 2 
7077 2 3899 63 
7078 226 3901 657 
7079 664 3901 227 
7080 3059 3936 649 
7081 3484 3683 1541 
7082 3169 3702 3389 
7083 2535 3941 2357 
7084 3090 3917 3091 
7085 2085 3703 2198 
7086 2341 3785 3577 
7087 50 3920 49 
7088 645 3961 3082 
7089 2424 3980 3763 
7090 1846 3748 3658 
7091 186 3943 561 
7092 582 3836 241 
7093 1865 3897 2259 
7094 2520 3925 1920 
7095 660 3926 11 
7096 1566 3707 1565 
7097 3267 3985 2872 
7098 3201 3888 2404 
7099 2361 3967 3169 
7100 3061 3744 2415 
7101 961 3708 959 
7102 2362 3895 2581 
7103 3120 3935 3770 
7104 2124 3768 3652 
7105 1859 3939 1937 
7106 654 3744 3061 
7107 152 3709 151 
7108 3706 3711 2063 
7109 2269 3839 3133 
7110 2345 3712 2140 
7111 3598 3842 2515 
7112 2283 3913 2284 
7113 3328 3921 1890 
7114 2344 3911 1903 
7115 2075 3861 2663 
7116 2063 3711 1636 
7117 2098 3966 2308 
7118 3830 3839 2269 
7119 2994 3710 1991 
7120 3525 3828 2422 
7121 131 3714 130 
7122 565 3888 3714 
7123 2143 3677 3609 
7124 2580 3963 2378 
7125 2389 3791 2390 
7126 197 3716 196 
7127 3839 3843 3133 
7128 1 3902 228 
7129 9 3902 1 
7130 3 3903 118 
7131 119 3903 3 
7132 2502 3895 3297 
7133 3049 3794 3604 
7134 2208 3844 3743 
7135 3098 3978 3573 
7136 2936 3797 3589 
7137 198 3717 629 
7138 1016 3946 3481 
7139 1192 3715 1189 
7140 3448 3706 2063 
7141 3633 3800 1460 
7142 3133 3843 2278 
7143 3525 3893 2948 
7144 2311 3958 2382 
7145 3007 3966 2340 
7146 2278 3849 2298 
7147 2289 3719 2291 
7148 3136 3718 2309 
7149 1273 3755 3668 
7150 2266 3790 3349 
7151 2872 3985 2869 
7152 3555 3940 2891 
7153 3012 3959 3777 
7154 2930 3727 1905 
7155 3849 3858 2298 
7156 147 3720 146 
7157 2131 3762 3688 
7158 3843 3849 2278 
7159 3099 3800 3633 
7160 1423 3679 3654 
7161 1191 3721 1188 
7162 2298 3858 2300 
7163 1972 3940 3434 
7164 3600 3681 2163 
7165 3136 3723 3718 
7166 2309 3718 3711 
7167 2007 3808 3130 
7168 2414 3759 2626 
7169 3459 3736 597 
7170 1494 3723 3136 
7171 2626 3759 609 
7172 3664 3771 117 
7173 3422 3726 2552 
7174 3304 3722 2116 
7175 3035 3760 2169 
7176 3858 3864 2300 
7177 3523 3836 582 
7178 3693 3875 2189 
7179 1655 3724 1345 
7180 205 3725 204 
7181 2300 3864 2386 
7182 3174 3880 649 
7183 1790 3728 1793 
7184 3656 3854 2365 
7185 2430 3829 3479 
7186 2501 3738 3535 
7187 2882 3730 589 
7188 2903 3812 2490 
7189 3864 3866 2386 
7190 1195 3729 3145 
7191 2962 3880 3692 
7192 3423 3969 2251 
7193 3424 3957 2383 
7194 3460 3743 3540 
7195 2356 3817 2191 
7196 263 3732 264 
7197 3700 3766 1715 
7198 2383 3957 3464 
7199 2645 3740 2650 
7200 2059 3905 2883 
7201 1297 3747 3281 
7202 2220 3815 3657 
7203 2454 3856 2451 
7204 2369 3912 2488 
7205 3174 3936 2077 
7206 2107 3731 3340 
7207 219 3733 218 
7208 2381 3883 2366 
7209 15 3851 3586 
7210 625 3889 2884 
7211 1921 3735 1711 
7212 1837 3737 1696 
7213 2173 3736 2174 
7214 1860 3952 1687 
7215 2251 3969 3507 
7216 2575 3738 2501 
7217 2174 3736 3459 
7218 111 3739 604 
7219 640 3807 2750 
7220 2567 3979 2931 
7221 642 3742 3065 
7222 3658 3748 2261 
7223 636 3743 2922 
7224 1495 3904 3645 
7225 2183 3741 3531 
7226 3790 3948 3349 
7227 2520 3764 2440 
7228 3654 3679 2297 
7229 3657 3815 2360 
7230 1801 3745 1803 
7231 2332 3764 3512 
7232 2415 3744 2157 
7233 1466 3674 3663 
7234 3697 3796 1197 
7235 3760 3919 2354 
7236 2750 3807 3578 
7237 3281 3747 3494 
7238 2503 3995 3865 
7239 2399 3979 2567 
7240 2870 3848 3638 
7241 555 3941 3915 
7242 3473 3885 3782 
7243 3722 3835 590 
7244 2308 3966 3637 
7245 3668 3755 3127 
7246 2164 3830 3675 
7247 2259 3746 3195 
7248 2468 3992 2469 
7249 1532 3749 1850 
7250 1273 3748 1270 
7251 2128 3750 3344 
7252 3685 3811 82 
7253 2035 3751 1908 
7254 2357 3994 2350 
7255 2176 3863 3411 
7256 633 3760 3035 
7257 3699 3788 1560 
7258 3581 3829 2430 
7259 1495 3752 1492 
7260 2530 3846 1678 
7261 3745 3856 1826 
7262 3701 3915 2353 
7263 2448 3872 2449 
7264 3690 3818 180 
7265 3040 3807 640 
7266 2284 3913 3662 
7267 3540 3743 636 
7268 2389 3890 3791 
7269 1894 3753 1736 
7270 3182 3757 2109 
7271 2077 3859 3505 
7272 577 3981 3379 
7273 2847 3756 1544 
7274 2131 3755 3294 
7275 3305 3754 680 
7276 3054 3757 3055 
7277 574 3834 3634 
7278 3702 3870 2375 
7279 2141 3758 2345 
7280 2967 3933 3666 
7281 3034 3803 570 
7282 2019 3891 3653 
7283 3507 3969 2960 
7284 3675 3830 2269 
7285 609 3759 3109 
7286 3531 3741 2513 
7287 3512 3764 2520 
7288 3651 3878 2313 
7289 2556 3889 3799 
7290 2381 3981 3883 
7291 3521 3747 1297 
7292 2169 3760 2167 
7293 3688 3762 2352 
7294 2122 3762 1669 
7295 2723 3767 2724 
7296 242 3763 584 
7297 1715 3766 3147 
7298 241 3836 8 
7299 2057 3761 3262 
7300 2483 3765 2127 
7301 2537 3790 2266 
7302 3696 3721 2929 
7303 3666 3933 1723 
7304 3692 3880 2179 
7305 3746 3961 645 
7306 2463 3792 585 
7307 582 3931 3523 
7308 2119 3768 1474 
7309 10 3926 3665 
7310 2382 3958 3717 
7311 3305 3774 3754 
7312 3407 3790 2537 
7313 117 3771 116 
7314 2397 3770 2338 
7315 2193 3796 3697 
7316 2284 3769 3268 
7317 2882 3905 3730 
7318 2346 3775 2012 
7319 3034 3953 3803 
7320 2745 3776 2743 
7321 2886 3908 2122 
7322 2543 3991 2332 
7323 2402 3928 2682 
7324 3429 3777 2594 
7325 3342 3773 2394 
7326 3776 3780 2743 
7327 3736 3850 597 
7328 2625 3930 3695 
7329 3304 3835 3722 
7330 1287 3774 3305 
7331 3106 3847 3098 
7332 2556 3799 2533 
7333 2652 3779 2653 
7334 3714 3888 2512 
7335 2961 3783 637 
7336 3787 3808 2178 
7337 2419 3778 2370 
7338 2429 3919 2897 
7339 2743 3780 1465 
7340 3025 3875 3693 
7341 3094 3917 1875 
7342 2358 3975 3973 
7343 3167 3840 2539 
7344 1287 3787 3774 
7345 2515 3841 3598 
7346 3040 3956 3807 
7347 1875 3781 1872 
7348 3707 3893 1565 
7349 3743 3844 2922 
7350 631 3927 2549 
7351 2358 3973 3186 
7352 2522 3894 3833 
7353 3638 3848 1425 
7354 3786 3967 2479 
7355 2522 3788 2506 
7356 3049 3785 2232 
7357 2398 3844 2208 
7358 3580 3854 2399 
7359 123 3786 122 
7360 3781 3917 3090 
7361 2387 3909 3814 
7362 2191 3817 2193 
7363 2343 3863 3242 
7364 3148 3935 653 
7365 2400 3975 2358 
7366 3182 3860 3757 
7367 2364 3834 3647 
7368 643 3790 3407 
7369 1498 3789 1497 
7370 3840 3921 3081 
7371 3302 3787 1287 
7372 3108 3791 656 
7373 3744 3892 2303 
7374 2413 3793 2519 
7375 3373 3796 3357 
7376 3456 3782 2529 
7377 590 3835 2895 
7378 3757 3860 3055 
7379 3099 3794 2228 
7380 3030 3942 3401 
7381 629 3958 3441 
7382 1326 3797 1324 
7383 3289 3795 2046 
7384 3694 3863 2176 
7385 2375 3870 2374 
7386 3789 3801 1497 
7387 3634 3834 2363 
7388 643 3948 3790 
7389 584 3980 2563 
7390 3803 3953 2324 
7391 2920 3838 3768 
7392 3915 3941 2535 
7393 2237 3918 1904 
7394 3098 3847 3137 
7395 2221 3800 2223 
7396 3088 3802 3090 
7397 3117 3962 2485 
7398 3267 3805 2329 
7399 2963 3806 1625 
7400 2860 3805 622 
7401 576 3804 3027 
7402 1497 3801 2064 
7403 2506 3788 3699 
7404 3325 3841 3324 
7405 2221 3813 3800 
7406 2280 3873 3037 
7407 1960 3914 3910 
7408 2921 3838 2920 
7409 3834 3971 3647 
7410 2457 3861 3704 
7411 3248 3803 2324 
7412 3778 3912 2369 
7413 3838 3929 3229 
7414 1728 3809 2727 
7415 2657 3833 2656 
7416 2330 3889 2556 
7417 646 3870 3702 
7418 82 3811 81 
7419 2178 3808 2312 
7420 1488 3810 1490 
7421 2220 3813 2221 
7422 49 3812 48 
7423 2391 3890 2389 
7424 13 3814 12 
7425 1346 3816 1933 
7426 1926 3815 1927 
7427 2398 3942 3844 
7428 2529 3782 3691 
7429 3816 3819 1933 
7430 1474 3838 3229 
7431 1885 3823 2634 
7432 3652 3768 2119 
7433 3008 3824 3002 
7434 180 3818 179 
7435 3783 3883 637 
7436 598 3842 2861 
7437 1933 3819 2213 
7438 2145 3885 3473 
7439 3319 3905 2059 
7440 653 3935 3120 
7441 3819 3822 2213 
7442 1926 3821 3815 
7443 2902 3937 3804 
7444 2346 3923 3775 
7445 3665 3793 664 
7446 591 3827 3019 
7447 166 3820 165 
7448 3596 3784 573 
7449 3807 3956 2265 
7450 2213 3822 2215 
7451 3097 3978 3098 
7452 2407 3867 3216 
7453 1409 3825 1407 
7454 3822 3831 2215 
7455 3770 3935 2338 
7456 2164 3821 1926 
7457 2921 3929 3838 
7458 1678 3846 3391 
7459 2422 3828 2478 
7460 560 3964 2573 
7461 2215 3831 2515 
7462 2501 3827 2500 
7463 3735 3891 2019 
7464 3791 3890 656 
7465 3141 3830 3215 
7466 3256 3826 1078 
7467 3379 3981 2381 
7468 2656 3833 2660 
7469 2554 3983 2934 
7470 3137 3832 3096 
7471 2594 3959 3855 
7472 2354 3919 2429 
7473 3784 3906 573 
7474 633 3919 3760 
7475 2776 3877 2237 
7476 2363 3834 2364 
7477 3141 3839 3830 
7478 2343 3964 3863 
7479 188 3837 187 
7480 3391 3846 2438 
7481 3768 3838 1474 
7482 2264 3835 3304 
7483 623 3855 3010 
7484 3835 3927 2895 
7485 1728 3887 3809 
7486 3855 3959 3010 
7487 3083 3961 2259 
7488 3691 3782 3078 
7489 649 3880 2962 
7490 2922 3844 572 
7491 1084 3839 3141 
7492 3782 3885 3078 
7493 2391 3987 3890 
7494 1084 3843 3839 
7495 2659 3965 2657 
7496 1778 3845 1780 
7497 2406 3879 2405 
7498 2705 3872 2155 
7499 2515 3842 2514 
7500 1904 3918 2344 
7501 2950 3853 564 
7502 3165 3843 1084 
7503 3578 3807 2265 
7504 2453 3856 3745 
7505 3479 3829 3325 
7506 3795 3985 2046 
7507 3107 3847 3106 
7508 597 3850 200 
7509 3165 3849 3843 
7510 1425 3848 1377 
7511 1319 3849 3165 
7512 3055 3860 559 
7513 16 3851 15 
7514 1319 3858 3849 
7515 2270 3886 2411 
7516 2293 3852 2295 
7517 2594 3855 2593 
7518 3788 3965 2659 
7519 2714 3862 2713 
7520 2451 3856 2453 
7521 2460 3993 3792 
7522 2286 3853 2285 
7523 3155 3858 1319 
7524 2521 3894 2522 
7525 2365 3854 3580 
7526 2459 3861 2457 
7527 3833 3894 2660 
7528 2334 3857 3234 
7529 2494 3860 3182 
7530 3155 3864 3858 
7531 3505 3859 2275 
7532 90 3865 89 
7533 3637 3966 3007 
7534 3824 3904 3002 
7535 3563 3995 2368 
7536 1856 3864 3155 
7537 2424 3836 3523 
7538 1856 3866 3864 
7539 2934 3983 2935 
7540 3150 3866 1856 
7541 2384 3868 2144 
7542 621 3869 2887 
7543 2934 3947 2554 
7544 2958 3876 2957 
7545 3643 3899 64 
7546 2302 3871 2617 
7547 173 3898 3642 
7548 2868 3874 2875 
7549 3101 3870 646 
7550 2660 3894 1013 
7551 3026 3875 3025 
7552 2893 3829 3581 
7553 2539 3840 3739 
7554 555 3915 3701 
7555 3837 3943 187 
7556 3844 3942 572 
7557 2264 3927 3835 
7558 637 3883 2904 
7559 2423 3877 2562 
7560 2270 3986 3886 
7561 3827 3989 2500 
7562 591 3989 3827 
7563 2637 3887 1728 
7564 2499 3955 2461 
7565 2895 3927 631 
7566 2573 3964 2343 
7567 3232 3876 1531 
7568 588 3886 2890 
7569 3115 3891 3113 
7570 2313 3878 2322 
7571 3078 3885 3079 
7572 2179 3880 3174 
7573 2337 3884 2336 
7574 2637 3910 3887 
7575 2883 3905 2882 
7576 2512 3888 3201 
7577 656 3890 3102 
7578 2908 3896 1323 
7579 2494 3949 3860 
7580 3662 3913 596 
7581 3104 3892 654 
7582 3860 3949 559 
7583 1960 3910 2637 
7584 2684 3944 2686 
7585 3676 3914 1960 
7586 228 3902 664 
7587 663 3903 119 
7588 3401 3942 2398 
7589 662 3898 174 
7590 63 3899 665 
7591 3002 3904 3003 
7592 3041 3956 3040 
7593 129 3900 128 
7594 2585 3922 2583 
7595 1867 3897 1865 
7596 227 3901 226 
7597 1977 3930 2625 
7598 3297 3895 2362 
7599 573 3906 2917 
7600 3349 3948 2427 
7601 3883 3981 2904 
7602 3886 3986 2890 
7603 602 3987 3366 
7604 571 3947 2934 
7605 2516 3972 3615 
7606 2684 3945 3944 
7607 3876 3970 2957 
7608 654 3892 3744 
7609 2267 3915 2535 
7610 3001 3916 3004 
7611 3366 3987 2391 
7612 2897 3919 633 
7613 1565 3893 3451 
7614 2405 3879 3606 
7615 3709 3989 591 
7616 3112 3912 607 
7617 574 3971 3834 
7618 3091 3917 3094 
7619 3890 3987 3102 
7620 617 3879 3734 
7621 3232 3970 3876 
7622 3863 3964 3411 
7623 1903 3911 2142 
7624 2503 3913 2283 
7625 563 3920 50 
7626 2348 3923 2346 
7627 567 3924 3607 
7628 3033 3953 3034 
7629 3523 3931 2359 
7630 1459 3960 3641 
7631 1723 3933 3076 
7632 2433 3882 3798 
7633 1890 3921 3167 
7634 3607 3924 2333 
7635 2583 3922 2584 
7636 11 3926 10 
7637 3933 3938 3076 
7638 816 3934 818 
7639 3186 3973 3314 
7640 2957 3970 3507 
7641 3060 3936 3059 
7642 572 3942 3030 
7643 3555 3986 2270 
7644 2681 3945 2684 
7645 2549 3927 2264 
7646 3076 3938 2401 
7647 559 3949 3447 
7648 3922 3968 2584 
7649 3973 3975 2686 
7650 2338 3935 3148 
7651 763 3950 3946 
7652 2686 3975 1036 
7653 2359 3939 1859 
7654 3576 3948 643 
7655 1033 3954 1049 
7656 187 3943 186 
7657 763 3946 765 
7658 3620 3971 574 
7659 3229 3929 2190 
7660 761 3950 763 
7661 2545 3937 2544 
7662 1687 3952 1689 
7663 2947 3974 2949 
7664 2878 3960 2879 
7665 3594 3873 2280 
7666 3010 3959 3012 
7667 2931 3979 639 
7668 2554 3947 2553 
7669 1695 3974 3707 
7670 3018 3972 619 
7671 790 3976 794 
7672 3082 3961 3083 
7673 1561 3990 2937 
7674 2495 3949 2494 
7675 2396 3988 1561 
7676 2890 3986 2891 
7677 3028 3977 3029 
7678 626 3995 3563 
7679 2904 3981 577 
7680 2324 3953 3651 
7681 2136 3992 2610 
7682 2485 3962 2484 
7683 2479 3967 2361 
7684 3102 3987 602 
7685 2265 3956 3594 
7686 2340 3966 2098 
7687 3988 3990 1561 
7688 2378 3963 2379 
7689 229 3984 230 
7690 3447 3949 2495 
7691 3434 3940 2248 
7692 2046 3985 3267 
7693 2251 3970 3232 
7694 2367 3969 3423 
7695 2500 3989 2502 
7696 2368 3995 2503 
7697 579 3991 2543 
7698 3846 3881 2438 
7699 2193 3817 3806 
7700 3411 3964 560 
7701 3951 3984 2469 
7702 665 3899 3643 
7703 3642 3898 662 
7704 3425 3957 3424 
7705 3441 3958 2311 
7706 2427 3948 3576 
7707 2584 3968 3425 
7708 3242 3863 3694 
7709 3854 3979 2399 
7710 3113 3891 3735 
7711 3507 3970 2251 
7712 2481 3971 3620 
7713 3425 3968 3957 
7714 3739 3840 604 
7715 3594 3956 3041 
7716 607 3912 3778 
7717 3615 3972 3018 
7718 3762 3908 2352 
7719 3717 3958 629 
7720 2891 3986 3555 
7721 3763 3980 584 
7722 3647 3971 2481 
7723 3324 3841 3831 
7724 664 3902 3665 
7725 3664 3903 663 
7726 2522 3965 3788 
7727 3167 3921 3840 
7728 3665 3902 9 
7729 118 3903 3664 
7730 3806 3817 1625 
7731 3867 3918 2237 
7732 2460 3914 3676 
7733 3641 3960 2878 
7734 3573 3978 1881 
7735 3713 3955 2084 
7736 3651 3953 3033 
7737 3734 3879 2406 
7738 2345 3982 3588 
7739 2333 3924 3678 
7740 2190 3929 3784 
7741 3804 3937 2545 
7742 2259 3961 3746 
7743 3831 3841 2515 
7744 2122 3908 3762 
7745 2502 3989 3709 
7746 3931 3932 2359 
7747 3833 3965 2522 
7748 2332 3991 3764 
7749 3707 3974 2947 
7750 3756 3922 2585 
7751 3792 3914 2460 
7752 1875 3917 3781 
7753 2657 3965 3833 
7754 3777 3959 2594 
7755 639 3979 3854 
7756 3758 3982 2345 
7757 2407 3918 3867 
7758 3314 3973 3944 
7759 2449 3932 3931 
7760 1689 3952 3928 
7761 3928 3952 2682 
7762 2469 3992 3951 
7763 3951 3992 2136 
7764 3944 3973 2686 
$EndElements
