$MeshFormat
4.1 0 8
$EndMeshFormat
$Entities
10 10 1 0
1 0 0 0 0 
2 0.4 0 0 0 
3 0.6 0 0 0 
4 1 0 0 0 
5 0 0.5 0 0 
6 0.4 0.5 0 0 
7 0.6 0.5 0 0 
8 1 0.5 0 0 
11 0.5 0.1 0 0 
12 0.5 0.4 0 0 
1 -1.000000000028756e-07 -1e-07 -1e-07 0.4000001 1e-07 1e-07 0 2 1 -2 
2 0.5999999 -1e-07 -1e-07 1.0000001 1e-07 1e-07 0 2 3 -4 
3 0.9999999000000001 -9.999999997511999e-08 -1e-07 1.0000001 0.5000000999999999 1e-07 0 2 4 -8 
4 0.5999999 0.4999999 -1e-07 1.0000001 0.5000000999999999 1e-07 0 2 8 -7 
5 -1.000000000028756e-07 0.4999999 -1e-07 0.4000001 0.5000000999999999 1e-07 0 2 6 -5 
6 -1e-07 -9.999999997511999e-08 -1e-07 1e-07 0.5000000999999999 1e-07 0 2 5 -1 
7 0.3999999 -1.000000000098145e-07 -1e-07 0.5000000999999999 0.1000001 1e-07 0 2 2 -11 
8 0.4999999 0.3999999 -1e-07 0.6000000999999999 0.5000000999999999 1e-07 0 2 7 -12 
9 0.4999999 -9.999999997511999e-08 -1e-07 0.6000000999999999 0.1000001 1e-07 0 2 11 -3 
10 0.3999999 0.3999999 -1e-07 0.5000000999999999 0.5000000999999999 1e-07 0 2 12 -6 
1 -9.999999994736442e-08 -1.000000000306311e-07 -1e-07 1.0000001 0.5000000999999999 1e-07 0 10 1 7 9 2 3 4 8 10 5 6 
$EndEntities
$Nodes
21 5715 1 5715
0 1 0 1
1
0 0 0
0 2 0 1
2
0.4 0 0
0 3 0 1
3
0.6 0 0
0 4 0 1
4
1 0 0
0 5 0 1
5
0 0.5 0
0 6 0 1
6
0.4 0.5 0
0 7 0 1
7
0.6 0.5 0
0 8 0 1
8
1 0.5 0
0 11 0 1
9
0.5 0.1 0
0 12 0 1
10
0.5 0.4 0
1 1 0 39
11
12
13
14
15
16
17
18
19
20
21
22
23
24
25
26
27
28
29
30
31
32
33
34
35
36
37
38
39
40
41
42
43
44
45
46
47
48
49
0.01000000000000001 0 0
0.02000000000000002 0 0
0.03000000000000004 0 0
0.04000000000000004 0 0
0.05000000000000006 0 0
0.06000000000000007 0 0
0.07000000000000009 0 0
0.0800000000000001 0 0
0.09000000000000014 0 0
0.1000000000000001 0 0
0.1100000000000002 0 0
0.1200000000000002 0 0
0.1300000000000002 0 0
0.1400000000000002 0 0
0.1500000000000002 0 0
0.1600000000000003 0 0
0.1700000000000003 0 0
0.1800000000000003 0 0
0.1900000000000003 0 0
0.2000000000000003 0 0
0.2100000000000004 0 0
0.2200000000000003 0 0
0.2300000000000003 0 0
0.2400000000000003 0 0
0.2500000000000003 0 0
0.2600000000000003 0 0
0.2700000000000004 0 0
0.2800000000000003 0 0
0.2900000000000003 0 0
0.3000000000000003 0 0
0.3100000000000003 0 0
0.3200000000000003 0 0
0.3300000000000002 0 0
0.3400000000000002 0 0
0.3500000000000002 0 0
0.3600000000000002 0 0
0.3700000000000002 0 0
0.3800000000000001 0 0
0.3900000000000001 0 0
1 2 0 39
50
51
52
53
54
55
56
57
58
59
60
61
62
63
64
65
66
67
68
69
70
71
72
73
74
75
76
77
78
79
80
81
82
83
84
85
86
87
88
0.61 0 0
0.62 0 0
0.63 0 0
0.64 0 0
0.65 0 0
0.66 0 0
0.67 0 0
0.68 0 0
0.6900000000000002 0 0
0.7000000000000002 0 0
0.7100000000000002 0 0
0.7200000000000002 0 0
0.7300000000000002 0 0
0.7400000000000002 0 0
0.7500000000000002 0 0
0.7600000000000002 0 0
0.7700000000000002 0 0
0.7800000000000002 0 0
0.7900000000000003 0 0
0.8000000000000003 0 0
0.8100000000000003 0 0
0.8200000000000003 0 0
0.8300000000000003 0 0
0.8400000000000003 0 0
0.8500000000000003 0 0
0.8600000000000003 0 0
0.8700000000000003 0 0
0.8800000000000003 0 0
0.8900000000000003 0 0
0.9000000000000002 0 0
0.9100000000000004 0 0
0.9200000000000003 0 0
0.9300000000000002 0 0
0.9400000000000002 0 0
0.9500000000000002 0 0
0.9600000000000002 0 0
0.9700000000000002 0 0
0.9800000000000001 0 0
0.99 0 0
1 3 0 49
89
90
91
92
93
94
95
96
97
98
99
100
101
102
103
104
105
106
107
108
109
110
111
112
113
114
115
116
117
118
119
120
121
122
123
124
125
126
127
128
129
130
131
132
133
134
135
136
137
1 0.01 0
1 0.02 0
1 0.03 0
1 0.04 0
1 0.05 0
1 0.06 0
1 0.07000000000000001 0
1 0.08 0
1 0.09 0
1 0.1 0
1 0.11 0
1 0.12 0
1 0.13 0
1 0.14 0
1 0.15 0
1 0.16 0
1 0.17 0
1 0.18 0
1 0.19 0
1 0.2 0
1 0.21 0
1 0.22 0
1 0.23 0
1 0.24 0
1 0.25 0
1 0.26 0
1 0.27 0
1 0.28 0
1 0.29 0
1 0.3 0
1 0.31 0
1 0.32 0
1 0.33 0
1 0.34 0
1 0.35 0
1 0.36 0
1 0.37 0
1 0.38 0
1 0.39 0
1 0.4 0
1 0.41 0
1 0.42 0
1 0.43 0
1 0.44 0
1 0.45 0
1 0.46 0
1 0.47 0
1 0.48 0
1 0.49 0
1 4 0 39
138
139
140
141
142
143
144
145
146
147
148
149
150
151
152
153
154
155
156
157
158
159
160
161
162
163
164
165
166
167
168
169
170
171
172
173
174
175
176
0.99 0.5 0
0.98 0.5 0
0.97 0.5 0
0.96 0.5 0
0.95 0.5 0
0.9399999999999999 0.5 0
0.9299999999999999 0.5 0
0.9199999999999999 0.5 0
0.9099999999999999 0.5 0
0.8999999999999999 0.5 0
0.8899999999999998 0.5 0
0.8799999999999998 0.5 0
0.8699999999999998 0.5 0
0.8599999999999998 0.5 0
0.8499999999999998 0.5 0
0.8399999999999997 0.5 0
0.8299999999999997 0.5 0
0.8199999999999997 0.5 0
0.8099999999999997 0.5 0
0.7999999999999997 0.5 0
0.7899999999999996 0.5 0
0.7799999999999997 0.5 0
0.7699999999999997 0.5 0
0.7599999999999997 0.5 0
0.7499999999999997 0.5 0
0.7399999999999997 0.5 0
0.7299999999999996 0.5 0
0.7199999999999998 0.5 0
0.7099999999999997 0.5 0
0.6999999999999997 0.5 0
0.6899999999999997 0.5 0
0.6799999999999997 0.5 0
0.6699999999999997 0.5 0
0.6599999999999997 0.5 0
0.6499999999999998 0.5 0
0.6399999999999998 0.5 0
0.6299999999999999 0.5 0
0.6199999999999999 0.5 0
0.6099999999999999 0.5 0
1 5 0 39
177
178
179
180
181
182
183
184
185
186
187
188
189
190
191
192
193
194
195
196
197
198
199
200
201
202
203
204
205
206
207
208
209
210
211
212
213
214
215
0.39 0.5 0
0.38 0.5 0
0.37 0.5 0
0.36 0.5 0
0.35 0.5 0
0.34 0.5 0
0.33 0.5 0
0.32 0.5 0
0.3099999999999999 0.5 0
0.2999999999999999 0.5 0
0.2899999999999998 0.5 0
0.2799999999999998 0.5 0
0.2699999999999998 0.5 0
0.2599999999999998 0.5 0
0.2499999999999998 0.5 0
0.2399999999999997 0.5 0
0.2299999999999998 0.5 0
0.2199999999999997 0.5 0
0.2099999999999997 0.5 0
0.1999999999999997 0.5 0
0.1899999999999997 0.5 0
0.1799999999999997 0.5 0
0.1699999999999997 0.5 0
0.1599999999999997 0.5 0
0.1499999999999997 0.5 0
0.1399999999999997 0.5 0
0.1299999999999997 0.5 0
0.1199999999999997 0.5 0
0.1099999999999997 0.5 0
0.09999999999999976 0.5 0
0.08999999999999969 0.5 0
0.07999999999999974 0.5 0
0.06999999999999978 0.5 0
0.05999999999999978 0.5 0
0.04999999999999982 0.5 0
0.03999999999999981 0.5 0
0.02999999999999986 0.5 0
0.01999999999999991 0.5 0
0.009999999999999953 0.5 0
1 6 0 49
216
217
218
219
220
221
222
223
224
225
226
227
228
229
230
231
232
233
234
235
236
237
238
239
240
241
242
243
244
245
246
247
248
249
250
251
252
253
254
255
256
257
258
259
260
261
262
263
264
0 0.49 0
0 0.48 0
0 0.47 0
0 0.46 0
0 0.45 0
0 0.44 0
0 0.43 0
0 0.42 0
0 0.41 0
0 0.4 0
0 0.39 0
0 0.38 0
0 0.37 0
0 0.36 0
0 0.35 0
0 0.34 0
0 0.33 0
0 0.32 0
0 0.31 0
0 0.3 0
0 0.29 0
0 0.28 0
0 0.27 0
0 0.26 0
0 0.25 0
0 0.24 0
0 0.23 0
0 0.22 0
0 0.21 0
0 0.2 0
0 0.19 0
0 0.18 0
0 0.17 0
0 0.16 0
0 0.15 0
0 0.14 0
0 0.13 0
0 0.12 0
0 0.11 0
0 0.09999999999999998 0
0 0.09000000000000002 0
0 0.08000000000000002 0
0 0.07000000000000001 0
0 0.06 0
0 0.04999999999999999 0
0 0.03999999999999998 0
0 0.03000000000000003 0
0 0.02000000000000002 0
0 0.01000000000000001 0
1 7 0 15
265
266
267
268
269
270
271
272
273
274
275
276
277
278
279
0.4004815273327803 0.009801714032956058 0
0.401921471959677 0.01950903220161279 0
0.4043059664267791 0.02902846772544621 0
0.4076120467488713 0.03826834323650896 0
0.4118078735651645 0.04713967368259975 0
0.4168530387697454 0.05555702330196018 0
0.4226989546637263 0.06343932841636452 0
0.4292893218813453 0.07071067811865472 0
0.4365606715836355 0.0773010453362737 0
0.4444429766980398 0.0831469612302545 0
0.4528603263174003 0.08819212643483547 0
0.461731656763491 0.09238795325112867 0
0.4709715322745537 0.09569403357322086 0
0.4804909677983871 0.09807852804032301 0
0.490198285967044 0.09951847266721967 0
1 8 0 15
280
281
282
283
284
285
286
287
288
289
290
291
292
293
294
0.5995184726672197 0.490198285967044 0
0.598078528040323 0.4804909677983872 0
0.5956940335732209 0.4709715322745539 0
0.5923879532511287 0.4617316567634911 0
0.5881921264348355 0.4528603263174004 0
0.5831469612302546 0.4444429766980399 0
0.5773010453362738 0.4365606715836356 0
0.5707106781186548 0.4292893218813454 0
0.5634393284163647 0.4226989546637264 0
0.5555570233019603 0.4168530387697456 0
0.5471396736825999 0.4118078735651646 0
0.5382683432365091 0.4076120467488714 0
0.5290284677254463 0.4043059664267792 0
0.5195090322016128 0.401921471959677 0
0.509801714032956 0.4004815273327803 0
1 9 0 15
295
296
297
298
299
300
301
302
303
304
305
306
307
308
309
0.509801714032956 0.09951847266721969 0
0.5195090322016128 0.09807852804032305 0
0.5290284677254462 0.0956940335732209 0
0.538268343236509 0.09238795325112867 0
0.5471396736825997 0.08819212643483551 0
0.5555570233019602 0.08314696123025456 0
0.5634393284163646 0.07730104533627369 0
0.5707106781186547 0.07071067811865477 0
0.5773010453362737 0.0634393284163646 0
0.5831469612302546 0.05555702330196022 0
0.5881921264348355 0.0471396736825998 0
0.5923879532511287 0.03826834323650904 0
0.5956940335732209 0.02902846772544625 0
0.598078528040323 0.01950903220161287 0
0.5995184726672197 0.009801714032956051 0
1 10 0 15
310
311
312
313
314
315
316
317
318
319
320
321
322
323
324
0.490198285967044 0.4004815273327803 0
0.4804909677983872 0.401921471959677 0
0.4709715322745539 0.4043059664267791 0
0.4617316567634911 0.4076120467488713 0
0.4528603263174004 0.4118078735651645 0
0.4444429766980399 0.4168530387697454 0
0.4365606715836357 0.4226989546637262 0
0.4292893218813454 0.4292893218813451 0
0.4226989546637265 0.4365606715836353 0
0.4168530387697456 0.4444429766980396 0
0.4118078735651646 0.4528603263174001 0
0.4076120467488714 0.4617316567634909 0
0.4043059664267792 0.4709715322745537 0
0.401921471959677 0.4804909677983871 0
0.4004815273327803 0.4901982859670439 0
2 1 0 5391
325
326
327
328
329
330
331
332
333
334
335
336
337
338
339
340
341
342
343
344
345
346
347
348
349
350
351
352
353
354
355
356
357
358
359
360
361
362
363
364
365
366
367
368
369
370
371
372
373
374
375
376
377
378
379
380
381
382
383
384
385
386
387
388
389
390
391
392
393
394
395
396
397
398
399
400
401
402
403
404
405
406
407
408
409
410
411
412
413
414
415
416
417
418
419
420
421
422
423
424
425
426
427
428
429
430
431
432
433
434
435
436
437
438
439
440
441
442
443
444
445
446
447
448
449
450
451
452
453
454
455
456
457
458
459
460
461
462
463
464
465
466
467
468
469
470
471
472
473
474
475
476
477
478
479
480
481
482
483
484
485
486
487
488
489
490
491
492
493
494
495
496
497
498
499
500
501
502
503
504
505
506
507
508
509
510
511
512
513
514
515
516
517
518
519
520
521
522
523
524
525
526
527
528
529
530
531
532
533
534
535
536
537
538
539
540
541
542
543
544
545
546
547
548
549
550
551
552
553
554
555
556
557
558
559
560
561
562
563
564
565
566
567
568
569
570
571
572
573
574
575
576
577
578
579
580
581
582
583
584
585
586
587
588
589
590
591
592
593
594
595
596
597
598
599
600
601
602
603
604
605
606
607
608
609
610
611
612
613
614
615
616
617
618
619
620
621
622
623
624
625
626
627
628
629
630
631
632
633
634
635
636
637
638
639
640
641
642
643
644
645
646
647
648
649
650
651
652
653
654
655
656
657
658
659
660
661
662
663
664
665
666
667
668
669
670
671
672
673
674
675
676
677
678
679
680
681
682
683
684
685
686
687
688
689
690
691
692
693
694
695
696
697
698
699
700
701
702
703
704
705
706
707
708
709
710
711
712
713
714
715
716
717
718
719
720
721
722
723
724
725
726
727
728
729
730
731
732
733
734
735
736
737
738
739
740
741
742
743
744
745
746
747
748
749
750
751
752
753
754
755
756
757
758
759
760
761
762
763
764
765
766
767
768
769
770
771
772
773
774
775
776
777
778
779
780
781
782
783
784
785
786
787
788
789
790
791
792
793
794
795
796
797
798
799
800
801
802
803
804
805
806
807
808
809
810
811
812
813
814
815
816
817
818
819
820
821
822
823
824
825
826
827
828
829
830
831
832
833
834
835
836
837
838
839
840
841
842
843
844
845
846
847
848
849
850
851
852
853
854
855
856
857
858
859
860
861
862
863
864
865
866
867
868
869
870
871
872
873
874
875
876
877
878
879
880
881
882
883
884
885
886
887
888
889
890
891
892
893
894
895
896
897
898
899
900
901
902
903
904
905
906
907
908
909
910
911
912
913
914
915
916
917
918
919
920
921
922
923
924
925
926
927
928
929
930
931
932
933
934
935
936
937
938
939
940
941
942
943
944
945
946
947
948
949
950
951
952
953
954
955
956
957
958
959
960
961
962
963
964
965
966
967
968
969
970
971
972
973
974
975
976
977
978
979
980
981
982
983
984
985
986
987
988
989
990
991
992
993
994
995
996
997
998
999
1000
1001
1002
1003
1004
1005
1006
1007
1008
1009
1010
1011
1012
1013
1014
1015
1016
1017
1018
1019
1020
1021
1022
1023
1024
1025
1026
1027
1028
1029
1030
1031
1032
1033
1034
1035
1036
1037
1038
1039
1040
1041
1042
1043
1044
1045
1046
1047
1048
1049
1050
1051
1052
1053
1054
1055
1056
1057
1058
1059
1060
1061
1062
1063
1064
1065
1066
1067
1068
1069
1070
1071
1072
1073
1074
1075
1076
1077
1078
1079
1080
1081
1082
1083
1084
1085
1086
1087
1088
1089
1090
1091
1092
1093
1094
1095
1096
1097
1098
1099
1100
1101
1102
1103
1104
1105
1106
1107
1108
1109
1110
1111
1112
1113
1114
1115
1116
1117
1118
1119
1120
1121
1122
1123
1124
1125
1126
1127
1128
1129
1130
1131
1132
1133
1134
1135
1136
1137
1138
1139
1140
1141
1142
1143
1144
1145
1146
1147
1148
1149
1150
1151
1152
1153
1154
1155
1156
1157
1158
1159
1160
1161
1162
1163
1164
1165
1166
1167
1168
1169
1170
1171
1172
1173
1174
1175
1176
1177
1178
1179
1180
1181
1182
1183
1184
1185
1186
1187
1188
1189
1190
1191
1192
1193
1194
1195
1196
1197
1198
1199
1200
1201
1202
1203
1204
1205
1206
1207
1208
1209
1210
1211
1212
1213
1214
1215
1216
1217
1218
1219
1220
1221
1222
1223
1224
1225
1226
1227
1228
1229
1230
1231
1232
1233
1234
1235
1236
1237
1238
1239
1240
1241
1242
1243
1244
1245
1246
1247
1248
1249
1250
1251
1252
1253
1254
1255
1256
1257
1258
1259
1260
1261
1262
1263
1264
1265
1266
1267
1268
1269
1270
1271
1272
1273
1274
1275
1276
1277
1278
1279
1280
1281
1282
1283
1284
1285
1286
1287
1288
1289
1290
1291
1292
1293
1294
1295
1296
1297
1298
1299
1300
1301
1302
1303
1304
1305
1306
1307
1308
1309
1310
1311
1312
1313
1314
1315
1316
1317
1318
1319
1320
1321
1322
1323
1324
1325
1326
1327
1328
1329
1330
1331
1332
1333
1334
1335
1336
1337
1338
1339
1340
1341
1342
1343
1344
1345
1346
1347
1348
1349
1350
1351
1352
1353
1354
1355
1356
1357
1358
1359
1360
1361
1362
1363
1364
1365
1366
1367
1368
1369
1370
1371
1372
1373
1374
1375
1376
1377
1378
1379
1380
1381
1382
1383
1384
1385
1386
1387
1388
1389
1390
1391
1392
1393
1394
1395
1396
1397
1398
1399
1400
1401
1402
1403
1404
1405
1406
1407
1408
1409
1410
1411
1412
1413
1414
1415
1416
1417
1418
1419
1420
1421
1422
1423
1424
1425
1426
1427
1428
1429
1430
1431
1432
1433
1434
1435
1436
1437
1438
1439
1440
1441
1442
1443
1444
1445
1446
1447
1448
1449
1450
1451
1452
1453
1454
1455
1456
1457
1458
1459
1460
1461
1462
1463
1464
1465
1466
1467
1468
1469
1470
1471
1472
1473
1474
1475
1476
1477
1478
1479
1480
1481
1482
1483
1484
1485
1486
1487
1488
1489
1490
1491
1492
1493
1494
1495
1496
1497
1498
1499
1500
1501
1502
1503
1504
1505
1506
1507
1508
1509
1510
1511
1512
1513
1514
1515
1516
1517
1518
1519
1520
1521
1522
1523
1524
1525
1526
1527
1528
1529
1530
1531
1532
1533
1534
1535
1536
1537
1538
1539
1540
1541
1542
1543
1544
1545
1546
1547
1548
1549
1550
1551
1552
1553
1554
1555
1556
1557
1558
1559
1560
1561
1562
1563
1564
1565
1566
1567
1568
1569
1570
1571
1572
1573
1574
1575
1576
1577
1578
1579
1580
1581
1582
1583
1584
1585
1586
1587
1588
1589
1590
1591
1592
1593
1594
1595
1596
1597
1598
1599
1600
1601
1602
1603
1604
1605
1606
1607
1608
1609
1610
1611
1612
1613
1614
1615
1616
1617
1618
1619
1620
1621
1622
1623
1624
1625
1626
1627
1628
1629
1630
1631
1632
1633
1634
1635
1636
1637
1638
1639
1640
1641
1642
1643
1644
1645
1646
1647
1648
1649
1650
1651
1652
1653
1654
1655
1656
1657
1658
1659
1660
1661
1662
1663
1664
1665
1666
1667
1668
1669
1670
1671
1672
1673
1674
1675
1676
1677
1678
1679
1680
1681
1682
1683
1684
1685
1686
1687
1688
1689
1690
1691
1692
1693
1694
1695
1696
1697
1698
1699
1700
1701
1702
1703
1704
1705
1706
1707
1708
1709
1710
1711
1712
1713
1714
1715
1716
1717
1718
1719
1720
1721
1722
1723
1724
1725
1726
1727
1728
1729
1730
1731
1732
1733
1734
1735
1736
1737
1738
1739
1740
1741
1742
1743
1744
1745
1746
1747
1748
1749
1750
1751
1752
1753
1754
1755
1756
1757
1758
1759
1760
1761
1762
1763
1764
1765
1766
1767
1768
1769
1770
1771
1772
1773
1774
1775
1776
1777
1778
1779
1780
1781
1782
1783
1784
1785
1786
1787
1788
1789
1790
1791
1792
1793
1794
1795
1796
1797
1798
1799
1800
1801
1802
1803
1804
1805
1806
1807
1808
1809
1810
1811
1812
1813
1814
1815
1816
1817
1818
1819
1820
1821
1822
1823
1824
1825
1826
1827
1828
1829
1830
1831
1832
1833
1834
1835
1836
1837
1838
1839
1840
1841
1842
1843
1844
1845
1846
1847
1848
1849
1850
1851
1852
1853
1854
1855
1856
1857
1858
1859
1860
1861
1862
1863
1864
1865
1866
1867
1868
1869
1870
1871
1872
1873
1874
1875
1876
1877
1878
1879
1880
1881
1882
1883
1884
1885
1886
1887
1888
1889
1890
1891
1892
1893
1894
1895
1896
1897
1898
1899
1900
1901
1902
1903
1904
1905
1906
1907
1908
1909
1910
1911
1912
1913
1914
1915
1916
1917
1918
1919
1920
1921
1922
1923
1924
1925
1926
1927
1928
1929
1930
1931
1932
1933
1934
1935
1936
1937
1938
1939
1940
1941
1942
1943
1944
1945
1946
1947
1948
1949
1950
1951
1952
1953
1954
1955
1956
1957
1958
1959
1960
1961
1962
1963
1964
1965
1966
1967
1968
1969
1970
1971
1972
1973
1974
1975
1976
1977
1978
1979
1980
1981
1982
1983
1984
1985
1986
1987
1988
1989
1990
1991
1992
1993
1994
1995
1996
1997
1998
1999
2000
2001
2002
2003
2004
2005
2006
2007
2008
2009
2010
2011
2012
2013
2014
2015
2016
2017
2018
2019
2020
2021
2022
2023
2024
2025
2026
2027
2028
2029
2030
2031
2032
2033
2034
2035
2036
2037
2038
2039
2040
2041
2042
2043
2044
2045
2046
2047
2048
2049
2050
2051
2052
2053
2054
2055
2056
2057
2058
2059
2060
2061
2062
2063
2064
2065
2066
2067
2068
2069
2070
2071
2072
2073
2074
2075
2076
2077
2078
2079
2080
2081
2082
2083
2084
2085
2086
2087
2088
2089
2090
2091
2092
2093
2094
2095
2096
2097
2098
2099
2100
2101
2102
2103
2104
2105
2106
2107
2108
2109
2110
2111
2112
2113
2114
2115
2116
2117
2118
2119
2120
2121
2122
2123
2124
2125
2126
2127
2128
2129
2130
2131
2132
2133
2134
2135
2136
2137
2138
2139
2140
2141
2142
2143
2144
2145
2146
2147
2148
2149
2150
2151
2152
2153
2154
2155
2156
2157
2158
2159
2160
2161
2162
2163
2164
2165
2166
2167
2168
2169
2170
2171
2172
2173
2174
2175
2176
2177
2178
2179
2180
2181
2182
2183
2184
2185
2186
2187
2188
2189
2190
2191
2192
2193
2194
2195
2196
2197
2198
2199
2200
2201
2202
2203
2204
2205
2206
2207
2208
2209
2210
2211
2212
2213
2214
2215
2216
2217
2218
2219
2220
2221
2222
2223
2224
2225
2226
2227
2228
2229
2230
2231
2232
2233
2234
2235
2236
2237
2238
2239
2240
2241
2242
2243
2244
2245
2246
2247
2248
2249
2250
2251
2252
2253
2254
2255
2256
2257
2258
2259
2260
2261
2262
2263
2264
2265
2266
2267
2268
2269
2270
2271
2272
2273
2274
2275
2276
2277
2278
2279
2280
2281
2282
2283
2284
2285
2286
2287
2288
2289
2290
2291
2292
2293
2294
2295
2296
2297
2298
2299
2300
2301
2302
2303
2304
2305
2306
2307
2308
2309
2310
2311
2312
2313
2314
2315
2316
2317
2318
2319
2320
2321
2322
2323
2324
2325
2326
2327
2328
2329
2330
2331
2332
2333
2334
2335
2336
2337
2338
2339
2340
2341
2342
2343
2344
2345
2346
2347
2348
2349
2350
2351
2352
2353
2354
2355
2356
2357
2358
2359
2360
2361
2362
2363
2364
2365
2366
2367
2368
2369
2370
2371
2372
2373
2374
2375
2376
2377
2378
2379
2380
2381
2382
2383
2384
2385
2386
2387
2388
2389
2390
2391
2392
2393
2394
2395
2396
2397
2398
2399
2400
2401
2402
2403
2404
2405
2406
2407
2408
2409
2410
2411
2412
2413
2414
2415
2416
2417
2418
2419
2420
2421
2422
2423
2424
2425
2426
2427
2428
2429
2430
2431
2432
2433
2434
2435
2436
2437
2438
2439
2440
2441
2442
2443
2444
2445
2446
2447
2448
2449
2450
2451
2452
2453
2454
2455
2456
2457
2458
2459
2460
2461
2462
2463
2464
2465
2466
2467
2468
2469
2470
2471
2472
2473
2474
2475
2476
2477
2478
2479
2480
2481
2482
2483
2484
2485
2486
2487
2488
2489
2490
2491
2492
2493
2494
2495
2496
2497
2498
2499
2500
2501
2502
2503
2504
2505
2506
2507
2508
2509
2510
2511
2512
2513
2514
2515
2516
2517
2518
2519
2520
2521
2522
2523
2524
2525
2526
2527
2528
2529
2530
2531
2532
2533
2534
2535
2536
2537
2538
2539
2540
2541
2542
2543
2544
2545
2546
2547
2548
2549
2550
2551
2552
2553
2554
2555
2556
2557
2558
2559
2560
2561
2562
2563
2564
2565
2566
2567
2568
2569
2570
2571
2572
2573
2574
2575
2576
2577
2578
2579
2580
2581
2582
2583
2584
2585
2586
2587
2588
2589
2590
2591
2592
2593
2594
2595
2596
2597
2598
2599
2600
2601
2602
2603
2604
2605
2606
2607
2608
2609
2610
2611
2612
2613
2614
2615
2616
2617
2618
2619
2620
2621
2622
2623
2624
2625
2626
2627
2628
2629
2630
2631
2632
2633
2634
2635
2636
2637
2638
2639
2640
2641
2642
2643
2644
2645
2646
2647
2648
2649
2650
2651
2652
2653
2654
2655
2656
2657
2658
2659
2660
2661
2662
2663
2664
2665
2666
2667
2668
2669
2670
2671
2672
2673
2674
2675
2676
2677
2678
2679
2680
2681
2682
2683
2684
2685
2686
2687
2688
2689
2690
2691
2692
2693
2694
2695
2696
2697
2698
2699
2700
2701
2702
2703
2704
2705
2706
2707
2708
2709
2710
2711
2712
2713
2714
2715
2716
2717
2718
2719
2720
2721
2722
2723
2724
2725
2726
2727
2728
2729
2730
2731
2732
2733
2734
2735
2736
2737
2738
2739
2740
2741
2742
2743
2744
2745
2746
2747
2748
2749
2750
2751
2752
2753
2754
2755
2756
2757
2758
2759
2760
2761
2762
2763
2764
2765
2766
2767
2768
2769
2770
2771
2772
2773
2774
2775
2776
2777
2778
2779
2780
2781
2782
2783
2784
2785
2786
2787
2788
2789
2790
2791
2792
2793
2794
2795
2796
2797
2798
2799
2800
2801
2802
2803
2804
2805
2806
2807
2808
2809
2810
2811
2812
2813
2814
2815
2816
2817
2818
2819
2820
2821
2822
2823
2824
2825
2826
2827
2828
2829
2830
2831
2832
2833
2834
2835
2836
2837
2838
2839
2840
2841
2842
2843
2844
2845
2846
2847
2848
2849
2850
2851
2852
2853
2854
2855
2856
2857
2858
2859
2860
2861
2862
2863
2864
2865
2866
2867
2868
2869
2870
2871
2872
2873
2874
2875
2876
2877
2878
2879
2880
2881
2882
2883
2884
2885
2886
2887
2888
2889
2890
2891
2892
2893
2894
2895
2896
2897
2898
2899
2900
2901
2902
2903
2904
2905
2906
2907
2908
2909
2910
2911
2912
2913
2914
2915
2916
2917
2918
2919
2920
2921
2922
2923
2924
2925
2926
2927
2928
2929
2930
2931
2932
2933
2934
2935
2936
2937
2938
2939
2940
2941
2942
2943
2944
2945
2946
2947
2948
2949
2950
2951
2952
2953
2954
2955
2956
2957
2958
2959
2960
2961
2962
2963
2964
2965
2966
2967
2968
2969
2970
2971
2972
2973
2974
2975
2976
2977
2978
2979
2980
2981
2982
2983
2984
2985
2986
2987
2988
2989
2990
2991
2992
2993
2994
2995
2996
2997
2998
2999
3000
3001
3002
3003
3004
3005
3006
3007
3008
3009
3010
3011
3012
3013
3014
3015
3016
3017
3018
3019
3020
3021
3022
3023
3024
3025
3026
3027
3028
3029
3030
3031
3032
3033
3034
3035
3036
3037
3038
3039
3040
3041
3042
3043
3044
3045
3046
3047
3048
3049
3050
3051
3052
3053
3054
3055
3056
3057
3058
3059
3060
3061
3062
3063
3064
3065
3066
3067
3068
3069
3070
3071
3072
3073
3074
3075
3076
3077
3078
3079
3080
3081
3082
3083
3084
3085
3086
3087
3088
3089
3090
3091
3092
3093
3094
3095
3096
3097
3098
3099
3100
3101
3102
3103
3104
3105
3106
3107
3108
3109
3110
3111
3112
3113
3114
3115
3116
3117
3118
3119
3120
3121
3122
3123
3124
3125
3126
3127
3128
3129
3130
3131
3132
3133
3134
3135
3136
3137
3138
3139
3140
3141
3142
3143
3144
3145
3146
3147
3148
3149
3150
3151
3152
3153
3154
3155
3156
3157
3158
3159
3160
3161
3162
3163
3164
3165
3166
3167
3168
3169
3170
3171
3172
3173
3174
3175
3176
3177
3178
3179
3180
3181
3182
3183
3184
3185
3186
3187
3188
3189
3190
3191
3192
3193
3194
3195
3196
3197
3198
3199
3200
3201
3202
3203
3204
3205
3206
3207
3208
3209
3210
3211
3212
3213
3214
3215
3216
3217
3218
3219
3220
3221
3222
3223
3224
3225
3226
3227
3228
3229
3230
3231
3232
3233
3234
3235
3236
3237
3238
3239
3240
3241
3242
3243
3244
3245
3246
3247
3248
3249
3250
3251
3252
3253
3254
3255
3256
3257
3258
3259
3260
3261
3262
3263
3264
3265
3266
3267
3268
3269
3270
3271
3272
3273
3274
3275
3276
3277
3278
3279
3280
3281
3282
3283
3284
3285
3286
3287
3288
3289
3290
3291
3292
3293
3294
3295
3296
3297
3298
3299
3300
3301
3302
3303
3304
3305
3306
3307
3308
3309
3310
3311
3312
3313
3314
3315
3316
3317
3318
3319
3320
3321
3322
3323
3324
3325
3326
3327
3328
3329
3330
3331
3332
3333
3334
3335
3336
3337
3338
3339
3340
3341
3342
3343
3344
3345
3346
3347
3348
3349
3350
3351
3352
3353
3354
3355
3356
3357
3358
3359
3360
3361
3362
3363
3364
3365
3366
3367
3368
3369
3370
3371
3372
3373
3374
3375
3376
3377
3378
3379
3380
3381
3382
3383
3384
3385
3386
3387
3388
3389
3390
3391
3392
3393
3394
3395
3396
3397
3398
3399
3400
3401
3402
3403
3404
3405
3406
3407
3408
3409
3410
3411
3412
3413
3414
3415
3416
3417
3418
3419
3420
3421
3422
3423
3424
3425
3426
3427
3428
3429
3430
3431
3432
3433
3434
3435
3436
3437
3438
3439
3440
3441
3442
3443
3444
3445
3446
3447
3448
3449
3450
3451
3452
3453
3454
3455
3456
3457
3458
3459
3460
3461
3462
3463
3464
3465
3466
3467
3468
3469
3470
3471
3472
3473
3474
3475
3476
3477
3478
3479
3480
3481
3482
3483
3484
3485
3486
3487
3488
3489
3490
3491
3492
3493
3494
3495
3496
3497
3498
3499
3500
3501
3502
3503
3504
3505
3506
3507
3508
3509
3510
3511
3512
3513
3514
3515
3516
3517
3518
3519
3520
3521
3522
3523
3524
3525
3526
3527
3528
3529
3530
3531
3532
3533
3534
3535
3536
3537
3538
3539
3540
3541
3542
3543
3544
3545
3546
3547
3548
3549
3550
3551
3552
3553
3554
3555
3556
3557
3558
3559
3560
3561
3562
3563
3564
3565
3566
3567
3568
3569
3570
3571
3572
3573
3574
3575
3576
3577
3578
3579
3580
3581
3582
3583
3584
3585
3586
3587
3588
3589
3590
3591
3592
3593
3594
3595
3596
3597
3598
3599
3600
3601
3602
3603
3604
3605
3606
3607
3608
3609
3610
3611
3612
3613
3614
3615
3616
3617
3618
3619
3620
3621
3622
3623
3624
3625
3626
3627
3628
3629
3630
3631
3632
3633
3634
3635
3636
3637
3638
3639
3640
3641
3642
3643
3644
3645
3646
3647
3648
3649
3650
3651
3652
3653
3654
3655
3656
3657
3658
3659
3660
3661
3662
3663
3664
3665
3666
3667
3668
3669
3670
3671
3672
3673
3674
3675
3676
3677
3678
3679
3680
3681
3682
3683
3684
3685
3686
3687
3688
3689
3690
3691
3692
3693
3694
3695
3696
3697
3698
3699
3700
3701
3702
3703
3704
3705
3706
3707
3708
3709
3710
3711
3712
3713
3714
3715
3716
3717
3718
3719
3720
3721
3722
3723
3724
3725
3726
3727
3728
3729
3730
3731
3732
3733
3734
3735
3736
3737
3738
3739
3740
3741
3742
3743
3744
3745
3746
3747
3748
3749
3750
3751
3752
3753
3754
3755
3756
3757
3758
3759
3760
3761
3762
3763
3764
3765
3766
3767
3768
3769
3770
3771
3772
3773
3774
3775
3776
3777
3778
3779
3780
3781
3782
3783
3784
3785
3786
3787
3788
3789
3790
3791
3792
3793
3794
3795
3796
3797
3798
3799
3800
3801
3802
3803
3804
3805
3806
3807
3808
3809
3810
3811
3812
3813
3814
3815
3816
3817
3818
3819
3820
3821
3822
3823
3824
3825
3826
3827
3828
3829
3830
3831
3832
3833
3834
3835
3836
3837
3838
3839
3840
3841
3842
3843
3844
3845
3846
3847
3848
3849
3850
3851
3852
3853
3854
3855
3856
3857
3858
3859
3860
3861
3862
3863
3864
3865
3866
3867
3868
3869
3870
3871
3872
3873
3874
3875
3876
3877
3878
3879
3880
3881
3882
3883
3884
3885
3886
3887
3888
3889
3890
3891
3892
3893
3894
3895
3896
3897
3898
3899
3900
3901
3902
3903
3904
3905
3906
3907
3908
3909
3910
3911
3912
3913
3914
3915
3916
3917
3918
3919
3920
3921
3922
3923
3924
3925
3926
3927
3928
3929
3930
3931
3932
3933
3934
3935
3936
3937
3938
3939
3940
3941
3942
3943
3944
3945
3946
3947
3948
3949
3950
3951
3952
3953
3954
3955
3956
3957
3958
3959
3960
3961
3962
3963
3964
3965
3966
3967
3968
3969
3970
3971
3972
3973
3974
3975
3976
3977
3978
3979
3980
3981
3982
3983
3984
3985
3986
3987
3988
3989
3990
3991
3992
3993
3994
3995
3996
3997
3998
3999
4000
4001
4002
4003
4004
4005
4006
4007
4008
4009
4010
4011
4012
4013
4014
4015
4016
4017
4018
4019
4020
4021
4022
4023
4024
4025
4026
4027
4028
4029
4030
4031
4032
4033
4034
4035
4036
4037
4038
4039
4040
4041
4042
4043
4044
4045
4046
4047
4048
4049
4050
4051
4052
4053
4054
4055
4056
4057
4058
4059
4060
4061
4062
4063
4064
4065
4066
4067
4068
4069
4070
4071
4072
4073
4074
4075
4076
4077
4078
4079
4080
4081
4082
4083
4084
4085
4086
4087
4088
4089
4090
4091
4092
4093
4094
4095
4096
4097
4098
4099
4100
4101
4102
4103
4104
4105
4106
4107
4108
4109
4110
4111
4112
4113
4114
4115
4116
4117
4118
4119
4120
4121
4122
4123
4124
4125
4126
4127
4128
4129
4130
4131
4132
4133
4134
4135
4136
4137
4138
4139
4140
4141
4142
4143
4144
4145
4146
4147
4148
4149
4150
4151
4152
4153
4154
4155
4156
4157
4158
4159
4160
4161
4162
4163
4164
4165
4166
4167
4168
4169
4170
4171
4172
4173
4174
4175
4176
4177
4178
4179
4180
4181
4182
4183
4184
4185
4186
4187
4188
4189
4190
4191
4192
4193
4194
4195
4196
4197
4198
4199
4200
4201
4202
4203
4204
4205
4206
4207
4208
4209
4210
4211
4212
4213
4214
4215
4216
4217
4218
4219
4220
4221
4222
4223
4224
4225
4226
4227
4228
4229
4230
4231
4232
4233
4234
4235
4236
4237
4238
4239
4240
4241
4242
4243
4244
4245
4246
4247
4248
4249
4250
4251
4252
4253
4254
4255
4256
4257
4258
4259
4260
4261
4262
4263
4264
4265
4266
4267
4268
4269
4270
4271
4272
4273
4274
4275
4276
4277
4278
4279
4280
4281
4282
4283
4284
4285
4286
4287
4288
4289
4290
4291
4292
4293
4294
4295
4296
4297
4298
4299
4300
4301
4302
4303
4304
4305
4306
4307
4308
4309
4310
4311
4312
4313
4314
4315
4316
4317
4318
4319
4320
4321
4322
4323
4324
4325
4326
4327
4328
4329
4330
4331
4332
4333
4334
4335
4336
4337
4338
4339
4340
4341
4342
4343
4344
4345
4346
4347
4348
4349
4350
4351
4352
4353
4354
4355
4356
4357
4358
4359
4360
4361
4362
4363
4364
4365
4366
4367
4368
4369
4370
4371
4372
4373
4374
4375
4376
4377
4378
4379
4380
4381
4382
4383
4384
4385
4386
4387
4388
4389
4390
4391
4392
4393
4394
4395
4396
4397
4398
4399
4400
4401
4402
4403
4404
4405
4406
4407
4408
4409
4410
4411
4412
4413
4414
4415
4416
4417
4418
4419
4420
4421
4422
4423
4424
4425
4426
4427
4428
4429
4430
4431
4432
4433
4434
4435
4436
4437
4438
4439
4440
4441
4442
4443
4444
4445
4446
4447
4448
4449
4450
4451
4452
4453
4454
4455
4456
4457
4458
4459
4460
4461
4462
4463
4464
4465
4466
4467
4468
4469
4470
4471
4472
4473
4474
4475
4476
4477
4478
4479
4480
4481
4482
4483
4484
4485
4486
4487
4488
4489
4490
4491
4492
4493
4494
4495
4496
4497
4498
4499
4500
4501
4502
4503
4504
4505
4506
4507
4508
4509
4510
4511
4512
4513
4514
4515
4516
4517
4518
4519
4520
4521
4522
4523
4524
4525
4526
4527
4528
4529
4530
4531
4532
4533
4534
4535
4536
4537
4538
4539
4540
4541
4542
4543
4544
4545
4546
4547
4548
4549
4550
4551
4552
4553
4554
4555
4556
4557
4558
4559
4560
4561
4562
4563
4564
4565
4566
4567
4568
4569
4570
4571
4572
4573
4574
4575
4576
4577
4578
4579
4580
4581
4582
4583
4584
4585
4586
4587
4588
4589
4590
4591
4592
4593
4594
4595
4596
4597
4598
4599
4600
4601
4602
4603
4604
4605
4606
4607
4608
4609
4610
4611
4612
4613
4614
4615
4616
4617
4618
4619
4620
4621
4622
4623
4624
4625
4626
4627
4628
4629
4630
4631
4632
4633
4634
4635
4636
4637
4638
4639
4640
4641
4642
4643
4644
4645
4646
4647
4648
4649
4650
4651
4652
4653
4654
4655
4656
4657
4658
4659
4660
4661
4662
4663
4664
4665
4666
4667
4668
4669
4670
4671
4672
4673
4674
4675
4676
4677
4678
4679
4680
4681
4682
4683
4684
4685
4686
4687
4688
4689
4690
4691
4692
4693
4694
4695
4696
4697
4698
4699
4700
4701
4702
4703
4704
4705
4706
4707
4708
4709
4710
4711
4712
4713
4714
4715
4716
4717
4718
4719
4720
4721
4722
4723
4724
4725
4726
4727
4728
4729
4730
4731
4732
4733
4734
4735
4736
4737
4738
4739
4740
4741
4742
4743
4744
4745
4746
4747
4748
4749
4750
4751
4752
4753
4754
4755
4756
4757
4758
4759
4760
4761
4762
4763
4764
4765
4766
4767
4768
4769
4770
4771
4772
4773
4774
4775
4776
4777
4778
4779
4780
4781
4782
4783
4784
4785
4786
4787
4788
4789
4790
4791
4792
4793
4794
4795
4796
4797
4798
4799
4800
4801
4802
4803
4804
4805
4806
4807
4808
4809
4810
4811
4812
4813
4814
4815
4816
4817
4818
4819
4820
4821
4822
4823
4824
4825
4826
4827
4828
4829
4830
4831
4832
4833
4834
4835
4836
4837
4838
4839
4840
4841
4842
4843
4844
4845
4846
4847
4848
4849
4850
4851
4852
4853
4854
4855
4856
4857
4858
4859
4860
4861
4862
4863
4864
4865
4866
4867
4868
4869
4870
4871
4872
4873
4874
4875
4876
4877
4878
4879
4880
4881
4882
4883
4884
4885
4886
4887
4888
4889
4890
4891
4892
4893
4894
4895
4896
4897
4898
4899
4900
4901
4902
4903
4904
4905
4906
4907
4908
4909
4910
4911
4912
4913
4914
4915
4916
4917
4918
4919
4920
4921
4922
4923
4924
4925
4926
4927
4928
4929
4930
4931
4932
4933
4934
4935
4936
4937
4938
4939
4940
4941
4942
4943
4944
4945
4946
4947
4948
4949
4950
4951
4952
4953
4954
4955
4956
4957
4958
4959
4960
4961
4962
4963
4964
4965
4966
4967
4968
4969
4970
4971
4972
4973
4974
4975
4976
4977
4978
4979
4980
4981
4982
4983
4984
4985
4986
4987
4988
4989
4990
4991
4992
4993
4994
4995
4996
4997
4998
4999
5000
5001
5002
5003
5004
5005
5006
5007
5008
5009
5010
5011
5012
5013
5014
5015
5016
5017
5018
5019
5020
5021
5022
5023
5024
5025
5026
5027
5028
5029
5030
5031
5032
5033
5034
5035
5036
5037
5038
5039
5040
5041
5042
5043
5044
5045
5046
5047
5048
5049
5050
5051
5052
5053
5054
5055
5056
5057
5058
5059
5060
5061
5062
5063
5064
5065
5066
5067
5068
5069
5070
5071
5072
5073
5074
5075
5076
5077
5078
5079
5080
5081
5082
5083
5084
5085
5086
5087
5088
5089
5090
5091
5092
5093
5094
5095
5096
5097
5098
5099
5100
5101
5102
5103
5104
5105
5106
5107
5108
5109
5110
5111
5112
5113
5114
5115
5116
5117
5118
5119
5120
5121
5122
5123
5124
5125
5126
5127
5128
5129
5130
5131
5132
5133
5134
5135
5136
5137
5138
5139
5140
5141
5142
5143
5144
5145
5146
5147
5148
5149
5150
5151
5152
5153
5154
5155
5156
5157
5158
5159
5160
5161
5162
5163
5164
5165
5166
5167
5168
5169
5170
5171
5172
5173
5174
5175
5176
5177
5178
5179
5180
5181
5182
5183
5184
5185
5186
5187
5188
5189
5190
5191
5192
5193
5194
5195
5196
5197
5198
5199
5200
5201
5202
5203
5204
5205
5206
5207
5208
5209
5210
5211
5212
5213
5214
5215
5216
5217
5218
5219
5220
5221
5222
5223
5224
5225
5226
5227
5228
5229
5230
5231
5232
5233
5234
5235
5236
5237
5238
5239
5240
5241
5242
5243
5244
5245
5246
5247
5248
5249
5250
5251
5252
5253
5254
5255
5256
5257
5258
5259
5260
5261
5262
5263
5264
5265
5266
5267
5268
5269
5270
5271
5272
5273
5274
5275
5276
5277
5278
5279
5280
5281
5282
5283
5284
5285
5286
5287
5288
5289
5290
5291
5292
5293
5294
5295
5296
5297
5298
5299
5300
5301
5302
5303
5304
5305
5306
5307
5308
5309
5310
5311
5312
5313
5314
5315
5316
5317
5318
5319
5320
5321
5322
5323
5324
5325
5326
5327
5328
5329
5330
5331
5332
5333
5334
5335
5336
5337
5338
5339
5340
5341
5342
5343
5344
5345
5346
5347
5348
5349
5350
5351
5352
5353
5354
5355
5356
5357
5358
5359
5360
5361
5362
5363
5364
5365
5366
5367
5368
5369
5370
5371
5372
5373
5374
5375
5376
5377
5378
5379
5380
5381
5382
5383
5384
5385
5386
5387
5388
5389
5390
5391
5392
5393
5394
5395
5396
5397
5398
5399
5400
5401
5402
5403
5404
5405
5406
5407
5408
5409
5410
5411
5412
5413
5414
5415
5416
5417
5418
5419
5420
5421
5422
5423
5424
5425
5426
5427
5428
5429
5430
5431
5432
5433
5434
5435
5436
5437
5438
5439
5440
5441
5442
5443
5444
5445
5446
5447
5448
5449
5450
5451
5452
5453
5454
5455
5456
5457
5458
5459
5460
5461
5462
5463
5464
5465
5466
5467
5468
5469
5470
5471
5472
5473
5474
5475
5476
5477
5478
5479
5480
5481
5482
5483
5484
5485
5486
5487
5488
5489
5490
5491
5492
5493
5494
5495
5496
5497
5498
5499
5500
5501
5502
5503
5504
5505
5506
5507
5508
5509
5510
5511
5512
5513
5514
5515
5516
5517
5518
5519
5520
5521
5522
5523
5524
5525
5526
5527
5528
5529
5530
5531
5532
5533
5534
5535
5536
5537
5538
5539
5540
5541
5542
5543
5544
5545
5546
5547
5548
5549
5550
5551
5552
5553
5554
5555
5556
5557
5558
5559
5560
5561
5562
5563
5564
5565
5566
5567
5568
5569
5570
5571
5572
5573
5574
5575
5576
5577
5578
5579
5580
5581
5582
5583
5584
5585
5586
5587
5588
5589
5590
5591
5592
5593
5594
5595
5596
5597
5598
5599
5600
5601
5602
5603
5604
5605
5606
5607
5608
5609
5610
5611
5612
5613
5614
5615
5616
5617
5618
5619
5620
5621
5622
5623
5624
5625
5626
5627
5628
5629
5630
5631
5632
5633
5634
5635
5636
5637
5638
5639
5640
5641
5642
5643
5644
5645
5646
5647
5648
5649
5650
5651
5652
5653
5654
5655
5656
5657
5658
5659
5660
5661
5662
5663
5664
5665
5666
5667
5668
5669
5670
5671
5672
5673
5674
5675
5676
5677
5678
5679
5680
5681
5682
5683
5684
5685
5686
5687
5688
5689
5690
5691
5692
5693
5694
5695
5696
5697
5698
5699
5700
5701
5702
5703
5704
5705
5706
5707
5708
5709
5710
5711
5712
5713
5714
5715
0.2558569596340664 0.4911872313749099 0
0.7450220415418796 0.008625000688538553 0
0.2541496726728995 0.01060389040110704 0
0.7465923823432843 0.4920508912602886 0
0.9910315957385307 0.2445789068026924 0
0.008341922109945554 0.2552507832225404 0
0.1947137955742287 0.008523818095356128 0
0.8051011969426564 0.4918080796766418 0
0.1950030831426325 0.4913373758848356 0
0.8057773886665778 0.00834483125725044 0
0.008708269581028882 0.1945791605015124 0
0.9914829685756441 0.305215127530944 0
0.009311092043773062 0.3152679317283309 0
0.9914529664303169 0.1848038984998498 0
0.008738259863891151 0.1450415682761535 0
0.85416233507816 0.4914122396115828 0
0.1446756208930114 0.4913029298768662 0
0.8545253364555161 0.008240694067430332 0
0.6959314198701895 0.01029932741011957 0
0.3053118534347968 0.491761165408716 0
0.3043551966466713 0.008822525299442996 0
0.6944878487881709 0.4912893930521032 0
0.1450000000000002 0.0086602540378444 0
0.991304129644496 0.3549385043892981 0
0.9913593132026086 0.1347566554191615 0
0.01041720193314005 0.3647496743983372 0
0.8952366345360265 0.007877540698060098 0
0.1050001689424891 0.491339739291228 0
0.00858188132963883 0.105136388978994 0
0.9915156880002602 0.3949843693285373 0
0.8949999999999998 0.4913397459621556 0
0.1050593882789842 0.008548853378179844 0
0.9910395157186145 0.09465285308582522 0
0.009515401768588672 0.4036359649416249 0
0.6542285311683198 0.491466577003367 0
0.3446683673950225 0.4917473120070801 0
0.655 0.0086602540378444 0
0.3452943818074805 0.008150166574008244 0
0.934873054206516 0.4927059514420515 0
0.06545806590902797 0.008395789556449706 0
0.9350000000000003 0.008660254037844345 0
0.06500061809620677 0.4913390318355625 0
0.008265485932401284 0.06594268651831711 0
0.9913397459621556 0.435 0
0.2248456557667365 0.4916813730782415 0
0.7762861468197537 0.008869394449063706 0
0.007872040366985966 0.2867169919673648 0
0.007636810327923793 0.2255065057928479 0
0.9923507375960017 0.2731827878579645 0
0.9913397459621556 0.215 0
0.2256119166660835 0.009294974573329784 0
0.7752209649549742 0.4921288232611372 0
0.008652806716134553 0.4350128793410399 0
0.9918249783019095 0.06500824169317085 0
0.6020075641781049 0.03621804750226598 0
0.3979570396674392 0.4634884449731386 0
0.6034383706957536 0.4624645060989451 0
0.3979570396674392 0.03651155502686124 0
0.9914757735048905 0.4651794550047471 0
0.01004225045889784 0.4652109973702072 0
0.008660254037844373 0.03499999999999995 0
0.9917470000101551 0.03553326528767084 0
0.03500065366443805 0.4913391172165685 0
0.9649999999999999 0.008660254037844345 0
0.03492003836098984 0.008294427160396634 0
0.9660273685352083 0.4908295173433528 0
0.6359804150377492 0.008466022145852098 0
0.3650429560673703 0.489532275354147 0
0.3252250321262249 0.4906569285517526 0
0.3647281675975885 0.009248178640122451 0
0.6349999999999998 0.4913397459621557 0
0.6748390613854163 0.008725616296466482 0
0.2833897314771467 0.491941704110171 0
0.7159856751676422 0.008073484314002538 0
0.7149822426805457 0.4917796767946774 0
0.3248421780145182 0.01035843537956477 0
0.2849426108389901 0.007927096170842474 0
0.6749999999999997 0.4913397459621556 0
0.1751915502746817 0.4914445516922679 0
0.8250000000000003 0.0086602540378444 0
0.008137575935514674 0.3350116519633661 0
0.9919290976860042 0.1650001026690686 0
0.008660254037844373 0.175 0
0.9913397459621556 0.325 0
0.1753627573547336 0.008450814774721982 0
0.8241865199095681 0.4915845966920677 0
0.1250000000000001 0.4913397459621557 0
0.8764989308579478 0.008001112108389663 0
0.008465336905924603 0.3861466354951975 0
0.9913397380611026 0.1150001738934041 0
0.00866025984897234 0.1250001666546365 0
0.9913397390236629 0.3749998619883418 0
0.008613992738038589 0.08491987310600074 0
0.9909394782460901 0.4149191493041041 0
0.8749999999999998 0.4913397459621556 0
0.1250001152620105 0.008660054370482229 0
0.9150000000424543 0.008382690365363377 0
0.08500055017301406 0.4913393882213625 0
0.08521800025337428 0.008310519207339828 0
0.914570468338024 0.4904618930526485 0
0.6073499417436418 0.01662626909467835 0
0.3931221608436118 0.015805571131601 0
0.3915655792477692 0.484223722584881 0
0.6082200995014676 0.4839949222189765 0
0.008579299690154696 0.4853299593394909 0
0.9850433232389154 0.00849934386831 0
0.01538676983054293 0.008436952371980361 0
0.9915630438593031 0.4846132366970662 0
0.6049025086875117 0.02634381668401184 0
0.6118397907184738 0.03320231431874007 0
0.608918549320456 0.04337696737050323 0
0.6187380050819004 0.04048577787668814 0
0.616011422801467 0.05039040732349059 0
0.6255778408004802 0.04789530080633028 0
0.6229858951641406 0.05747312302842733 0
0.6325085205388843 0.0549904348353949 0
0.6298913027957582 0.06453071922233297 0
0.6394495169126315 0.06202788195113595 0
0.6368279527167608 0.07156681054203679 0
0.6464137934696821 0.06903963885021053 0
0.6438138876665782 0.078557830124865 0
0.6533563589129806 0.07607887170744318 0
0.6507223806892884 0.08570441770810683 0
0.6603042251570299 0.08312970664988792 0
0.6576779159795674 0.09270571089509266 0
0.6672755561835385 0.0901398675782645 0
0.6646623148302473 0.09968460555546732 0
0.6742257911235203 0.09718594742278236 0
0.6716226951334615 0.1067179608647013 0
0.6811845372317079 0.1042282579092897 0
0.6785865122436017 0.1137556363197792 0
0.688169719262586 0.1112494428994908 0
0.6855450699775727 0.1208287875769017 0
0.6951165033386792 0.1183216312218578 0
0.692511898229028 0.1278713603851471 0
0.7021071657693811 0.1253479239207317 0
0.6994840199227529 0.1349108213276717 0
0.6898915639566525 0.1374276867041886 0
0.6968597487525949 0.144474635337004 0
0.6872663326916151 0.1469821067872869 0
0.6942353516371162 0.1540351777878775 0
0.6846440104485922 0.156542773571408 0
0.6916119477601022 0.1635964559437445 0
0.7012058067135236 0.1610888761825479 0
0.6985814419213923 0.1706533212243672 0
0.6820209372301715 0.1661020947034597 0
0.7081781367013913 0.1681447360447392 0
0.7055519178126122 0.1777132445800825 0
0.715152136522579 0.1752037303529319 0
0.7125230246592447 0.1847764778746898 0
0.7221280077611735 0.1822649085021324 0
0.7194980056728187 0.1918406778172104 0
0.7291060932751932 0.189327649740247 0
0.7264770593430041 0.1989035167508513 0
0.7168679613510832 0.2014172267805942 0
0.7238469802765142 0.208479717750591 0
0.7142395714731048 0.2109917530013262 0
0.7212168335061895 0.2180576857985095 0
0.7308271057539133 0.2155459600224507 0
0.7281952025257867 0.2251266723875447 0
0.7378084838798044 0.2226147121960956 0
0.73517555973549 0.2321982080774968 0
0.7116099219719906 0.2205654831626585 0
0.7447914212427859 0.229685666919061 0
0.7421580924789419 0.2392701474420957 0
0.580303035289448 0.4272175713017644 0
0.7517772193067014 0.2367590815785573 0
0.7491423216553952 0.2463481610584211 0
0.7587644048565363 0.2438346682063848 0
0.7561292342106991 0.2534240929019602 0
0.7465068096257876 0.2559377937583678 0
0.7534926693500972 0.263014419974788 0
0.7631179531342451 0.2605028246484681 0
0.7438705504657204 0.2655241566025886 0
0.7604798175322376 0.2700951501014966 0
0.7700979737756766 0.267581023098358 0
0.7675659695326853 0.277081843571965 0
0.7770622487628278 0.2746888217981001 0
0.7746017875816542 0.2841645355277674 0
0.7840692514287102 0.2817798846286438 0
0.7815059492191612 0.2913495436183139 0
0.7910937985281412 0.2888427097714953 0
0.7937780662374174 0.2794186380458526 0
0.7884577057454489 0.2984419119882666 0
0.7786937799405331 0.3006587174349009 0
0.798088642156993 0.2959278040859645 0
0.7954466539525706 0.3055327879025544 0
0.8050858637701295 0.3030175110104152 0
0.7613958205160265 0.2342473160688274 0
0.802443435130074 0.3126249105168287 0
0.8120858666195498 0.3101093394400309 0
0.8094429947466141 0.3197191003657794 0
0.8190879069073955 0.3172029924289201 0
0.8218280668125457 0.3077339678684028 0
0.8164443671722454 0.3268153977733594 0
0.8066386325774805 0.3290202253128585 0
0.8260915963281028 0.3242984466973879 0
0.8234474973099675 0.3339129656359467 0
0.8330968321684535 0.3313954125132872 0
0.7317349711547008 0.1797510672228884 0
0.8304522516399305 0.3410116062556048 0
0.8401034973479993 0.3384938002575483 0
0.6550435454209615 0.1023304302204844 0
0.8374583804523383 0.3481119484001464 0
0.8471115791345547 0.345593671700283 0
0.8498420079695888 0.3361201446933489 0
0.84446584538358 0.3552136442505762 0
0.8346562165597036 0.3574160042202505 0
0.8541209978161663 0.352694992385948 0
0.8514748382668169 0.3623169130941175 0
0.8611316417253718 0.3597976222967067 0
0.7046323284626546 0.1157428571749846 0
0.8584850081800823 0.3694212775154647 0
0.8681437012818498 0.3669016695864248 0
0.5636092359752964 0.08617506668539493 0
0.8654965942238158 0.3765270763659785 0
0.8751023065034547 0.3740608582800805 0
0.8778079904868625 0.3646711541131842 0
0.8726111740346465 0.3835334928781514 0
0.8628260828181102 0.3857025765295967 0
0.8821443820670568 0.3811395231544767 0
0.8796917889213343 0.3906325712083617 0
0.8891549725229433 0.3882616786228437 0
0.6836648742462793 0.09451995459560453 0
0.8866059664881831 0.3978522315539247 0
0.8961533301469649 0.395391689030301 0
0.8987958170829109 0.3860592400568906 0
0.6750555373594982 0.1590521375736728 0
0.6724367303733711 0.1686125146400552 0
0.6654755379560758 0.161561742657934 0
0.6628573699336322 0.1711158506198985 0
0.6559001017258268 0.1640705368104506 0
0.6532818315911391 0.1736110859626517 0
0.6463303976236221 0.1665738221965317 0
0.6437139664304041 0.1761078314289241 0
0.6367682185628097 0.1690767560084543 0
0.6341527211698257 0.178603794628191 0
0.6272094147599074 0.1715781148361738 0
0.6245971954038869 0.1810996998089874 0
0.5552055258517419 0.4075986885122133 0
0.5361107236627775 0.1014383830575011 0
0.6315362819167158 0.188126173780728 0
0.6219835656414237 0.1906214956290633 0
0.6289164731595221 0.1976455451889113 0
0.6193688319748231 0.2001409206069514 0
0.6263004084956327 0.2071637948669712 0
0.61676279575641 0.2096520453470903 0
0.6236859107032071 0.216679322482406 0
0.6141492170523805 0.2191468300197558 0
0.6210728193229628 0.2261941790567 0
0.611528417391325 0.228665468654019 0
0.6184600086538572 0.2357061537298386 0
0.6089225187023706 0.2382217621334382 0
0.6158456753932223 0.2452417509845485 0
0.6019895267357298 0.2311512083354602 0
0.5993828910601093 0.2407152649847096 0
0.5924533173094713 0.2336651498860653 0
0.5898449633151186 0.2432048493148219 0
0.5829023743128984 0.2361371458776799 0
0.5803086120469335 0.2456903529258365 0
0.5733671763789252 0.2386241585782771 0
0.5707784767975629 0.2481804081114695 0
0.5638540946153254 0.2411558373497835 0
0.5612545816015279 0.2506748277471144 0
0.5543326245881566 0.2436499540560484 0
0.5517154697006618 0.2531373211741891 0
0.5448101134161905 0.2461345188371667 0
0.5421928243079349 0.2556183532898143 0
0.5352911578184604 0.2486227609252004 0
0.5326876753772214 0.2581100646667474 0
0.5257782322969765 0.251110963863908 0
0.4355163773499566 0.08706489744625034 0
0.4362966905993184 0.4131979595565766 0
0.4640125693174771 0.1023027758691331 0
0.4644057555959448 0.398830573636516 0
0.5777047377483114 0.2552422209287925 0
0.5231760128286829 0.2605958959645161 0
0.5162671341457384 0.2535969793249311 0
0.5136639305853711 0.2630759989614145 0
0.5067572657915548 0.256081887179629 0
0.5041544677495612 0.2655587680977545 0
0.4972497545067498 0.2585688159270839 0
0.4946565573242576 0.2680810340772301 0
0.487743791032158 0.2610586821106866 0
0.4851502104688596 0.2705732088829 0
0.4782286390900846 0.2635220325180078 0
0.4756289665580368 0.2730187759848916 0
0.4687126448491737 0.2659954317455165 0
0.466112435608644 0.2754984964435465 0
0.4591963415878848 0.2684825741032105 0
0.4565942535408941 0.277985809766431 0
0.449675605399231 0.2709680708203406 0
0.4470745849052779 0.28047318628017 0
0.4401568978925804 0.2734692366327837 0
0.4427753821810956 0.2639504420570439 0
0.4332541921485172 0.2664311133560734 0
0.4306386318858468 0.2759666762507342 0
0.4237290598603097 0.2689818703536328 0
0.421090963034875 0.2784561975270082 0
0.4141593850024616 0.2715094020490587 0
0.4115497936515247 0.2809698281954 0
0.4045872100397605 0.2739741435634583 0
0.412375016024767 0.4359085090723896 0
0.4019992713312371 0.2834638658781781 0
0.3950623817109553 0.2764336843070818 0
0.3924532529698416 0.2859414960039354 0
0.3855160354201043 0.2789167585383905 0
0.3828989143044318 0.2884411778598828 0
0.3759580708193756 0.2814099986395904 0
0.3733451317457994 0.2909389344868787 0
0.3664064540376375 0.2839037917988821 0
0.3690171752184024 0.274377194179513 0
0.3594589030780193 0.2768691533715242 0
0.3620870811770764 0.2673903012432338 0
0.3525240843412387 0.269893136333243 0
0.3499155664237238 0.2793895070107129 0
0.3429528669568862 0.2723419079899602 0
0.345563860351297 0.2627994543389444 0
0.3359949258967631 0.2652945320141357 0
0.3333956141071869 0.2748369925247286 0
0.3264255570219803 0.2677895179456762 0
0.3290456586093596 0.2582487261238607 0
0.3194676000848884 0.2607458768842042 0
0.3168525410453273 0.270291660968827 0
0.3098876714752274 0.2632424279839123 0
0.3072685541022881 0.272797130979026 0
0.3003014912230119 0.2657411842560553 0
0.2976728254146777 0.2752970036665524 0
0.2907094148949856 0.2682430380280755 0
0.2933399188682305 0.2586846814108701 0
0.2837457694833089 0.26118666106516 0
0.2811156853710095 0.2707470442286192 0
0.2741490348579582 0.2636887206645967 0
0.2715186244956564 0.273252674007218 0
0.2645489848284984 0.2661917784651859 0
0.2671816171300236 0.2566252372407805 0
0.2576222022068723 0.2590847418570609 0
0.2549431697364039 0.2685157571006963 0
0.260219552075566 0.249550229328052 0
0.250657677019223 0.2520101255744222 0
0.4122978128680398 0.06376013319738805 0
0.253250855870273 0.2424830222194934 0
0.2436859747983037 0.2449386709059592 0
0.2462757932261512 0.2354125771618985 0
0.2366790540573669 0.2378963498461473 0
0.2392930391008538 0.2283382688351817 0
0.2297230655573501 0.2307978548923864 0
0.2323181018149223 0.2212555187778819 0
0.2419343902551608 0.2187755684282303 0
0.2227522649586597 0.2237097508347367 0
0.2200201653428238 0.2329933026473203 0
0.2253389924362008 0.2141733728145548 0
0.2157697297806195 0.216628912522624 0
0.2183557147843028 0.2070910533579438 0
0.2087850763065531 0.2095457500209043 0
0.2113699129584097 0.2000068371569189 0
0.201796230314572 0.2024623537091469 0
0.2043814247134386 0.1929213211530582 0
0.1948067049152345 0.1953754496517057 0
0.426408755586607 0.2595130981718918 0
0.2139995203501516 0.190425664199438 0
0.1920722217522063 0.204637136505003 0
0.1973910694397706 0.1858331358847794 0
0.1878135401466113 0.1882879157150957 0
0.1903984116848514 0.1787430332816956 0
0.1808198454156671 0.1811968036225557 0
0.1834039380284888 0.1716507191142835 0
0.173822747954022 0.1741051208675733 0
0.1764073381983013 0.1645566816512235 0
0.1860354979022124 0.1620587866580581 0
0.1667641849074283 0.167070391676328 0
0.1639667501536557 0.1763974511824523 0
0.4808439531848681 0.2540404635546826 0
0.1693988641833415 0.1574706937847712 0
0.1597515873768466 0.159986697929737 0
0.4946821280807177 0.1082477696867802 0
0.5396049249386327 0.2651358048366238 0
0.1623948798677127 0.1503767191184663 0
0.1527459614078741 0.1528934368105971 0
0.5188694017159774 0.2441158949005509 0
0.1553916503710872 0.1432786810100623 0
0.1457410927741136 0.1457944967739025 0
0.5569357246524822 0.2341543061577348 0
0.5256890979037548 0.3962022613834125 0
0.3802999866023943 0.297972700927485 0
0.1483876018443863 0.136178030065108 0
0.158039406166839 0.1336625627266007 0
0.1387350099980278 0.1386941646190204 0
0.1360886425264147 0.1483121993765827 0
0.5015808323537377 0.2751601103576676 0
0.6150476256192119 0.1835968253834852 0
0.1291578381055946 0.1411352566267834 0
0.1263662758141506 0.1504002668838865 0
0.1317410569490674 0.1315784721069307 0
0.4945777178155739 0.3917712239359554 0
0.1221166633906679 0.134064981132029 0
0.1247295923489287 0.1244768105464065 0
0.453989747413036 0.287478272214581 0
0.1151484939677512 0.1269187849978118 0
0.1177263911006005 0.1173641408292611 0
0.3046427227629938 0.2823530775483566 0
0.3707466081660797 0.3004715663471884 0
0.3776898358007204 0.3075006437130104 0
0.3681296587032324 0.3099981493695341 0
0.3750579791423886 0.3170243122536436 0
0.3654954342689848 0.3195202563052923 0
0.3724357088089734 0.3265503830859911 0
0.3628736189552114 0.3290486036131936 0
0.3698325687741699 0.3360765473102286 0
0.360255100967647 0.3385797610899542 0
0.3793916942096254 0.3335730532421251 0
0.3672329193234197 0.3455955324929692 0
0.3576370088311528 0.3481125268769972 0
0.1081467263122644 0.1198033183351342 0
0.1107181369107573 0.1102535609957785 0
0.1203609437393465 0.1077543161826962 0
0.1054282702211661 0.1289817761182616 0
0.3220951487788742 0.2512023302975467 0
0.6253923480379924 0.242732927053747 0
0.6227678013656328 0.2522735840432738 0
0.6323242961454232 0.2497571745266676 0
0.6297103477826693 0.2592685863397279 0
0.6392612311519693 0.2567753624032719 0
0.6366456341715763 0.2662966298823181 0
0.6461962170316035 0.2637998107795768 0
0.6435766546763363 0.2733216715948636 0
0.6340274890360749 0.2758180342147493 0
0.6409577570371798 0.2828431807665144 0
0.6314101778192494 0.2853383682931544 0
0.6383452749464784 0.2923646315411055 0
0.6287945588995838 0.2948568638567268 0
0.6357282130634249 0.3018824681362568 0
0.6261788802145758 0.3043741832414232 0
0.6331116514229098 0.3113993992919105 0
0.6426636975801945 0.3089079752084679 0
0.6400452424182573 0.3184279550094941 0
0.6496013862222313 0.3159360682887211 0
0.646899596118069 0.3255428983424757 0
0.6565300974666081 0.3229814111190714 0
0.6538240761903438 0.3325970030942169 0
0.6634726744191538 0.3300228553950104 0
0.6608068819057779 0.3396038448720748 0
0.670430741873224 0.3370593688572195 0
0.6677647867942123 0.3466455782718279 0
0.6773905499965892 0.3441042033318971 0
0.6747630750421456 0.3536571739920041 0
0.6843608374684863 0.3511474736787061 0
0.6817317148931183 0.360707135634363 0
0.6913295589627171 0.3582025971297618 0
0.6886981488534769 0.3677670311695139 0
0.6983011435075789 0.3652630577236179 0
0.695668288465081 0.3748344041649311 0
0.7052764919050948 0.3723284882633633 0
0.6860614981179568 0.3773355514347669 0
0.6235632037470435 0.3138889782745414 0
0.6511479479986584 0.3422803161427196 0
0.7026416070691887 0.381903532604704 0
0.7122559371300898 0.3793959499850321 0
0.7096182758206017 0.3889810864276353 0
0.7192397949427258 0.3864693689909835 0
0.6939588728070089 0.3486373438624221 0
0.7166014153786828 0.3960587854693581 0
0.7262260105861454 0.3935496164267974 0
0.7069779965155646 0.3985681368536773 0
0.3646028421544453 0.3551359632337526 0
0.3550130864802061 0.3576528335333119 0
0.3480540853933035 0.3506123836487854 0
0.3454303084659437 0.3601605903291475 0
0.3384696604616548 0.3531132548478944 0
0.3358442846483053 0.3626675177472955 0
0.3288776056629532 0.355615106592042 0
0.3262512839472138 0.3651764734188426 0
0.3192816547658232 0.3581194562281926 0
0.316653475041286 0.3676863765516307 0
0.3096794215053835 0.3606250303802011 0
0.3070501836123601 0.3701976010237438 0
0.3000729149473628 0.3631324559841867 0
0.297441864785736 0.3727100539269382 0
0.2904644584789094 0.3656425764520578 0
0.2878295989753371 0.3752230915661661 0
0.2808465433907413 0.3681157793278025 0
0.2782109978097767 0.3777323037753619 0
0.2712214707359351 0.3706186378259657 0
0.2685880100193309 0.3802455911695957 0
0.2615884677729793 0.3731338607466974 0
0.2589603206384589 0.382762069129904 0
0.2519580277596764 0.3756481579864208 0
0.2493300537355853 0.3852795588707464 0
0.2423340507059168 0.3781953383232499 0
0.2396990717862922 0.387803974488756 0
0.2327007638508531 0.3807175967466793 0
0.3332232269655187 0.3722234019996188 0
0.2300718084804721 0.3903150586213718 0
0.223065921215685 0.3832348010190473 0
0.2257033682678649 0.3736310277912321 0
0.2160662900733484 0.3761482188242872 0
0.2187055886277364 0.3665438933390686 0
0.2090671626460822 0.3690596823803929 0
0.2064271333611158 0.3786663510607196 0
0.1994276506399506 0.3715756532303778 0
0.2020681061708158 0.3619689546719343 0
0.1924276322459569 0.3644844127766407 0
0.1950694254255661 0.3548774260262488 0
0.1854270804739999 0.3573931136540319 0
0.1827871600102125 0.3670032431406178 0
0.1757830979538357 0.3599093724936631 0
0.1784265111579006 0.3502992040097445 0
0.1687808371877047 0.3528154196756471 0
0.1661369127571849 0.3624270737916742 0
0.1591337114191593 0.3553305492244099 0
0.1617782259082297 0.3457185811825484 0
0.1564884375256391 0.364944583479863 0
0.152130032843856 0.3482333812757136 0
0.154778109646932 0.338615274955878 0
0.1451272149342215 0.3411336280811932 0
0.1477748714308421 0.3315151862695733 0
0.1381225399239386 0.3340344690816761 0
0.1407662465666946 0.3244204862095746 0
0.1311149836874727 0.3269369784158709 0
0.1337595894414752 0.3173206848538975 0
0.1284700574721492 0.3365484513910051 0
0.1241077576929744 0.3198376763711467 0
0.1267542316697374 0.3102183892765802 0
0.1504132711601373 0.3218863547448045 0
0.1170999149410727 0.3127367030270928 0
0.1197468161324963 0.3031157316252324 0
0.2948139068990373 0.382294263653465 0
0.1100918153423117 0.3056339038937335 0
0.1127399375735545 0.2960130511662031 0
0.1223943020985651 0.2934950114231598 0
0.1153871303999878 0.2863923003658151 0
0.1250414777474519 0.2838754807965851 0
0.118034268150797 0.2767721819653162 0
0.1083800899698942 0.2792877818121033 0
0.111026324725889 0.2696676644543151 0
0.2563283532311521 0.3923703967293647 0
0.1074443743821328 0.3152559602868236 0
0.6661118375890803 0.3204661360904892 0
0.7288639892490034 0.3839562932323323 0
0.7358536049417724 0.3910387328822144 0
0.2642069342861432 0.3634722409312897 0
0.1206839532219218 0.2671536670192887 0
0.1136766253388424 0.2600476112118203 0
0.1040181988245451 0.2625631740319869 0
0.1066659786628358 0.252942530286357 0
0.1004356137407484 0.308150558881033 0
0.09778740405101444 0.3177749786291207 0
0.1010843952016249 0.112745464690442 0
0.1036980084356457 0.1031523358202641 0
0.3619670243610991 0.3646904473060718 0
0.7332138601586159 0.400633930605183 0
0.7428458151009312 0.3981221998197076 0
0.7116875703941012 0.1228469442649341 0
0.7142369933098747 0.1131949904875315 0
0.7212929423055096 0.1203333441131304 0
0.7239082591805068 0.1106918346233504 0
0.7309200160343129 0.117817653898996 0
0.7335357841249965 0.1081741486910599 0
0.7405433762687933 0.1153019170825078 0
0.7431584201192204 0.1056191834757189 0
0.7501648288689204 0.1127673202775449 0
0.7527872245585641 0.1030900848479502 0
0.7597926493434559 0.1102447235512509 0
0.7624279746581584 0.1006444401537674 0
0.7694247173332117 0.1077424043482914 0
0.772052193653828 0.09814222634667596 0
0.7790405694421743 0.1052169142337352 0
0.7764220401613616 0.1148246772408505 0
0.7860516644646882 0.1122938443150134 0
0.7834251938616646 0.1219088780123518 0
0.793050644574953 0.1193513363686147 0
0.7904245137481696 0.1289956019563332 0
0.8000607352602609 0.1264677608810867 0
0.802686852996644 0.1168234284200952 0
0.8096990959120776 0.1239433086476103 0
0.8070644486988126 0.1335589719156002 0
0.8167032716312705 0.131038274813862 0
0.8140679543373055 0.1406486899359186 0
0.8237079535610445 0.1381278658841114 0
0.821072314887429 0.1477371788757114 0
0.8307144927484739 0.1452156164053162 0
0.833338343252936 0.1355783765156177 0
0.8403560288018972 0.1426907856447852 0
0.837720523947949 0.1523068222969776 0
0.8473667467812237 0.1497861661796357 0
0.844728256923529 0.1594012246800425 0
0.850000538874387 0.1401572224924036 0
0.8543755909479922 0.1568793881086288 0
0.8517352883472558 0.1664974253321683 0
0.8613849229065185 0.1639739253379603 0
0.8587441699740053 0.1735933658187641 0
0.8683953378326645 0.1710692964478509 0
0.8657551152179418 0.180688388461828 0
0.8754068220802211 0.1781652851809843 0
0.8727661889458638 0.187786002469884 0
0.8780473402970854 0.1685444467427777 0
0.8631142410519502 0.1903090037759042 0
0.8701246037557053 0.1974072592526579 0
0.8797781021048983 0.1948838784947026 0
0.8771358983745388 0.2045063257725849 0
0.8867909074576528 0.2019828574007207 0
0.8841486186298273 0.2116058712527897 0
0.8744934711701211 0.2141289934746621 0
0.8815057552802745 0.2212287962768199 0
0.8911619421345973 0.2187058290036852 0
0.8885173120767973 0.2283308459615311 0
0.8420904303502921 0.1690535562083905 0
0.7816559787703792 0.09557609064007089 0
0.8123353509164714 0.1143331229200215 0
0.8718508864835683 0.2237508493556685 0
0.8981760305683846 0.2258071489709089 0
0.8955308552668899 0.2354339748178271 0
0.7360841310878365 0.09845286773872314 0
0.8114316019954256 0.1502588103907017 0
0.09700853170076656 0.2554578560702447 0
0.0996567446173407 0.2458357013328571 0
0.116324079151743 0.2504304189409721 0
0.3715491153621488 0.3621743165439144 0
0.8936702307979751 0.4048601670614568 0
0.8839322384344499 0.4070368371226333 0
0.9031938834015805 0.4024664629513654 0
0.09411331397995321 0.1055941156694417 0
0.09669031073719342 0.09603645108761469 0
0.9051907810709778 0.2329101784374936 0
0.9025462379827021 0.2425369834601373 0
0.9078350899825391 0.2232825746456789 0
0.8928863257853346 0.2450605701862528 0
0.8999017245325309 0.2521637704235621 0
0.8902426206421488 0.2546866655263331 0
0.8972571620531391 0.2617901622045311 0
0.6341937167981143 0.08124688463679808 0
0.7384907701060401 0.3814439772106996 0
0.9069172849968576 0.2592675508748544 0
0.9042721328823669 0.2688957030063049 0
0.09077616645225323 0.3106701868256396 0
0.08812783237325711 0.3202962595449318 0
0.7402044434110975 0.4077243568714006 0
0.7498443262089731 0.4052084975533702 0
0.7649783756342625 0.09097108272683901 0
0.08999820691206956 0.2483513582804227 0
0.09264885048744564 0.238726312297222 0
0.6531408313825611 0.270828567836087 0
0.3689181866387117 0.3717218610309567 0
0.9007468654989692 0.4119615360096183 0
0.9102072193643678 0.4095918904891064 0
0.293104189239313 0.3560769114590757 0
0.8875984122039728 0.2643125646191229 0
0.0871081149219578 0.09847437920686228 0
0.08439264866438612 0.1076440343875876 0
0.08956625241044264 0.08903287065186735 0
0.09913031489235208 0.08680657159196062 0
0.7472016024329255 0.4148151373683088 0
0.7568436226677544 0.412300237889081 0
0.7594846833891117 0.402691865233732 0
0.7664868323048409 0.4097840869368667 0
0.7691290396981347 0.400172160620864 0
0.7761324599102934 0.4072666938147654 0
0.9139333593634303 0.2663722412469101 0
0.9112877440163396 0.2760021103191436 0
0.6298226682250948 0.1620535783633704 0
0.6166332054996817 0.3068642760262375 0
0.6140185280848753 0.3163763069553424 0
0.6070924579460237 0.3093571716441207 0
0.6044785557907496 0.3188654297946045 0
0.5975563170918705 0.3118503900318207 0
0.5949445270464151 0.321351705104425 0
0.6018644156799321 0.3283642033977664 0
0.5923245107322621 0.3308193862790736 0
0.5991358423788387 0.3379420369743326 0
0.5854137515283473 0.3238345040125593 0
0.582794518728917 0.3332969161890077 0
0.5758882158235969 0.3263198290173758 0
0.4185186630335641 0.2880157354610958 0
0.6602366819388845 0.1806930239023383 0
0.2628493077770311 0.2399850173239435 0
0.7375596459775624 0.4173294691537312 0
0.3976921615851351 0.2670246662394408 0
0.6332399200658397 0.2141888153994545 0
0.9148512049968653 0.2303865767957 0
0.917495410513977 0.2207574243728889 0
0.3784763702777457 0.3692244526177265 0
0.5732775401750421 0.3358076578741176 0
0.5663678631062176 0.328808781139451 0
0.7734898555332259 0.4168804139704302 0
0.7831376689260625 0.4143618077176431 0
0.0829872603836142 0.2412435374495057 0
0.08563824487950783 0.2316175614577729 0
0.09529899551134996 0.2290973736896991 0
0.08828901290253027 0.2219911064458011 0
0.08033695891284504 0.2508697897701932 0
0.09794963870720669 0.2194709773735099 0
0.09093994554126861 0.2123645099771876 0
0.662758890857004 0.07338599308307509 0
0.08127802306391396 0.2148827010569226 0
0.08392940045913744 0.205255811429815 0
0.08111542059828142 0.3131882388781426 0
0.07846669662969447 0.3228160695269706 0
0.08548024596120324 0.3299236345637421 0
0.07581939792183928 0.332444359066622 0
0.08283301593534004 0.3395515720215458 0
0.6488037743171797 0.2542880221028884 0
0.07317097531765199 0.3420730092828425 0
0.08018545440522018 0.349181196817165 0
0.9076607819815556 0.4191860150847113 0
0.9172074713327711 0.41672548528297 0
0.919848395157062 0.4073951962274612 0
0.08003522958689457 0.09141957357690361 0
0.08248109124240932 0.08193632721645724 0
0.9209497465719916 0.2734779561831605 0
0.9183046398803001 0.2831085589238546 0
0.908641427980283 0.2856322073599381 0
0.9156582172383756 0.2927389514986475 0
0.07052437055105371 0.3516995674217618 0
0.07753725409911644 0.3588113594931888 0
0.3758618536299548 0.3787504744949509 0
0.5855370988008073 0.2265454650934642 0
0.7387166911827222 0.1868164187851583 0
0.780494635137986 0.4239786737761002 0
0.7901478325739404 0.4214588692883584 0
0.3315153706461063 0.3460720675596018 0
0.5637585247916277 0.3382948866221748 0
0.5568497151255629 0.3312947434555717 0
0.5706627831701507 0.3452967469490271 0
0.9059948879577189 0.2952621535158014 0
0.9130110523330237 0.3023704015997594 0
0.9226755106669768 0.2998460808846117 0
0.9200276872147359 0.3094793351240865 0
0.7787739378879071 0.3976541409314409 0
0.7413459094007337 0.1772355609213528 0
0.7483305142823813 0.1843041785074935 0
0.9245130540008688 0.2278626460940529 0
0.9271578460354 0.2182313434974198 0
0.7445595460898116 0.4244233165773213 0
0.7349127971075528 0.426938973910431 0
0.1006015812934399 0.2098490122303022 0
0.06787401299623969 0.3613209972733812 0
0.0748911896655754 0.3684390922351303 0
0.08455251475370534 0.3659196690495135 0
0.08190635328795304 0.3755519359721258 0
0.07224116734691244 0.3780650372377572 0
0.07926008931834344 0.3851817309711744 0
0.08892228028958166 0.3826608347580268 0
0.08627702561383227 0.3922942446945659 0
0.0766107484766731 0.3948100848208925 0
0.08363050879877482 0.401925621701342 0
0.09329623976042373 0.3994039991880634 0
0.09064898645826125 0.4090369499614355 0
0.1003112672633703 0.4065124501496943 0
0.08098039751443747 0.4115558832767353 0
0.09766734272224936 0.4161463341890281 0
0.1073243612854091 0.4136166006655072 0
0.1046849109769928 0.423255196974435 0
0.1143461358104117 0.4207260347226627 0
0.07332436482955551 0.2437610254866586 0
0.07067362753606604 0.2533894683838467 0
0.07426519436464296 0.2077733810597903 0
0.07691757222577583 0.1981439793428228 0
0.9147262711577173 0.4261947507078868 0
0.9049924994977965 0.4283697178690389 0
0.9242507410273483 0.4238021186253129 0
0.07303754329977685 0.08427900351080284 0
0.07556755106463175 0.07471056860594483 0
0.3854125584796027 0.3762553203800427 0
0.5160947245963786 0.1064339276035309 0
0.5933947226985874 0.4439089125028315 0
0.07145282990663143 0.3157083022737966 0
0.5542413512708689 0.3407767154733244 0
0.5473346698745347 0.3337781428243591 0
0.5689761508696258 0.3193216185152251 0
0.9296942470676253 0.3069540823826813 0
0.9270462898723371 0.3165879276586667 0
0.9033483910163934 0.304892315659583 0
0.5803852603130319 0.0723234281418389 0
0.7875028505391719 0.4310804646350783 0
0.7971582577505687 0.4285606001058352 0
0.7998024419454237 0.4189374555405802 0
0.8068143627711981 0.4260393540370559 0
0.8094593592227043 0.4164146634763268 0
0.8164720418252549 0.4235177270986076 0
0.1117043614187915 0.4303648712812358 0
0.1213710802581803 0.4278402331485381 0
0.1020385908551199 0.4328901876633868 0
0.1240121244292886 0.4181963910102736 0
0.1310271813860586 0.4252941308707213 0
0.7509616712307809 0.1747192023217347 0
0.7579491866570622 0.1817907583433264 0
0.382800134232523 0.385772422299626 0
0.373249566961404 0.3882731812733379 0
0.9341766094153385 0.225338200133766 0
0.9368216103657294 0.2157061459195017 0
0.9298022545615832 0.2085990437168435 0
0.5447267469691269 0.3432571761211211 0
0.537822527707323 0.336259726127126 0
0.5404288750263014 0.3267815448648538 0
0.5309178657352911 0.3292628155092827 0
0.5283115961183047 0.3387405717011108 0
0.5214076685087375 0.3317441587288787 0
0.5188016334272452 0.3412209106479318 0
0.5118979275191997 0.3342244645112986 0
0.06725210223136097 0.2006619260079374 0
0.06990466050289007 0.1910323479195955 0
0.07957028028918561 0.1885145844786041 0
0.07255833465290668 0.1814012925250697 0
0.9218074070432238 0.4332987325090689 0
0.9312662491712822 0.4309306805570523 0
0.813827988850036 0.4331428586614858 0
0.8234873945672374 0.4306203578919219 0
0.9394665154322812 0.2060733371853999 0
0.9324466627387971 0.198966222673745 0
0.06365966673402196 0.2462790386462397 0
0.06100819589116557 0.2559094726786232 0
0.5335235584078404 0.3197847097995999 0
0.06595593156768448 0.07723746183635199 0
0.06315845724770569 0.08648635388911946 0
0.06859760247662966 0.06760109021487254 0
0.07838383311978431 0.06540522089753914 0
0.1283898080486592 0.43494661606374 0
0.1380558428186295 0.4324209264474641 0
0.1406780456988401 0.4227498771673421 0
0.1477184280443317 0.4298923474386654 0
0.1503694748467863 0.4202682332479125 0
0.1573860608889669 0.4273737186818393 0
0.1600282411808892 0.4177310592994998 0
0.1670476122367592 0.4248477366775381 0
0.7046355155604724 0.2134981033390275 0
0.7020075476516845 0.2230701976797437 0
0.7419163757848668 0.4340347925712411 0
0.7322659870427668 0.4365510267118748 0
0.1547422097511186 0.437006979035957 0
0.9421113628578246 0.1964403563625778 0
0.9350912980847639 0.1893328623953608 0
0.3801900978173013 0.395293346711089 0
0.3706393339388611 0.3977963818902375 0
0.50929230468037 0.3437010260404866 0
0.5023889351281234 0.3367051918301332 0
0.06350946437160782 0.3445956108508895 0
0.9367134753067019 0.3140634417059627 0
0.934065657991777 0.3236972740421447 0
0.9393607247097999 0.3044292481212916 0
0.9243985076719472 0.3262207093507756 0
0.9314175744925028 0.333330963891561 0
0.6950371196679905 0.2160101545971638 0
0.3923476645453022 0.3832770593196774 0
0.3949566225542969 0.3737656736330475 0
0.4997834872141078 0.3461814110906536 0
0.492880702122575 0.339187285302372 0
0.4902492873270181 0.3485648903806897 0
0.4833678208967493 0.3416516497528023 0
0.4954893843715704 0.3297076212197518 0
0.06289091797597895 0.1839197301361881 0
0.06554514163464448 0.1742875531273201 0
0.4806681647866904 0.3507689991764723 0
0.4738470922278597 0.3440836333483868 0
0.3776025820652897 0.4048295164375275 0
0.3680277796650061 0.407324725583928 0
0.3749962038011004 0.4143627885073741 0
0.3654110227454609 0.4168599131194921 0
0.3584537688478092 0.4098232596183546 0
0.3558321674445175 0.419368788201417 0
0.3488690810855153 0.4123228397409059 0
0.3462448309006021 0.4218814462528523 0
0.3532158659918248 0.4289296398369939 0
0.3436224854218486 0.4314462382177611 0
0.3366465904291803 0.4243899560876815 0
0.3340189989607419 0.4339579558367612 0
0.3270376382733267 0.4269024219317761 0
0.3244080573536172 0.4364778059413278 0
0.317415843436806 0.4293982262611157 0
0.3147912146923646 0.4389989495269961 0
0.3077889206146845 0.4318983846892431 0
0.3051674924794174 0.4415178296232429 0
0.2981667509169927 0.4344273958819432 0
0.3506021488158864 0.4384987833933283 0
0.295539711905884 0.4440420334076091 0
0.2885379959298195 0.436955049577691 0
0.2859066178491201 0.4465675361647343 0
0.278901316617656 0.4394769983300568 0
0.6001660683442374 0.302344903486072 0
0.6584983452136599 0.1545424705712322 0
0.9447564209742946 0.1868068354893028 0
0.9377358055220955 0.1796997808545896 0
0.7605664389572059 0.1722164655837975 0
0.7675529869861601 0.1792937087312296 0
0.6924123474582361 0.2255740066318832 0
0.6993780824758722 0.2326315448645388 0
0.6854464917430588 0.2185193960770092 0
0.9410852204984284 0.3308078786039164 0
0.9384369384064939 0.3404425596589079 0
0.08222333554633687 0.1788855962043389 0
0.9217504104384122 0.3358540824839154 0
0.8191161755390298 0.4138926553346319 0
0.4711698312664067 0.3532937591351779 0
0.4643380526900668 0.3465598882973571 0
0.4617273161044589 0.3560409087054576 0
0.4548347887375974 0.3490827626868758 0
0.4522261281317866 0.3585752524089113 0
0.4453225520605115 0.3515904290533646 0
0.4479325904696773 0.3420963647567562 0
0.4383923152982312 0.3445955145471754 0
0.4426653316602368 0.3611479423852646 0
0.4410178620732417 0.3350964681897552 0
0.4314894954543138 0.3375818390096881 0
0.1696884909336572 0.4152059865563264 0
0.1766330201332663 0.4223030819011438 0
0.9280714378125516 0.1822257679802108 0
0.9307156642232783 0.1725932830525469 0
0.9403801687786966 0.1700666260315126 0
0.933359559387283 0.1629602428432154 0
0.9430243764928841 0.1604329791648407 0
0.9360032248277483 0.1533266471714729 0
0.9263380689951832 0.1558550105349027 0
0.9289817523425454 0.1462203837949271 0
0.9386470904266968 0.1436929384858927 0
0.9316252656201742 0.1365868055378879 0
0.9219605605004215 0.1391141554432069 0
0.9246036433884963 0.1294810482794429 0
0.914939498691381 0.1320089774979202 0
0.917582364648333 0.1223755761429386 0
0.9272468227333259 0.1198472168822697 0
0.9202245852590043 0.1127415793810757 0
0.910560082027442 0.115268712091153 0
0.9132024921060109 0.1056361268105793 0
0.9035379066202136 0.1081631047892004 0
0.906180251654124 0.09853157198463847 0
0.8965169904398043 0.101059792986549 0
0.9158423897362216 0.09599830178750998 0
0.8991583419261382 0.09142746968196053 0
0.8894952199502497 0.09395467863092186 0
0.8921371863988481 0.08432296094698366 0
0.8824737589384355 0.08684972338937436 0
0.8851150866320847 0.07721955821576104 0
0.8754531958715235 0.07974649877231424 0
0.894770653219344 0.07467916594389898 0
0.8780853118940215 0.07010985916047408 0
0.8684292198800083 0.07264383711325995 0
0.865790821083577 0.08227471619126167 0
0.8587672799692403 0.07517025276145428 0
0.8614105506367552 0.06554072829052238 0
0.8517456981045612 0.06806797904010412 0
0.8938692558995545 0.1106884959933523 0
0.8561268528625345 0.0847999456733573 0
0.07410219845394422 0.3060791508451132 0
0.06443785888375497 0.3085995783218876 0
0.820842132969447 0.4402487904394916 0
0.8305044344779271 0.4377252758971336 0
0.7282983633725969 0.1274396710675346 0
0.9287223957933315 0.4405272957509868 0
0.9383271863906177 0.4380092237007065 0
0.9409378322236823 0.4285859144432421 0
0.4018864616008911 0.380778276520442 0
0.1076116072070333 0.2169515515747516 0
0.1102612146448813 0.207333336242729 0
0.1172706741138893 0.2144366753710726 0
0.1199166720793525 0.2048201878232915 0
0.1269293545795019 0.2119367720659984 0
0.8805850891636773 0.2572100498282648 0
0.8779409068088764 0.2668341551705578 0
0.8709289991240006 0.259733655966797 0
0.868285172512572 0.2693554551046112 0
0.8612748335104907 0.2622563690442576 0
0.8586317149100293 0.2718763274949606 0
0.8516221397870847 0.2647786019657965 0
0.8656407845293346 0.2789760132989696 0
0.7717707553022501 0.3905600305622149 0
0.78141442153736 0.3880418380194298 0
0.7744117010765021 0.3809495203721646 0
0.7840551196817191 0.3784306278213333 0
0.7770527367850106 0.3713388232456249 0
0.9438409377319688 0.222814152357243 0
0.9411955724848025 0.232447175080088 0
0.358588518360217 0.3125077937764066 0
0.8543884254751468 0.05843850560654901 0
0.8447253060678437 0.06096618231950474 0
0.05893480037576709 0.07012320512568437 0
0.06158634009189667 0.06048668399485746 0
0.6418616716526605 0.05227829213472557 0
0.2762682020516132 0.4490930935195279 0
0.2692631657862813 0.4420064451408837 0
0.05399311772543364 0.248797533427433 0
0.05134114553328872 0.2584297718300488 0
0.739270017217875 0.4436491933625584 0
0.7296198984961293 0.4461640242684135 0
0.722617395037418 0.4390661234929449 0
0.7199710870085346 0.4486766249146132 0
0.7129693055182706 0.4415820638081275 0
0.05587614669244628 0.1768060743920185 0
0.0585301516611067 0.1671741354380988 0
0.1529806111599004 0.4105892476126145 0
0.7649344737403629 0.1888701774580797 0
0.7745428312995787 0.1863707078497059 0
0.6897859975444958 0.2351352626654175 0
0.6967486018298716 0.2421899197170503 0
0.753588002410237 0.1651439620892746 0
0.7701829201987571 0.1697816336698535 0
0.3200301865992822 0.4197814896862371 0
0.2911679892551421 0.4273426115856526 0
0.9481058407606526 0.3379191163664597 0
0.9454571074367839 0.3475548240403328 0
0.8473660990991703 0.0513362673689971 0
0.8376928620389523 0.05385487193555047 0
0.8350601604019321 0.06349368633403762 0
0.8280249138887035 0.05638719269754822 0
0.8254000986711586 0.06602155104821505 0
0.8183839846686169 0.0589228553254785 0
0.5161999327747158 0.3506981523284517 0
0.3217820742048317 0.446062092036235 0
0.8570121942440325 0.04879281258562493 0
0.7866947981752968 0.3688197242496565 0
0.779693457317358 0.3617281442175745 0
0.7937048722370141 0.3759024255965996 0
0.7103245770785679 0.4511892058224 0
0.7033267491115927 0.4440980859560867 0
0.8278576009360035 0.4473564121260027 0
0.8375220033054469 0.4448333307388859 0
0.8401682746931423 0.4352006838657825 0
0.8471866830597237 0.4423090822919113 0
0.8181949953047272 0.449877577911786 0
0.2666256900359947 0.4516204286629835 0
0.2596152550926456 0.4445282520494866 0
0.9356828690144861 0.4476415769585272 0
0.9453456862123601 0.4451179686921762 0
0.9259965516907744 0.450162973656356 0
0.2569777683879321 0.4541476845670575 0
0.2499662999281329 0.4470532140359972 0
0.2526044904982269 0.4374338143854804 0
0.2429555783897307 0.4399578559287408 0
0.240315137981743 0.4495787491461089 0
0.2333025299763326 0.4424815408335984 0
0.2306615427593283 0.4521043366911812 0
0.2236981452869545 0.4450452424255471 0
0.2264184057885592 0.4355419477215908 0
0.2210139433387934 0.4546372251520532 0
0.2140692485768744 0.4476502258333654 0
0.05191587679954351 0.06300847653960157 0
0.05456803806588967 0.0533708275090847 0
0.9517779323293225 0.1939145979983593 0
0.4341043758050314 0.3280895182521502 0
0.4245748668060044 0.3305741871314941 0
0.4219621235669371 0.3400691910473561 0
0.443632437103037 0.3256048634067356 0
0.3846637735305191 0.3145306584590458 0
0.7700521544212739 0.3642468135350785 0
0.7726923670342376 0.3546393096809878 0
0.7630536203634433 0.3571564237630943 0
0.7656922249395404 0.3475528949278676 0
0.7560576265697296 0.3500695232375124 0
0.7586954018242457 0.3404692520457601 0
0.7490653384736393 0.342984614202308 0
0.7517090732251304 0.3333695754244153 0
0.7420340998571364 0.3359414312017837 0
0.7447081058141771 0.3262941102186718 0
0.7350387644473033 0.328869254073351 0
0.737710083502281 0.3192394857730394 0
0.7280299473139054 0.3219002647966847 0
0.7307234129086756 0.3121903940777233 0
0.7210351371946515 0.3150109576700022 0
0.7237567857871803 0.3050946644288727 0
0.7141238997122827 0.3078222120886993 0
0.7167406861986688 0.298159989566846 0
0.7071654943299468 0.3005972283735932 0
0.7097902352565355 0.2913015262201742 0
0.7000735173449918 0.2938046460239023 0
0.7394385857334977 0.3455186427021141 0
0.6880690903786997 0.2089619308803166 0
0.6784828368861554 0.2114706863465669 0
0.7045105571692457 0.310644408511045 0
0.8542648392593233 0.2551594939950609 0
0.8446142186151773 0.2576814622225674 0
0.8472563855876329 0.248057965703723 0
0.837608436980225 0.2505838350353529 0
0.8402472564437691 0.2409622597833309 0
0.8306031876580211 0.2434887477174216 0
0.8332426896497405 0.2338766368002999 0
0.8235993425390133 0.2363968334455916 0
0.8262389557283274 0.2267864110451011 0
0.816597794765882 0.2293055282797669 0
0.8192365197035971 0.219697082211021 0
0.8096026304827266 0.2222169959022953 0
0.8122366056839228 0.2126084695763739 0
0.806963964852526 0.2318309747284786 0
0.8218749137033655 0.2100894148384196 0
0.8148737182640724 0.2030008031883871 0
0.8349631166577245 0.2602038188782358 0
0.8025660491471445 0.2150799264300065 0
0.6098208276804354 0.2026379534165683 0
0.7368869257691053 0.2584511168560247 0
0.6244752809355252 0.2783307396930936 0
0.1793383809011648 0.4126944792747383 0
0.1722942696937648 0.4055416534355257 0
0.6202713119531831 0.1645525698225927 0
0.6228813715175128 0.1550342778490846 0
0.6133321373134893 0.1575368472090258 0
0.6159431344188578 0.1480190451552348 0
0.6064000728126755 0.1505156054951897 0
0.609008498969355 0.1410055051450255 0
0.5994711949409155 0.1435023173641853 0
0.5968583617592272 0.1530114399401413 0
0.5899369339032777 0.1459963687135178 0
0.5873274448859547 0.1554973168340593 0
0.5804076543952708 0.1484894615030731 0
0.5778011581002855 0.1579876207686412 0
0.570881353983808 0.1509836145124679 0
0.5682773643700326 0.1604754573481501 0
0.5613613957093571 0.1534751537638464 0
0.5587572732476264 0.1629626690224199 0
0.551843043610859 0.1559655233156854 0
0.5492404709968617 0.1654503884172005 0
0.5423289985770301 0.1584548452846943 0
0.5397266070384187 0.1679370939379155 0
0.5328135015912072 0.1609296596273425 0
0.5302145005279062 0.1704211100649285 0
0.5232972621506276 0.1633911829085187 0
0.5207036659333412 0.1729023876211229 0
0.5137906075234885 0.1658869089323936 0
0.5111953826916332 0.1753890000059729 0
0.5042935985452178 0.1682953279344019 0
0.5016895520076176 0.1778619745061281 0
0.4948244622592193 0.17067155862215 0
0.4921844392446905 0.1803525940028035 0
0.4853187761322456 0.1732428999898566 0
0.4826821431369819 0.1828287909876867 0
0.4757758589794236 0.1758360834373489 0
0.4731711485027887 0.1853416914507033 0
0.4662599292923645 0.1783427014269462 0
0.4636594781306314 0.1878373586722953 0
0.4567464724213655 0.1808342009802125 0
0.4541439403770079 0.190318294401531 0
0.4472313106969984 0.1833214702002958 0
0.4498346697360806 0.1738358402941911 0
0.4403188482864087 0.1763237252808583 0
0.4377138113363161 0.1858108052577983 0
0.4307985796748591 0.1788106896924181 0
0.4281931171335912 0.1883009894852316 0
0.421275312092065 0.1812984720194861 0
0.4238816476540126 0.171802900186951 0
0.4143564667292808 0.1742908618905837 0
0.4117485830482757 0.1837887484367323 0
0.4048282624548204 0.1767815607604871 0
0.4074372220975771 0.1672822010525009 0
0.3979069878204248 0.1697723858188283 0
0.4005170494407503 0.1602737455701028 0
0.3909837196243576 0.1627613522969423 0
0.3884459361705801 0.1724381051866635 0
0.3814687147940983 0.1654390181835531 0
0.3840635781048758 0.1557773979462667 0
0.3745252060963159 0.1582713894939394 0
0.377136711541712 0.1487371816405683 0
0.3676023236541643 0.1512165408885723 0
0.3702084251383204 0.1417072439203011 0
0.3606718534411857 0.14418965297214 0
0.3632805908888225 0.1346835739472755 0
0.3537312027421793 0.1371733441819851 0
0.3512011587465947 0.1468268725501123 0
0.3442209256103101 0.1397505748746547 0
0.346805605532214 0.1301590144137293 0
0.3372446486714181 0.1326483656458547 0
0.3346920880504017 0.1422598149901047 0
0.3276681682060554 0.1351314285391149 0
0.3302922850361599 0.125594199990481 0
0.3207156778786835 0.1280912130991914 0
0.3233403797064879 0.1185479544369156 0
0.3137580691095238 0.1210459610377694 0
0.3111339001971801 0.1305953608984446 0
0.3041718620946138 0.1235474898478549 0
0.3067991566734507 0.1139916313188425 0
0.2972060721070644 0.1164920742373872 0
0.3015462444644189 0.133103300424611 0
0.3719411234745051 0.1681970887915017 0
0.2998364002875525 0.1069276673979092 0
0.2902343064553374 0.1094320307641907 0
0.2928647847559508 0.09986258568929568 0
0.283257377242683 0.1023697839486564 0
0.3024722201123963 0.09735741885813348 0
0.2806262203105481 0.1119453044694249 0
0.2736465718425763 0.1048781857340845 0
0.2710135004881293 0.1144559317761397 0
0.2640317388561814 0.1073877574897296 0
0.2666649856840209 0.09780327891132209 0
0.2570440399555136 0.100316205541695 0
0.2613994867838654 0.1169706729486999 0
0.2596801591605067 0.09072331770987069 0
0.2500519717597699 0.093239278439049 0
0.3728247585442306 0.1321934024532155 0
0.2954977733168524 0.09028842636208395 0
0.305111469834025 0.08778191185098816 0
0.2526904634331335 0.08363932357622833 0
0.243058515132301 0.08615522032199568 0
0.2404221424930702 0.09575621943227786 0
0.2334235406112183 0.08867180061489571 0
0.2307859855133004 0.09827732227496819 0
0.2237856669564657 0.09118980204323412 0
0.2264225995413062 0.08158351938267167 0
0.2167817139688542 0.08410154497147193 0
0.2981327746572242 0.08071002715957998 0
0.3077507294160149 0.07820239613098576 0
0.2211494359547508 0.1007963645757826 0
0.2194206096206835 0.07449024867041007 0
0.2097748262104778 0.07700998334568809 0
0.478459981047908 0.1661974484225478 0
0.6020780136064451 0.1339953878448142 0
0.3007687145504882 0.07112731121080226 0
0.3103875769384264 0.06862038964141765 0
0.3173678608235467 0.07569565282326793 0
0.3200051136545535 0.06611671456065504 0
0.3269808149343504 0.07318903067881052 0
0.5181209748298622 0.1824054155578737 0
0.4800920261970242 0.1923599009124454 0
0.5561595797875225 0.1724506701909156 0
0.3296196062373249 0.06361475686123302 0
0.3365931610040601 0.07068698298036932 0
0.2124161696305193 0.06739339757841439 0
0.2027672705513775 0.06991441572995052 0
0.2001265233044129 0.07953259031748128 0
0.1931165424465686 0.07243667256149783 0
0.2220665077906418 0.0648737759638863 0
0.1904753510493634 0.08205848988853115 0
0.1834637767554116 0.07496035852447769 0
0.3392263334938517 0.06111696089044225 0
0.3461942481378182 0.06817576924365884 0
0.1861038944679569 0.06533949332216202 0
0.1764504418398591 0.0678605564444032 0
0.1738091950218144 0.07748488315085897 0
0.1667942965159445 0.0703844678068829 0
0.3488249897343939 0.05861988201168886 0
0.3557865054461577 0.06566917271788547 0
0.3531579969917634 0.07522040840058319 0
0.5734934186369801 0.1414618076920793 0
0.3627340656771352 0.0727246673513007 0
0.1694364086380699 0.06075800025434408 0
0.1597773310718821 0.06328285435268785 0
0.3034051118644818 0.06153935277108111 0
0.2937810111539946 0.06404950148227539 0
0.6116130311432167 0.1314970599734375 0
0.6046834430132653 0.1244878544079411 0
0.2150582764164733 0.05777399863381069 0
0.2247109763980803 0.05525255698902848 0
0.5068688893221085 0.158740600477267 0
0.1641534361289639 0.08000969830262292 0
0.360110249916921 0.08225849192260012 0
0.3696742744077069 0.07976545159795362 0
0.2281491952787864 0.1078832531282163 0
0.218513091442867 0.1104023119399902 0
0.2255134182895643 0.1174879764342343 0
0.2158764866549385 0.1200083387915342 0
0.2228970698066984 0.1270771219416687 0
0.2683834818388984 0.1240322029626026 0
0.5354281242299519 0.1514163428608622 0
0.1624202474282233 0.05365399436745066 0
0.1527603761010458 0.0561803244778287 0
0.6142185033986897 0.12199045736501 0
0.6072879643818621 0.1149827445677812 0
0.5977574387509194 0.1174789174134662 0
0.2964193256983504 0.05445549522929283 0
0.2867865271340586 0.05696732963494497 0
0.3322606748068038 0.05405187263962691 0
0.3584202008325006 0.05611529755860994 0
0.3670137736359431 0.0893402537514485 0
0.3766004227019326 0.08680803125705525 0
0.3573854399961764 0.09192671696764451 0
0.5847224326573055 0.1649991186452898 0
0.8631478380190907 0.09190245192438745 0
0.8534849330665979 0.09442715217432274 0
0.8605052233710668 0.1015285151812329 0
0.5544522557942055 0.1464626698328572 0
0.596772216232591 0.2502678768781696 0
0.3871636407792761 0.4023054789242241 0
0.410046615953003 0.1577850969094449 0
0.1320476754206211 0.2909769153711934 0
0.558594857241602 0.2601735626986891 0
0.5378965031148975 0.2391371297386433 0
0.5516310671398776 0.3502553846153173 0
0.2283427477780912 0.3640276448182785 0
0.6203073723397625 0.06709384925567835 0
0.5205896176866398 0.2701305077130508 0
0.1129115465827358 0.1977132948958514 0
0.1225660712795986 0.1952007512408462 0
0.621004786314827 0.3235788195487847 0
0.9122970612638823 0.1416409332123802 0
0.1029578591641144 0.3968657034300216 0
0.1711684174420404 0.08710929825058203 0
0.1615130112413917 0.08963462080016849 0
0.7737917553424831 0.1244381188941038 0
0.1353145458791117 0.441958368070845 0
0.6651199102494969 0.3563354480584595 0
0.860472961646283 0.1999294590625191 0
0.2587701276155402 0.1265533812340304 0
0.2657534089185649 0.1336168112000094 0
0.2561378774424546 0.1361376201257249 0
0.2631204867502115 0.1432065465632741 0
0.2535064553876099 0.1457199527159507 0
0.2604891742819984 0.1527902863815966 0
0.2508758410446661 0.1553028064604736 0
0.25785974097966 0.162371444850499 0
0.2674606343930925 0.1598687405365192 0
0.2648414882195277 0.1694379542719909 0
0.274436386457152 0.1669368728675533 0
0.2718181294243391 0.1765000104214368 0
0.2814187388947639 0.1739910547576523 0
0.2787941572956876 0.1835569256910498 0
0.2883897359942451 0.1810500071757799 0
0.2857668348775291 0.1906126058182613 0
0.2953576138827764 0.1881062424673611 0
0.2927277978623035 0.1975922857733797 0
0.3023225308891708 0.195144550154148 0
0.3049407202083777 0.1855880598084116 0
0.3119104907430221 0.1926507520853071 0
0.2996108361386752 0.2045329922290031 0
0.3145252597010978 0.1830860519375838 0
0.3214899209622782 0.1901454107267476 0
0.2551514918571743 0.1717648750986935 0
0.2829650334057058 0.1998940572288859 0
0.3241145169113054 0.1805613243231765 0
0.3310656342213308 0.1876432337062162 0
0.3284444190342099 0.1971839807865192 0
0.3380165356619951 0.1946884641017575 0
0.3353974147374033 0.2042187371000534 0
0.3449646686485042 0.2017156008227864 0
0.3423334974130889 0.2111932863722957 0
0.3519086665986325 0.2087396154253089 0
0.3492469441623148 0.2181015613091014 0
0.3588875275707035 0.2157095282032505 0
0.3614866130405003 0.2062743070760246 0
0.3684188994606215 0.2132771510983646 0
0.365845988673601 0.2227553175720821 0
0.3753635654481978 0.2202962013666085 0
0.3779705889356919 0.2107830515702301 0
0.3849076349272635 0.2178072730158443 0
0.3171623646822325 0.1734478183249344 0
0.3866753416498246 0.1462501100299102 0
0.1346944512445207 0.2813596066626077 0
0.1416984623251688 0.2884568726115074 0
0.1443449776355599 0.2788445615711094 0
0.1513479738721689 0.2859381983989014 0
0.1539932516457768 0.2763293946948473 0
0.1609941893604477 0.2834232571817637 0
0.1636371049939615 0.2738163138568959 0
0.170635915964735 0.280913365508092 0
0.1566386349239726 0.266721632817503 0
0.1662792931102847 0.264212238521896 0
0.1592840978038433 0.2571151322663383 0
0.1689237156305817 0.2546056162123651 0
0.1619292163148889 0.2475090589483655 0
0.1715700789773582 0.2449964685253611 0
0.164575163936422 0.2379012969987968 0
0.1785667347168231 0.2520884460023825 0
0.1679935269223332 0.2905163353364297 0
0.1776332746413035 0.2880057837753925 0
0.1749934070642427 0.2976224520725519 0
0.1846326912864752 0.2951120664816872 0
0.1872721648120783 0.2854955167827934 0
0.1942680816512231 0.2925987021443844 0
0.1969065351813052 0.2829844786117498 0
0.2038959000380324 0.2900693501165718 0
0.201268924433341 0.2996848531933339 0
0.2108873499928169 0.2971534493712931 0
0.2082466601417784 0.3067427728124359 0
0.2178759331063519 0.3042356959037598 0
0.2152365384367124 0.3138241896141984 0
0.2248647503975171 0.3113174111295319 0
0.2065346115899155 0.2804698493513708 0
0.2222310024366612 0.3209313152884318 0
0.2318523832129668 0.318397436702319 0
0.2344894192964763 0.3088014959365535 0
0.2414354785265329 0.3159210292058394 0
0.2388322163177167 0.3254778046263391 0
0.2484537589776876 0.3229663308172805 0
0.2510790596978091 0.3134693168560398 0
0.2581600597728082 0.3205398752503686 0
0.2056189287481157 0.3163702404904847 0
0.1644313450784053 0.3361069289046122 0
0.9412910617024044 0.1340589424404159 0
0.668981610836648 0.1163576686611603 0
0.1740318423962595 0.4319081324868725 0
0.9298900654891062 0.1102125610131882 0
0.06820043065439912 0.1646545659682174 0
0.06118507445391291 0.1575416522267583 0
0.05151538210738771 0.1600591397907684 0
0.05417006593004475 0.1504264324199079 0
0.06384019823513454 0.147909119862087 0
0.05682562561998789 0.1407928920143838 0
0.9357875293386115 0.3500785332621932 0
0.9428078354425447 0.3571907768157151 0
0.08984624839613231 0.3466519868252309 0
0.06427420020654345 0.05100559262563262 0
0.53713314258467 0.1774249537511434 0
0.1090579000748543 0.4400006359484945 0
0.0993899544106554 0.442525463098742 0
0.04914217686378858 0.07238673937891527 0
0.05322259366682608 0.186438320546947 0
0.3123188833899649 0.3510689101531139 0
0.2204731091370195 0.3928528719372801 0
0.09436038372814054 0.2650801502912979 0
0.8638689270788094 0.3503316867080563 0
0.8358379164008705 0.3219245665328547 0
0.8486708449381708 0.3716193282767988 0
0.9463813457662096 0.3115393218495006 0
0.9490290054504074 0.3019032829528634 0
0.2000114628736109 0.1762374259402174 0
0.8157471131248515 0.06855051160953973 0
0.8087291783125605 0.06145154650465154 0
0.8113418925599956 0.05182287735052302 0
0.8017068515324379 0.05435347961427747 0
0.8227628249862387 0.075649287701367 0
0.948313402335438 0.1411652673383173 0
0.9509581269222294 0.1315301326601754 0
0.8850600876461568 0.1756413815971768 0
0.5145039475855021 0.3247494079535445 0
0.1544974587415842 0.0825354219787624 0
0.1719225706266516 0.1479496750269889 0
0.4730552319910224 0.2825703745742588 0
0.1720814900903695 0.05112903765701721 0
0.1780870181195018 0.1904552807346206 0
0.6254858814370512 0.1455207400916862 0
0.4351103105217046 0.1953021599497178 0
0.7006853824568881 0.4536982834029022 0
0.6936953592510309 0.4466071773022355 0
0.6963262413315457 0.4370202943426109 0
0.6867075069877062 0.4395295960430835 0
0.6840731502375083 0.4491112256310593 0
0.6770975208610049 0.4420318920840793 0
0.6797302016531448 0.4324598100201981 0
0.6701290388949761 0.4349595254729801 0
0.6727623995838522 0.4253970142393855 0
0.6631651543135745 0.4278987571509912 0
0.6605322858158834 0.4374542602862877 0
0.6535748952634999 0.4303960595904242 0
0.6562090296586318 0.4208486555612329 0
0.6466037008330316 0.4233693363058954 0
0.6492539191036886 0.413808847741859 0
0.6396587728719059 0.4163247503033882 0
0.6423096301279944 0.406770759949709 0
0.632720903617956 0.4092850414468521 0
0.6353728143845421 0.3997366562994218 0
0.6257904223292017 0.4022496517192721 0
0.6284406532915017 0.3927075508507409 0
0.6188502542258617 0.3952321936267491 0
0.6509185133469866 0.4399684895028364 0
0.6215106918711196 0.3856838805132249 0
0.6119245452414857 0.3882077657022618 0
0.644935393703595 0.3972411354736226 0
0.6300545223048971 0.4188664408949184 0
0.6145853574618232 0.3786614453671373 0
0.6050442233200387 0.3811464668191351 0
0.6241376879028304 0.3761691158166854 0
0.6023567154189176 0.3906788534314104 0
0.5955023497290263 0.3834800015803786 0
0.674457325782058 0.451609923558578 0
0.6161801124935213 0.404818708619293 0
0.6588323620367098 0.4113070228110829 0
0.8640244525238862 0.1543554561873862 0
0.1549322096959975 0.240414608262957 0
0.1575786137964169 0.2308057205514913 0
0.3601869733629325 0.4359725545500281 0
0.3575780789740006 0.4455493950025026 0
0.1424796858209542 0.3507445748223375 0
0.4991053199354891 0.1873756340031992 0
0.4610643703302966 0.1973308056172268 0
0.4255880800411146 0.1977941521090808 0
0.4325072546317738 0.2047978128375676 0
0.4764725376265599 0.3346590018937401 0
0.0645997251529456 0.210292244297014 0
0.4618276219201454 0.2589018019994119 0
0.2088750262034983 0.1129217033927205 0
0.278487634954751 0.2803125912166323 0
0.4429234257601986 0.1668387140022333 0
0.7167332052339028 0.1034739564115967 0
0.6478563492185906 0.289900673275889 0
0.4998170621900507 0.2490405193222641 0
0.7489227358135339 0.4411329289310531 0
0.06802578392870734 0.2630123806655031 0
0.771923733602051 0.1959499770075498 0
0.717778103677579 0.165633438912569 0
0.4229813616784687 0.2072894897238129 0
0.429902529033687 0.2142946000025455 0
0.2409501426718723 0.254239155890484 0
0.2205278848927602 0.2946518542491693 0
0.7475402002618283 0.1223959738297201 0
0.6871590377581099 0.2446941984085618 0
0.7727449318263142 0.2580844435017484 0
0.6758610169331485 0.2210223015974666 0
0.3140449616358387 0.377200526491268 0
0.8559878047752372 0.2814963650169207 0
0.8629970665936635 0.2885959233941971 0
0.2755792067524998 0.3873309276384432 0
0.37275237275324 0.2298193740522997 0
0.9508617456729875 0.2299226021329654 0
0.9482157094782453 0.2395574497391317 0
0.4204132141126489 0.2167977850421375 0
0.9331381403897883 0.359714305317592 0
0.9401584200437072 0.3668266261461665 0
0.2718944028907211 0.4323842858613247 0
0.8209570197019502 0.2460199656482014 0
0.2370634510177469 0.3974110401666001 0
0.8078229761120785 0.2935497009993888 0
0.3723026108216455 0.07022876683777279 0
0.2060502168784219 0.2188113486055394 0
0.2690246410588066 0.1858645872732102 0
0.2062381701115899 0.1225298821643465 0
0.1992353652203339 0.1154418037199438 0
0.1499634853852915 0.162279423049163 0
0.2279738734898456 0.2046050947305431 0
0.1064107018900315 0.4496369866889567 0
0.09674125588388532 0.4521620038049134 0
0.08971978931568814 0.4450497411582264 0
0.08707075152728133 0.4546870279864452 0
0.08004852225073195 0.4475736618910322 0
0.3326765684368103 0.2135504008588374 0
0.9544231651299921 0.1842801357631059 0
0.9498287326576715 0.3643032450400983 0
0.947179024474212 0.3739400570560694 0
0.1863652873524427 0.4198029141895979 0
0.2177010032876915 0.04815089001593573 0
0.2273585974376952 0.0456298075760703 0
0.2343630003597347 0.05273322450954593 0
0.1155639811130235 0.1880938603044067 0
0.6941199037218443 0.2517461414754122 0
0.8498327435011929 0.4326765176175825 0
0.8568524642799418 0.4397845798683028 0
0.8542061000360657 0.4494184294933485 0
0.8638732882603315 0.446893450876115 0
0.7403574608080397 0.3096348251336498 0
0.7926404140232031 0.3148320585231575 0
0.8206439896998581 0.3432154926590653 0
0.1342742132941998 0.1220712729845738 0
0.1685281325450798 0.09673287782002304 0
0.6003587520235318 0.1079790229660771 0
0.7462744865786091 0.45075241074913 0
0.7559317681311596 0.4482343683423664 0
0.8348724101340983 0.4544664280436973 0
0.3514618995740376 0.04907048489135005 0
0.3610506191944942 0.0465706167105103 0
0.3025402286958433 0.4511190794250191 0
0.04489526146397271 0.05589277727147207 0
0.7269716376824961 0.4557776996189628 0
0.1650637327807519 0.04402272094814186 0
0.237015476530919 0.0431092250127186 0
0.2439996646546619 0.05023794520240255 0
0.9426939715544687 0.4547560332038413 0
0.9523653633918174 0.4522320534554132 0
0.9550163724602341 0.4425925747962771 0
0.04715457634564746 0.1433102659312939 0
0.04981061713958529 0.1336757018389349 0
0.04754771306546585 0.04625425147497517 0
0.2113618258232282 0.4571791735892804 0
0.289428046733002 0.04736694958216167 0
0.2990607025394711 0.04488698936309701 0
0.1747280788141783 0.04149772721529593 0
0.5928585705211766 0.3930860898143851 0
0.5859983389223222 0.3857660061056756 0
0.8403033662667139 0.04420578962397315 0
0.07733413996434113 0.4569623441335381 0
0.07036565521009114 0.450056475353681 0
0.367161516000251 0.4430272445397261 0
0.3645556539955462 0.4525984455924153 0
0.3549616807340639 0.4551208363296191 0
0.5908344115398729 0.1104732506801833 0
0.0462065396165835 0.1793239421179009 0
0.04355245169514516 0.1889575822853047 0
0.4973728121607806 0.3556032544427967 0
0.5981487008289501 0.3740427436678863 0
0.4692055050653435 0.3620542638533021 0
0.955127140467831 0.3450306672151074 0
0.9577761716898461 0.3353941636135329 0
0.8612265171336599 0.4565288300087693 0
0.8708951610336677 0.4540031841468303 0
0.04432485696580801 0.2513164916572334 0
0.04697742102087105 0.2416834525611765 0
0.04167264148512545 0.2609500746982599 0
0.04868872993305556 0.2680593928441704 0
0.6172130683582928 0.3691451438193534 0
0.616824200803524 0.112482425834238 0
0.6237592802543105 0.1194944455707488 0
0.3738964309993857 0.09642483070100263 0
0.3834751109281985 0.09388213478040014 0
0.3337179193191812 0.1780824368756315 0
0.7532819292852864 0.4578589972711042 0
0.7629433215518551 0.4553393954801049 0
0.2379269486151801 0.4589489636557377 0
0.4044983032618955 0.3712643439009797 0
0.4114179273689692 0.3782877884060396 0
0.4088119080819829 0.3877830299672226 0
0.4183344459113034 0.3852950284780663 0
0.2458246539975557 0.3325504465857634 0
0.9560502310385381 0.309014878876824 0
0.9586985229673721 0.2993780545064383 0
0.9516764052977054 0.2922663935398237 0
0.7990746692096207 0.06398166548603546 0
0.7920531054948416 0.05688253785670011 0
0.794660002472906 0.04725549074191224 0
0.7850300504278234 0.04978667679706739 0
0.782393478595572 0.05941192463769807 0
0.7753746934884065 0.05231625432686909 0
0.4273036150743659 0.2237946709991547 0
0.4368258532997824 0.2213000835082759 0
0.4178247083553189 0.2264377563964125 0
0.2213448686939917 0.35693918042065 0
0.4367178646372243 0.318596840218375 0
0.8508447806162791 0.1040528401219099 0
0.2840160518234741 0.1643897694106878 0
0.7254148836185217 0.331525751856012 0
0.8245093310450683 0.2004805199260379 0
0.8175125054116519 0.1933787733661081 0
0.3975952423805118 0.3642047573350841 0
0.7078586096827552 0.3627971275373608 0
0.4150420890682758 0.3330601960295732 0
0.4176567932258036 0.3235634536009795 0
0.3243326334075652 0.08278250642322038 0
0.921051763717515 0.1751194946658625 0
0.9184041519864632 0.1847687261530755 0
0.3636952672264947 0.3907598973738045 0
0.8121038250755304 0.4067901174674631 0
0.8217601902123841 0.4042680395077243 0
0.6688998027087627 0.213976160420872 0
0.06708781008100012 0.2989698784514895 0
0.05742215064350387 0.3014897461829163 0
0.05477233661550579 0.3111214374443911 0
0.04775502053586134 0.304010336402084 0
0.04510460540965061 0.3136444287745913 0
0.0767521715147908 0.2964498558311922 0
0.8131094725112602 0.07817664334879743 0
0.06670721885178932 0.4594784948401964 0
0.06038296847195818 0.4520013361507254 0
0.06329835115744842 0.4428731549247293 0
0.05361827668716457 0.4453865733397355 0
0.05633099177343309 0.4358692309696948 0
0.05103095887485787 0.4551482442340709 0
0.04664756813363874 0.4383737782166866 0
0.04930608195054836 0.4287512063898986 0
0.189005845687974 0.4101789070694416 0
0.6845327466577742 0.2542482515779908 0
0.2797897782471791 0.04988030453819819 0
0.9304888603697916 0.3693498248572857 0
0.9234691649366187 0.3622384854073587 0
0.6662799232809858 0.2235221332790318 0
0.3632007278523694 0.2322188708152477 0
0.2688872279401708 0.2828196098629218 0
0.2758577087467285 0.2898818480883846 0
0.3316726843853852 0.248705088163264 0
0.8533442742544377 0.2911155702698609 0
0.860353165911652 0.2982157338688907 0
0.8735415649899725 0.4443671481955317 0
0.880564213911218 0.4514769566001199 0
0.19605381612449 0.4172451201874068 0
0.2043637161096567 0.4501510906086132 0
0.1742173818330562 0.2353858485345341 0
0.2466433002788703 0.04064244090479083 0
0.2016944249190512 0.4597046654510824 0
0.2832754968234359 0.4561683678239588 0
0.06649565481153841 0.1382767987768045 0
0.0735092734606943 0.1453920290054097 0
0.7263192908991671 0.295701086216805 0
0.7580148529475402 0.2793441096764459 0
0.7613536335139746 0.3308165782357522 0
0.681432772203779 0.4586944257068579 0
0.6718101286088425 0.4611951695867453 0
0.7753420461695604 0.3450078730303605 0
0.7893453197610552 0.3591873295724551 0
0.1518567156962389 0.09216110486513868 0
0.1448399081568225 0.08506123663820464 0
0.6267609473915507 0.3666560155471715 0
0.9579814720549584 0.1386380616952669 0
0.9606263674171183 0.129001115568061 0
0.4022179290870783 0.1862808034836775 0
0.9571641683623844 0.3715027515663839 0
0.9545664581268007 0.3811548340919144 0
0.680026300717641 0.3345409731253908 0
0.3475767414479445 0.1922295516846718 0
0.3329200268036328 0.1160489320438409 0
0.6823616938884826 0.422890649020178 0
0.3085108095144962 0.1401510400007526 0
0.8078777806549611 0.1959119191334405 0
0.8105094020756709 0.1863060461680824 0
0.163494547207153 0.3720423815663169 0
0.1538432362796708 0.3745608015840622 0
0.03902087007187566 0.2705843391768551 0
0.6793987319209931 0.1756707511303064 0
0.8358790456438043 0.2242580421784378 0
0.7037157929192224 0.2492683320606416 0
0.8876985192757678 0.1660072918677573 0
0.7156171090658108 0.4319698009458841 0
0.870007302736723 0.2956956659021491 0
0.8673602607311339 0.3053170222202504 0
0.9235945633059219 0.2638487629918711 0
0.7474224896669466 0.2201034648975005 0
0.2841662530115649 0.06655994715813612 0
0.7779787185130211 0.04269077965534729 0
0.7683533689422206 0.04522268090992138 0
0.765720209508183 0.05484721106300758 0
0.758702918774137 0.04775436426429275 0
0.7560702944078757 0.05737857101653718 0
0.7490538825160256 0.05028745441754795 0
0.7464221983241058 0.05990727755916531 0
0.7394079680610752 0.05281947739499537 0
0.7367764059785519 0.06243376091196712 0
0.7297653548644083 0.05535118653980348 0
0.727135452633181 0.06496059281780298 0
0.7201290993621274 0.05788226235622118 0
0.7175004766448564 0.06748700163129376 0
0.710499385372758 0.06040744800881767 0
0.7131229983134521 0.0508110299011959 0
0.7034980265062238 0.05333962065623754 0
0.7323945449857832 0.04573960449100317 0
0.7008760103939327 0.0629316143444193 0
0.6938790868675888 0.05586596718170353 0
0.6964983102065876 0.04627360282890519 0
0.6868818475541116 0.04880132456566449 0
0.9613464434375369 0.2897407946002798 0
0.9543238844048871 0.282629453417608 0
0.9578839098279317 0.2370315126162569 0
0.9552361004787433 0.2466637798066415 0
0.9605286087453355 0.2273974405679214 0
0.7614939393042102 0.03860708460007431 0
0.03730760112361875 0.244202461187616 0
0.03996070459320017 0.2345679062945831 0
0.2639909906609556 0.4612411113234765 0
0.2455953598238662 0.4303399554412837 0
0.1252186453919525 0.1855788123503929 0
0.1322242920445048 0.1926831686853024 0
0.9445898286701202 0.3835936489472197 0
0.9516210026209384 0.390711756440862 0
0.3861412634928242 0.08432750372667433 0
0.3930609722270927 0.09134224212216907 0
0.390405125673873 0.100887049145083 0
0.3999800755916152 0.09835320827846444 0
0.3973232992035199 0.1078968363180032 0
0.40689552862537 0.1053633475450217 0
0.4042394795645259 0.1149014733212291 0
0.4138080483895855 0.1123671527388409 0
0.4111583901309577 0.1219332058157478 0
0.4207206842604638 0.1193750723268677 0
0.4493884668992965 0.3680603611597352 0
0.6282223442836841 0.03781745662518193 0
0.9497140618772715 0.4618717170809727 0
0.1965983622448176 0.1250516611090746 0
0.2036007308693224 0.1321329220805941 0
0.6914925593859573 0.2613007357578841 0
0.9620386755457722 0.4497079724729602 0
0.04050079638249288 0.1362930606174575 0
0.04285517359881535 0.126574857152497 0
0.05247714535281506 0.1240437922330772 0
0.0454630480379104 0.1169264319422293 0
0.03638100313090553 0.1462477012675902 0
0.03808577930638213 0.3065313219393629 0
0.8594982095075498 0.4301514069537795 0
0.8524789018786132 0.4230438051144793 0
0.4180217281777575 0.129002777008959 0
0.4275738739321197 0.1264365594594102 0
0.4302348162355549 0.1168919258526949 0
0.4371429267717513 0.1238906844893475 0
0.4344888145888115 0.1334195190738677 0
0.4440515367808978 0.1308840060046193 0
0.6895011394798403 0.03920875160728776 0
0.6798872091363277 0.04173990475501552 0
0.6991211287266041 0.03667745398767092 0
0.3658962941417329 0.1251726451680322 0
0.2824327568254608 0.04027342133825471 0
0.6198351535572151 0.3596306134761266 0
0.9614457121367477 0.1913884610127473 0
0.4342205365291077 0.2307980979727228 0
0.4437473534733579 0.2283052498444643 0
0.03787389844795891 0.04877645117067342 0
0.4462335679132628 0.31608493774448 0
0.1967895658640115 0.3811870901448317 0
0.04003033429411923 0.4308831277041663 0
0.04235064288277673 0.4215733829406726 0
0.03550438604804457 0.439605977498523 0
0.1037631372759271 0.4592741371201146 0
0.82013287738207 0.08530494637176261 0
0.4140396864499939 0.3687473483894597 0
0.7437847015744414 0.06951043376099791 0
0.8578644423107453 0.1111530812021261 0
0.1479349015186643 0.2333198487729231 0
0.9638360577827416 0.1820040139918379 0
0.6263662623877603 0.1099806413198547 0
0.6333065938943292 0.1169954383697881 0
0.6194269391114845 0.1029670831307818 0
0.6819070805610654 0.2638018976087751 0
0.2727430664700961 0.1406549615261795 0
0.6802979250413301 0.1399656933345099 0
0.3540939768330733 0.03951641444639503 0
0.3636843871862203 0.03702646940961185 0
0.1995471980032691 0.2733860312579458 0
0.2091737453279472 0.270873757791293 0
0.3994063921992126 0.2929804097725503 0
0.1452892870129911 0.2429276195130445 0
0.202180986844325 0.2637800772818436 0
0.05196818862446617 0.4191035507649449 0
0.04494788601768024 0.4119878787811537 0
0.4393250719768448 0.3090894817136965 0
0.1505816972010756 0.2237108581747455 0
0.1602255213466278 0.2211971525300774 0
0.1532288046337714 0.2141018389150218 0
0.8463363648751951 0.2840170328654954 0
0.9052770081947941 0.1345336634376931 0
0.8534637610251858 0.1928324937580746 0
0.5906344139182351 0.3048385790407471 0
0.5932430817954295 0.2953390209891315 0
0.5837139047255442 0.2978289465682344 0
0.5863227554763693 0.288331857534343 0
0.576795677254051 0.2908206987404497 0
0.5958484235468611 0.2858418684522594 0
0.5421199190527466 0.3527343297318645 0
0.5490207088609835 0.3597306749230374 0
0.539512772934174 0.3622090651665563 0
0.546412646488916 0.3692052384199418 0
0.5559207398719185 0.3667263874116305 0
0.9147320206451031 0.32874495285117 0
0.9120843684484534 0.3383767309829354 0
0.9050671639179606 0.3312686267352981 0
0.9024195956332224 0.340899033384178 0
0.8954034932613124 0.3337919238888432 0
0.3716369958035513 0.264847867116611 0
0.4524380497459188 0.1643515383120199 0
0.8184346132665512 0.1573466775523184 0
0.8087949916969852 0.1598665682445934 0
0.8017932777693464 0.1527809941422925 0
0.7991573337759439 0.1623859054214904 0
0.1242763488135671 0.2215425113610291 0
0.543034841466518 0.3173034614046039 0
0.5361293879274598 0.3103059563240969 0
0.5456424248677088 0.3078240529023059 0
0.5387360237613598 0.3008265492940798 0
0.5292232248636142 0.3033089319996667 0
0.1819971977366155 0.3047458203561748 0
0.1134337660708319 0.4567487308482447 0
0.814748000265914 0.3971666129499687 0
0.824403485655768 0.3946444838026671 0
0.8173918802343196 0.387543951042441 0
0.8314191159467748 0.4017427474820739 0
0.28637706041704 0.2516277461713546 0
0.9104779707371358 0.213653715122546 0
0.9536022156116983 0.1218937284577881 0
0.7315008606968187 0.3743624613867868 0
0.8849530691863826 0.2739373185646708 0
0.1047989142917554 0.3248804464833892 0
0.6384694239382601 0.1951870104662401 0
0.7945132745568667 0.4381845350307478 0
0.2959713193013201 0.2491261910405363 0
0.2890094570409878 0.2420683823807922 0
0.2986040846609295 0.2395733160375809 0
0.5482504811884692 0.2983430608913082 0
0.8052763857981162 0.1071366073790242 0
0.208044663314656 0.05067340888637134 0
0.2106877427798078 0.04104681968824994 0
0.7064535527566334 0.1419719684169227 0
0.1895959594096612 0.1179683494647691 0
0.634940476980673 0.2402346757621156 0
0.3533136497378303 0.3315462332419593 0
0.4135114235267179 0.2098845585061707 0
0.6336896010185105 0.3736800919936104 0
0.2438896906592352 0.1482319520063183 0
0.241257966681138 0.1578187346121751 0
0.03543484880111147 0.3161665688944609 0
0.04245464330570164 0.3232797927565466 0
0.2342694168622888 0.1507449662805831 0
0.2316359798231996 0.1603363254143446 0
0.2246445467883914 0.1532590802195148 0
0.6775720867485536 0.2471934579198213 0
0.792157593799918 0.1553023193322955 0
0.5934336510004345 0.1009797442857449 0
0.6912614444246998 0.0654544435874731 0
0.69825191548113 0.07251612309115149 0
0.5533114458027953 0.376200319597532 0
0.3247230635125725 0.2416589094751063 0
0.5833663856342653 0.3953740736728985 0
0.9632710205573323 0.1193629384582784 0
0.9562459702806452 0.1122563173413369 0
0.2916420314246665 0.2325103607279252 0
0.7076783500923259 0.4607942539624827 0
0.8779176203502475 0.4611144976621133 0
0.8875878775053052 0.4585878934424547 0
0.194673484152358 0.4525997773536987 0
0.1920257120934366 0.4622193338057387 0
0.2118120083483223 0.2612803269075049 0
0.2048207282576301 0.2541607545923087 0
0.2187999517314186 0.2683634390153653 0
0.1182157133247864 0.1784739312180068 0
0.1850034692250294 0.4551109627122346 0
0.3706338287049852 0.04407710473684695 0
0.04052668139530019 0.0391372964897887 0
0.05020096006684099 0.03661509161792115 0
0.3011835903825762 0.2300764507249335 0
0.9612220835768306 0.3881683860856006 0
0.9585834730474578 0.3978102760412545 0
0.9489127608249313 0.4003345019040717 0
0.955925016009415 0.4074469642040179 0
0.7342533239342555 0.2680325123372413 0
0.0761642017762717 0.135761295753649 0
0.08317686425111009 0.1428759177641277 0
0.05512717819600116 0.1144075344002048 0
0.04811043536826126 0.1072885924078452 0
0.7602944123446504 0.4649674289004241 0
0.7699583701327632 0.4624471928762144 0
0.9639941551928757 0.2801031004746395 0
0.2086440693724492 0.4665453895494681 0
0.03843719416406921 0.1098055272188031 0
0.04109223363998898 0.1001689789051748 0
0.9400399615310944 0.464395298646935 0
0.5902779787826066 0.4025940543378455 0
0.9657096256051667 0.1096677044896914 0
0.9588559610103984 0.1026064923428485 0
0.03325057238246359 0.4236157943874695 0
0.9646098971339088 0.4401466730122711 0
0.3619458098849263 0.4621717231519964 0
0.3523396652501176 0.4647000477436498 0
0.4157306723136527 0.3947857186430488 0
0.1823199344654975 0.4645938745607119 0
0.1753297320763496 0.4576098282223101 0
0.1725463687515779 0.4667143414977262 0
0.1656428386125139 0.4600647084882687 0
0.9647984411212711 0.3425065627443213 0
0.0352215539839914 0.05841559166898919 0
0.2396570107688589 0.03349199223692984 0
0.4090780432722667 0.0959418739753608 0
0.1677083076477662 0.0343895091738313 0
0.1580421524586622 0.03691568095435238 0
0.03653559995403027 0.1818421661553563 0
0.1774884008897905 0.03232315714216399 0
0.03388148083056136 0.1914775972082911 0
0.04089907615380567 0.1985913911194176 0
0.03163137018445089 0.2012245087555316 0
0.1628962697809783 0.4693124483295392 0
0.1559736261008985 0.4625920847328779 0
0.3741390768675208 0.4500799219934351 0
0.3767306635060099 0.440508166303641 0
0.425247542302636 0.3922968715675174 0
0.4396112122885588 0.1145470560012957 0
0.9710175233329033 0.2872153805378305 0
0.5920282120579146 0.05592988377397179 0
0.9655966436491243 0.4049229432123699 0
0.0845026730052279 0.4642729194149984 0
0.373265990758034 0.03454316133802399 0
0.6363137360396413 0.3641651986660109 0
0.6432472675774144 0.3711956552079694 0
0.4015511769933315 0.1245393303476682 0
0.9716198560489193 0.4472757126285694 0
0.9690463247849725 0.4568394991751585 0
0.7245035320801714 0.07456306479291952 0
0.3877111636658773 0.1104939149805735 0
0.1107150519184424 0.4661167961495521 0
0.1203416836552277 0.4637881116403574 0
0.3875084575230106 0.208206499591486 0
0.3806285533835412 0.2011485920142173 0
0.9470622145323206 0.4715118348896031 0
0.441461295450844 0.1403496454965648 0
0.4509631964679552 0.1378905933152214 0
0.4535706590744821 0.1283940377103641 0
0.4604769453715934 0.1353836008990448 0
0.463211497552935 0.1264102064612105 0
0.4700050512951094 0.1329786434866462 0
0.4734098096148815 0.1234375248539635 0
0.4797275401352106 0.13080841872696 0
0.4769298719836385 0.1399621480859058 0
0.486436213083994 0.137477299657016 0
0.4317501697392435 0.1430102346067145 0
0.562820484557683 0.3737227279210825 0
0.5839138412657437 0.1034745320921004 0
0.5813133530179836 0.1129638840213782 0
0.5318291830709876 0.2938298190084093 0
0.5223172845354858 0.2963127767932375 0
0.763085447106534 0.06446914418339067 0
0.4278517600702109 0.3828108752598768 0
0.4347611324421606 0.3898093747926671 0
0.6772705258169622 0.05132453282162805 0
0.6702769441059624 0.0442663917424046 0
0.6728930705978198 0.03468171737068876 0
0.6632824156495156 0.03721015464701188 0
0.4124308581749961 0.3425684408277589 0
0.03278433131756303 0.3258025293017858 0
0.0398043996880581 0.3329164418981163 0
0.4411429706152203 0.2378020953932283 0
0.4506672477648581 0.2353085744014437 0
0.4532701440368753 0.2258161191415325 0
0.4601870324576979 0.2328164289682324 0
0.4627902342794585 0.2233282266967369 0
0.4697045203226873 0.2303246985476923 0
0.4723068666205908 0.220840054216625 0
0.479219005639631 0.2278347386130712 0
0.4818206068288112 0.2183522710972447 0
0.48872728882116 0.2253306239083296 0
0.4913316667892669 0.2158623776401218 0
0.4982375532694328 0.2228394226707027 0
0.5008424019539452 0.2133741170526083 0
0.5077581216050698 0.2203902803981957 0
0.5103544508215054 0.210892823869455 0
0.5172705544088259 0.2179104256886993 0
0.5198657527880856 0.2084071036533011 0
0.5267820461003698 0.2154234965590076 0
0.5293775216834347 0.2059190233265456 0
0.5362948385138587 0.2129362998903325 0
0.5388904135088026 0.2034303092158342 0
0.5458033131003078 0.2104258347553335 0
0.5484044245850036 0.200936238412435 0
0.5553191864782877 0.2079333922430423 0
0.5579226148507914 0.1984441216524266 0
0.5648390505916361 0.2054438168347832 0
0.5674432569814313 0.1959522650598579 0
0.5743623184895945 0.2029544121044274 0
0.5769670353969961 0.1934601393333877 0
0.1608519520426842 0.3816606604741749 0
0.1511986294246565 0.3841798916541482 0
0.1441906588541871 0.3770788064730695 0
0.1415441298037491 0.3866998408262297 0
0.1345339644830477 0.3795964870553296 0
0.1318874199842633 0.3892202232041437 0
0.1248780614754813 0.3821145500219201 0
0.1275236980779069 0.3724918018876616 0
0.1178670993074147 0.3750097653217412 0
0.1205129504987223 0.3653868650556426 0
0.5794034353436741 0.2813255579660376 0
0.5698788831613613 0.2838132294770677 0
0.236209375640531 0.3350712558664672 0
0.2432045110239675 0.3421440400154023 0
0.2528155361749527 0.3396241446276797 0
0.6715218049992854 0.2044281485894465 0
0.2989250575929556 0.1426575555585773 0
0.3058919838329586 0.1497058198535881 0
0.9649062811943869 0.2441414993655206 0
0.4055059014340614 0.3355487550951384 0
0.6619441609218397 0.2069314849996299 0
0.8482101356133758 0.1136776785120786 0
0.8411897432522768 0.1066108725575272 0
0.82715061967665 0.1908588322777269 0
0.5369058810414842 0.3716825451692575 0
0.3259766869470941 0.1089956509325516 0
0.3355543004778797 0.1065068632910798 0
0.850822295169142 0.2024535868751777 0
0.7815485097899249 0.1934320172437598 0
0.7789135056468406 0.2030248069777012 0
0.902636158466908 0.1441782899473641 0
0.8956165032519863 0.1370629028147274 0
0.7272731345843289 0.2609636904977635 0
0.7411255311138694 0.3718489897706934 0
0.7139604111850755 0.4056476998838323 0
0.7042986922817631 0.4082037462614921 0
0.697354983004554 0.401074572170584 0
0.165349560569018 0.300140067788733 0
0.7029190522621104 0.1872828072479732 0
0.8569080430208327 0.2455296338241429 0
0.829779217293156 0.08275301177932393 0
0.8675209642853738 0.108628674012833 0
0.864879923522192 0.1182528452298864 0
0.7884237453021299 0.3951289166769211 0
0.1059087129469201 0.1906013845850052 0
0.7481224122374307 0.3789193630816234 0
0.2517790244185477 0.1194958806237916 0
0.8770169321921792 0.3027977790760515 0
0.8743620610894358 0.3124291711695362 0
0.05460759492502754 0.4094762218678787 0
0.04758741840608371 0.4023602555323518 0
0.03791524937504248 0.4048841125116883 0
0.04056394843914057 0.3952472912700246 0
0.2456963720278598 0.07655197627766741 0
0.2553331778692094 0.07403687433911663 0
0.05023531535636871 0.3927238707540906 0
0.04321344711725944 0.3856098404375412 0
0.9279671695812435 0.2805814887137731 0
0.4531554744504296 0.3231155599089719 0
0.4557421075004095 0.3135682491075164 0
0.0659940491349848 0.4333257408400438 0
0.921866641098853 0.2374927742006944 0
0.9587997927558907 0.2010246771673953 0
0.9684691621829482 0.1984984428574075 0
0.06631203386133433 0.2366511914259933 0
0.7255611346416434 0.2347083990880585 0
0.9455685526545163 0.2491924697838985 0
0.8947147799082895 0.1731144949445795 0
0.201874103029277 0.1058355799818737 0
0.7456980614032824 0.1938875609384823 0
0.1108606982575301 0.3679080697447448 0
0.1135090949407651 0.3582841944085404 0
0.7708451216940894 0.4264946452406183 0
0.769290983609457 0.2055414193188427 0
0.7762785695696592 0.2126185152477525 0
0.2010274770760773 0.04357097771788315 0
0.2036758978505516 0.03394159362363319 0
0.06973808750585903 0.2893404015222377 0
0.07940216448966952 0.2868214225359312 0
0.03831754234604273 0.2082382671294067 0
0.9525893684645743 0.2562920578708818 0
0.3453494543148487 0.4576404248067044 0
0.3427239749379086 0.4672281261037893 0
0.5838830213818079 0.2004702637692219 0
0.5864815611789931 0.1909856123091688 0
0.0504091992591596 0.2943877078587884 0
0.7848569195011368 0.4407018710166906 0
0.7918714537596458 0.4478061141866444 0
0.198666886686907 0.407653155757179 0
0.2056783364176517 0.414750722220373 0
0.2693015388179758 0.08821711759754255 0
0.02819949484310608 0.0512988714238356 0
0.2727892620858005 0.04278806054303227 0
0.2754329266637129 0.03317534695911889 0
0.2701627812143916 0.0523896795857014 0
0.78415352733832 0.1838906640128694 0
0.9674479934013323 0.3328688353828688 0
0.7506292759941959 0.4674866169355493 0
0.1277967774072336 0.1760306562599867 0
0.8436929150235284 0.2936346192422048 0
0.8366864823130811 0.2865371887820838 0
0.8577041842303679 0.3078335171784103 0
0.9657415355598049 0.306445699104213 0
0.9208202748389986 0.3718729145560391 0
0.9138016932162067 0.3647615650571344 0
0.2662931036228113 0.2923520140269624 0
0.2732733101791111 0.2994093024700855 0
0.2828336441097483 0.2969449269166727 0
0.2802109714890794 0.3065085718441896 0
0.2898069803384738 0.3040078918731871 0
0.287178440390246 0.3135764849081849 0
0.2967746944874469 0.3110638470598626 0
0.2941498048062063 0.3206375555554361 0
0.3037506422632357 0.3181312762349399 0
0.2845478368603469 0.3231478371329571 0
0.3063666031241864 0.3085507468726793 0
0.3133432279049767 0.3156193314112767 0
0.3159729261784282 0.3060617077334176 0
0.3229356748246587 0.3131140650684257 0
0.3255606853981722 0.3035545697565795 0
0.3325230724671155 0.3106102616956249 0
0.3351469881918072 0.3010523660913031 0
0.3298987173563284 0.3201629003960965 0
0.3107192585285989 0.3251850835352482 0
0.2915222645949646 0.3302105940942104 0
0.2819517291507657 0.3326863904734448 0
0.2133340768670698 0.03141899236412213 0
0.2220882508634847 0.1627767525354475 0
0.2150618133603186 0.1557360252094397 0
0.2289420030203614 0.1698975593509823 0
0.3342996434638594 0.2391638982944407 0
0.370121713526057 0.2392826905416403 0
0.3796849241101867 0.2368364853669551 0
0.3603872162600825 0.2415259206669061 0
0.1939620403810445 0.1346607468501458 0
0.8927561082888236 0.3434222887251214 0
0.8857316307895529 0.3363119471221484 0
0.1628718761463379 0.2115900132596788 0
0.1558738940790942 0.204492854964484 0
0.2030502268406507 0.4243583536971912 0
0.5602109507785008 0.3831964305847336 0
0.5507044630700508 0.3856736810148707 0
0.1421989067818958 0.09468806783359646 0
0.135181303941094 0.08758707579194958 0
0.1378217664472293 0.07795976248405398 0
0.1281618833489347 0.08048513684776934 0
0.1308043386181787 0.07085442642050691 0
0.1493745657214322 0.101566394109718 0
0.1211415369837452 0.07338131316750371 0
0.1237830531799972 0.06374951865394662 0
0.1141198072897563 0.06627628476339642 0
0.1167617167177701 0.0566420481496458 0
0.1264263911375542 0.05411507156157366 0
0.119405916609211 0.04700600919231501 0
0.1097379604989024 0.04953433235611671 0
0.1290173035769294 0.04429289869337583 0
0.1125169332614068 0.04041044345745859 0
0.1027362298751749 0.04251076530739081 0
0.6888663366860664 0.270853093940558 0
0.6792811461607122 0.2733529978657264 0
0.6984536324062275 0.2683524298399668 0
0.8270468851144452 0.3850215641533205 0
0.8200356355562783 0.377921716182521 0
0.962981702750455 0.4144231291284682 0
0.1000729589493859 0.05207784996029002 0
0.09304854743713381 0.0449710761880327 0
0.09569326755251889 0.03533203833301968 0
0.08601846074309472 0.03784470223988723 0
0.8621437174715849 0.4205186539800006 0
0.8551245158460892 0.4134118143203151 0
0.8832104401044756 0.44184015228119 0
0.7246406731580173 0.2705399140733482 0
0.1606867715629951 0.02727980048474227 0
0.1510963681434831 0.03010543077148836 0
0.2850700998341344 0.03067335209552399 0
0.8849408933258183 0.4682264982494304 0
0.8946122540355912 0.4656994416586735 0
0.8972589597949963 0.4560604113190542 0
0.9042838997363949 0.4631720982569373 0
0.03089085609140019 0.3977714315820208 0
0.5743966651072854 0.1059670466009602 0
0.571795982124425 0.1154522238558792 0
0.5648835131807161 0.1084587952562073 0
0.5622832475938706 0.1179405418250034 0
0.5806465431067338 0.4046022719021118 0
0.7576442603583344 0.4745983963364349 0
0.03028928697922184 0.2370871599330072 0
0.9680716395847797 0.0999502694509205 0
0.9614478204606685 0.09295040536683888 0
0.9518450315337492 0.09550238839029823 0
0.9544909511859803 0.08585961188701985 0
0.9641622610814953 0.08332927584227845 0
0.9571472144709259 0.07622228948846421 0
0.9474783636791064 0.07875280501871226 0
0.9501248162744846 0.06911335120789203 0
0.9404548875308181 0.07164374597043249 0
0.9430990896052749 0.06200357073391735 0
0.9527703825567537 0.05947317087572077 0
0.9457434772195625 0.05236302809855559 0
0.9360722726561486 0.05489370952265354 0
0.9554151062563445 0.04983234198316835 0
0.9387156805435668 0.04525271879051163 0
0.929045015768311 0.04778393053893534 0
0.9264013595800604 0.05742467329714102 0
0.9193739325266153 0.050314839724174 0
0.9220165499263975 0.0406740504593813 0
0.9123471066610229 0.04320537937673258 0
0.9624423657381964 0.05694272900448091 0
0.9650423199689138 0.0472889566446508 0
0.9580518332156234 0.04018821658325039 0
0.9097028555515145 0.05284513462172835 0
0.9026767640471647 0.04573626615056567 0
0.9053351511633336 0.03615503505423234 0
0.8956528125744099 0.03863758526176747 0
0.893007754011524 0.04826871965500956 0
0.8859816110887477 0.04116135470318588 0
0.9378112999485488 0.08128322498105009 0
0.9676782624438311 0.03764437073370894 0
0.8886238850767914 0.03152134634655446 0
0.8789540725941687 0.03405214644052346 0
0.03200231782501167 0.2634708316443238 0
0.03400883829037032 0.1298139483339702 0
0.3956828031720568 0.08183460782228477 0
0.3567283328241918 0.02996065665722128 0
0.3471255822953765 0.03245492917750734 0
0.03013331037407957 0.3354393624543607 0
0.03715401361699827 0.3425536809032137 0
0.02748227195073777 0.345076781777772 0
0.0345014249934919 0.3521837004150258 0
0.02920317384031207 0.2109469488397523 0
0.2492908437753292 0.03103312595994334 0
0.6787895364257104 0.4682775509876917 0
0.6694016412868158 0.4712331570509517 0
0.6622285734100474 0.4637711262249028 0
0.9676507070244532 0.1361107373782571 0
0.9650046139199056 0.1457471131041705 0
0.02934974105151683 0.2731063096744594 0
0.2424063070861235 0.024262692174947 0
0.9746685715005994 0.340466298381319 0
0.9718208715114574 0.3496215407732279 0
0.0317455868147572 0.1026637299664056 0
0.03412964569095606 0.09304533206149723 0
0.8752702026246391 0.4707527969240427 0
0.960693336367495 0.03054489950462058 0
0.9703659920095811 0.02801349664276126 0
0.3837705021947939 0.4476358782089466 0
0.3863114641745918 0.4380393249591644 0
0.5865132578318186 0.09398421732401382 0
0.5960297865607549 0.09148800090220097 0
0.04336322376837976 0.02954805684049633 0
0.0335045591073006 0.03201993057299746 0
0.6658958414543761 0.02762459864633821 0
0.6562871362165505 0.03015749500055162 0
0.9733531786711194 0.05527805886108222 0
0.05291497531951694 0.02709848038343129 0
0.4889892427504572 0.1279263718171918 0
0.4958985222452168 0.1349269287003416 0
0.02841487041002949 0.3090526632431311 0
0.03106692676893241 0.2994158789905988 0
0.6921522913363591 0.02816921495304037 0
0.7017444424193167 0.02707611992225289 0
0.5738600994571732 0.3976520642188909 0
0.4837888004626518 0.1468695080820127 0
0.4577883651797345 0.1450746455216309 0
0.6676646326008454 0.05384570774907821 0
0.4982242059448304 0.125284536194181 0
0.505358015288651 0.1325213167237524 0
0.3812046379684052 0.4575179157041537 0
0.0213961348431923 0.3019446550027922 0
0.688643054388716 0.07503726883793566 0
0.4327840231168699 0.1073161175361741 0
0.6289725020615289 0.1004637203165209 0
0.6220389330307386 0.09342353337828299 0
0.2214373026137051 0.2587741950029845 0
0.5553736245498738 0.1109489647172972 0
0.5527738380316951 0.1204285956320107 0
0.1534624181532212 0.4720983079787686 0
0.1464772690328854 0.4650307711915416 0
0.5622336524100496 0.2149340079038386 0
0.4193468125371169 0.3495850096004844 0
0.08583060161073958 0.133246688178595 0
0.6459132606270401 0.3616351249009549 0
0.6528589721605426 0.3686665325224058 0
0.6389461830185074 0.3546557310182581 0
0.8149302978013999 0.1046660653067248 0
0.8104823019198484 0.08783573367137371 0
0.4028936775723265 0.345061255209511 0
0.2501831513059394 0.3492204857800627 0
0.2598038594175776 0.346701597824095 0
0.3944512566747386 0.2152949878798585 0
0.4316802297769976 0.2404123245254162 0
0.8385504150536174 0.1162604364064224 0
0.4444793990704171 0.2899731090705348 0
0.1388988696020199 0.3963237955106916 0
0.8157972227638806 0.1669547388127537 0
0.5724663066281525 0.2743076510764275 0
0.5628974957281551 0.2767351979627324 0
0.5820085134301215 0.2718289829850319 0
0.1292401912036402 0.398845181410264 0
0.7341404664143025 0.3647549073182752 0
0.5051167687847663 0.229886654655884 0
0.1382878778584707 0.2358181149248928 0
0.4861154014816899 0.2348625619355048 0
0.5241597623933779 0.2249813372936072 0
0.892975042023664 0.1467072817829668 0
0.8859581151381749 0.1395919838624481 0
0.8973537795882038 0.163478931525379 0
0.4671039823031818 0.2398124143161007 0
0.5431741015687293 0.220018352638096 0
0.3185880582661733 0.2964885970524788 0
0.5787087579902213 0.1224515213261972 0
0.191621023662628 0.4005275740185958 0
0.1582078663496483 0.3912800233597067 0
0.1678614586329037 0.3887604344766828 0
0.5700448096165956 0.1864605805360254 0
0.2919550875119289 0.1356095654913596 0
0.4480663279566009 0.2448037532372877 0
0.4749101142525805 0.2113575388369044 0
0.4939338729924785 0.2063843301248285 0
0.8833395593091127 0.05079894644645516 0
0.2325308934710748 0.1245548232718515 0
0.1925475880276719 0.2662924157537667 0
0.5129549997939233 0.2014110144218129 0
0.4558733601492621 0.216323226916464 0
0.7148717023232374 0.0770780921590028 0
0.7218787127954027 0.08419885176027903 0
0.7122417680627161 0.08670972282790915 0
0.3887786734996653 0.07477692815193082 0
0.5596829015700691 0.1274208345857017 0
0.5501732103491116 0.1299079630491251 0
0.5433889143763743 0.1233886067622793 0
0.5406854845495316 0.1324728604959292 0
0.5339058345500263 0.1259685147222894 0
0.5311842599628197 0.1349957340811975 0
0.5741855586961213 0.3003253443988563 0
0.406209399291834 0.3972754352489326 0
0.4131265551893701 0.4042759453198119 0
0.610722041874401 0.1670568011226695 0
0.3811392402157382 0.3596322112108092 0
0.8883861052265334 0.326685979588336 0
0.8787265647817475 0.3292083481867105 0
0.5319770555409405 0.1964329392005447 0
0.6103215055615619 0.3621299258959633 0
0.612909580516389 0.3526103783166901 0
0.6033691744475721 0.3550962667031699 0
0.6201460238745602 0.2618240746856061 0
0.3424915425403625 0.1135719093857803 0
0.05288459947233515 0.3830861056153346 0
0.04587108346855417 0.3759748294476 0
0.03626833508023891 0.3785228137316293 0
0.2552421588388556 0.427815847230883 0
0.2482346472146012 0.4207239854242625 0
0.2578779764440695 0.4182013128043775 0
0.8745356053338187 0.1157284069816335 0
0.871897678279808 0.1253568723139959 0
0.530006883724773 0.3646882939563477 0
0.5274006852453237 0.3741587341821138 0
0.7314816441282388 0.0816422607438968 0
0.5205026851377921 0.367167146383047 0
0.5178970263216409 0.376635823596164 0
0.5109998822213254 0.3696452719631722 0
0.8034612587327059 0.08071063638077697 0
0.462673753279021 0.3206260539813366 0
0.4652803503021566 0.31113135678821 0
0.4721978255194029 0.3181561283454569 0
0.4748061079123155 0.3086695048735153 0
0.467902135714091 0.3016714566430881 0
0.4774184323202345 0.2991923996403323 0
0.4843224650527541 0.3061925467493781 0
0.4869329107138908 0.2967147570896763 0
0.493830060407796 0.3037126714848196 0
0.4964254530384157 0.2942272862115923 0
0.3918428330878281 0.224821285048756 0
0.8885913105290979 0.1299541976898128 0
0.1390529758632061 0.2980686914320508 0
0.2625144220315752 0.33718246761419 0
0.1781813497742002 0.09420819408292808 0
0.6753685756089963 0.4158617818631664 0
0.1356444011758545 0.2454358358644968 0
0.1698686529337819 0.2186844584034404 0
0.2449619685262424 0.3685659663180054 0
0.08052265968577765 0.1525053955857911 0
0.09018800480601158 0.1499895208397952 0
0.08753466228360246 0.1596173879382117 0
0.09719827327159464 0.1571022143110814 0
0.09454438414772948 0.1667308917077793 0
0.1042074094188774 0.1642212724709194 0
0.1068614324242511 0.154588176192706 0
0.909654519709558 0.1512847193805152 0
0.8997699550993161 0.3505352367741927 0
0.1373423874386732 0.2717443504971109 0
0.04417391360602158 0.3496633589515009 0
0.8735716794406916 0.2501099651491923 0
0.8989799360151474 0.2881546310848992 0
0.8648397824817537 0.2166515135422572 0
0.8621976240829921 0.2262740516896607 0
0.8551883766952524 0.2191747909572923 0
0.2047088237862385 0.3523615882572241 0
0.1977115143728899 0.3452713472004499 0
0.2073490882249888 0.3427556925232932 0
0.2003527634454657 0.3356666739764584 0
0.9227817938616609 0.2014980389061132 0
0.5197170132087187 0.305792699967842 0
0.7412949883499332 0.2748817923392545 0
0.08641535137661294 0.2939299707910031 0
0.930786118345599 0.07417454964822601 0
0.2385884558429844 0.4232454353995676 0
0.08269840057517974 0.4379361510311879 0
0.06214064833248384 0.1215256947838481 0
0.06479323355475558 0.1118898394004851 0
0.3154723878328687 0.1471936139477983 0
0.4031291776234576 0.1507775620396268 0
0.4126224527050045 0.1482815187834652 0
0.4195336515108096 0.1551975191134824 0
0.06163104458636931 0.4165882306440417 0
0.19071521697688 0.338181183793971 0
0.1933571998569037 0.3285773643624762 0
0.1837185001176617 0.3310913581565378 0
0.05987622312346552 0.03409316027570589 0
0.9278392931465549 0.3789847402017304 0
0.9510291793375616 0.03307857794902247 0
0.953672985879523 0.02343568320850942 0
0.9440016787500041 0.02596756031365693 0
0.6373799187932134 0.3281269688999882 0
0.04963179409698121 0.2320552952094715 0
0.8761880775150181 0.4347299199602838 0
0.9567366055327032 0.4689878398777738 0
0.9668205556157023 0.07369257570470727 0
0.973847997280382 0.08080332325339046 0
0.0284006763078482 0.407252344353989 0
0.02727608337637799 0.1127256249383943 0
0.1010061354259716 0.4684973694979273 0
0.9500456524813992 0.1675396789040872 0
0.0391902040564206 0.1722081170296356 0
0.02951787116774651 0.1747257134724138 0
0.8806805054777485 0.158881869158152 0
0.5510057147802291 0.1914466534341649 0
0.7279164046187593 0.4198435124202358 0
0.9016539343628063 0.4727953849162182 0
0.9110186841843364 0.4701846444200813 0
0.1755478984927538 0.1038259214328112 0
0.1658889900001085 0.1063554358831038 0
0.1729016938349365 0.1134514219024104 0
0.8894325843039093 0.1923601684942996 0
0.6087433216619895 0.3356272744612727 0
0.851557621923871 0.4590536465739417 0
0.8585789466498714 0.4661654439854555 0
0.8489092010975514 0.4686912099127995 0
0.7683783892880496 0.2413860517680773 0
0.1510351014427383 0.1265605843721617 0
0.02763621685338996 0.2467226235315257 0
0.8964466817752228 0.1994592188024683 0
0.44202832118905 0.2023023644545087 0
0.3120819966652756 0.09485579680897582 0
0.474264374950465 0.149505429716873 0
0.8315113015113753 0.2075553233250085 0
0.9429168340920721 0.258816793277601 0
0.8454606781335838 0.4159378256532798 0
0.8481064679459491 0.4063069540513246 0
0.03217355628116708 0.165091361664604 0
0.8990886762033865 0.1898358987400566 0
0.5654318214702116 0.3642486382445224 0
0.572334557035404 0.3712463649693031 0
0.8796613025956423 0.2931796725683908 0
0.1496413747770476 0.259626493410898 0
0.6225105797536185 0.350080211656995 0
0.734353531251895 0.1702012258810605 0
0.2544265147303396 0.4636846230147553 0
0.2611866266773804 0.4710342917720144 0
0.2513076473491087 0.4731862513664901 0
0.2709803208791397 0.4683649070769295 0
0.2681573070839982 0.4781787587897964 0
0.4298014558967072 0.3115839750733967 0
0.2820478410485556 0.2350080096018347 0
0.2846800368845394 0.2254483842777468 0
0.9658221866706682 0.2081347539195345 0
0.8840239016423546 0.3099264076614727 0
0.2592885399010181 0.2853201856766377 0
0.5551539260640446 0.3053394757204786 0
0.4036117472292096 0.4067675090955573 0
0.4105245054661236 0.4137676063289966 0
0.4010112925354383 0.4162812366278315 0
0.2326658431295838 0.02644697013484187 0
0.04947378224440724 0.3303910144757451 0
0.8077375457580604 0.3900681346425223 0
0.8271756572838385 0.09245162831509998 0
0.6521787229999428 0.3064492647116038 0
0.4324161826993099 0.3020920168019426 0
0.4228829040702612 0.3045744252894487 0
0.3593545402434132 0.3742263780652249 0
0.2893073280313697 0.1451693875703035 0
0.0890665051087921 0.2843083321811586 0
0.08205423742108026 0.2771979998721952 0
0.1231621314558678 0.3557669617549277 0
0.1161617396340559 0.3486680610749641 0
0.6980406089908396 0.4632964856247018 0
0.7050267951720574 0.4703993809951104 0
0.714663414860129 0.4678981796604741 0
0.5749448262901374 0.3617662820912542 0
0.1082223333132286 0.3775524865310181 0
0.7087496642358795 0.03414681503531933 0
0.3514926531834857 0.4027682657523782 0
0.3419034434197724 0.4052735653146017 0
0.3445258679381288 0.3957143244375473 0
0.3349446652262734 0.3982128587844204 0
0.1483942691102823 0.03949181088972642 0
0.2885224543233748 0.08321852406417118 0
0.630695535671087 0.1265102871894333 0
0.6402496441144508 0.1240142888146528 0
0.1462364094563869 0.2069981955369337 0
0.1488792386182754 0.1973936678787401 0
0.2009680201384 0.1417296050782575 0
0.2750832843721687 0.2279474738631541 0
0.9358991012660742 0.251710356377578 0
0.918188821101297 0.3815123768801142 0
0.1817378700659331 0.04861016468963419 0
0.7176670770577517 0.2634703383668229 0
0.7202958234936971 0.2538825833587887 0
0.63763565786636 0.1335307734062422 0
0.6471931183895574 0.1310416553111632 0
0.64980771920114 0.1215096953005154 0
0.6567576605950348 0.1285401753237156 0
0.6445790186249013 0.1405640623077683 0
0.1413496505998927 0.03233551248923661 0
0.7655811158541976 0.4457165683340237 0
0.1286330200427267 0.2382979242961089 0
0.6501893669504815 0.3782234424514089 0
0.659764173537025 0.3757430148111346 0
0.6571221975294133 0.3852693471428815 0
0.6667463719277793 0.382754269264394 0
0.03637298138585587 0.2802092268039703 0
0.3357345624349206 0.4601617222410759 0
0.3331026597926166 0.469754792603723 0
0.1038653185715002 0.3608222662374613 0
0.7666508611936416 0.2151201819932518 0
0.7736393371966492 0.2221957150448891 0
0.3411962105524595 0.2461947661379791 0
0.7596629445295804 0.2080417525564986 0
0.3261170542935093 0.4626882762442575 0
0.3234763218719968 0.4722853535589556 0
0.203822010261444 0.388293543076051 0
0.3164911663802849 0.4652138840634149 0
0.6640694404453543 0.3923102764536199 0
0.6737050620919548 0.3897979529471035 0
0.217650157401354 0.1461938361093397 0
0.7885469444413332 0.200509006557661 0
0.7832408438504816 0.2197232111909813 0
0.7806517289286645 0.2293637436082739 0
0.8008340193323698 0.0903339052851006 0
0.7938219114787166 0.08323724065995974 0
0.6723328338572931 0.266305726049557 0
0.6697099573966058 0.2758546558823838 0
0.6766562907675346 0.2828986150261665 0
0.6670397921444619 0.2853424197339902 0
0.6740216091280132 0.2924342032065945 0
0.1183309401582468 0.08268411279591079 0
0.6816730401783433 0.06794836349727501 0
0.3394874945149709 0.3176053567785039 0
0.3368622210838288 0.327143995121048 0
0.6956471821438742 0.08207837098517975 0
0.8646784855619416 0.4109951971935578 0
0.7895170218688188 0.1648812513806499 0
0.7965200412550997 0.1719890529225521 0
0.8857446428703619 0.4323141674213518 0
0.7825183785994698 0.157795834435998 0
0.7851574256615694 0.1482162962542828 0
0.7755202047777552 0.1507135453545688 0
0.9068171826705753 0.4536445742705643 0
0.5243268163963973 0.1280171228809278 0
0.5217057372677215 0.1374217797876664 0
0.1974429743053782 0.4431209566589122 0
0.3272730769540803 0.3296950357273999 0
0.3769902047643763 0.2462478490102273 0
0.3866124374992951 0.2438501129407664 0
0.2508837890754841 0.4111306003064271 0
0.6947259929764029 0.4739523206956256 0
0.3935113087893876 0.4455061980270985 0
0.3838978799284213 0.2532565549422409 0
0.3593317390217478 0.4717588845785561 0
0.3689183381949647 0.4692152993181187 0
0.3970379502362673 0.2056023869835921 0
0.9744333341250231 0.1431543089075194 0
0.9719029843217015 0.1525240521173727 0
0.3273071191980034 0.2321594639145299 0
0.441655712917598 0.1048707224680707 0
0.2695173978531211 0.3444066944677983 0
0.2566770535647825 0.2947896718965155 0
0.2496261835847694 0.2876873217831393 0
0.189380995248088 0.4718480981874037 0
0.3438233742437313 0.2367085973403646 0
0.457214445887158 0.1184288738154585 0
0.1614852401721854 0.4802522806295226 0
0.260524903867133 0.4086105138944627 0
0.2675192211353579 0.4156802818363666 0
0.2701619860058124 0.4060905139708005 0
0.2771545577404155 0.4131577272455559 0
0.2797950755595888 0.4035714903833319 0
0.2867855571707166 0.4106354936005947 0
0.2894239216041684 0.401053619822636 0
0.2964118090494763 0.4081142020225608 0
0.2990481758885075 0.3985369714036971 0
0.3060326919063919 0.4055944961103245 0
0.3086672921638265 0.3960218055252497 0
0.3156710870217747 0.403097202229487 0
0.3183430121875241 0.3935890047350571 0
0.277659537244419 0.2184403256915224 0
0.2681075374329887 0.2208926269636232 0
0.2707175887302148 0.2113512809087282 0
0.2611419461855718 0.2138239197991318 0
0.02064031560794322 0.2396985564931178 0
0.3935332305600553 0.2508088150413693 0
0.3961663080753064 0.2413529007002038 0
0.4030934757021083 0.2483304313682639 0
0.9252480255659181 0.3885653552233874 0
0.1684237987542673 0.4505838712517395 0
0.2126159729551782 0.4218318379677024 0
0.2153131444776993 0.4122311761234609 0
0.1491146848734194 0.4556097809407486 0
0.2637821280364329 0.2042509071835637 0
0.2541784100942904 0.2067489636151891 0
0.256811535189735 0.1971799244048839 0
0.2472009565099046 0.1996825673713607 0
0.9576029658867919 0.4331004588062687 0
0.8830942734157528 0.3459424526998665 0
0.2283750896951904 0.2658987038704043 0
0.2257758623667098 0.2754468790346433 0
0.2353480448522555 0.2729844599352828 0
0.2328229170165553 0.2826657708977237 0
0.2498383188169566 0.1901060338620558 0
0.2402639519581914 0.1926760749807184 0
0.2428099348329091 0.1834355055459592 0
0.9463092682725089 0.4099124703418226 0
0.939258102326884 0.402850568356825 0
0.1332533344229029 0.1576232525925327 0
0.1724554265694069 0.209137186803228 0
0.1208247138017723 0.1688922252202449 0
0.1584619425156083 0.1949435606963925 0
0.1515240988064832 0.18778351384862 0
0.1394217754930444 0.4583096414096782 0
0.08866365853061497 0.02820706297047479 0
0.07918346472843302 0.03064139028308432 0
0.277964337593431 0.475352169183734 0
0.1794418145406871 0.216239559368178 0
0.9669242412319516 0.4306994734470549 0
0.07873914355677647 0.1262104074436032 0
0.2063787226433648 0.0243245890536877 0
0.1967953525831267 0.02645381491749338 0
0.1371918402074394 0.4675372769739747 0
0.3801157049168055 0.04167242576968971 0
0.3775609067443427 0.05112367378923871 0
0.3866280380484199 0.04862362267552042 0
0.2193343588454679 0.1720180386766124 0
0.2261075171609767 0.1790860631763821 0
0.6595521304591518 0.4732546339109032 0
0.6525721948326675 0.4662060606687203 0
0.650117462270027 0.475422283580175 0
0.6429793187383605 0.4686362430156752 0
0.6456079692324233 0.4591086759630227 0
0.635975409113569 0.4616204354972596 0
0.6333437306267854 0.4711682659534083 0
0.6268173274452796 0.4642290491490055 0
0.6290960040913247 0.4545938406658478 0
0.6207268865288689 0.4567998192684486 0
0.622632256722661 0.4471814464713617 0
0.631755584539164 0.4449927118860258 0
0.6248309905183919 0.4379468607394803 0
0.6155938331789121 0.440113813980045 0
0.6178991723248352 0.4309029617996375 0
0.6083057093272106 0.4333960655351602 0
0.61091586113076 0.4239302070881455 0
0.6000065030092945 0.4264203854108267 0
0.6039647270327835 0.4169477178744154 0
0.624289304674688 0.4738061826403097 0
0.7151177942230915 0.2729579775460197 0
0.02684532153838892 0.2827652317462612 0
0.04374971370619807 0.09053218765801055 0
0.03673272260662624 0.08341206665333697 0
0.1911387549690784 0.1439738227119167 0
0.198209802163783 0.1509063538049714 0
0.02510358415802966 0.3547886044502018 0
0.02475154675925123 0.09587627502443985 0
0.117662039494431 0.4736468103836922 0
0.8296900176205211 0.3753995070650405 0
0.8226789345100849 0.3682994425238519 0
0.8130260741069433 0.3708217299569541 0
0.8156686359013274 0.3612016022757277 0
0.1394651178174907 0.1038364838218126 0
0.8787004806908716 0.4252262306625546 0
0.8997711723072612 0.4465535311501446 0
0.08337421282614971 0.04748465908924809 0
0.3957288194857327 0.4355734144227192 0
0.3889228420809019 0.4285313715117519 0
0.3137963645453713 0.4746329884851151 0
0.3068329520176119 0.4677328053011707 0
0.973489282353144 0.2775281098056341 0
0.9666131191744296 0.2704603358902964 0
0.9761030897303273 0.2678800564013052 0
0.3823837441919476 0.03260299693285382 0
0.3758847435209073 0.02526908350185575 0
0.5080864136230822 0.3797279391014659 0
0.5016103022198989 0.3724197140410191 0
0.9726823505355189 0.4119571480486992 0
0.1842668392315723 0.1366452660824772 0
0.9731544101615934 0.1168104650654155 0
0.09797119052288228 0.0260376702850201 0
0.9373338047641995 0.473829811314739 0
0.930364382727999 0.4669186088414229 0
0.9262041039545659 0.4770382092578717 0
0.836702073070976 0.3824997411517947 0
0.9754305470160742 0.2053689737208811 0
0.9732397630683591 0.2145704920823864 0
0.9822959111899152 0.1508492301331782 0
0.5876579854126377 0.4120715122933871 0
0.6758929501170499 0.02560324915790202 0
0.5079064576951515 0.1234141123889153 0
0.02578790958863791 0.06100506375733161 0
0.9751468465505593 0.4024718723223637 0
0.02278097955941094 0.2661153955708482 0
0.5026871704400856 0.1420679192120971 0
0.6694438379969661 0.3730422773281598 0
0.4455281875440324 0.1573552179968662 0
0.2749763001671633 0.3254746162933312 0
0.3754407916000347 0.1226844198427615 0
0.3685129784317845 0.1156615156283121 0
0.3823660251340161 0.1297070388103095 0
0.4057342430450509 0.1412829157080755 0
0.4057153299168339 0.2388640023232675 0
0.4126066577385655 0.2458721464441475 0
0.02359767329467888 0.2296356351300088 0
0.01871836731527898 0.05377129554662846 0
0.4374094784367469 0.3802848395346616 0
0.4443220845388481 0.387274266570478 0
0.4304595268167831 0.3733295451803136 0
0.4416114873798322 0.3972620345660158 0
0.5249231940513512 0.2867925263979942 0
0.5344551273703684 0.2843096946505823 0
0.5154163519390011 0.2893056810481086 0
0.2778727788437009 0.02376417140593351 0
0.2684250667059491 0.02607578179451281 0
0.5344772591045764 0.3809548167897639 0
0.4895054211276619 0.2871848968352559 0
0.3451194500026388 0.1040433614668782 0
0.3381878545103902 0.09697212539767394 0
0.6343421386878392 0.4354806349302659 0
0.6850115231382181 0.413323752262037 0
0.6919655247018228 0.4203865773672482 0
0.3128483960322918 0.1567740571190383 0
0.3032532623575252 0.1592738073972897 0
0.322464708154253 0.1542557332133269 0
0.7902683857488206 0.2269299326301787 0
0.7876611762754797 0.2365697985125233 0
0.451392032050365 0.2969689790419467 0
0.5812815846359698 0.2099621891181261 0
0.5907997924049622 0.2074833773381389 0
0.8008554876740337 0.1887616032364398 0
0.8455796643223024 0.1233366208631406 0
0.3844198492064279 0.05814792813562786 0
0.3930206009924908 0.0556877265798425 0
0.6645647825962082 0.197370575995324 0
0.6741445575245614 0.1948286937423906 0
0.1362562617942406 0.4059474540506889 0
0.5818237671196906 0.368760520302549 0
0.5844046375282449 0.3593010089745018 0
0.1863604050161504 0.3214865504947622 0
0.1767219670867651 0.3240000545974225 0
0.2405848079898463 0.3517939167235499 0
0.3723650736959197 0.4238889322330395 0
0.303404886539944 0.4151824807671187 0
0.3959655133952938 0.3380373739006336 0
0.3985818894613324 0.3285301438724149 0
0.3933513003271901 0.3475463658189824 0
0.7437741884880396 0.3622136259648348 0
0.2099831585639776 0.3331322386828436 0
0.2169826926216972 0.3402363510870691 0
0.8622407832541343 0.1278752288413512 0
0.8692703783204754 0.1349942752432455 0
0.6549873229312456 0.1998568247025705 0
0.6523789445169648 0.2094358492711876 0
0.7604071090739564 0.366772046748809 0
0.6790404894199594 0.0775556921828954 0
0.8903695475012474 0.05791425335472286 0
0.6537057882790889 0.03971125741315862 0
0.6467214651314858 0.03265295500048887 0
0.673238187654551 0.2305743430696268 0
0.6636588539942599 0.2330674827947525 0
0.6567065240378973 0.2260247139474314 0
0.654034830291088 0.2354932902462892 0
0.6609716679964445 0.2425290395228716 0
0.6470838353729522 0.22844856563459 0
0.6578943536495953 0.4470050750762743 0
0.5577619535336749 0.2958462293194973 0
0.5508350800833083 0.2888201847869081 0
0.4912257492821462 0.3131915985559378 0
0.5007265216997567 0.3107280034850424 0
0.1015555059159368 0.1738485304045751 0
0.8525417014996202 0.2288021212507841 0
0.71127514783234 0.4152910019950918 0
0.8367962227038181 0.08985176320492036 0
0.7781584733601656 0.1411350794893378 0
0.7685289570510956 0.1436554776134566 0
0.1339375290516513 0.2190603666409092 0
0.05991025901036456 0.3902036251260262 0
0.8692057020828778 0.2333790232394494 0
0.4600656620288328 0.3301257045721171 0
0.4360289646031065 0.1597048209956751 0
0.8394386306364829 0.08022543741181284 0
0.839328188510174 0.2769177892987792 0
0.8296801678884225 0.2794384736821773 0
0.8270381959082905 0.2890553260524837 0
0.8200342746766273 0.2819605357618733 0
0.8226742266328155 0.2723454634114457 0
0.8130319920706396 0.2748672870993752 0
0.8156718774610955 0.265257338011776 0
0.8060313768659768 0.2677756572806037 0
0.8086713254492797 0.2581686379893995 0
0.7990758593241156 0.2606433190369765 0
0.8016790817394721 0.2510739279802462 0
0.7920855195900784 0.2535481719526987 0
0.1852105788253796 0.1012885721340608 0
0.3177674962756232 0.2346168851800766 0
0.3203967955754619 0.2251143065192636 0
0.806012037718745 0.363732440749699 0
0.8086600626040525 0.3541056009461087 0
0.2483375652577953 0.06694740132116303 0
0.9281444189206376 0.08381651850271271 0
0.921118255283593 0.07670561278633653 0
0.9351711493887223 0.09092864081148599 0
0.9164514392404388 0.3551249362183929 0
0.9077139062195523 0.3216359399160716 0
0.8771820909125445 0.1061055076401847 0
0.8254441762161893 0.1644573611063829 0
0.8228059773395777 0.1740717902839494 0
0.7647682748313793 0.3834673043713043 0
0.2950461795390459 0.2848571866354165 0
0.3020103972287917 0.2919087082283672 0
0.08923664921997371 0.1859962775575489 0
0.05758525478542975 0.2031808623746837 0
0.05493416427657821 0.2128103953898828 0
0.1256531715958935 0.4445466006561562 0
0.09607679369247529 0.2914168917398512 0
0.9369126743405451 0.117319324986575 0
0.9395560445145548 0.1076834186083864 0
0.7245127385478611 0.367284928728691 0
0.7271852652168936 0.3577373303587048 0
0.9446547090636479 0.2851567005807171 0
0.9061038111965936 0.1969346137734417 0
0.95269004208138 0.1579056731620515 0
0.9597127209872556 0.1650132434316942 0
0.9595516417245378 0.3617940599454904 0
0.9666765892124372 0.3688279575349543 0
0.3055621879269403 0.2466387264461737 0
0.9534022911675692 0.3186491486958821 0
0.06428216274112908 0.406954459876336 0
0.9561524952066225 0.2106598804500299 0
0.843814423615978 0.19535549942055 0
0.8464433975445991 0.1857708575593208 0
0.9043724970772815 0.1705935723836123 0
0.3323049662541984 0.4077463253714783 0
0.80152770164413 0.445288758643353 0
0.7988809698400381 0.4549177057690023 0
0.78922755426446 0.4574269985205334 0
0.7962351775782484 0.4645475696737793 0
0.8058939405633572 0.46202561830908 0
0.7865789549471207 0.4670537218575305 0
0.7935873635936401 0.4741804644273338 0
0.1501176476224778 0.06580959845230927 0
0.1431035673371269 0.0587027236222003 0
0.05554041635415963 0.3734542270642455 0
0.6124899437448664 0.09596364775237917 0
0.615079042566909 0.08642093521917407 0
0.0619499759758349 0.2199213053585886 0
0.3589686817161136 0.1181504697245344 0
0.3615872463153381 0.1086345102126672 0
0.2387008118601521 0.06945863239191297 0
0.197493360893054 0.08914894928171282 0
0.4091416785409423 0.1932887354965892 0
0.5712438838838869 0.4075360897603387 0
0.1983840318450703 0.05319978303220138 0
0.7838394385946291 0.4763446611110917 0
0.2585132811299712 0.2233748878193628 0
0.04261602444561413 0.2249377217042016 0
0.947294150157413 0.2755265273055654 0
0.3383683002463173 0.4505783913313124 0
0.9692635295897727 0.2608160027626559 0
0.9789340566629172 0.2582127411162933 0
0.9539803083680283 0.4782267433375917 0
0.9632198825762317 0.4758074476073851 0
0.2369048174561414 0.1411595362840972 0
0.04853003660061722 0.3663514517458131 0
0.03185288106270751 0.3618298378365261 0
0.559014486832529 0.1014519157095892 0
0.8219811519788991 0.1118195595994076 0
0.7658623908404507 0.1531850359503281 0
0.7588988954720886 0.1461673393559175 0
0.761532265299491 0.1365744808125407 0
0.751908431099906 0.1391004898703517 0
0.749275790294889 0.1486858102207228 0
0.7422870821760037 0.1416215473458682 0
0.739655363672597 0.1512021777671081 0
0.7326694779589796 0.1441411190383028 0
0.7300058310252319 0.1536669638904687 0
0.7230260912357527 0.1466060163524999 0
0.9788587514577836 0.1964241932074663 0
0.2631574535262589 0.04530475182908811 0
0.2579785603326958 0.06443156300368011 0
0.2649676730791601 0.07153121901826059 0
0.6710170491153075 0.3993701412437687 0
0.6806501570581347 0.3968397607402958 0
0.3375636895340489 0.3886604519991633 0
0.3471656976640413 0.3861885061458618 0
0.6836062102853492 0.2899453996470302 0
0.6809202841610108 0.2994742673387362 0
0.6713009456894824 0.3018601457329083 0
0.6782334801256007 0.3088866825467838 0
0.6878560812668645 0.306332438110594 0
0.6851795775900507 0.3159004287461878 0
0.8816272480815932 0.02453062635807809 0
0.8719625639847439 0.02708253776563901 0
0.8692949962223848 0.03660790382260104 0
0.8622640622467408 0.02950263307211229 0
0.4014138536023482 0.2222474997938214 0
0.398090500269445 0.07253491772548876 0
0.4045216675222992 0.07974320557801118 0
0.2706363411963554 0.3088303390456852 0
0.7114663881882995 0.02486946270445595 0
0.7184008525696709 0.03167028922325194 0
0.7207484428911938 0.02280893411578844 0
0.7279872998707319 0.0292248884010585 0
0.72970704554731 0.01826786894352772 0
0.7375886066786049 0.02656460608490879 0
0.2468393211987509 0.2971478197887367 0
0.02350093839961537 0.3280775179195408 0
0.9784182294965511 0.4542354642601205 0
0.9760850189211113 0.4639411689864189 0
0.02284927040181622 0.1676000118324908 0
0.02535801780349406 0.1585220508651925 0
0.2888939654086947 0.3397858848103048 0
0.2985007623314768 0.3372744688509012 0
0.7894359192231504 0.2629250500130298 0
0.06318421256287687 0.0241678904579371 0
0.2872139906103778 0.2160822307867142 0
0.4099038673650364 0.2552342848114988 0
0.2222535218313235 0.4191268059621199 0
0.2248934820980016 0.4094789242806484 0
0.9155007205875376 0.3909071929666625 0
0.9365611060953911 0.4122509164123262 0
0.364619202356823 0.2580194774392577 0
0.08862961508428235 0.1239933115773199 0
0.271215891811183 0.01676252170371081 0
0.2099260860673437 0.4313048485527106 0
0.5283410379571023 0.1195209027546479 0
0.01780930697417266 0.3475994783115035 0
0.02157216109968674 0.04329733951056647 0
0.8824661317457545 0.47734103485473 0
0.6490255642197778 0.02337039303467742 0
0.6398101451906768 0.02567813757817086 0
0.7897592660368868 0.4832914240556822 0
0.9762587545079418 0.07139732787025188 0
0.9832092680758719 0.07836110937028248 0
0.6957299886243106 0.277815417685069 0
0.9807502033791038 0.2849271370769227 0
0.9777894997046481 0.2942515136708459 0
0.1608737936328998 0.1243610989203932 0
0.1678828945715341 0.1315046331179671 0
0.7220156236472822 0.2800300751803748 0
0.04642902112717995 0.02106833821438656 0
0.8883141291393875 0.4232857928374427 0
0.2161117947201167 0.02225642049605975 0
0.9093821760117295 0.4446196325805038 0
0.0325787297615201 0.06800011630005554 0
0.02289466148114233 0.07057892912112637 0
0.1538573271122641 0.1173077683140061 0
0.4199061258699486 0.4112967515347188 0
0.02521427730129522 0.1948063352266794 0
0.8558122627517388 0.4753493773111526 0
0.8461513526874302 0.4779148429270856 0
0.839219549156311 0.4711472146971168 0
0.4180885140628078 0.4201752031214436 0
0.8366410824540669 0.4807820917226149 0
0.8295274232567469 0.4735501083447944 0
0.01569025506724037 0.1606808425586366 0
0.9768484704541496 0.3307245798517503 0
0.9701241695533946 0.3232239553582815 0
0.984144260049677 0.3374573705428515 0
0.3406703673567634 0.4764263642562075 0
0.8648978864446463 0.01983481588083846 0
0.8553577104528576 0.02286331256053506 0
0.8526176310845939 0.03210674103146499 0
0.8456465571008827 0.02523431536304566 0
0.9760482235881447 0.1331866657039029 0
0.5892218362670987 0.08491540525221911 0
0.5986428985789313 0.08206717421845677 0
0.580060417325637 0.08760699281800549 0
0.3040875173793395 0.4769055014820544 0
0.2971916130939403 0.4702602027266262 0
0.3491928282172562 0.02331261032241017 0
0.3399583877812957 0.02555237021135318 0
0.3374878825673737 0.03498467003235078 0
0.3304889533908072 0.02792084401194292 0
0.3278918213713288 0.03747220840798457 0
0.3208912393718464 0.0304024216945129 0
0.3182736256914691 0.03997773251210757 0
0.3112710429629717 0.03290237881232017 0
0.3140174905932214 0.02373952941714697 0
0.3043743365044909 0.02603771584498799 0
0.7478494984012323 0.4766298669490891 0
0.7409436634524131 0.4699235123139331 0
0.7380482089497059 0.4793984430707377 0
0.73125830656667 0.4724641446182373 0
0.7284648790605246 0.4822435646663378 0
0.5153750408686055 0.3859278844246703 0
0.5574644148658922 0.3923815313432452 0
0.5475409114008561 0.3943956087222603 0
0.2945603631875001 0.4798761897108279 0
0.2101394772514795 0.01582384028526093 0
0.9471933937175605 0.01790645081585884 0
0.1538878338656441 0.0209807831686416 0
0.1630691055577677 0.0180448068092649 0
0.6065124045009593 0.05295394527421973 0
0.7037278668448063 0.4803380472125168 0
0.977447794371173 0.1603101811230687 0
0.9846800249690078 0.2028436898575438 0
0.02183229891367489 0.3652474725255402 0
0.6665137106899508 0.4803742911984494 0
0.8912661934556501 0.0218789287440572 0
0.9774052289939473 0.03512828666196577 0
0.9800500902098384 0.0254852202705107 0
0.6144362606958778 0.02310065205054032 0
0.6168618319558139 0.0127127942188151 0
0.623772667106709 0.02016013912659131 0
0.9815980860084659 0.4456172990646604 0
0.02055228229096268 0.4007087206421133 0
0.02373561791288464 0.3909523160298934 0
0.287416639452189 0.02175575679816399 0
0.7549930804351208 0.4842318494341962 0
0.7646640741640842 0.481710953827664 0
0.9814967541957121 0.320962455660231 0
0.2359860693517093 0.01602307671105185 0
0.6053586746959907 0.4436368638379674 0
0.2519803157718321 0.02169033954180877 0
0.4027956045375797 0.4416271333758718 0
0.358711357705582 0.01876535124715384 0
0.7043656437761319 0.0174607263617792 0
0.08079827427741149 0.02189840641863749 0
0.9092809329655029 0.4803802276783189 0
0.9812747119996166 0.08944208312353313 0
0.4499879316992325 0.3940577224657568 0
0.4528100293407709 0.3848575503526036 0
0.332762472934247 0.01832278953662164 0
0.3663268805246453 0.4788134492317054 0
0.3752872667897422 0.4766628023721332 0
0.3569810935167667 0.4813915556740524 0
0.9730211548663918 0.01837319534124734 0
0.5907243125297682 0.07459631209759907 0
0.6012267671199867 0.07250734475364529 0
0.8448923409796614 0.4866674779857775 0
0.9877143480035344 0.2918036371857051 0
0.5499218198929127 0.1037285627498122 0
0.01087110947789688 0.04600997104697119 0
0.4276741502002488 0.08065351452584044 0
0.4268499305674605 0.09078253832777494 0
0.4193844742645519 0.08381265653891279 0
0.4447977446065277 0.09480458190926233 0
0.4843671269141459 0.3928970081875583 0
0.4885877311954451 0.3837653813882146 0
0.4786309280259717 0.3847997980233351 0
0.4829655474568809 0.375745237721092 0
0.4732305840931114 0.3768555635064362 0
0.4696106363635838 0.3849845799464272 0
0.4634284769448748 0.377056878849406 0
0.5059775708377535 0.3907109546005476 0
0.4848782634313265 0.1076878469794186 0
0.4740765312478998 0.106788241102401 0
0.465037976117312 0.1118220965510123 0
0.4548548903640989 0.09843818932589654 0
0.5367936475686861 0.3975275953928573 0
0.5053449146468504 0.1075873114706841 0
0.4073083611220192 0.05541450031116252 0
0.419696964710552 0.07278242869823578 0
0.5879634415400896 0.4349463307893485 0
0.589900782796751 0.425140934513376 0
0.5726968003501625 0.4186659583876777 0
0.5263293778507501 0.1041806465929349 0
0.5985508981656726 0.4529474843730267 0
0.6068681167904606 0.4532377069115658 0
0.3949534166242245 0.4737574028383214 0
0.3882534340122011 0.4661020498030922 0
0.4020409161383509 0.4522866344546945 0
0.4032946832710164 0.0460397905495703 0
0.3955125863214785 0.02593712485496419 0
0.605269203443329 0.4733727349567181 0
0.6112239291163586 0.4672219664602542 0
0.01847464645636532 0.1776890867759617 0
0.9884117375138125 0.4517758443608685 0
0.6701733345549151 0.01803236486422605 0
0.5865456622627822 0.06460258321721057 0
0.2758661442927021 0.4847185488601012 0
0.01889679808448802 0.4104870742301877 0
0.4898849700025892 0.1177774150630706 0
0.8723014626906662 0.4816585549417648 0
0.6312905049674866 0.4822049669360032 0
0.6210904596449371 0.4832017922971411 0
0.2662494982189738 0.4873022004072846 0
0.01863711250399752 0.150722805907771 0
0.1549892938764834 0.01026866053089184 0
0.8838187570181213 0.01520625749418136 0
0.009409347169669957 0.414968051417081 0
0.01754810749913732 0.4204130030259952 0
0.8009919398978971 0.4825587135690431 0
0.01207336213511434 0.395 0
0.9853635254807063 0.2658007808307724 0
0.9901137661223516 0.2559810716137862 0
0.621323541149532 0.03052757657839911 0
0.4347563033360465 0.0974295232357606 0
0.5985950993127094 0.04715733633196145 0
0.1505987490624475 0.4831545034593189 0
0.1580209562670061 0.4897076160603347 0
0.1401669788273331 0.4827348945773721 0
0.4736722456135375 0.3944283461101754 0
0.01656760449343725 0.2496309483646679 0
0.01065800831677927 0.2409029957856973 0
0.4984547574642696 0.3824179868477513 0
0.384947659453939 0.4918329335243384 0
0.3850424129118262 0.01015325582742005 0
0.5345605291873918 0.1114931576216757 0
0.242531011309316 0.2803937301901978 0
0.2398888265543039 0.290041845167051 0
0.444637503527925 0.4069283152879754 0
0.981588130488273 0.248275072546745 0
0.984148208563949 0.2382249279109521 0
0.3911134246774398 0.4553101841344447 0
0.4565396649846299 0.108053642508001 0
0.01874260010716744 0.311575733251846 0
0.01002020504280599 0.3040869512054305 0
0.01437343042284844 0.2948203384550446 0
0.4811885847926833 0.1563429946954026 0
0.4906556684714454 0.15384769289987 0
0.6485390858286896 0.3519943664005215 0
0.6415258702809441 0.3450634682929624 0
0.4550558717649044 0.1548421277333831 0
0.4619998300557072 0.1618171816537746 0
0.5633379905349641 0.4011988262234685 0
0.4152278711617325 0.2362067000139619 0
0.5671084394877891 0.390193034540903 0
0.9822472063969001 0.4089017445756044 0
0.9801413642774994 0.420358783230088 0
0.9899860107290075 0.4253326643658464 0
0.9825866228468121 0.4308712540531515 0
0.4152655045170019 0.1387977442844677 0
0.5912852802219598 0.3665370022003773 0
0.9371220409451845 0.01856740323143363 0
0.9343541576991796 0.02845110256991906 0
0.9272932020420188 0.02199191976050802 0
0.5791517757974729 0.3783151425910406 0
0.6442987433129234 0.04240585406805528 0
0.6833520131674824 0.3871690661971604 0
0.3996135742975254 0.1958332246930918 0
0.3927136661928819 0.1887816248686934 0
0.4275568073538589 0.4187956361412625 0
0.7288893667295161 0.09125855575258518 0
0.7385434754559747 0.08867201035443734 0
0.7457300324919445 0.09563736974545023 0
0.7481939453877351 0.08612924075599751 0
0.6422715824343528 0.01621181768476659 0
0.3849829581760584 0.1201969010646053 0
0.7946893402715383 0.2439266657932738 0
0.7850666979686607 0.2463080816965161 0
0.605989520641943 0.3454592117080604 0
0.5964818814942483 0.3475589517831461 0
0.6156418573979462 0.3428835850903272 0
0.6252267415625054 0.3405588881897552 0
0.6600985673361516 0.2782369838873635 0
0.6315893357405934 0.09088455502217455 0
0.6385221364638018 0.09796251259916808 0
0.3711535747938425 0.1060995624155095 0
0.464662131351776 0.1521948174693056 0
0.3919171243160041 0.1271795364854325 0
0.6948843710899839 0.3134840369645151 0
0.6921463302126258 0.3229640881763982 0
0.701839127176022 0.320528772298373 0
0.6991075893303179 0.3300214676069406 0
0.7087456866104069 0.3276482664555618 0
0.7060624550297691 0.3370930394943302 0
0.7157064535872704 0.3345996345598349 0
0.7130795807583881 0.3442080951276589 0
0.7227575923113376 0.3414926669644092 0
0.6183523748006901 0.3332825078895999 0
0.4795635930136285 0.1157474193071876 0
0.7113922792857872 0.3177967508496769 0
0.319818581653465 0.4819338567652831 0
0.6135275010818201 0.4144119267718004 0
0.6065831761013361 0.4073931592792807 0
0.5180042161629197 0.2797015825547463 0
0.4879768303954309 0.1635164949498447 0
0.3982462574107108 0.4259054066724507 0
0.5980381647190836 0.4356112708485808 0
0.5084989657334503 0.2821986354898177 0
0.6149999999999999 0.4913397459621557 0
0.4482705516600897 0.1475917179437883 0
0.2584008747227327 0.4805742296180873 0
0.2483397110632815 0.4824714583491209 0
0.2417618043759329 0.4744764874247254 0
0.2381137247772021 0.4834983706766406 0
0.233827402968336 0.4761082361600812 0
0.4386900363049783 0.1500488273859213 0
0.3198093605819424 0.1638197875046779 0
0.329387286974553 0.1612949257894656 0
0.5881846013456812 0.2170045535552125 0
0.5977095468524224 0.2145277609634874 0
0.4002805135455221 0.3545632007655867 0
0.3477882770784928 0.09445629291370883 0
0.34088604750616 0.08734938326645114 0
0.4400332078551116 0.3706791246445545 0
0.433107381190436 0.3637004265886721 0
0.2571813871652951 0.3563158956847757 0
0.4609137497155087 0.2944971959005141 0
0.429078119371507 0.1526682083852545 0
0.5786058945411251 0.2194901495876421 0
0.5759546338599261 0.2290425226274355 0
0.8078628898810324 0.09747632244070928 0
0.7982389207591301 0.1000097046878619 0
0.8245747664404944 0.1021544695306828 0
0.6412874227812415 0.4425080456751583 0
0.1652237285900483 0.3983844667813809 0
0.1748711853502856 0.3958600688050624 0
0.1775114795758052 0.3862398525628644 0
0.1845506331640646 0.3933698631777058 0
0.6576080991900741 0.1902967785553554 0
0.6454211345369845 0.2023702360588375 0
0.6411379375003683 0.08829836035075522 0
0.6246261154743673 0.08382252764353426 0
0.6176731106198587 0.07677704549737782 0
0.408425955075309 0.1316389438648916 0
0.5750753752261802 0.2647916426137066 0
0.5846225869892412 0.2623087307664625 0
0.5915404503449897 0.2693367190382805 0
0.6945992137314736 0.4108128240431778 0
0.7016142592497885 0.4178416325748061 0
0.231150062867811 0.2564913440589285 0
0.2242458958616244 0.249455809407835 0
0.2451892876764193 0.2708580425190161 0
0.3907103423502183 0.3571017013513201 0
0.3838059791660859 0.3500357754660759 0
0.8359472832983537 0.125944972480406 0
0.3267688320224859 0.1709005681903406 0
0.3364149992618146 0.1685531103096041 0
0.3433162589202473 0.1756839464067262 0
0.346031023843663 0.1662020562698174 0
0.352895504922992 0.1733126403770213 0
0.3556240161529739 0.1638370127351945 0
0.3487798457862929 0.1567138425859007 0
0.3390974599581108 0.1590210293379311 0
0.594149550641435 0.2598445324130664 0
0.601073502776569 0.2668526521411687 0
0.6036863912102715 0.2573449961811717 0
0.2301301396670717 0.2922633619895376 0
0.3819225588797044 0.4213813745092755 0
0.1459202470085981 0.4034358833104233 0
0.4763997082890679 0.3685611370027119 0
0.4860252517734418 0.3669051957199361 0
0.8131563613407354 0.1766207769938751 0
0.425498328293302 0.2950758683989299 0
0.2196131861831221 0.3306056797580293 0
0.3102033392851452 0.1663733783529842 0
0.3005919907341988 0.1688470256982189 0
0.5380605119910884 0.1419063543318111 0
0.2608086541605954 0.3109757252128923 0
0.3890125228898869 0.3310352797443517 0
0.4159612249963761 0.2975605836319461 0
0.4133464636074522 0.3070605522908352 0
0.6593899830000794 0.1189390018090698 0
0.6663397703910775 0.1259899664804796 0
0.6637171463667235 0.1355387721054143 0
0.6524367203909829 0.1119081594007045 0
0.6759403031046172 0.123400925538872 0
0.2178832470095536 0.4024822554885433 0
0.406419731691952 0.3000465695999093 0
0.4038071933526584 0.3095484344742089 0
0.3749268979430859 0.06066302853238148 0
0.435760125250099 0.3541304633667722 0
0.3913525911151896 0.06520241443470082 0
0.3624131131021803 0.1707656049099491 0
0.3597252988543698 0.1804455310124476 0
0.3692820661195276 0.1779790017860076 0
0.3666876697662603 0.1874821133082855 0
0.376305168422176 0.1849240377389049 0
0.378931661302459 0.1751397813930367 0
0.4235673780289582 0.3662460515993217 0
0.2013043479704529 0.3980403212000889 0
0.279213764809863 0.3420870952462338 0
0.5570801215546805 0.1369083838985858 0
0.182171515709993 0.2069094633517384 0
0.8034860000267934 0.1790939219732025 0
0.3818353705835424 0.06771867863719405 0
0.5950784363689681 0.2240947132833327 0
0.7256749273564556 0.1370519823900654 0
0.1793620101319345 0.3143879128278695 0
0.1697234609553815 0.3169097655520295 0
0.1890059256842251 0.3118571900821057 0
0.1392332545625389 0.1998742076053501 0
0.8201605313864788 0.1837250122163883 0
0.8298356645159415 0.1812625420939283 0
0.1266134743564338 0.4084972028864268 0
0.1196066680356996 0.4014012832574931 0
0.3901622043645164 0.1984874471741107 0
0.4704835554138668 0.2921306744284244 0
0.143304859977065 0.4130917896655332 0
0.7106894970799404 0.2564077178775863 0
0.9548690431288445 0.0140734250464995 0
0.3543677187298598 0.4910177344982462 0
0.3075670102801732 0.1759822940295841 0
0.2936345046858387 0.1617998463865429 0
0.4280652835602241 0.2855234803227098 0
0.4071511592881714 0.3616818583796886 0
0.8833168616307714 0.1492282787260423 0
0.4221364281687877 0.2430832802775207 0
0.3753866370794215 0.4915674545836543 0
0.3746048272028403 0.008973692962827851 0
0.3116151911794762 0.2894171424203012 0
0.4583269441262635 0.3040252046350776 0
0.131283750096904 0.2286725498657955 0
0.1216247681644145 0.2311649534112718 0
0.9070123968104049 0.1609559876939162 0
0.3321155029829472 0.151832008126559 0
0.1350133151545928 0.490721768088159 0
0.130095942642602 0.4835006637234155 0
0.7449165493208925 0.1320235714456506 0
0.8762969113831451 0.142113464828145 0
0.4981254967413024 0.3201963071251331 0
0.3642857613407921 0.09900630595279131 0
0.3968740877998989 0.3025337394983889 0
0.3942567335016318 0.312036068667325 0
0.2841571454469748 0.4202402312579317 0
0.6441302973277365 0.3353568139578963 0
0.3793280949131344 0.4309474903900765 0
0.8043266235431918 0.2414485989557267 0
0.8815608106171224 0.122841112157319 0
0.3506726559611559 0.2438283644974459 0
0.3549878708199216 0.008653251252460942 0
0.3698496839744665 0.01773154295924662 0
0.644647076460021 0.4920839791837864 0
0.7990013594716463 0.356644469642953 0
0.8016531481221392 0.3470110697674528 0
0.7919976846459522 0.349553027686744 0
0.7946478176559095 0.3399181725197034 0
0.7849949747280158 0.342462042120974 0
0.7876443502138653 0.3328274825018654 0
0.7779925499093853 0.3353742053764495 0
0.780643041680021 0.325739146668985 0
0.7709946379158783 0.3282840545490623 0
0.7736439599633356 0.3186528424062189 0
0.7640086098863156 0.321169769329651 0
0.766647041985301 0.3115686843838908 0
0.7570045735456135 0.3141042059690707 0
0.7595531573796787 0.3045878877684445 0
0.749988190884303 0.3070621660458744 0
0.752586461357155 0.2975449485061645 0
0.7622089741848723 0.2955447064553796 0
0.7430033803996963 0.3000008057399805 0
0.7456335563517427 0.2907311010736699 0
0.7359186729752238 0.2932377277770087 0
0.75437063826658 0.3236984928065112 0
0.3914782879229834 0.4188768662923617 0
0.3279957345530576 0.3911695348511348 0
0.6746841145195199 0.06088013783051324 0
0.665051570794616 0.0634197880922516 0
0.6580729285484819 0.05637323245862635 0
0.6648178193994891 0.009331264340860596 0
0.3350121972559967 0.4913467880511887 0
0.5665947200475032 0.1344131814284219 0
0.8033750183604058 0.3733402102234225 0
0.6649163348800462 0.4900387052964328 0
0.6775821544872932 0.4805748424738405 0
0.3988551719058087 0.1341923188126151 0
0.3653623762805684 0.06316881677953246 0
0.3534692753716836 0.2344560958371736 0
0.3577013859249282 0.2509504123827115 0
0.2823526065592111 0.1381155084234121 0
0.2849787005517703 0.1285594312534373 0
0.6106048715267153 0.2643603134997513 0
0.6079945117563446 0.2738515699966859 0
0.6092573081885382 0.3977352885006014 0
0.3845460631683438 0.4118368036993936 0
0.408335553552128 0.2292951401202423 0
0.3150106130759524 0.4913458734244136 0
0.6852129182282045 0.008889722209834361 0
0.6896596925441615 0.01775301764702386 0
0.8411709811503972 0.2049814944690577 0
0.818313100804821 0.2556419337370311 0
0.623126882499739 0.4118429987338549 0
0.6204857166134116 0.4214219987643312 0
0.3089894663899382 0.2989817305882198 0
0.3212185645275572 0.2869156883295028 0
0.3281900691888893 0.2939921212221999 0
0.3377705328405466 0.2914833982523514 0
0.3447233045596667 0.2985406343632616 0
0.3473506968685566 0.2890008936126101 0
0.3542824017589289 0.2960033600686037 0
0.3139337326373062 0.008786203488993033 0
0.6850086284248035 0.4913447275855389 0
0.6886579901346879 0.4820085417751034 0
0.471621070534004 0.1591413995723693 0
0.3307893836316848 0.2843976756331987 0
0.8813717377713712 0.3195732670645874 0
0.8716944330442815 0.3220486974470636 0
0.8690403028866471 0.3316816971535586 0
0.8620583535383103 0.3245433678881935 0
0.8910366603970139 0.3170462145186217 0
0.8760597620363894 0.3387932381584398 0
0.3966868018881645 0.399778169681463 0
0.8807015225094754 0.06044240846702137 0
0.8736781682485304 0.05333730596758168 0
0.3742193230841696 0.3525869794734075 0
0.8429493426257519 0.0346287684949646 0
0.835908445342596 0.02750419558913786 0
0.8398304221886217 0.01782288846848745 0
0.8287487698051537 0.01861453144182637 0
0.8262038972500445 0.02969352371522566 0
0.8191909596438222 0.02286107167020804 0
0.816548911181908 0.0324547643846432 0
0.8095241539947402 0.02539129407466045 0
0.8235859282744453 0.03956502219374919 0
0.8068962515512541 0.03503888746617109 0
0.7998606243925468 0.02793302536380643 0
0.8120143690345791 0.01619867185875729 0
0.6439534111636098 0.4329346459857453 0
0.6369690879567635 0.425933276481133 0
0.1189688134287921 0.2407979775992992 0
0.1119661743663384 0.2336767017981415 0
0.8999951040036787 0.1538431768391191 0
0.7322652566551593 0.338644325344841 0
0.2941648486581637 0.490001640919973 0
0.6581762357115626 0.3493019007257032 0
0.6555494135919406 0.3590047221958682 0
0.1137883720117153 0.1618031647545009 0
0.7972597844520595 0.03760595227730329 0
0.790212779665971 0.03048537692838479 0
0.7927573560650431 0.0204120942403638 0
0.7835013681058195 0.02338823761704628 0
0.7858035817868073 0.0137207010176334 0
0.7806295723880285 0.0330471389145903 0
0.774591189409545 0.02574548837346519 0
0.6497548460995273 0.2189791506768504 0
0.6401803315753988 0.2214421805758295 0
0.6482543261002849 0.4495467075851455 0
0.3435554179662396 0.07774079571851383 0
0.3873050566635554 0.3050168974635225 0
0.5043621844898215 0.3627518527406114 0
0.704115245586187 0.4903212174070363 0
0.2950086284248044 0.008655272414461374 0
0.8464618132864938 0.08732556587555074 0
0.4262073710401036 0.3566703188000728 0
0.2231570414362224 0.2850891099161706 0
0.8455384642700492 0.2216971390308868 0
0.6272532617907703 0.0741729727996264 0
0.6107631071372508 0.06962526041112496 0
0.4090347628011951 0.4248506222634322 0
0.7877907385649551 0.1386195434739555 0
0.3715326139239176 0.4597040255372964 0
0.7059611071949181 0.4345001343522693 0
0.918476263089024 0.08634555592630647 0
0.9114521026930331 0.07923763923080493 0
0.9140932084466507 0.06959790800791235 0
0.4166831259825409 0.3591820983815261 0
0.3147231448360425 0.08527967689425814 0
0.3216770866319643 0.09236897631497387 0
0.4886152752433919 0.3226737365163782 0
0.6133863858596857 0.05999143577489283 0
0.6043651433199738 0.06272034211005603 0
0.9166706948245251 0.1583881392557695 0
0.7052381452910754 0.07958194840771843 0
0.7026280243264326 0.08915274004934068 0
0.7096237357951205 0.0963124579060935 0
0.6999516283139973 0.0987295800253932 0
0.7071350617113639 0.1060526942389242 0
0.7193102190051746 0.09380803446738237 0
0.6860246244017669 0.08461548869306862 0
0.291012017258811 0.1714605305693029 0
0.2866753438121407 0.1547661863085636 0
0.5231055397246565 0.3576937768416454 0
0.4223851691549306 0.4017247576740791 0
0.431490434827612 0.3991487248000752 0
0.7174479241226065 0.360349753729039 0
0.677679373770474 0.1495019031203081 0
0.446526010292959 0.3776282611273432 0
0.6607062360957332 0.04676017028802104 0
0.9325322457197898 0.1005752117267588 0
0.08487947639858701 0.1692506036473607 0
0.7807919018766218 0.1315267104368082 0
0.6749499834665473 0.256753293938101 0
0.6653473271406365 0.2591691429209426 0
0.6679488370148559 0.2496112568486625 0
0.4021132062041967 0.08887475868885492 0
0.6842654562084445 0.05839038965564522 0
0.725265638762461 0.4294570199617431 0
0.5410130109069526 0.3877768066038149 0
0.1723559327152006 0.3072709484287799 0
0.1626858886319912 0.3097420623587128 0
0.1556981677503625 0.3026368862742408 0
0.1530540507198185 0.31226180886097 0
0.6974505904137249 0.3036268401083957 0
0.4162236306702898 0.1030561668788745 0
0.6680821009397675 0.1520333569749548 0
0.116586313837954 0.1524506188283446 0
0.1096837586244531 0.1453790524560442 0
0.817526465118114 0.09498152760605888 0
0.2700978240663036 0.1502601753950247 0
0.7072616325369219 0.2039279730113028 0
0.3339349808102032 0.08027887628179295 0
0.3820371014445494 0.3240415203103729 0
0.5951524213978856 0.126984542722 0
0.7253463019390913 0.008308096907681944 0
0.6218631081195908 0.2878404943115212 0
0.619248053089712 0.297349459148362 0
0.6123144174852592 0.2903442659042386 0
0.1768524830147799 0.2257888241505119 0
0.1864316607671774 0.2233354767440711 0
0.1838429300717619 0.2328841236045698 0
0.1934238051595973 0.2304257619572736 0
0.1908356982026498 0.2399695967211703 0
0.2004134549130406 0.2375140459817053 0
0.1961546495955442 0.2210912394261386 0
0.1978199784963378 0.2470590086998599 0
0.2074075049885198 0.2446265182438444 0
0.2101418134402626 0.2352783193364724 0
0.1951811368541703 0.2566651356304935 0
0.185544795086521 0.2592133218406406 0
0.1829141976008801 0.2688063094392275 0
0.6489279450034496 0.157052996763534 0
0.7395197959617843 0.248865164259163 0
0.6124347694151138 0.1931172165730837 0
0.6055096132690218 0.1860892270132377 0
0.6081149366189453 0.1765760752184717 0
0.5985713860082246 0.1790773643537019 0
0.6029048763498267 0.1955728657117389 0
0.6011777436844695 0.1695547986985665 0
0.5916475871708491 0.1720305907147138 0
0.6037886232250539 0.1600297972384807 0
0.6176604210382559 0.1740766810320634 0
0.5925454819731748 0.1364906672951598 0
0.5856204784468055 0.1294843440124306 0
0.5830170176991087 0.1389739476511119 0
0.7350352653641561 0.00871938396462657 0
0.5774097053333688 0.09667333402785205 0
0.3545307077542791 0.1992870473385518 0
0.0918918302256741 0.1763633597039034 0
0.09890072345352613 0.1834857408891701 0
0.1364061296009491 0.3076917561077293 0
0.4169568651665658 0.1647764373027659 0
0.05819990384536095 0.3638300018307564 0
0.8481754230906229 0.2120859966890442 0
0.2135261480994862 0.2875602830968251 0
0.1626370949930779 0.4080509753781349 0
0.6801965213487569 0.2376468268278499 0
0.4247407828469073 0.13613432764351 0
0.9191016942356187 0.3454872733186333 0
0.4232979842478588 0.1099337717314505 0
0.3797500092400617 0.1392229857073485 0
0.7000006369844084 0.3915116222975903 0
0.3092721423665097 0.2021719310504918 0
0.3065277239046978 0.211554570707184 0
0.3162124283723602 0.2091245133323445 0
0.5683740913047607 0.09941212951671419 0
0.6270881616918826 0.2688158307311451 0
0.4098270380783229 0.3521061143521853 0
0.7534541045464505 0.06697839874037237 0
0.7604719530855713 0.07406729013744706 0
0.770100659207317 0.0715559959641614 0
0.7675223813253049 0.08125272723604965 0
0.7771636582111094 0.07871870088026064 0
0.7579210659700661 0.0837546693870066 0
0.3679924716166628 0.05361975635118665 0
0.3858690273104544 0.02266306960937806 0
0.3987849211226225 0.2318197376431615 0
0.7534100194543978 0.3596883964526584 0
0.7464233479090565 0.3525934917640423 0
0.7368478547158347 0.3551532799760979 0
0.187842770253236 0.09167411548452786 0
0.6063095763196633 0.2478008667849743 0
0.659325716340704 0.2164761123308895 0
0.9087421185193736 0.187308713534244 0
0.336841906763756 0.2297805306100002 0
0.5452400806271462 0.1136322620180585 0
0.8736631871818452 0.1517565950559412 0
0.8666471586013029 0.1446449419047242 0
0.8789292007113039 0.1324753176824944 0
0.8912236406722531 0.1203222898504556 0
0.898253647536239 0.1274277713451936 0
0.160060606817639 0.3193662309695722 0
0.7621275762194888 0.3930814440426903 0
0.543804117735796 0.3785822345991967 0
0.7674099415228679 0.3738564915340844 0
0.7577628289836085 0.3763912771882523 0
0.5880232130745949 0.3143385617180603 0
0.5811050528222813 0.3073297672604704 0
0.5715804165000977 0.3098338144988518 0
0.7964454473290381 0.07361163806838844 0
0.7867980879069563 0.07614067486976661 0
0.7841638553557665 0.08575909328211176 0
0.7098914654891615 0.1943489427933686 0
0.7002836151386012 0.1968486535129275 0
0.6933191073545646 0.18977824898512 0
0.6906787103471139 0.1993383466324605 0
0.6837259447948337 0.1922887862117588 0
0.6863581345445662 0.1827265619769058 0
0.6077076425488526 0.3716311245245342 0
0.8578298217551414 0.2095541528235019 0
0.0713074983226954 0.4140731261892003 0
0.2082794439583174 0.4050788442689022 0
0.7325399909492821 0.2417857318135393 0
0.7229279681836938 0.2442929966311762 0
0.7159497536030789 0.237212089462507 0
0.7185835719974938 0.2276392919851445 0
0.3780770795655597 0.1131197080699757 0
0.4695841282653403 0.3276429569234316 0
0.2351496891534432 0.1149640904458934 0
0.2421601404094665 0.1220210651627167 0
0.237783919983122 0.1053587112250665 0
0.639370295755501 0.1595563000731434 0
0.6976576352720083 0.2064165210379802 0
0.6648526862639543 0.4541182351230062 0
0.4598691021772872 0.3667403848797046 0
0.906783796216301 0.3576503043680598 0
0.9041912129721974 0.3672285941649972 0
0.8971467511522309 0.3601670470020644 0
0.8944515229873469 0.3695725004621564 0
0.8901817240941168 0.3530073859373569 0
0.4040044796926964 0.2125254713232355 0
0.1574242061697635 0.3290000399352974 0
0.7974266886055503 0.136085714004968 0
0.8139128521931975 0.04213874839025242 0
0.5639772109544223 0.1439508018547098 0
0.2474159997743032 0.1028395031780553 0
0.342100283952969 0.3080555180388594 0
0.3142347934757491 0.279848634328032 0
0.7623010088812452 0.1984595560299303 0
0.7526794894964517 0.2009598260775571 0
0.7218762966617858 0.3768815286280822 0
0.3130287912505478 0.4126741248769571 0
0.3226836267622044 0.4102199748524023 0
0.3104082671079997 0.4222849773536533 0
0.8438288424371216 0.09696411640788058 0
0.6098902116733066 0.1054761384644281 0
0.3792221025845529 0.07727089336809678 0
0.1819706345429796 0.4030525004080596 0
0.8490992136483391 0.07769678422166718 0
0.1672196361435141 0.228293883528142 0
0.1812074019695027 0.2424771470910307 0
0.4466644456932921 0.1214877066754089 0
0.609703361499536 0.2998466942124771 0
0.2554731546852513 0.330064597292473 0
0.2651563392977692 0.3276165804323185 0
0.7299072731569819 0.2513735472360759 0
0.8332593102129717 0.03705133680393186 0
0.8306443504346899 0.04673043909903474 0
0.3188599716258019 0.1996660899597074 0
0.3250571249657489 0.1446794559435086 0
0.1740770885780645 0.3336022150800108 0
0.7524855907047074 0.395601274564038 0
0.6506582827005116 0.1831661497807213 0
0.667189878286427 0.187761478855009 0
0.2667908969243987 0.3538684909328869 0
0.2737925132806538 0.361019110999238 0
0.2545683700561289 0.3659664221397988 0
0.2475735213460244 0.3588916971097889 0
0.813958889522826 0.2389275096979801 0
0.3807505846867336 0.1035123622457102 0
0.5248734453783478 0.3828218737488545 0
0.6889875536886185 0.1731588899108609 0
0.8728094830159541 0.08937590578243554 0
0.8279587969554569 0.2531126359365659 0
0.8489790568679378 0.2743982888634433 0
0.8419681283499068 0.2673036165387074 0
0.4394277750894711 0.2118019248150631 0
0.4489505654490062 0.2093121663427023 0
0.2143454729683788 0.349845564080023 0
0.2239830860029924 0.3473044067285876 0
0.4593565969091447 0.1713421323802307 0
0.5449308261237796 0.1489692418191092 0
0.5285473531350061 0.1444077596496948 0
0.5190229457566207 0.1468787284111673 0
0.5259052715802218 0.1538819264865852 0
0.5163657816722769 0.1563001764948218 0
0.5095276797399695 0.1491914698419737 0
0.1808236549672685 0.08458389949326212 0
0.1705025964744977 0.3791410926629705 0
0.06865138246915709 0.4237022817614313 0
0.832210469279129 0.4640592741354405 0
0.822548015247256 0.4665820371880819 0
0.8201142790161009 0.4757743308461261 0
0.6705976924595702 0.2401037344972641 0
0.07171100737746233 0.1191043323243799 0
0.2648845117574132 0.4252912558305995 0
0.5611441754835156 0.3477757211508985 0
0.3892311703668974 0.2343339055864769 0
0.805092984778558 0.3996903373421513 0
0.7980835705760845 0.3925870960701897 0
0.8024479848176473 0.4093143819588062 0
0.7927917686703498 0.4118401187479365 0
0.3785432374118193 0.2719171967366436 0
0.309436721538387 0.104423885175547 0
0.8868548631440154 0.1035889920896127 0
0.262250664144024 0.4349099834164429 0
0.4790938438955603 0.3251663022302364 0
0.5681433202981444 0.2577176607176351 0
0.5654947345742098 0.2672262010123808 0
0.555973051040515 0.2696525268029729 0
0.5533379303884803 0.279161038758245 0
0.8103805618868625 0.3804445816544735 0
0.1348636557051962 0.1830976110856404 0
0.1373920125756211 0.173705500748249 0
0.1444723216839139 0.1806393408265207 0
0.6305336533581893 0.3210983729088794 0
0.5352162294818834 0.345738095087884 0
0.5257079732851545 0.3482177164870762 0
0.3710307964481546 0.203760675428741 0
0.1960001392733396 0.3189470811969916 0
0.2029845760323679 0.3260205625836289 0
0.2126112317334929 0.3234807044029361 0
0.8674819950783634 0.2070296037480373 0
0.8052362365235783 0.2055136476199027 0
0.7955683182016204 0.2079339876636256 0
0.73056991992313 0.4102328196714709 0
0.09276251216499187 0.1404400954467201 0
0.08658164381663697 0.195627071060952 0
0.4089758461506445 0.2905061654231799 0
0.09342598790788653 0.3010429290324637 0
0.5474149435303588 0.2366461338129581 0
0.5405236329375671 0.2296173004230507 0
0.5310253226078018 0.2320873363431179 0
0.5500134897834308 0.2271561222842455 0
0.5595470374836294 0.224589250147676 0
0.5266186793200678 0.3127876591639402 0
0.7550011793936224 0.008655566604858334 0
0.7502293882754237 0.01713161701582994 0
0.7599134906011591 0.01766739305420537 0
0.7550906171587609 0.02488785424214654 0
0.7649939787944496 0.00866372972324031 0
0.5594575523391632 0.3218103334105834 0
0.6698164183864468 0.1781857621986151 0
0.7797675155982393 0.06904607397285223 0
0.5872405462808583 0.2527718433679016 0
0.3011237187027265 0.3276978428299178 0
0.05725839251767123 0.3998384231045905 0
0.06693867300518913 0.3973251406295547 0
0.7667919164736157 0.1173427227866285 0
0.7641597088243792 0.1269519924516905 0
0.09594084492446586 0.3897693103880671 0
0.1055920497002248 0.3872034813287627 0
0.4575871115955605 0.2423071233212424 0
0.4644810628430842 0.2493293873088529 0
0.4739733202607555 0.2469378189504384 0
0.4549803715620626 0.2518112908280569 0
0.445469696067656 0.25429794438383 0
0.4385712831459732 0.2473184664897791 0
0.4359611740955531 0.2568982596576598 0
0.5801675674284597 0.3428123597832347 0
0.8561018439558912 0.1832191053480535 0
0.8490908676164275 0.1761440003792568 0
0.4505453659872438 0.3326080590294561 0
0.8044277923748373 0.1431729273032346 0
0.7545364679275022 0.129484230830291 0
0.4463491752496258 0.2188097950947503 0
0.4584763011037641 0.2068316205500379 0
0.9385481756549956 0.2420816419467637 0
0.9288823364012286 0.244599364228041 0
0.7352963390763028 0.1345387672723946 0
0.7186807051611489 0.1299819561475395 0
0.9016262273648761 0.2785250955900331 0
0.891965036009035 0.2810463092181429 0
0.900032475584863 0.05537540749383385 0
0.8973896224752023 0.06501278447458408 0
0.1654400027329274 0.2020602129796186 0
0.1681777506518106 0.1927242228546311 0
0.0625688058452209 0.3805768494271612 0
0.9254252341611036 0.1918668056338976 0
0.5171091210944159 0.3152700930015876 0
0.8963337069025321 0.2977806231945525 0
0.1801495798203787 0.376619602640147 0
0.8323202913281738 0.2698244460687497 0
0.8340430570526028 0.2961536842313403 0
0.8410487205407684 0.3032508708463769 0
0.7227567331004137 0.04828214217840862 0
0.5128208511407499 0.2987821387657855 0
0.8428146532505842 0.4255684193669269 0
0.835796623956874 0.4184623643910702 0
0.8331501465089486 0.4280954437848732 0
0.8832276701041866 0.2475852763801349 0
0.8762129012574496 0.240485666818447 0
0.88587270847469 0.2379578608551733 0
0.8665606573850614 0.2430081695217199 0
0.8595529077461428 0.2359019322080131 0
0.8498968507097371 0.2384345977227838 0
0.08376454938396155 0.3035600553672591 0
0.8552261520008326 0.120781991844309 0
0.8525912505654427 0.1304177809797031 0
0.8576403238184416 0.4039083683678341 0
0.8506882449508731 0.3967382607324932 0
0.8672554801720995 0.4019621669053743 0
0.8410751888516865 0.3992206225142635 0
0.235336328048719 0.3711091175580834 0
0.1294003551309292 0.3005944158726576 0
0.1301719175381827 0.3628708824246262 0
0.137181726438715 0.3699766890530599 0
0.1328221742644782 0.3532545217189706 0
0.9376263801461415 0.2780559178358153 0
0.1916402960699592 0.3022113061405469 0
0.07521386726825757 0.1717681374495901 0
0.07085468454499594 0.1550227875322383 0
0.457450867337644 0.3396062359674594 0
0.0468234581473897 0.340026668840931 0
0.3385599725314514 0.255735006235878 0
0.5067692818450753 0.3531854963411468 0
0.7089776856100547 0.2301310004916249 0
0.7711605102923726 0.1340469766163229 0
0.6828234271137078 0.2280786894782089 0
0.3029307312681551 0.2561866229172213 0
0.2117066704822073 0.3594531438582155 0
0.9173798317473409 0.319112379514303 0
0.9420080719400157 0.294794204214111 0
0.2071402851271079 0.08662251408663751 0
0.5752055272257325 0.1674762240872885 0
0.1587956022114393 0.4531129682359235 0
0.6620228116020634 0.1093229710852646 0
0.9913232258921085 0.4048905421878634 0
0.2360359992415431 0.4329077996774774 0
0.8061519918099063 0.1694851607280779 0
0.2412281539901322 0.4136322053528255 0
0.2942077695651372 0.2230254806914252 0
0.9261193995383579 0.3526013367614818 0
0.5283885731914815 0.2416178856831679 0
0.5214944784590489 0.2346018567048759 0
0.5119704853107276 0.2370613333333249 0
0.8763194915107664 0.04369792362188793 0
0.4825788637514051 0.2801349647092744 0
0.05212437847968499 0.3207574496513923 0
0.05914197254439474 0.327865733854148 0
0.9112388502761015 0.3743367379690695 0
0.2149754581185771 0.4913970587389919 0
0.2197925177448833 0.4823798957784433 0
0.2101961431880386 0.4827678692478848 0
0.2050302224269372 0.4913635895637538 0
0.2002735558620664 0.4832418378099359 0
0.1892646054135051 0.4814544815452663 0
0.1849112845264146 0.4911508142830114 0
0.1798872514982173 0.4833686871248968 0
0.1719390140423406 0.4825304005993518 0
0.7894220506890446 0.0665124191485735 0
0.1781113382530315 0.4480854066211254 0
0.1877478085240796 0.4455612316970778 0
0.190514025557233 0.4360846578687088 0
0.9236914183898448 0.1654965882596679 0
0.1590028081101665 0.09912003444802692 0
0.3898514561655175 0.2954759112009461 0
0.3935971008360259 0.1532684028271142 0
0.7509905597541879 0.2724135009043477 0
0.9334290605957829 0.06453463359789477 0
0.6791020388406004 0.3703530985427847 0
0.6720898438391997 0.3633861643220567 0
0.4817102111509285 0.3156749695451505 0
0.463524828947162 0.2850268038879593 0
0.2806631475528921 0.4658104162921921 0
0.9448327866659061 0.08839558519998991 0
0.907063124095757 0.06248605945459446 0
0.9167325193428992 0.05995602792009141 0
0.9193171096060193 0.1487505569369503 0
0.5110758278174076 0.2726133778117943 0
0.5275320971141633 0.2771713397023755 0
0.5371449261208171 0.2748540690390044 0
0.5301225423443595 0.2676662803203863 0
0.08719696568639485 0.3562803245370684 0
0.9103626756072261 0.3120018596247176 0
0.9006980384452895 0.31452269588134 0
0.05769691277493721 0.1048547800261937 0
0.06758860895919361 0.102641115240892 0
0.1023089234936734 0.2362079371726989 0
0.9418883045588526 0.3932179817535192 0
0.9322992723469381 0.3956759959405754 0
0.2385459075445467 0.1673014038083747 0
0.4653951181617601 0.2138438325870083 0
0.5784978383082834 0.3168357245416012 0
0.09359166540707969 0.2027397879087285 0
0.4799957358863469 0.289654677879537 0
0.4920793445697558 0.2776388380754874 0
0.09249491151752454 0.3370300601497873 0
0.0995068253364883 0.3441123933163653 0
0.1021536722121942 0.3345005472971678 0
0.2937847269448313 0.4177150295125178 0
0.2815300623395721 0.429854990692068 0
0.07238916093550496 0.2797138537256962 0
0.0627254413601232 0.2822434490161558 0
0.1276893111511462 0.2742579287495158 0
0.1303394833275567 0.2646443290252869 0
0.1233372585968465 0.2575443766296648 0
0.9569687529527826 0.2729946343532682 0
0.8946125792495376 0.2714165095906594 0
0.07301379239175471 0.4404311162427543 0
0.07567297497965492 0.430814481231593 0
0.08534911149850671 0.428299324469481 0
0.2144247647767137 0.2517821110631839 0
0.05948359725412994 0.1311602668073745 0
0.173276334683269 0.2713131414456426 0
0.2266070852089684 0.3376455684307365 0
0.4844220103777847 0.2088709468701306 0
0.4870129323910328 0.1993734784379257 0
0.4965205549502935 0.1968821795400939 0
0.4775028156691851 0.2018671036910381 0
0.05898028975649316 0.4262233735616758 0
0.7585717809646846 0.4386150958047749 0
0.7571616527585157 0.1198588765717925 0
0.8596418761341915 0.03915964529874813 0
0.878861073839915 0.2308525350913616 0
0.234963608324867 0.2116987229522712 0
0.05384309697268402 0.3471265354376591 0
0.5034419349255946 0.2038938227368243 0
0.9246613451114658 0.03112443671403148 0
0.9174997006394543 0.02441086571988588 0
0.3946208669865529 0.1175346654195853 0
0.941362752359552 0.03560264608848701 0
0.8927430322719279 0.439447370349535 0
0.4766025520190773 0.2374137274923541 0
0.2132537638509341 0.1295972791493443 0
0.7948355329617605 0.008980040673767065 0
0.008125977338303725 0.2647799060739248 0
0.009492856087532531 0.2756963844124758 0
0.7315803598252282 0.2773994479488132 0
0.7360952405683 0.4898460873039033 0
0.2438944776153582 0.008528238912540176 0
0.09156628712792986 0.3730163820263074 0
0.9921213055193088 0.2250820718385689 0
0.9822607607865732 0.2210957359566108 0
0.00848963440438355 0.2150848193466068 0
0.01732013999278492 0.2199999999999992 0
0.01636569711370861 0.209912205385739 0
0.008441031820919431 0.2049984110490807 0
0.00821834208432487 0.3251419604805754 0
0.9914569030585298 0.1749674355614014 0
0.9844447267214587 0.1796598598843319 0
0.982499076891463 0.1696530750038229 0
0.9731489944326921 0.1683094326206899 0
0.9902359796639795 0.1954135969857603 0
0.00876517460205567 0.184655467959024 0
0.9911664946028982 0.3151962641849491 0
0.9826878479043271 0.3099543825614761 0
0.9731245931177699 0.3132835150979484 0
0.8146843597555653 0.4922800977252837 0
0.1849999983612162 0.008660253091692327 0
0.1794126299426396 0.01703092150814239 0
0.1890475015457869 0.01889891430552104 0
0.8656089144569281 0.009935972396504733 0
0.9917789349297399 0.1551415558557111 0
0.9913875380787245 0.1451734288154152 0
0.8446538946661297 0.008545897148423964 0
0.1150000283675439 0.4913908270400451 0
0.1108960819627767 0.4827411846885387 0
0.1010494886353921 0.4830112943531821 0
0.09517520605728952 0.4913949936925842 0
0.09055902507133351 0.4814678522997548 0
0.08000129370272729 0.4826790512171956 0
0.07500062984576789 0.4913389570407528 0
0.07000092203280583 0.4826786051593035 0
0.06000122209923936 0.4826787780668079 0
0.06450553627208622 0.4743194823934609 0
0.05488494599121452 0.4740888463171886 0
0.04998212368654198 0.4826899102945736 0
0.04498018637709539 0.4740319922962327 0
0.05014966870511711 0.4643834495208032 0
0.04000394403879176 0.4653589998179002 0
0.03500019634295776 0.4740203074707895 0
0.03000421790880681 0.4653588623251729 0
0.02529360146080545 0.4738511301176413 0
0.03500485770636447 0.4566992633378661 0
0.02543987434989459 0.455574493434712 0
0.07327622107926668 0.4744875001631486 0
0.90505091166642 0.008476917344473617 0
0.9109456999840508 0.01683553119068268 0
0.9915117077997884 0.1246672714798947 0
0.9832840553043805 0.1199279453924273 0
0.9826907423429188 0.1105989818665426 0
0.9912915542701399 0.1050420014773913 0
0.9826994565621492 0.1004075847907256 0
0.008660253909930471 0.3750000002215526 0
0.01661677889044649 0.3794255160413503 0
0.008902449335165319 0.3541729222932289 0
0.008673210713064816 0.1350068775764677 0
0.01737530978308316 0.1295454517436868 0
0.01748971910205827 0.1195216327882935 0
0.01757377611178196 0.1400432848921997 0
0.02659418979478284 0.1438551741200189 0
0.008675387367853837 0.1149432006253601 0
0.01732046392645337 0.1100010153302368 0
0.9913338451847331 0.3649897906772824 0
0.982890349940351 0.3701641358177423 0
0.9827901669580734 0.3800269892330728 0
0.9831950308929724 0.3603461152471802 0
0.9820292124992118 0.3493316520894572 0
0.9916912774822559 0.3444545878369344 0
0.9913875230844453 0.3850017290255506 0
0.9832864869539046 0.3899046073398277 0
0.9731307803126482 0.3859913053225544 0
0.8649999998024944 0.4913397460761851 0
0.1349999998869627 0.008660253972581661 0
0.1300001345080194 0.01718156097881468 0
0.1200008861063098 0.01729657025250894 0
0.124184449537988 0.02714727443512574 0
0.1140280969237316 0.02558621603410283 0
0.1101069854296787 0.01702347547504748 0
0.1394833192414956 0.01666332565245837 0
0.9250000000104777 0.008240601190164953 0
0.8849999999486806 0.491813103804285 0
0.008660254021225777 0.0949999999712165 0
0.904657034219511 0.4907557267379197 0
0.9183126608581975 0.4825342539980924 0
0.9252222799015257 0.4895254235697887 0
0.09532313976100698 0.00867933094080961 0
0.9912864720520171 0.08457600759660683 0
0.008248189258029115 0.07534663812040429 0
0.01843596667305786 0.07921877099935407 0
0.07511267769313623 0.008000941145602736 0
0.0711147920553809 0.01686582712692825 0
0.9914206299328039 0.05500149953312838 0
0.983447104973425 0.05988368839834418 0
0.9827666824669015 0.05007386085324875 0
0.9915656991041839 0.04532682132497387 0
0.008659002114927261 0.4450020368639923 0
0.01731879763385813 0.4400025946881233 0
0.01704748321038896 0.4497805927790524 0
0.02580466598365005 0.4447442193050688 0
0.02546482231963643 0.4352746918116999 0
0.01701568236060064 0.4302708915094041 0
0.008660446194776072 0.4549996671017779 0
0.05499737722472836 0.4913407489610626 0
0.04499723312594112 0.4913411024688475 0
0.05519376260552883 0.008874888734091257 0
0.04493600394591418 0.007977378604081931 0
0.9449999999955643 0.4913397459647171 0
0.955389401899958 0.4919097644751697 0
0.009228155032980412 0.4760388069202319 0
0.02508330552323684 0.4913861841968942 0
0.9899227213734902 0.02502637634358362 0
0.0249999999999258 0.008660254037800852 0
0.02006437848086001 0.01728326142017017 0
0.009210053206999969 0.01628875337986863 0
0.01500000000089974 0.02598055179123893 0
0.02613986981060779 0.02645379269042278 0
0.02999961185276551 0.01732073216773386 0
0.9913678197714344 0.4750126299227938 0
0.9826794919247408 0.4800000000000001 0
0.9837059145206164 0.4907991439577917 0
0.9748241200975987 0.4853451201065657 0
0.9733855969315337 0.4748853134130218 0
0.5146633507065997 0.2274884297170799 0
0.5024547949391061 0.2394890574176593 0
0.0997881170137459 0.1476360302009692 0
0.9201392199662071 0.2111285015281031 0
0.132352393451465 0.09681049844920125 0
0.5224656923058026 0.1989229726232551 0
0.5250510308723755 0.1894234731967863 0
0.5345587538014223 0.186929075821862 0
0.5155389297041729 0.1919088697519652 0
0.5414877785665039 0.1939376573782317 0
0.5060262151151876 0.1943905652923019 0
0.2698176060948994 0.2470602812767483 0
0.0776908599081832 0.2604901931685459 0
0.8752957159163655 0.2764562138096279 0
0.8980508945779437 0.3241585634214184 0
0.9375189195706892 0.3764652476172373 0
0.02062488769023646 0.4651857992485627 0
0.05071762395253826 0.09769896288802127 0
0.9287689244083328 0.3429657915627821 0
0.9079176435212053 0.1249007020012998 0
0.9237600869324307 0.06706556754293369 0
0.03006427602368705 0.4826584956429871 0
0.1399923742959939 0.2621358023683784 0
0.01864024912367346 0.4819859903015825 0
0.115027895846164 0.00858815891270312 0
0.1230061822009543 0.4541917355244413 0
0.09040045258305768 0.05459320702315965 0
0.09753700600858795 0.06159420392943038 0
0.9094351414788917 0.348012252507732 0
0.7518292030526168 0.04119457016265077 0
0.2745233168850758 0.4227681287873077 0
0.07643968447486099 0.03986198211958303 0
0.850699473702224 0.300733076699663 0
0.8903366353333055 0.1563578049832361 0
0.9421927923822995 0.09803978125306512 0
0.05718176881339809 0.04374600153872105 0
0.5093560240155258 0.2465642785797265 0
0.4929752168882111 0.2419894544243502 0
0.6643338500150681 0.2947038402652629 0
0.5240133867620409 0.3222659985770633 0
0.9532937413736995 0.4169054649639107 0
0.107113287719181 0.05915567276050701 0
0.1045411187895136 0.06866425535206208 0
0.09490011130655557 0.07060696895439653 0
0.9682445657725305 0.3952832304743535 0
0.9654384335256863 0.3788900594850434 0
0.4679957283170826 0.2043588619363213 0
0.7823443082760297 0.3520962877181827 0
0.5605249181824129 0.1889529566194363 0
0.563118607888993 0.1794593151089798 0
0.5536058903759112 0.1819568317890335 0
0.5440712226997552 0.1844379202497882 0
0.8480547140926249 0.3103503203660131 0
0.869142791092826 0.4276464926528684 0
0.8716726715742038 0.4181263752068571 0
0.3411288354932374 0.3435952830710038 0
0.02683301300426494 0.08634872133979413 0
0.3130311980599985 0.05904901798132195 0
0.9593853026800669 0.4593505803182248 0
0.5276303447582629 0.1799177360022862 0
0.9629370853753059 0.02051682563024709 0
0.03303353699600248 0.2274433132174073 0
0.1062743284516035 0.09360557027228422 0
0.5413446898084204 0.2913429994184676 0
0.9483863381553683 0.0427195882488326 0
0.8639181752900666 0.2526328812501951 0
0.9479538760345136 0.4356079207167696 0
0.3880362615762377 0.3667184609952149 0
0.4689122111364253 0.1687794911488696 0
0.09236940080841766 0.435414044224 0
0.7436194809482933 0.460363108685178 0
0.6930171979464587 0.3844811459285276 0
0.07786844175092344 0.1621357605035486 0
0.9444103083564526 0.4811520629467713 0
0.04604181801002732 0.2776788661600056 0
0.9138669388923553 0.4610036128829025 0
0.03147123226022913 0.04166439846248049 0
0.05835761213005869 0.2655345974550015 0
0.6185457178934424 0.138509121841669 0
0.1064613495034631 0.03255737431827185 0
0.8113176734602567 0.2485467623347642 0
0.9330712604199818 0.4572932248107086 0
0.7725909060888725 0.4528190901830126 0
0.1843998104632391 0.03906177218443235 0
0.9323409944903291 0.2973215257745408 0
0.1644046366898326 0.434478960356627 0
0.04431662857592494 0.1530132468109596 0
0.8902332735470229 0.4489501667562275 0
0.03359637044420649 0.3882048659082497 0
0.04264820719774065 0.4487798990429087 0
0.2482220757832104 0.1647571188932506 0
0.0951404967344916 0.3274009877780232 0
0.1118093520378413 0.3319715122053505 0
0.5050054359692671 0.3272246393258815 0
0.1013705199683825 0.2721839112323006 0
0.9597957492274709 0.06658290055166133 0
0.1252901863532988 0.08966557999888808 0
0.9008191112625172 0.2161814600351145 0
0.9712061078603222 0.09044424672402915 0
0.07161478701947466 0.2174010149323614 0
0.04222186684631696 0.06536709300371962 0
0.5466412872844517 0.1749351156365176 0
0.1880712274506792 0.3477862021894396 0
0.1468373919130895 0.3674617820889589 0
0.6029534699745708 0.09848190653531136 0
0.1114467368820625 0.07554511125987204 0
0.1450481568114092 0.4394442228023176 0
0.05600025508002721 0.07935854198573844 0
0.2209111277675918 0.1975865987025847 0
0.07143991404498828 0.05838170848380353 0
0.6959552793860994 0.1802223125073758 0
0.3428221738908397 0.3696902286508273 0
0.7855989997654669 0.3076403395793775 0
0.5086127290473271 0.1848885765195735 0
0.5672721176230686 0.2933180817880067 0
0.5326129081841219 0.3552147923154337 0
0.7379191407224543 0.1249195924328006 0
0.8060960975464804 0.07108070517275544 0
0.06915189226836854 0.1286467211971987 0
0.3080966240000255 0.3347541961346652 0
0.3176851907253586 0.3322237968219513 0
0.114453970843606 0.3223561905030241 0
0.8275969594616133 0.3502103990655134 0
0.7995849535175943 0.3218223038869223 0
0.03556960202776455 0.4142356598954799 0
0.09408813043212072 0.4617213265993914 0
0.9524867746351533 0.3546693258282402 0
0.7683396395683282 0.3379272789084302 0
0.1273103648199894 0.1149212521409055 0
0.8665160659409399 0.4372621664178135 0
0.8324614934078598 0.1716164352671233 0
0.8921273362281641 0.4750691038227888 0
0.118709060755196 0.4374683455226587 0
0.03577703189698339 0.1196575496581695 0
0.9165759948993923 0.2567453887962152 0
0.08976110168882456 0.01768066511593819 0
0.9348580907197501 0.386096588494952 0
0.8135873349870117 0.3360134921168676 0
0.9342691033562656 0.1269530226298853 0
0.969679622089155 0.1265524007467965 0
0.5475637350603996 0.1394379122379029 0
0.8981669383025808 0.02871341370144359 0
0.588231143523948 0.1199727433626093 0
0.9663097885711032 0.4666353082296638 0
0.734114453301868 0.07203411057185335 0
0.1132918579259788 0.1007018493032073 0
0.6379972281766855 0.390214760379494 0
0.0400041115367768 0.4826801542316665 0
0.0950186820127264 0.4257790954488555 0
0.8709115007300219 0.3575169036359552 0
0.9683148850812455 0.2967843702350768 0
0.8556524020056242 0.378593506427009 0
0.06007517351108438 0.2918663843698698 0
0.9228667861271782 0.1031060204070725 0
0.9437332383461903 0.321173455640957 0
0.5795517373203283 0.1839754341781137 0
0.01967789462780933 0.2756277867070195 0
0.06880536601435672 0.3253382209696659 0
0.02593674824506464 0.3185411985666229 0
0.9253220983845822 0.2902144124985961 0
0.8350865986016704 0.16194356973362 0
0.7439765162056543 0.1676816706104036 0
0.426481002838832 0.1622457872358676 0
0.9474012768829536 0.1771731678898646 0
0.8445399252648924 0.451942549951566 0
0.8416121516147297 0.3644129811590429 0
0.7420654212566018 0.043303051790025 0
0.3027161355793121 0.3535792177981526 0
0.856879127088632 0.3432733579420674 0
0.8041709203782053 0.435663812225742 0
0.8428684702892912 0.3290680236283003 0
0.1731423157038771 0.3695237943825649 0
0.5499404213019966 0.324299128890808 0
0.9456685110854102 0.150799292276971 0
0.4932350466575653 0.1444151202481679 0
0.5136565843655644 0.3601902827663457 0
0.04886083687168369 0.1696912191703172 0
0.7404360239134975 0.2130379054387436 0
0.9315303578424792 0.2349693682610468 0
0.8682480779822661 0.4636402567026794 0
0.9095609771710744 0.2496407622278245 0
0.8287753064790437 0.4113678870918382 0
0.4895905484179492 0.18985287737627 0
0.9491318259160386 0.203547921576745 0
0.04073871436874127 0.296901669305692 0
0.655235017248162 0.4566259801068453 0
0.02691160893717343 0.1846000493527655 0
0.4673759585232434 0.1424045131264598 0
0.4859783680285889 0.3321938546491434 0
0.05664566947949129 0.2391688499540115 0
0.912205808332706 0.2400132803395728 0
0.2069230475032452 0.1834023284485523 0
0.2161612267586167 0.2779672197009447 0
0.8288659174380359 0.3148762277499194 0
0.1032531107932372 0.200225189682127 0
0.07862750044486944 0.2245090458228117 0
0.9715405994688291 0.1894737435103662 0
0.9316925835680787 0.03814814752687767 0
0.7333465006296638 0.30264325056234 0
0.5336599506869507 0.222510687191202 0
0.7798538925086157 0.1673447898881947 0
0.9678454557388065 0.2340747934124252 0
0.879829241420208 0.09647786625043336 0
0.02128131994951066 0.3377216940640299 0
0.0602373734929566 0.1935504426832762 0
0.828078786611377 0.1548345376617211 0
0.9694691607087619 0.06405328702870258 0
0.03465464368097748 0.2538366570793938 0
0.8938045574140334 0.2090820734988224 0
0.1430205268777757 0.1552227350066544 0
0.4334054114695696 0.1692877728990006 0
0.3881153171628224 0.2694945962832319 0
0.07597635161199778 0.2341352033752138 0
0.8726497417570322 0.2860755699133544 0
0.1929406328865177 0.1692376199334921 0
0.2027357424211154 0.1670111919266249 0
0.8824193592946723 0.1852624956995087 0
0.06178937427347247 0.3182302780227705 0
0.1650368807898184 0.1407827437076316 0
0.8193239924887912 0.1214237696672889 0
0.1220602700505175 0.03765188480575687 0
0.1317228083606137 0.03475728423065058 0
0.8008479931350256 0.2865139504611662 0
0.8701647313875209 0.09900344623713431 0
0.2620031841510151 0.1787389595327124 0
0.7947919029862669 0.1456994784995976 0
0.8148575607462694 0.3006874235393522 0
0.1789850970441386 0.1550143436503024 0
0.1568389310967294 0.1692721334802759 0
0.1413673693382819 0.1290902160288751 0
0.2309708966394502 0.3544090840804671 0
0.08735109359914967 0.2579727479259106 0
0.3219254232936233 0.3485810940320225 0
0.5603560893329628 0.2862955181183005 0
0.09624541760622901 0.1931125752805886 0
0.2759418307470224 0.1928425117192439 0
0.6811043435679394 0.2018956307624264 0
0.1160694756880294 0.4471079202757019 0
0.1790916973410528 0.05823675053545449 0
0.1222447123989276 0.3917467212867608 0
0.5697052199597461 0.380722054949199 0
0.1469923699284453 0.2692340562667185 0
0.1571375096290937 0.07290966912213287 0
0.8324180140446118 0.07312543664873314 0
0.6324203095446904 0.1525408330995749 0
0.7956492027071476 0.1097143474667685 0
0.871034025122617 0.1614506202643102 0
0.2292242081666611 0.3280215101120538 0
0.1870185351329126 0.1274444235556865 0
0.15228859116559 0.2500206135054596 0
0.7264342650424365 0.100953165099368 0
0.1554051250787888 0.04655708137476031 0
0.8570036408788546 0.1472192448827759 0
0.7515621828389591 0.4315183730801651 0
0.7638446817634617 0.4193939147722661 0
0.3962133047487391 0.1437523744678547 0
0.7078707836585433 0.06999566370131322 0
0.4247322315110517 0.2334554716975314 0
0.71079629310757 0.1585843101106025 0
0.4705805742602963 0.1948573847380844 0
0.7544058943312822 0.2271765697496477 0
0.8261329481460646 0.4209927392654905 0
0.1485556615896549 0.3938032247077563 0
0.1715344566929698 0.02434274131609648 0
0.8288740722733992 0.2171738773231233 0
0.3822970834489355 0.2273190874061568 0
0.9464862192083772 0.2131821318425041 0
0.2134475275393753 0.3857518701235255 0
0.838438896885652 0.4088397335306417 0
0.3524022942888012 0.3671855343261662 0
0.9439350610282804 0.1244245024038304 0
0.9621590378140195 0.3521464242794115 0
0.7657187977512698 0.2509705413059121 0
0.9255055421635956 0.09346170819364108 0
0.218149648938117 0.4641476643530199 0
0.1494839962806181 0.3578462305753622 0
0.4446284565456726 0.1928057092820664 0
0.4515486591657996 0.1998168267746789 0
0.8033078157798892 0.4718669526462304 0
0.7857827661995092 0.4047452137462276 0
0.05056871179525385 0.1960694691143055 0
0.7553154661757215 0.1913769064439563 0
0.8418848628093087 0.4615600538857603 0
0.2771736825177959 0.05947329736781656 0
0.2360602417108251 0.07906671913563201 0
0.5527022295341977 0.217450267487899 0
0.3897374546439718 0.3927817432798328 0
0.1360771869076106 0.05156412108077565 0
0.323660843894372 0.3746949500909737 0
0.3398662255537516 0.1230993739499641 0
0.914985767604489 0.03372943141132745 0
0.1810762677486749 0.3406949505616649 0
0.7778524375388827 0.4335941207329749 0
0.276781732609191 0.2541276892395511 0
0.7727403339173753 0.06194110069132985 0
0.2141479383732227 0.09370879118227712 0
0.4713297247980542 0.2564438510866377 0
0.6114103303888438 0.3260157570078951 0
0.9507531083767304 0.3282845075474388 0
0.6657810727064339 0.4183618936773379 0
0.6518782870425331 0.4042728320599031 0
0.1214631849601752 0.3294519051075993 0
0.5717147322282967 0.212471121646114 0
0.2776235383986768 0.3159865599248524 0
0.9604257934083296 0.3257589751101649 0
0.1989493177796861 0.4689525815883684 0
0.7673082518470119 0.472076537026927 0
0.558531775615964 0.3572524963039485 0
0.8654974728797433 0.4732984638540052 0
0.2619160675527193 0.2757273440750094 0
0.2054048136488502 0.06029589315161374 0
0.8340638028996155 0.3921179032490293 0
0.3203091910490002 0.3226667021600664 0
0.6428632003363196 0.1144793429172153 0
0.04181479245633185 0.1625871866115002 0
0.08800026172984526 0.4186686458101097 0
0.5889305196925609 0.2788353204011779 0
0.09559187995908414 0.131154600382591 0
0.2115130872788377 0.1033170570848788 0
0.7247435627542621 0.1727069253257295 0
0.9553352567282347 0.148272025930039 0
0.7334557357392502 0.2059696430770446 0
0.3504993558119038 0.08480664616574191 0
0.4209387195354667 0.375807228950419 0
0.2466964243819663 0.39488724036907 0
0.6293974276881527 0.3571531983688085 0
0.7217577768729073 0.474881317054539 0
0.7366199534133744 0.4532664562411047 0
0.2474699700463971 0.4565325882367079 0
0.9088196847088784 0.08889611050269805 0
0.418668802868717 0.190792712835902 0
0.2762794010290768 0.09529909760315741 0
0.956851754781245 0.1748590518272028 0
0.5691939580275388 0.124933223285269 0
0.6861620488364302 0.2803698813889441 0
0.4523208364530126 0.261402020698649 0
0.2203457523251766 0.03852729480640602 0
0.2300059880380065 0.03601872912511139 0
0.7063485111869572 0.2397022314243819 0
0.7454874542001612 0.3885209175529694 0
0.2880820287106027 0.2777986468904253 0
0.3007852237471138 0.4247989593582291 0
0.3953766234266087 0.1793193194649899 0
0.4271897000725032 0.3210800884765831 0
0.2280054200725244 0.4615845056469132 0
0.2465265432320997 0.1386554170658682 0
0.7182706527330496 0.4223669043783765 0
0.946578577041133 0.1147884557632314 0
0.7133212244110984 0.2467943251358469 0
0.26595472828575 0.3898459067803584 0
0.9687115419302015 0.3591177138859316 0
0.7360861557617333 0.1963939570391523 0
0.7954370165003128 0.4022196045886587 0
0.7038211494838262 0.1515351130809573 0
0.0249842278329111 0.2563574597574043 0
0.8920739911807163 0.182737956043959 0
0.5664374266152823 0.2316013715314622 0
0.6452623674446303 0.2993999780038178 0
0.7235854780365504 0.4031402007225836 0
0.155587534948488 0.4009239701916694 0
0.4081222663223097 0.3260509894070642 0
0.09144482947443067 0.4714345017719496 0
0.2272838677635293 0.1436834123539458 0
0.8436731079734066 0.3896389011465751 0
0.2851976852965086 0.3848075155704834 0
0.6410930022020516 0.1856309341983001 0
0.1030844626709487 0.2985289459874824 0
0.04793046585144978 0.205701702135785 0
0.9017968199042754 0.08178905777124501 0
0.3044169548058699 0.3797437853583236 0
0.9631447689742343 0.3160626953738856 0
0.1439714088137806 0.1197846807960598 0
0.3418676380493587 0.05156486938250476 0
0.254408517792498 0.1099063625256028 0
0.2623205439942268 0.08112827452009691 0
0.2719419335094425 0.07863331953472721 0
0.2657875596786611 0.03569313560425647 0
0.9192205451782678 0.2471196387716917 0
0.9349863197516586 0.2876885966145725 0
0.1474799895397877 0.07543552189008224 0
0.8893185143659379 0.2906663571036959 0
0.2920609065951307 0.03779517353732104 0
0.6279837011377682 0.2332323537463072 0
0.5525474704849817 0.3148201417652316 0
0.3226505334093502 0.05655769758894344 0
0.3060513196518128 0.05198307620831122 0
0.6674938685445786 0.4445298186002009 0
0.8841972516076635 0.1132087748256409 0
0.5656814265427135 0.1699630525228056 0
0.2736339746673386 0.4587163874498447 0
0.389296162832409 0.1367173940522451 0
0.8420811704839617 0.07059591766264328 0
0.9034614733585127 0.206557120902473 0
0.3257866779779869 0.2066068438455339 0
0.2854521169302339 0.2873717570585683 0
0.1057329436157533 0.2889064017466124 0
0.7779878791067265 0.2389964712982837 0
0.6279740174964117 0.3309877570488886 0
0.2794151340690153 0.2445659179314965 0
0.7009009685456784 0.3557226993459093 0
0.949219496471075 0.1051534427814713 0
0.6869858355764319 0.3415911941233719 0
0.2929073657146197 0.4536360027076665 0
0.1714277194843806 0.3432072251498716 0
0.8252085450652216 0.4569823400566145 0
0.6587811143433151 0.01890280750956505 0
0.3863966095302204 0.3405518911731243 0
0.2945788226275001 0.1260508454322821 0
0.9008934824867509 0.1177924032542312 0
0.9622522888797684 0.1550032172889841 0
0.2858894280943084 0.0927946481597019 0
0.2979765147264304 0.1785056932914431 0
0.07832693775238286 0.4211856237897584 0
0.7910649023766757 0.385514555503053 0
0.3650009399900596 0.1608218130936078 0
0.3392768515066117 0.4148281457337721 0
0.904432903746004 0.07212955718449002 0
0.2379614430326939 0.3614874960125407 0
0.6910578770856259 0.4561976519798033 0
0.6541369628016136 0.1380446645372356 0
0.6418633228618634 0.2472685880169488 0
0.3121624940001106 0.4485845058331226 0
0.3697611391699772 0.4334567336381834 0
0.3163907847114004 0.1114899985716079 0
0.3125152374560186 0.2536974936782896 0
0.8823072299717325 0.2835602401963138 0
0.03478684737886673 0.1561836690775423 0
0.3190303500343714 0.1019324846207599 0
0.7542024419346949 0.4219080212875605 0
0.3541253689362694 0.3932438940050088 0
0.7173206274406914 0.4582855239182785 0
0.1434083335588964 0.3147975790678312 0
0.8111832056450958 0.4427691726251034 0
0.673061144995714 0.3275060274552176 0
0.9017272690680962 0.1802135276170548 0
0.9535062117447966 0.2202904903963866 0
0.1957544000271384 0.06281885247143251 0
0.7148713330083655 0.3698396294785947 0
0.6310652093253427 0.383192905984337 0
0.3310438209742197 0.4810497381257734 0
0.3563515903880927 0.1276638773134709 0
0.7551256895294627 0.3859969301334796 0
0.2911547406314186 0.07363574373656817 0
0.1583473201006256 0.2930330612040771 0
0.3180930114325055 0.1376403520714684 0
0.06896477139222573 0.2270275452232629 0
0.8936906871530869 0.3074081573611627 0
0.6211514522784742 0.1290023598944212 0
0.1897888210300013 0.3740976005610412 0
0.3107761138921717 0.2276800780033323 0
0.8007293913040019 0.3829780171014071 0
0.9131200440874854 0.204031443552807 0
0.1922303840978981 0.1083653238782016 0
0.9306058285635557 0.2709543987730847 0
0.8253169016400145 0.2627309393406341 0
0.3151442668347696 0.2441519322872671 0
0.3627953737351054 0.4264127602631923 0
0.659137384901356 0.3134619769719869 0
0.366354082661567 0.0272160441855189 0
0.3992885215454043 0.3902746815238365 0
0.6359148293732604 0.107476294123572 0
0.06615787384238336 0.3349675923725791 0
0.7339546233308902 0.4628620168346924 0
0.2317095274421501 0.06235433836367921 0
0.1404605153072881 0.06833372721672268 0
0.2993893468564002 0.3014759512918604 0
0.139829482042673 0.3603591134472192 0
0.6764399432856899 0.3800715639884415 0
0.9157628589687801 0.1944013902589298 0
0.3500072100724946 0.4740824220361833 0
0.8550784096122943 0.3174236466244059 0
0.6893379813721828 0.4299549034391613 0
0.6624445854531025 0.3660845958264108 0
0.9632403409953814 0.2176547013760414 0
0.7086102572809371 0.4249131519401778 0
0.09421127444063437 0.3633663579063524 0
0.1799555369600215 0.1204870858137888 0
0.6410641573657444 0.4778548852704096 0
0.4160703153604929 0.2003049099044205 0
0.7061229768666224 0.04374441289266334 0
0.5984591887921709 0.2763444728095223 0
0.8596166777168346 0.1375224753593311 0
0.252249043293441 0.2780837302241161 0
0.6825050293062542 0.0321518392568225 0
0.627430271401023 0.4284253622682944 0
0.1871572472568557 0.3837188098107195 0
0.3235399463106662 0.02080956138139567 0
0.7010766863685092 0.2587979589101164 0
0.638625119319213 0.4520722928538771 0
0.5620644274764032 0.3123327573550037 0
0.07395833147648323 0.4044407194156768 0
0.05929953581278097 0.2295438736571589 0
0.8085380579999093 0.452395888291739 0
0.1487005021294233 0.2955436222443938 0
0.3663106050701714 0.3812445754844164 0
0.111193235500229 0.1713716158203482 0
0.3507053594833708 0.341086834325832 0
0.2924231108337824 0.2944277370006787 0
0.05649160802047787 0.3374955259719919 0
0.4202691073488146 0.3140699758986087 0
0.1334425087479593 0.06121993142595436 0
0.3559468467632589 0.3220202327620615 0
0.7160565021286982 0.13952798001506 0
0.189914950163263 0.2758966345356277 0
0.2488945404466532 0.2258465551678207 0
0.9710474233921043 0.2240386365640387 0
0.9776903044399643 0.2315818376619092 0
0.1426445934730518 0.2525320838115627 0
0.1670731124476699 0.3264975391731574 0
0.6027677729749388 0.2928479639524629 0
0.2413524932527601 0.05984242626231243 0
0.7963485828537461 0.3662791692211596 0
0.6767674346253248 0.1852436053472969 0
0.2447822919346624 0.1124301411967947 0
0.2779985426277389 0.1215103393197591 0
0.109310044248567 0.2433241666513641 0
0.2290605929491983 0.07197709372623051 0
0.7080721647207835 0.2659660010656305 0
0.8429824152809335 0.1330623285040591 0
0.09857688051922059 0.3801241769766199 0
0.2230173419725409 0.02898989918979555 0
0.1409407580812719 0.2262164787154914 0
0.1942074713632428 0.3908562002379988 0
0.2045068330838932 0.09623145160260091 0
0.09872477445975453 0.2817996397235555 0
0.7430652696348689 0.2034641606078484 0
0.5942536988971433 0.1625205103452086 0
0.5680439850147234 0.354775558411322 0
0.1146177321306777 0.224056282111516 0
0.8866741741419555 0.3002931661608877 0
0.1354724510605466 0.3436457225699807 0
0.8877386240385625 0.06756300493607711 0
0.1085563120424037 0.1809791772035854 0
0.1435912359885551 0.2166005841691357 0
0.1457442834882238 0.04907713817162962 0
0.3479803802600935 0.4480673533882409 0
0.5761047251413596 0.131953004232585 0
0.8647096170409705 0.31493257042131 0
0.8263180117381839 0.1284996175470844 0
0.250974068285032 0.05736084595643506 0
0.4669639037301376 0.337133888733813 0
0.815546205276821 0.4594989672881953 0
0.2724512754678741 0.2375008702692094 0
0.926234266664046 0.2542262479175023 0
0.5726212899748193 0.1769659453763557 0
0.1049578533418963 0.2265711689490318 0
0.7054676043619209 0.2752753293812522 0
0.8428910013694533 0.2313384661277539 0
0.06958829050045062 0.3876937447020943 0
0.4065632369424404 0.20290654781785 0
0.1295718655110843 0.2023245645074138 0
0.1759110674313021 0.2617140300901526 0
0.1802761746978344 0.2784084012505946 0
0.1152387828103799 0.3846499385453395 0
0.2753683011610466 0.1310815424475667 0
0.7209296690548175 0.4127536898452652 0
0.2876069750433869 0.1189968729393076 0
0.1258185903190176 0.3461573900448411 0
0.0522849233932296 0.2224314031677195 0
0.7507600689587545 0.3693132974201018 0
0.07455226206278659 0.1098115881967879 0
0.1887419768202097 0.05572054672012239 0
0.3296633099708006 0.4173113856105579 0
0.3610723619663211 0.4002860707039518 0
0.7243210644589639 0.4653614802841973 0
0.871059300544863 0.06300521476604479 0
0.4903548099847593 0.2515680113217307 0
0.09171467351984053 0.2746928622125445 0
0.2491548820709488 0.1290793424468357 0
0.4288656163144929 0.3470930189034492 0
0.4375612369947018 0.2829675017276828 0
0.9332497977645999 0.2613308226421394 0
0.1329937942325949 0.2550410885959234 0
0.7612054242165645 0.4290027819253893 0
0.709071516455329 0.1324104003306413 0
0.4107352368968773 0.3165565721425945 0
0.1418661435701521 0.190245251655029 0
0.6055540338959718 0.08898666493533847 0
0.4488050063932104 0.306491948202529 0
0.1882046770115892 0.2495531137497953 0
0.8385248813232746 0.2146253121692597 0
0.06521924934224488 0.3709477008447386 0
0.2256405967552921 0.01927098821223214 0
0.577522488095228 0.3523186389387053 0
0.8640376894843174 0.05589895341736389 0
0.6046097181627673 0.2215971303972089 0
0.08470849643856254 0.2675882750019871 0
0.1188143900357808 0.3390617822953441 0
0.9113850932600023 0.1776778989265932 0
0.6406182536439037 0.3807044266157116 0
0.04528130392759244 0.2153272364825494 0
0.194859671697123 0.09875733206049631 0
0.3409969121620885 0.4410110663267041 0
0.3081729566621684 0.2371228981132273 0
0.2305683846674876 0.1952419222190932 0
0.6454610999381932 0.1049317835457605 0
0.7157477332109874 0.04121795494665118 0
0.1099663036426947 0.4039563098972789 0
0.3444928761960767 0.04201760828130285 0
0.9140306440132622 0.1680386135309036 0
0.6884087427829519 0.465777002696198 0
0.2274620176353807 0.3017869009852288 0
0.8666653471057373 0.04624360323287624 0
0.2654850348158068 0.2304398720436771 0
0.6280887394110721 0.1360179843357892 0
0.2789153319776738 0.08571864305062404 0
0.3494247125915196 0.1206364954855333 0
0.9596089770034135 0.263372801417586 0
0.1387175836739253 0.04191979425923242 0
0.05570505280071131 0.2751520276744656 0
0.6053869252984029 0.283345672104052 0
0.116969225440572 0.4110691950991233 0
0.6480395442498545 0.1927513222936708 0
0.2834343649722519 0.3585793565079765 0
0.7682124649891876 0.4361029926018267 0
0.4418890903998253 0.2994835782437765 0
0.1259835611047597 0.2479246036544109 0
0.9622721933447973 0.2537351878429376 0
0.07504507677569366 0.2701066350087524 0
0.05305912679727431 0.2847715639670661 0
0.7911677726090625 0.1909687945878928 0
0.9718926223984428 0.2511241674550281 0
0.6989692285218658 0.4274361156693789 0
0.1913908989403342 0.04610266050959796 0
0.6829146347850357 0.1304148968229836 0
0.1460533599371093 0.3051667239978693 0
0.3286146814407573 0.09945010986340527 0
0.7982245632229169 0.1983163246624894 0
0.2558816269332659 0.2329369266582091 0
0.1336417612013793 0.415609636654894 0
0.8024615708525411 0.01787665957810092 0
0.06537659673633001 0.2726271944978277 0
0.6149372372348427 0.2808438915091428 0
0.7858841242800121 0.2101329475351668 0
0.8499817515757422 0.04170500406729549 0
0.8129425085748603 0.4690844857006648 0
0.8341411084850411 0.1979450956532768 0
0.03569436682081928 0.2178662131467294 0
0.6358561909266345 0.2047282527766485 0
0.0608613714734188 0.3542144298602406 0
0.3238194089682476 0.2773466949549942 0
0.4011940416034522 0.3190429406067813 0
0.7553713813163602 0.093433897504305 0
0.7473372683669629 0.3166930553376573 0
0.5646697333155684 0.3028326171801157 0
0.6428241227536875 0.2119102061617431 0
0.7500420530064957 0.2105361299825249 0
0.9402712251236716 0.2684320414666556 0
0.7999523839678422 0.2246859247095239 0
0.2515526613543995 0.216303810785567 0
0.507621986609244 0.3177530893645527 0
0.1940510146992767 0.0364157419715902 0
0.7973248879323271 0.234274419780721 0
0.608156493319818 0.07939740417251959 0
0.3638147673618859 0.2934476758123446 0
0.3520449559116733 0.1111081179906448 0
0.2962812467187981 0.1522287671791442 0
0.9499394966473476 0.2659063749058696 0
0.2815485652165747 0.07614243849767383 0
0.6350255093161733 0.143036645311657 0
0.6305977370102145 0.2237137766732596 0
0.8341815900567353 0.09955012130455873 0
0.5102181949369435 0.3082587520770089 0
0.7253864735141113 0.03871467173787765 0
0.7570307749555153 0.2176100127083681 0
0.7752200219534875 0.4432007450140125 0
0.3313914318052417 0.4435310120360487 0
0.8110291641583192 0.4782620654575094 0
0.1825736752701085 0.1108977791043403 0
0.6475504412462336 0.3877364995220458 0
0.391624343738562 0.3215361019433819 0
0.6175410145033118 0.2713377366859041 0
0.1091626464567452 0.3415806344444453 0
0.2106290353702636 0.1391776504562118 0
0.5033248180047275 0.3012469427322407 0
0.7125035835771951 0.4770839094036009 0
0.1870853801139596 0.0296856798377132 0
0.6557418087314895 0.2613855646170998 0
0.5059151037081596 0.2917432496396902 0
0.3568646346736781 0.2864088017221025 0
0.5821338779336146 0.1744929847854873 0
0.1065097404596917 0.3511983987505981 0
0.4990008534218635 0.2846921694349185 0
0.04339807584253941 0.2873009487231115 0
0.7822284943148594 0.450307930008056 0
0.2080715044699993 0.148603452208643 0
0.820982320336608 0.04926118917609768 0
0.3547018551075186 0.1015292175840558 0
0.3940829722539027 0.4093076773868052 0
0.6627466614751427 0.268684579002446 0
0.4349843075799996 0.2925095677356413 0
0.3847646488817048 0.4752370684486689 0
0.7640190161968073 0.2246849634934104 0
0.09685606214847364 0.3537386212621794 0
0.3406458732993637 0.1851891349975694 0
0.3312722140511734 0.08986699625791961 0
0.3287566649896686 0.4531076080310976 0
0.1012171320383407 0.3704649565704173 0
0.7350206694661734 0.03618314743338991 0
0.6504843295620277 0.2803816244032885 0
0.03374670029045951 0.2898227660807971 0
0.7795828858252504 0.4599234489972332 0
0.05118687269525551 0.3567408816729498 0
0.7710120285388206 0.2318123768802936 0
0.2445807225379391 0.2092277315764679 0
0.02421817389480191 0.2923751416496628 0
0.6547450159912553 0.2970241956708456 0
0.8043061743870323 0.0447275852286112 0
0.04152219601275525 0.3592734963476683 0
0.9749999999999999 0.008612822354311211 0
0.03888003688298974 0.3688839281087621 0
0.3403624434714309 0.2819083958372603 0
0.7769246488894674 0.4695025931640696 0
0.0297637429840979 0.3717763620470925 0
0.8367805262755192 0.1883476092026202 0
0.3768325120680914 0.3430765929106647 0
0.7912280584130044 0.0928656816640431 0
0.3348940391913607 0.0445174216096314 0
0.2395403506067399 0.131603628157172 0
0.6544930442632868 0.3947736185411861 0
0.3191404182789105 0.4556325885216714 0
0.641958398247598 0.1500474246759373 0
0.7446237198298832 0.03434097725552496 0
0.6707105305067468 0.1425066525427463 0
0.8394353652734814 0.178721746042648 0
0.2375919162480393 0.2021886856384091 0
0.7876284846533015 0.04014523588576757 0
0.5959889204424407 0.1885420117430809 0
0.774621326193057 0.08848510336535628 0
0.7742185980094674 0.4789268301869164 0
0.1986301457251266 0.3093022406526498 0
0.6733200516992551 0.1329694844708343 0
0.3567463519052826 0.3837259965244549 0
0.5933899965942282 0.1980155514230159 0
0.1365832748582864 0.2094657817542901 0
0.7712178088585222 0.03566498790076666 0
0.2299115442854744 0.1341209829766976 0
0.7248978773016868 0.4912802881159674 0
0.2745652579338131 0.0690618278646325 0
0.6515270139820544 0.1475483368833449 0
0.6072223188852923 0.2121001496351427 0
0.2653198400783635 0.009051866713585155 0
0.5690822295230515 0.2220214039073614 0
0.3095103130505616 0.4581583882977867 0
0.1126010626253401 0.3943039062909428 0
0.5890586822440247 0.181514033110592 0
0.2796999044339023 0.1477287895983893 0
0.6132267232816776 0.2548075976965543 0
0.7797451080194606 0.2652577454820337 0
0.5490794202163428 0.2626168894220539 0
0.3252779438532224 0.04701771925364703 0
0.2108404835157634 0.3953417735520661 0
0.3783569213914378 0.4671877613209815 0
0.2998753173863637 0.4606820815332062 0
0.5439298505520906 0.2817505790354075 0
0.7134156975068053 0.1490583748358157 0
0.6614291799297919 0.4018142751161708 0
0.2202709064130423 0.1366417138312013 0
0.267568683722275 0.06196624762872582 0
0.2770643574976775 0.1573250890194564 0
0.6877404093051621 0.4036980030286001 0
0.3581327946003354 0.1538563187056019 0
0.2274569823946879 0.3998818877573084 0
0.3497966100312955 0.3766996468661143 0
0.9000103002334108 0.01790790815609417 0
0.2335932937509593 0.3447280453075351 0
0.3253238486675055 0.4006724834706633 0
0.6611120166350942 0.1450357089358214 0
0.290261933403226 0.4632164568848784 0
0.2096722033062371 0.1741440908485824 0
0.3353978862576809 0.008751894654378312 0
0.3156797424475996 0.04951638668402092 0
0.008770990624257069 0.4251108042155867 0
0.2946697621592285 0.02822108310328889 0
0.2975767598795892 0.01784162647058221 0
0.2605738635436042 0.05487859723296304 0
0.6683728568891623 0.4088512912265631 0
0.7203894404517641 0.1561227141974584 0
0.3612158973908712 0.3029893927213207 0
0.6003004401791404 0.2050513910581288 0
0.3516634731645739 0.3055181995435688 0
0.3402119931272677 0.3791970480867429 0
0.4956045040307277 0.2323996291687384 0
0.3086890942218412 0.0424376332082177 0
0.2875986591116843 0.4727329038080456 0
0.7273600009162164 0.1631747608933727 0
0.6903791438746347 0.3941326988720131 0
0.3502095537670857 0.182780421930721 0
0.3490502794417034 0.3150315634234727 0
0.6480941693320301 0.09532220255322796 0
0.8289255363872385 0.1188736790146167 0
0.3306281962556159 0.3816993859653317 0
0.8874737587659749 0.3624132372613368 0
0.3417502495217619 0.1495559238933251 0
0.8315549455838249 0.1092276244238327 0
0.9085131659001249 0.3837563938607903 0
0.7886440657594206 0.1026127638345822 0
0.3016876408305224 0.03538016231153882 0
0.7369984357571364 0.1606874886983373 0
0.597074603879194 0.4095738162402883 0
0.546487030324311 0.2721071527411152 0
0.6320407294505814 0.3476256020593679 0
0.8350000000000006 0.008544318077595786 0
0.7466196782705492 0.158173896626349 0
0.9295710027128397 0.4050944635007772 0
0.3464173280031076 0.3245703665588895 0
0.6780267618524968 0.4063241217274052 0
0.214440314369765 0.4736484849428202 0
0.7562390779619875 0.1556523671190334 0
0.2536010616219319 0.04778935768866441 0
0.7631900396423263 0.1626983646127816 0
0.3437921958579064 0.3340884634760228 0
0.7728558342115548 0.1602411440805139 0
0.2562380922930139 0.03819972630263513 0
0.7771643806429941 0.1768442710047996 0
0.7411712583478597 0.0790841600380405 0
0.7508546930339862 0.07656723363314358 0
0.5182084388904619 0.1213961303357366 0
0.7868210520465879 0.1743939745381132 0
0.5149638085908518 0.1304384139393029 0
0.7938339801583161 0.181516335211845 0
0.2589038076567437 0.02863496612383912 0
0.5122773860067272 0.1398600215188188 0
0.898786539610243 0.4823899931067812 0
0.4834775423032269 0.2444686729465101 0
0.3342027078601101 0.3366208176167583 0
0.6930989716118281 0.0918169802819826 0
0.2616657657828285 0.01880322771309395 0
0.573307251530953 0.08059744317581838 0
0.6766961989186949 0.08752833877154068 0
0.1746855045805207 0.1387223173720294 0
0.1275418430819951 0.4699000883061834 0
0.3571466472037392 0.1898610245318845 0
0.6697091370090225 0.08034860723881082 0
0.5997347254819615 0.4001768769339685 0
0.3246109252507084 0.3391325421977017 0
0.6906774962386188 0.1018057473433087 0
0.6374714349118862 0.2308262005840972 0
0.672165896353879 0.07047333010951537 0
0.6444273792885151 0.2378576570963173 0
0.3150180469294357 0.341641878104975 0
0.5938975170990211 0.3571856881103028 0
0.6008591751139136 0.3645467887236358 0
0.6976137895546499 0.1086503254839932 0
0.588651702103237 0.3761502360746512 0
0.5896359083170629 0.3403982547386144 0
0.5765317098764615 0.3880037293464346 0
0.6513640929412442 0.2448876298806183 0
0.6557907910449472 0.06641298970476003 0
0.9746785004706371 0.24123704972543 0
0.7643831857178687 0.4909231571044567 0
0.4974185082247762 0.1608932408008835 0
0.3054177204194418 0.3441551139899385 0
0.6583629180236417 0.2519784426488472 0
0.6488039015031513 0.05921438546955088 0
0.3210034573775109 0.384164271383216 0
0.4253530576018719 0.1004532736733575 0
0.2958136217676932 0.346661397491916 0
0.7718540634412461 0.2934103019979159 0
0.01885090504709808 0.03432453031892765 0
0.4221651134484123 0.1456815921361491 0
0.2861079087173024 0.3491089454786651 0
0.3113703846672149 0.386643112826672 0
0.3641369951661991 0.1969210196931427 0
0.6512415448986731 0.04945719863868964 0
0.3017466298327191 0.3891392834669177 0
0.7851174137119279 0.4919818215064501 0
0.2921244952151325 0.3916574706051685 0
0.06001754798346826 0.4661067064238397 0
0.6349580532113288 0.0450696959768794 0
0.5869658251536275 0.3499442003643166 0
0.7928616406706919 0.2173966475666014 0
0.2825040996686092 0.3941795647686812 0
0.407280937787678 0.2645861246534453 0
0.2728763547242836 0.3967027029265375 0
0.4109172054736431 0.2195313685303367 0
0.08523245216824071 0.07270070896919062 0
0.2632454199872816 0.3992230596538636 0
0.6374301198775076 0.03524967005490967 0
0.5000654938093251 0.1515260072467099 0
0.008392485536517391 0.345 0
0.2536127565349706 0.4017423238546327 0
0.7401362031566555 0.01711533724801126 0
0.6149095235511991 0.4748172779411928 0
0.2439735619376057 0.4042590976831604 0
0.6573815030794066 0.287589606417264 0
0.4195424839174383 0.2526213242496944 0
0.6266543147754138 0.01001683509445803 0
0.3737100346233672 0.1942647988461458 0
0.6346571898600218 0.3381669208769209 0
0.9747252278901861 0.04457636198608678 0
0.3809973308278399 0.2625520104259151 0
0.2343771425966336 0.4067694740147809 0
0.8769676594316651 0.3998500834207852 0
0.0667672021791032 0.04136819740359129 0
0.7754242512959413 0.2486020417634025 0
0.4168585704291338 0.2620950054551265 0
0.4290500591152262 0.249974458895327 0
0.06984568721973961 0.03245745416425677 0
0.3741590200198802 0.2555531101800673 0
0.2004280256199392 0.4337654880424727 0
0.1932818413784123 0.4267606834754804 0
0.8980251306972016 0.4211777115008694 0
0.3552047340632772 0.2605938962098173 0
0.4004071587496096 0.2576683148868348 0
0.2722216588850429 0.3349089740878861 0
0.120278394452005 0.4831767605595484 0
0.6616983427479862 0.3041086424022266 0
0.3907738464689806 0.2601341596365055 0
0.2764761410929318 0.3515116156054664 0
0.9190793972114761 0.4425897545839924 0
0.9235071992168628 0.4596530287527285 0
0.2678935388322281 0.3182372826932414 0
0.9752081425962718 0.3036258412136953 0
0.3481498032307616 0.253350316633796 0
0.9202528897423352 0.4683068426630135 0
0.5009260290994926 0.1162030975388585 0
0.2637241684283577 0.3017385592989952 0
0.6686092242497816 0.3111604605717138 0
0.3673297904753579 0.2485965767034684 0
0.7297509970945819 0.348256125722193 0
0.2439581660970366 0.3065110042021644 0
0.3561504937958354 0.2251032514965703 0
0.2370582665159615 0.2994328852566716 0
0.6755549958857392 0.3181944605003956 0
0.7183050750542399 0.3248552092340815 0
0.3465303366104485 0.2274317392549054 0
0.7824832828960369 0.2558101810515637 0
0.3834710245538722 0.1913523548935836 0
0.786789999902835 0.2723512965726461 0
0.7965804666013392 0.2700385868948902 0
0.6825062061147429 0.3252345280066362 0
0.8035908559650298 0.2771315224948126 0
0.9078239263212198 0.02629203087227772 0
0.3396500253253695 0.2204403989362221 0
0.3300002801601228 0.2228237403124324 0
0.8106542769248976 0.2842173755713535 0
0.6904565006610914 0.2967562258996289 0
0.8176201984830956 0.2913110296105059 0
0.6894670134107028 0.3322859992665403 0
0.8246642911792328 0.2984034394567557 0
0.247854626056508 0.2613875984163611 0
0.6930964269430973 0.2871848023456634 0
0.8316324113069526 0.3055013346747415 0
0.199781474563006 0.01721651016326989 0
0.2381445423033429 0.2636432174484128 0
0.8386785524444393 0.3125964471169651 0
0.3231292656613359 0.2158973410357414 0
0.8456029493184967 0.3196922863159578 0
0.4922568997364693 0.3744572429564716 0
0.7642600645941082 0.02867675495120145 0
0.6964267756855225 0.3393409984809502 0
0.2340873540917404 0.2472052679657309 0
0.8526494642149773 0.3267800864630231 0
0.2269301139168977 0.2401239411640076 0
0.2538477371912221 0.3041053495425573 0
0.02595535455768655 0.3815416680000248 0
0.7034439494625854 0.3464117722715149 0
0.8353390376716837 0.4909078148894539 0
0.7697916824124276 0.01750255932100536 0
0.2171950430544736 0.2423766669771106 0
0.3134326213457799 0.2183560807742768 0
0.385874013344763 0.1819925372576454 0
0.8595968634191776 0.3339005355798962 0
0.02580234476533916 0.1341111324922277 0
0.7103483259909744 0.3534403291793461 0
0.8666550724699218 0.340997973149092 0
0.2317827369978101 0.4163554846250043 0
0.2290579846696494 0.4260024486996947 0
0.2195352937599891 0.4286587737146687 0
0.303553400668652 0.220765675047795 0
0.8736816757633001 0.3481443708686035 0
0.2168848334148307 0.438156595485687 0
0.2071575077952585 0.4407403674024763 0
0.9742939480841923 0.3749826032945224 0
0.2449999999999998 0.4917940565438508 0
0.8807023842239673 0.3552598491805238 0
0.7200540399999191 0.3509514993917023 0
0.2967845657766442 0.2137688276324954 0
0.2129214928824782 0.2259330669668363 0
0.1835309093845103 0.4292623436719128 0
0.2359187618247359 0.1766276537162257 0
0.8846210078797918 0.37180265969818 0
0.2031842388115575 0.2281756303789943 0
0.8918314627271091 0.3789034463131559 0
0.1809168653097644 0.4386395122790491 0
0.9015036719909651 0.37664281880451 0
0.9056615378483807 0.3931382107327944 0
0.1712904439862659 0.4411531226552412 0
0.01708258982639527 0.2004142810606262 0
0.1989437236915708 0.2117584974295736 0
0.9128811518630018 0.4002359563367872 0
0.1616424493582688 0.4436510654924875 0
0.2900714630179886 0.2067891945712109 0
0.9225580947055494 0.3979790266992751 0
0.2800813820336703 0.2091429420518349 0
0.1324369676802036 0.4515241559502137 0
0.1519674196214385 0.4461966111227741 0
0.1892025976761965 0.2139952288041171 0
0.9267145967728752 0.414477121397386 0
0.1422172583931045 0.4488404633827628 0
0.1299900487198108 0.4608751683008081 0
0.9339461107632654 0.4215516311460165 0
0.1849597912351844 0.1975812470470995 0
0.9435902119603239 0.4192412968615442 0
0.2730960125818949 0.2020919924286161 0
0.9703175424916759 0.4213300588363857 0
0.1752152508364707 0.1998112689618227 0
0.9505287012661204 0.4262237363764469 0
0.9602049752125323 0.4237399089992803 0
0.1709466662217131 0.183418521256215 0
0.2660613903440194 0.1950326991037823 0
0.1609322051510242 0.1856334031242891 0
0.6253968274354038 0.4913477085262425 0
0.2591413411112841 0.1879676039420097 0
0.1538378362444534 0.1785452332456053 0
0.2522689309991853 0.1809505597573417 0
0.02645163314293436 0.1231858037522392 0
0.6805070208400931 0.0170172476624364 0
0.01735746380558945 0.09036340473128587 0
0.2455305617455651 0.1740949277726352 0
0.9915892413009733 0.0150424932717777 0
0.01509527106535596 0.4918186319042581 0
0.555253943400673 0.09268694464007488 0
0.01432553855435165 0.2317906155336118 0
0.9829672565576164 0.4704984229653432 0
0.1469484480109881 0.1714176862810859 0
0.2849505598391159 0.4818819880500147 0
0.1656908285757532 0.008609913431816052 0
0.4876408149080301 0.3575998378249072 0
0.1301790539692342 0.1667577283061679 0
0.1233852023432908 0.1596595923741199 0
0.4013919924151235 0.06239372369610049 0
0.7062866363089098 0.008571586274767062 0
0.2331403365360915 0.1859058681778242 0
0.1403306447500575 0.1644336014371481 0
0.2232867864545995 0.188326880069017 0
0.6332580526762803 0.01832869086710315 0
0.1195859568377282 0.1432685713851435 0
0.2162770262936073 0.1812716804807077 0
0.7028399204702597 0.2845874380629136 0
0.1123329773054899 0.1361550480081264 0
0.2125762160133152 0.1649224638795262 0
0.1025979192148219 0.1382911004354521 0
0.0091954477393979 0.05659724877588646 0
0.09857326356836021 0.1219274795231796 0
0.9753580549501919 0.4373043531124076 0
0.7125412143147344 0.2821798077457501 0
0.09129752621102527 0.1148146547669671 0
0.5637473677539466 0.4127274029235382 0
0.0177292751935364 0.1879333038139223 0
0.9749314160256548 0.1787239419041625 0
0.08155370049278654 0.1169297214494409 0
0.008393881991148211 0.1547603228454725 0
0.07753648144275455 0.1005878953345445 0
0.7192853039186915 0.2889970906487647 0
0.07021494275462642 0.09350798901757573 0
0.7288615048808729 0.28652597559483 0
0.06025378747743632 0.09562237400560686 0
0.05523189405303902 0.01834900386671473 0
0.0531094092296906 0.08851680156200664 0
0.2052971666532633 0.1578787262848685 0
0.3890794981293261 0.03959488080485288 0
0.860920908223116 0.4827445586296729 0
0.0461451116825346 0.08142611509245129 0
0.2750000000000001 0.007935381511588402 0
0.6573286879803455 0.4824155536254133 0
0.2449308255124278 0.4657777552632396 0
0.8740690501406634 0.01743188700060525 0
0.03954550839240067 0.07452573949521274 0
0.02961824001651264 0.0770159394169993 0
0.02684243421858173 0.2202205396631038 0
0.1954345831250945 0.1600375316116374 0
0.1882192820162497 0.1529954507278117 0
0.1814189542113933 0.1458909033618235 0
0.1777244719672578 0.129544296855829 0
0.2147884664447161 0.007987870506216521 0
0.7482173426563715 0.2816240304063157 0
0.7385844041732287 0.284066679189982 0
0.1352004651010094 0.02542875205768588 0
0.7688451259849418 0.3025572165233294 0
0.7949999999999995 0.4921721573738451 0
0.765027719673181 0.2862954882588443 0
0.755281484528477 0.2885140640628033 0
0.7756804717657195 0.3096439547049901 0
0.1707265402689243 0.1224685609565584 0
0.7827543268487758 0.3167298113273633 0
0.9919434169064089 0.07476128676208704 0
0.7896720224562418 0.3238228623043855 0
0.6306361450473983 0.02796027847172605 0
0.1637380314994659 0.1153691684253365 0
0.7967515091973989 0.330911770039834 0
0.1567115830799473 0.1083187000431836 0
0.8036730908323584 0.3380101936611052 0
0.8107562895184781 0.3451032098011383 0
0.1003534484800671 0.01665283593153899 0
0.8176816439833785 0.3522042840690378 0
0.8247692953129617 0.3592995324499614 0
0.1365713067035338 0.1129335735903921 0
0.8316977054315793 0.3664053398757249 0
0.01788052950498936 0.2854819796224827 0
0.8387868037629959 0.3735018277057429 0
0.1466585515414082 0.1106246001125287 0
0.1294740819728032 0.1058622531663923 0
0.1224489275553575 0.09875972273481376 0
0.01680470082861768 0.321434057058283 0
0.8457008245228166 0.3805917271335281 0
0.9922915908116055 0.2347297229306043 0
0.1153492585251926 0.09166089547025821 0
0.1084993962305102 0.08459558995521957 0
0.8740961903845261 0.4090150545201816 0
0.8528492266149035 0.3876915736444939 0
0.1793204455129612 0.4745815396462224 0
0.8602976776397009 0.3947678792618353 0
0.08826025979065144 0.06356827985042995 0
0.8699416438362593 0.3927414617006841 0
0.01678876430884652 0.1005230806465874 0
0.09207860972837473 0.07984833707775282 0
0.8951583266863317 0.4303416087903316 0
0.4540588291300254 0.4028655552976503 0
0.8813830900271555 0.416102315488167 0
0.1017660479715615 0.07767780569854396 0
0.8910119474325231 0.4140707266700312 0
0.08141058022651282 0.05645227152674179 0
0.9164415742822956 0.4519455961211746 0
0.0741644983073026 0.04921337645521284 0
0.902448841815362 0.437430844456007 0
0.9120727654562175 0.4354172387844163 0
0.234871291265113 0.4921977087638409 0
0.2350984927266304 0.006769258039384329 0
0.008041235096429122 0.165484077014783 0
0.8274377974160143 0.4828077124913823 0
0.4036360920519971 0.4327730171613727 0
0.982279716719866 0.2747594414294763 0
0.1441003774163287 0.4742842105006734 0
0.03649280546838901 0.02358936904823894 0
0.310141311438615 0.4834661284275996 0
0.6455866836716999 0.008080229418486684 0
0.5816066674605991 0.4190146744254268 0
0.417874135302715 0.09334665395851996 0
0.9454269875297543 0.008796332494574316 0
0.3081845951707232 0.01703029952588719 0
0.7190755796794264 0.4837610294568248 0
0.3782501389840989 0.01695812897214566 0
0.9905158342830842 0.2824455005916781 0
0.9834439166949176 0.3994570197120926 0
0.4484585960108549 0.1124928822460888 0
0.5957209204261321 0.4180308732664587 0
0.01615411472250544 0.25993543332908 0
0.9346982154157368 0.4829166111767201 0
0.3479964203516631 0.4829895538608454 0
0.2256168751939073 0.4727740778175183 0
0.974654482304143 0.1057113425029796 0
0.1661061267927023 0.4906558081635795 0
0.3806974947372747 0.4839213190845315 0
0.8888966679189716 0.4838814002630297 0
0.8154805968585066 0.00802413278799724 0
0.992207991299334 0.3345876032758532 0
0.5957929309284133 0.06481164476283488 0
0.4082537647969925 0.07160615464831674 0
0.02635992068087256 0.4169748409900205 0
0.9819107399613372 0.1874165389986562 0
0.4951694053844944 0.3651086855447264 0
0.01623114183173285 0.3716975807544769 0
0.9822258890626372 0.0168367626094153 0
0.9753154076063597 0.3649044722511849 0
0.9920512550427676 0.4437676301223341 0
0.236028887663304 0.4678267225113776 0
0.3417801096340802 0.01679230425730971 0
0.2049868263015291 0.4751796857943944 0
0.8494238796929758 0.01644824297767594 0
0.9658304485783646 0.1727363612552739 0
0.4286176264950546 0.4083274357966229 0
0.4554698515519527 0.375918793325409 0
0.9833753591889409 0.210646481936237 0
0.01699839366444783 0.06351559868940421 0
0.5459231829460296 0.4032917946030641 0
0.9832026705208521 0.1392278480909966 0
0.9846115932503845 0.3003927985637463 0
0.0751276878127794 0.4659454825475839 0
0.9836123833347128 0.04087370130238621 0
0.7551937296992546 0.4934411795597883 0
0.7464573974787935 0.02524145812491768 0
0.2045367333083161 0.008145587182928626 0
0.229187769986443 0.4835625748575539 0
0.4779544638251368 0.3592776372060749 0
0.418613211062821 0.4291425506542259 0
0.9209564337867493 0.01569832394811987 0
0.08248528835762758 0.4733812179024385 0
0.107095707528209 0.4746721340169448 0
0.5312851173606975 0.3892541063260153 0
0.01679570156716131 0.357688381049533 0
0.5156526871402365 0.3944781546272449 0
0.5118262905497182 0.1144619634183067 0
0.2806262441539382 0.01530792433191047 0
0.4131296489375864 0.07855847124299495 0
0.9598050165653869 0.4840283716598991 0
0.6841433968287836 0.02413891373544502 0
0.1446624782979661 0.02382439262772129 0
0.9847341774533631 0.4606617027688693 0
0.1710139556247727 0.01529583956800831 0
0.5453277853931531 0.09661664737074183 0
0.4108279519713398 0.08651878743322244 0
0.9924359417154238 0.205331953127512 0
0.006609677052536955 0.02532418645301548 0
0.9749114806306847 0.4933947562815421 0
0.03353727458253758 0.44850088680727 0
0.9683825385951592 0.1623160813061806 0
0.01676582875331872 0.4724545447916451 0
0.9841329673803099 0.06922558076722476 0
0.2738696873796216 0.4931923502335645 0
0.9837610787213968 0.1290953794468539 0
0.4587606464225166 0.39130684280619 0
0.6856328833614093 0.4741180517256918 0
0.0253310111943984 0.4263331908558071 0
0.648112069597223 0.4841014754605668 0
0.6098142577664445 0.007776359169390457 0
0.713373638526192 0.01610557511830757 0
0.04334338880373118 0.4578303157336865 0
0.8858220588066646 0.007332186122058076 0
0.8523878399440212 0.4828176992930543 0
0.5714671303883657 0.09038696671202376 0
0.7800831029583437 0.4845799799209572 0
0.7781507355003858 0.01708774110922054 0
0.01622665688492919 0.4581048239470978 0
0.1061102853828444 0.02411634835996662 0
0.01522271987196516 0.3308957030917491 0
0.3398782346667331 0.484711951260219 0
0.07321616784106022 0.02491521120305207 0
0.5225363841809214 0.1125780965642748 0
0.03264641767109955 0.1388560099587804 0
0.01620189094470925 0.38802644824483 0
0.02370820291673537 0.1050696457934939 0
0.6502681045580977 0.01514328264245696 0
0.006453135166528068 0.295124856325568 0
0.8179086866248026 0.4844582301236874 0
0.1694552797109033 0.4746411281121458 0
0.9749651781634657 0.4278869337069043 0
0.3928733708263973 0.4925675558880016 0
0.3933100286790741 0.007289415584649878 0
0.6069759329168697 0.4927078711060446 0
0.3499933096368641 0.01513473673066854 0
0.4826857010355181 0.1232289291033783 0
0.1339528013895755 0.4759162238681918 0
0.8200918234498819 0.0149410395741312 0
0.0149247803135274 0.1700774077065549 0
0.2456532024865027 0.01632916422761105 0
0.7104498061416585 0.484910174673616 0
0.9763294472516886 0.3945492741147724 0
0.3009414326685865 0.4845504391600817 0
0.6968777154625247 0.02029616899476028 0
0.02383361672045964 0.204825730361391 0
0.3725482470396908 0.4840994601252343 0
0.9935656058398119 0.2649929280605046 0
0.3945923024164637 0.04594462947044442 0
0.04043423249739081 0.01536350578049428 0
0.006402989253007696 0.2340285881588796 0
0.9849636929399542 0.329623909137381 0
0.3171992625839698 0.01618579222541511 0
0.4684266753139369 0.3702536456183121 0
0.9550000000000008 0.006053504626202466 0
0.5828549635671609 0.08003042121376691 0
0.8799999999809875 0.4853354200274381 0
0.4367241090550066 0.4052908738361014 0
0.6186911977863493 0.4663574703683304 0
0.01522525552376147 0.2692189284368192 0
0.6141876955278434 0.4490887153889762 0
0.9926794919243109 0.007320508075689514 0
0.007320508075688015 0.4926794919243113 0
0.007320508075689403 0.00732050807569018 0
0.9926794919243118 0.4926794919243113 0
0.7850000000000004 0.005972850071316399 0
0.5784001924460018 0.4122636140044 0
0.5540154360001365 0.3997088108925481 0
0.975601019568251 0.09683304935458223 0
0.754737846499383 0.03329348061781748 0
0.195703915840163 0.4762727354454386 0
0.6963911647246059 0.483623717510959 0
0.9761249855780039 0.3559883077267791 0
0.8585844061106541 0.01545617593968304 0
0.180823809346666 0.02470333376877687 0
0.9843961314212269 0.03199329342748242 0
0.4612897615087994 0.3843420631718112 0
0.0152891488627801 0.07121726909810888 0
0.9927867527178813 0.2975062892198116 0
0.2193605106022228 0.01494553597600126 0
0.01478972051762145 0.03970744728615316 0
0.4095129861100485 0.4457641710766072 0
0.1475226753268943 0.01596265697636706 0
0.5370872793396082 0.1188006887757901 0
0.3901990837070273 0.03168128037983797 0
0.9297590418999071 0.01440730385327926 0
0.5419199548220406 0.1067482675582413 0
0.6400132991701658 0.4856972814501943 0
0.7446014230464271 0.4839829259377663 0
0.4492613217767419 0.1037320036914639 0
0.09788420196575937 0.4756559923594082 0
0.9510384644497096 0.4852887949696707 0
0.9929081244791871 0.4577165112769974 0
0.0620365454371708 0.01533067994842419 0
0.4664731971869128 0.1194547687423048 0
0.1158421703724472 0.03299878447544854 0
0.2897745888005899 0.01411337311099345 0
0.9860678222807195 0.2303140780866761 0
0.06741434384778544 0.4673103705126099 0
0.02264426640142408 0.3747594418674616 0
0.08014612579714758 0.01418744585408133 0
0.5999470488614421 0.05634468323973815 0
0.03234696192367986 0.4314499234102535 0
0.8099999994932485 0.4860405775297555 0
0.5630077071119893 0.09395629164188096 0
0.471712221436127 0.1154500101113739 0
0.6125226994076057 0.45919503074942 0
0.0285584082181724 0.1514457926835324 0
0.4003511675459815 0.05322351361194533 0
0.5216578345234077 0.3898038630056057 0
0.2649999999999997 0.4947827877484237 0
0.0268434364220172 0.03549130361287323 0
0.9772547967386584 0.1249813032069739 0
0.7708041804709029 0.4854818127794756 0
0.9766689809710447 0.06396454401102156 0
0.7210322208142859 0.01471279187986163 0
0.007008766516284903 0.2475940832499584 0
0.5939772230163046 0.430529730390533 0
0.9854830420576763 0.1601363065826187 0
0.01378028891118527 0.3399050061212786 0
0.4668036893646904 0.3916993258209938 0
0.05728870104636075 0.4589863479897887 0
0.0494679258432002 0.01403382820944851 0
0.12508862282734 0.4774264701481857 0
0.984762681606576 0.4385466840144339 0
0.6719673816892312 0.4849201785680858 0
0.1518870712512314 0.4931369962132247 0
0.8913509715638867 0.01476620427024078 0
0.844938134054031 0.4943587509720687 0
0.4474410762312396 0.4006597597866048 0
0.9675126234955724 0.4821406343783693 0
0.02267431365674633 0.2142836786646632 0
0.9167228752734808 0.4752783322095178 0
0.4240123781263155 0.4247706862982014 0
0.005264118887701674 0.394988681821992 0
$EndNodes
$Elements
21 11438 1 11438
0 1 15 1
1 1 
0 2 15 1
2 2 
0 3 15 1
3 3 
0 4 15 1
4 4 
0 5 15 1
5 5 
0 6 15 1
6 6 
0 7 15 1
7 7 
0 8 15 1
8 8 
0 11 15 1
9 9 
0 12 15 1
10 10 
1 1 1 40
11 1 11 
12 11 12 
13 12 13 
14 13 14 
15 14 15 
16 15 16 
17 16 17 
18 17 18 
19 18 19 
20 19 20 
21 20 21 
22 21 22 
23 22 23 
24 23 24 
25 24 25 
26 25 26 
27 26 27 
28 27 28 
29 28 29 
30 29 30 
31 30 31 
32 31 32 
33 32 33 
34 33 34 
35 34 35 
36 35 36 
37 36 37 
38 37 38 
39 38 39 
40 39 40 
41 40 41 
42 41 42 
43 42 43 
44 43 44 
45 44 45 
46 45 46 
47 46 47 
48 47 48 
49 48 49 
50 49 2 
1 2 1 40
51 3 50 
52 50 51 
53 51 52 
54 52 53 
55 53 54 
56 54 55 
57 55 56 
58 56 57 
59 57 58 
60 58 59 
61 59 60 
62 60 61 
63 61 62 
64 62 63 
65 63 64 
66 64 65 
67 65 66 
68 66 67 
69 67 68 
70 68 69 
71 69 70 
72 70 71 
73 71 72 
74 72 73 
75 73 74 
76 74 75 
77 75 76 
78 76 77 
79 77 78 
80 78 79 
81 79 80 
82 80 81 
83 81 82 
84 82 83 
85 83 84 
86 84 85 
87 85 86 
88 86 87 
89 87 88 
90 88 4 
1 3 1 50
91 4 89 
92 89 90 
93 90 91 
94 91 92 
95 92 93 
96 93 94 
97 94 95 
98 95 96 
99 96 97 
100 97 98 
101 98 99 
102 99 100 
103 100 101 
104 101 102 
105 102 103 
106 103 104 
107 104 105 
108 105 106 
109 106 107 
110 107 108 
111 108 109 
112 109 110 
113 110 111 
114 111 112 
115 112 113 
116 113 114 
117 114 115 
118 115 116 
119 116 117 
120 117 118 
121 118 119 
122 119 120 
123 120 121 
124 121 122 
125 122 123 
126 123 124 
127 124 125 
128 125 126 
129 126 127 
130 127 128 
131 128 129 
132 129 130 
133 130 131 
134 131 132 
135 132 133 
136 133 134 
137 134 135 
138 135 136 
139 136 137 
140 137 8 
1 4 1 40
141 8 138 
142 138 139 
143 139 140 
144 140 141 
145 141 142 
146 142 143 
147 143 144 
148 144 145 
149 145 146 
150 146 147 
151 147 148 
152 148 149 
153 149 150 
154 150 151 
155 151 152 
156 152 153 
157 153 154 
158 154 155 
159 155 156 
160 156 157 
161 157 158 
162 158 159 
163 159 160 
164 160 161 
165 161 162 
166 162 163 
167 163 164 
168 164 165 
169 165 166 
170 166 167 
171 167 168 
172 168 169 
173 169 170 
174 170 171 
175 171 172 
176 172 173 
177 173 174 
178 174 175 
179 175 176 
180 176 7 
1 5 1 40
181 6 177 
182 177 178 
183 178 179 
184 179 180 
185 180 181 
186 181 182 
187 182 183 
188 183 184 
189 184 185 
190 185 186 
191 186 187 
192 187 188 
193 188 189 
194 189 190 
195 190 191 
196 191 192 
197 192 193 
198 193 194 
199 194 195 
200 195 196 
201 196 197 
202 197 198 
203 198 199 
204 199 200 
205 200 201 
206 201 202 
207 202 203 
208 203 204 
209 204 205 
210 205 206 
211 206 207 
212 207 208 
213 208 209 
214 209 210 
215 210 211 
216 211 212 
217 212 213 
218 213 214 
219 214 215 
220 215 5 
1 6 1 50
221 5 216 
222 216 217 
223 217 218 
224 218 219 
225 219 220 
226 220 221 
227 221 222 
228 222 223 
229 223 224 
230 224 225 
231 225 226 
232 226 227 
233 227 228 
234 228 229 
235 229 230 
236 230 231 
237 231 232 
238 232 233 
239 233 234 
240 234 235 
241 235 236 
242 236 237 
243 237 238 
244 238 239 
245 239 240 
246 240 241 
247 241 242 
248 242 243 
249 243 244 
250 244 245 
251 245 246 
252 246 247 
253 247 248 
254 248 249 
255 249 250 
256 250 251 
257 251 252 
258 252 253 
259 253 254 
260 254 255 
261 255 256 
262 256 257 
263 257 258 
264 258 259 
265 259 260 
266 260 261 
267 261 262 
268 262 263 
269 263 264 
270 264 1 
1 7 1 16
271 2 265 
272 265 266 
273 266 267 
274 267 268 
275 268 269 
276 269 270 
277 270 271 
278 271 272 
279 272 273 
280 273 274 
281 274 275 
282 275 276 
283 276 277 
284 277 278 
285 278 279 
286 279 9 
1 8 1 16
287 7 280 
288 280 281 
289 281 282 
290 282 283 
291 283 284 
292 284 285 
293 285 286 
294 286 287 
295 287 288 
296 288 289 
297 289 290 
298 290 291 
299 291 292 
300 292 293 
301 293 294 
302 294 10 
1 9 1 16
303 9 295 
304 295 296 
305 296 297 
306 297 298 
307 298 299 
308 299 300 
309 300 301 
310 301 302 
311 302 303 
312 303 304 
313 304 305 
314 305 306 
315 306 307 
316 307 308 
317 308 309 
318 309 3 
1 10 1 16
319 10 310 
320 310 311 
321 311 312 
322 312 313 
323 313 314 
324 314 315 
325 315 316 
326 316 317 
327 317 318 
328 318 319 
329 319 320 
330 320 321 
331 321 322 
332 322 323 
333 323 324 
334 324 6 
2 1 2 11104
335 3691 4780 361 
336 393 4814 3692 
337 3425 3521 428 
338 428 5258 3425 
339 426 3896 3447 
340 4531 5475 4248 
341 4167 5487 2912 
342 4310 4314 2754 
343 3896 5518 3447 
344 3755 5402 3337 
345 4169 5487 4167 
346 5526 5559 4163 
347 5426 5536 4571 
348 4361 4398 429 
349 4248 5475 371 
350 3352 5591 51 
351 365 5515 3474 
352 3474 5515 3339 
353 4262 5426 4263 
354 392 3375 3373 
355 335 5425 5364 
356 3365 3662 394 
357 404 5177 3740 
358 3527 5559 5526 
359 4881 5224 4576 
360 3307 4319 2562 
361 3416 4265 407 
362 3052 5399 4256 
363 385 3382 261 
364 235 3457 234 
365 3362 3407 1089 
366 4359 5524 4448 
367 363 5524 4359 
368 261 3382 260 
369 4170 5528 2915 
370 2915 5528 3440 
371 131 3470 130 
372 397 5402 3755 
373 2555 3696 2556 
374 4059 5334 5325 
375 2754 5392 4310 
376 4273 5443 3309 
377 4309 5392 5339 
378 3334 3394 3023 
379 327 5202 3363 
380 3360 4266 408 
381 3780 5561 627 
382 4361 5583 4398 
383 3031 5524 4337 
384 4323 4419 2207 
385 424 4335 3368 
386 3465 5424 564 
387 5508 5519 3284 
388 4261 5536 5426 
389 3381 5576 5398 
390 3381 5398 3214 
391 358 3433 3355 
392 3355 3421 358 
393 419 4324 3423 
394 4254 4880 3034 
395 3470 3471 3469 
396 3372 4861 400 
397 3376 4435 388 
398 3416 5425 4265 
399 3696 3724 3723 
400 114 3435 113 
401 3471 5612 3469 
402 51 5262 3352 
403 3031 4337 4336 
404 357 4304 3369 
405 2579 3422 2589 
406 5066 5127 3410 
407 350 5566 3346 
408 3404 5513 3036 
409 3394 3445 3023 
410 3346 5538 350 
411 4256 5399 372 
412 412 5443 4273 
413 4261 5426 4262 
414 3418 4780 3691 
415 4254 4881 4880 
416 3696 3723 402 
417 3407 3408 381 
418 3036 5522 3404 
419 3 5591 309 
420 5262 5412 3353 
421 4246 5005 3761 
422 2255 5563 5554 
423 5554 5563 4297 
424 627 5507 3780 
425 3363 5621 327 
426 373 5519 5508 
427 2556 3696 3347 
428 3513 4814 393 
429 5364 5425 3297 
430 3385 3402 3383 
431 3740 5177 3739 
432 3226 4264 3345 
433 2207 4420 4323 
434 3364 3411 2900 
435 4324 5438 3423 
436 234 3457 337 
437 3361 4957 375 
438 3360 4267 4266 
439 5139 5308 4516 
440 3422 5291 2589 
441 3386 5670 2908 
442 4351 4352 2090 
443 3368 4336 424 
444 395 5388 3424 
445 2562 4319 2563 
446 4341 5445 4431 
447 277 3396 598 
448 3402 5534 665 
449 3366 5625 343 
450 113 3435 329 
451 391 5412 5262 
452 3226 5536 4264 
453 2970 5051 4272 
454 4170 5487 4169 
455 3200 5424 3465 
456 394 3663 3365 
457 3294 5445 4341 
458 1097 3419 3377 
459 4170 5611 5487 
460 3362 3408 3407 
461 3402 5570 5534 
462 3171 5582 5546 
463 392 3633 3375 
464 3374 5127 5066 
465 2914 3455 3397 
466 3453 5224 4881 
467 1089 3519 3362 
468 3396 3397 598 
469 3398 5670 3386 
470 3835 3866 3252 
471 5325 5334 3765 
472 5546 5582 4263 
473 5408 5592 3366 
474 50 5591 3 
475 3336 5551 3399 
476 5339 5392 2545 
477 375 5504 3361 
478 3369 4339 357 
479 25 3428 347 
480 3399 3819 3336 
481 3403 3519 1089 
482 3695 5441 3347 
483 130 3470 418 
484 368 3470 131 
485 4368 5510 2574 
486 398 5592 5408 
487 5549 5578 374 
488 396 5393 3418 
489 26 3428 25 
490 2908 3437 3386 
491 3355 3433 3356 
492 3339 5515 3632 
493 418 3470 3469 
494 343 5408 3366 
495 3350 5539 4363 
496 3446 5529 427 
497 4814 5602 3692 
498 2591 3454 3410 
499 1988 4420 1989 
500 5515 5635 3632 
501 3331 4250 3333 
502 345 5149 3773 
503 2577 4346 4345 
504 4880 4881 4576 
505 332 5456 3432 
506 400 5145 3372 
507 3411 3454 2900 
508 418 3469 3468 
509 5116 5202 327 
510 3345 5578 5549 
511 3307 4320 4319 
512 3723 3724 346 
513 51 5591 50 
514 427 5529 5066 
515 5051 5655 4272 
516 434 3436 436 
517 3405 5424 3200 
518 3403 5698 3519 
519 3334 5567 3394 
520 388 5084 3376 
521 5333 5506 3302 
522 436 3436 2056 
523 3763 4246 3761 
524 3433 5606 3356 
525 5494 5587 599 
526 264 4366 263 
527 139 4372 138 
528 665 5407 3401 
529 4363 5539 5396 
530 3424 5388 3425 
531 3331 5669 4250 
532 4369 5510 4368 
533 3053 5550 5419 
534 3583 5560 5404 
535 3361 5504 4251 
536 3364 5507 627 
537 3356 5606 5331 
538 5331 5606 4306 
539 388 4435 3632 
540 665 5534 5407 
541 3370 5587 5494 
542 627 5662 3364 
543 4719 5542 5526 
544 3365 5616 3662 
545 3359 5225 3358 
546 3410 3454 380 
547 345 5516 5149 
548 145 4337 144 
549 3408 5687 381 
550 4335 5198 3368 
551 235 5609 3457 
552 3373 5627 392 
553 4299 5308 5139 
554 3724 5652 346 
555 3351 3436 434 
556 3389 3442 3392 
557 3385 5570 3402 
558 4251 5621 3361 
559 3364 5662 3411 
560 2795 3523 2792 
561 3342 3438 435 
562 4374 4518 3257 
563 334 5005 4246 
564 359 5441 3695 
565 3387 3442 3389 
566 9 3400 700 
567 275 3398 3386 
568 3582 5560 3583 
569 296 3406 1088 
570 3383 3402 272 
571 4780 5608 361 
572 3772 5652 3343 
573 3401 3412 269 
574 4295 5581 4464 
575 285 3403 1089 
576 435 3438 379 
577 3274 5604 3448 
578 4351 5581 4296 
579 5451 5558 31 
580 283 3407 381 
581 5552 5586 349 
582 4510 5681 423 
583 3710 5625 2583 
584 3380 5519 117 
585 3393 5548 3945 
586 2583 5572 3710 
587 2555 5588 3696 
588 4338 4510 423 
589 3448 5604 3406 
590 4352 5683 2090 
591 3200 5647 3405 
592 4310 5392 4309 
593 3027 4302 4301 
594 4464 5593 4295 
595 3945 5634 3393 
596 5182 5526 4163 
597 5225 5556 3358 
598 4059 5325 4060 
599 3301 5561 3780 
600 5557 5650 5097 
601 3432 5456 3280 
602 3005 5281 4278 
603 4861 5633 400 
604 385 5661 3382 
605 4367 5234 385 
606 117 5659 3380 
607 4265 5425 335 
608 264 5644 4366 
609 4372 5645 138 
610 3418 5393 3037 
611 3358 5556 328 
612 4350 4351 4296 
613 433 3351 434 
614 4571 5536 3226 
615 408 5632 3360 
616 3173 4420 1988 
617 1989 4420 2207 
618 4595 5676 4328 
619 4328 4596 4595 
620 1883 5537 5404 
621 3348 5139 4516 
622 278 3396 277 
623 3740 5619 404 
624 4596 4983 2479 
625 4060 5650 5557 
626 339 4311 3427 
627 327 5621 4251 
628 3382 5419 260 
629 3023 3445 3024 
630 340 5438 4324 
631 3397 5675 2914 
632 3409 5066 3410 
633 103 4275 102 
634 3399 5551 291 
635 328 5669 3358 
636 410 5506 5333 
637 224 3430 223 
638 5526 5542 3527 
639 3401 5689 3412 
640 4307 5255 3275 
641 114 5628 3435 
642 3394 5567 294 
643 4304 5649 3369 
644 5568 5604 5192 
645 3410 5127 2591 
646 3210 4518 4374 
647 4343 5681 3367 
648 5419 5550 367 
649 343 5625 3710 
650 4271 5655 4638 
651 4337 5524 363 
652 4278 5564 3005 
653 3252 5696 3835 
654 5428 5505 249 
655 3367 5603 4343 
656 325 3524 3523 
657 4431 5394 4341 
658 3411 5662 320 
659 3397 3455 598 
660 144 4337 363 
661 325 3523 3426 
662 3435 3452 329 
663 4391 5583 384 
664 3866 5257 3252 
665 1390 3512 3503 
666 1468 3610 1492 
667 1382 3512 1390 
668 3367 5681 4510 
669 3418 3691 396 
670 5269 5500 1708 
671 2594 3437 2908 
672 346 5652 3772 
673 337 3457 3456 
674 3421 3430 358 
675 3027 5527 4302 
676 3400 5291 700 
677 4638 5575 4271 
678 2792 3523 2793 
679 424 4337 145 
680 3426 3523 2795 
681 4272 5319 2970 
682 4250 5669 328 
683 1378 5300 1380 
684 3404 5522 2994 
685 2585 5221 2189 
686 5286 5499 1346 
687 393 3708 3513 
688 1492 3610 3607 
689 1873 5219 1770 
690 3338 5558 5451 
691 411 5281 3649 
692 3352 5262 3353 
693 5394 5491 4334 
694 341 3441 3439 
695 340 5595 5438 
696 4398 5397 429 
697 3414 5258 428 
698 3335 3467 3465 
699 380 3454 3411 
700 3465 3467 2585 
701 2577 5265 4346 
702 2911 3450 3449 
703 3449 3450 2951 
704 4256 5446 3052 
705 4353 5147 3431 
706 5576 5667 565 
707 358 3430 224 
708 3420 5402 397 
709 4036 4772 1601 
710 325 5350 3524 
711 3379 5595 340 
712 3501 3824 1390 
713 370 5646 3763 
714 203 3648 202 
715 3238 3824 3501 
716 1390 3503 3501 
717 1380 3512 1382 
718 5426 5546 4263 
719 4311 4312 3427 
720 3313 5586 5552 
721 5269 5273 4406 
722 3296 3482 3301 
723 3431 5147 3430 
724 4406 5273 2964 
725 4272 5655 4271 
726 3722 5516 345 
727 3467 5221 2585 
728 4345 5695 2577 
729 3417 5541 133 
730 1924 3509 3507 
731 3419 5533 3377 
732 3275 5566 4307 
733 5286 5290 4450 
734 4450 5290 2763 
735 3395 3396 278 
736 3387 3388 719 
737 3386 3437 596 
738 411 3649 3648 
739 3477 5219 1873 
740 4250 5112 3333 
741 3739 5177 4276 
742 764 3657 762 
743 3360 4268 4267 
744 433 434 379 
745 381 3415 3414 
746 4296 5581 4295 
747 3409 3410 380 
748 3282 4339 3369 
749 1467 3610 1468 
750 425 3351 433 
751 340 5709 3379 
752 3377 5636 1097 
753 3427 5428 339 
754 2768 3491 993 
755 5548 5657 3371 
756 2847 4983 4596 
757 4595 4596 2479 
758 2768 3493 3491 
759 3641 3663 394 
760 3436 5464 2056 
761 4274 4275 103 
762 3413 3896 426 
763 102 4275 349 
764 1380 5300 3512 
765 3395 3511 3396 
766 596 3437 3384 
767 4329 5676 4454 
768 1088 5604 5568 
769 2238 5577 5514 
770 3590 5287 1692 
771 5291 5568 3038 
772 3306 4745 4268 
773 1442 5226 1440 
774 1924 3754 3509 
775 3257 5400 4374 
776 1601 4772 3510 
777 2900 3454 2569 
778 4262 4263 3344 
779 3975 5280 2699 
780 5404 5537 3583 
781 1523 3517 1444 
782 3459 3517 1523 
783 2569 3454 2591 
784 3763 5598 370 
785 3499 4562 2778 
786 3564 4857 3449 
787 371 5475 3458 
788 662 4857 3564 
789 3461 3462 780 
790 1492 3607 3605 
791 3128 4537 3540 
792 133 5673 3417 
793 878 3798 1790 
794 3894 5017 3486 
795 3450 3579 2951 
796 719 3445 3394 
797 3449 4857 2911 
798 3489 3490 3074 
799 2259 3697 3500 
800 3472 3556 2070 
801 1444 3517 1442 
802 3378 3792 3779 
803 4182 4847 1608 
804 2070 3556 2053 
805 10 3394 294 
806 295 3400 9 
807 279 3395 278 
808 276 3398 275 
809 292 3399 291 
810 274 3386 596 
811 297 3406 296 
812 310 3387 719 
813 599 3442 312 
814 597 3451 315 
815 273 3383 272 
816 311 3442 3387 
817 317 3482 316 
818 2266 3628 2904 
819 4771 5078 2871 
820 2904 3628 3480 
821 271 3402 665 
822 287 3405 490 
823 270 3401 269 
824 286 3403 285 
825 1790 3798 3796 
826 321 3411 320 
827 700 5291 3422 
828 26 5403 3428 
829 2668 3492 3491 
830 284 3407 283 
831 303 3419 1097 
832 3244 5250 3707 
833 536 3798 878 
834 2253 3419 304 
835 305 3438 2253 
836 4323 5623 4419 
837 3035 4275 4274 
838 3430 5147 223 
839 379 3438 306 
840 268 3412 382 
841 3272 5202 5116 
842 3043 4847 4182 
843 2587 4562 3499 
844 2587 3499 3463 
845 3043 4182 4181 
846 3722 5633 5516 
847 5244 5253 3478 
848 382 3413 267 
849 381 3414 282 
850 322 3409 380 
851 307 433 379 
852 3463 3522 2587 
853 884 3485 886 
854 266 3413 426 
855 281 3414 428 
856 427 3409 323 
857 425 433 308 
858 5412 5464 3353 
859 2056 5253 5244 
860 3605 4789 1492 
861 427 5066 3409 
862 778 4446 3479 
863 3424 5668 395 
864 3488 3937 2263 
865 397 5585 3420 
866 301 5203 539 
867 1097 5203 302 
868 4198 5433 5431 
869 5229 5239 3690 
870 5216 5217 3473 
871 5431 5433 1138 
872 2668 5217 5216 
873 3517 5226 1442 
874 3828 5418 5416 
875 348 4320 123 
876 3381 5667 5576 
877 3271 5427 5423 
878 5423 5427 973 
879 202 3648 341 
880 411 3648 203 
881 2279 5235 3878 
882 5416 5418 741 
883 4328 5676 4329 
884 2074 3878 2071 
885 3524 5350 3526 
886 3725 4443 3464 
887 1300 5239 5229 
888 3573 4789 3605 
889 2051 4241 2049 
890 3445 5324 3024 
891 2747 4772 4036 
892 3437 5231 3384 
893 1478 5168 1481 
894 5276 5355 1835 
895 3128 3540 3528 
896 3486 5017 3485 
897 3429 5443 412 
898 355 5198 4335 
899 3304 5505 5428 
900 3540 4537 2737 
901 3284 5519 3380 
902 3498 3653 1897 
903 2053 3556 2259 
904 3483 3484 937 
905 368 3471 3470 
906 4590 5447 5436 
907 3661 3699 2457 
908 3556 3697 2259 
909 1523 3725 3459 
910 2626 5199 4244 
911 3353 5464 3436 
912 1897 3653 1581 
913 762 3657 2747 
914 4454 5600 4329 
915 780 3756 3461 
916 2457 3699 1959 
917 780 3657 764 
918 3466 4632 3639 
919 3657 5264 2747 
920 4406 5500 5269 
921 3639 4632 2614 
922 3208 3452 3435 
923 5436 5447 3002 
924 2047 3990 1898 
925 3510 4672 1601 
926 3466 3707 1919 
927 2778 3725 3499 
928 5263 5303 2267 
929 4097 5387 5385 
930 5208 5213 3103 
931 1374 3754 1376 
932 1919 4632 3466 
933 4281 5563 4736 
934 3054 3808 3055 
935 3615 5382 5378 
936 5385 5387 696 
937 3845 5373 5365 
938 5378 5382 1736 
939 2747 5264 4772 
940 3379 5333 3302 
941 1760 3705 1763 
942 2594 5231 3437 
943 3848 5358 5354 
944 3796 3799 1790 
945 5365 5373 686 
946 3415 5258 3414 
947 3491 3492 993 
948 3573 5136 4789 
949 5354 5358 1820 
950 1017 5213 5208 
951 3468 4148 418 
952 768 3756 766 
953 3555 3779 1597 
954 4450 5499 5286 
955 3893 5103 3892 
956 1608 4847 3757 
957 1583 5062 3534 
958 2853 4842 2867 
959 2904 4924 3951 
960 2189 5221 1873 
961 642 5289 5278 
962 2667 3493 2789 
963 3247 5287 3590 
964 449 5164 447 
965 955 3553 3496 
966 3491 3493 2667 
967 3574 5136 3573 
968 4376 4411 1792 
969 2267 3628 2266 
970 3951 4924 2173 
971 445 3553 955 
972 4268 4745 2426 
973 3167 5352 5295 
974 2605 3757 2606 
975 3708 5511 3513 
976 5023 5246 1408 
977 963 3894 3892 
978 4413 5260 2877 
979 2253 5533 3419 
980 3306 4268 3360 
981 1770 5219 1884 
982 3564 5320 5316 
983 2579 5617 3422 
984 2070 3878 3472 
985 3480 4924 2904 
986 5316 5320 1799 
987 5329 5335 675 
988 3044 3528 3522 
989 3563 5335 5329 
990 963 5017 3894 
991 3045 5280 3975 
992 3514 3515 1772 
993 714 4190 3520 
994 3496 3554 955 
995 3522 3528 2269 
996 2055 3536 1224 
997 3520 4190 3516 
998 5201 5211 548 
999 3516 4190 1598 
1000 3393 5657 5548 
1001 447 3553 445 
1002 5261 5272 684 
1003 3440 5528 200 
1004 3490 4771 3074 
1005 3892 5103 963 
1006 544 5490 5488 
1007 5495 5497 3290 
1008 4181 4842 3043 
1009 5488 5490 4122 
1010 944 5497 5495 
1011 4276 5545 3739 
1012 3906 5664 3448 
1013 937 3485 884 
1014 4164 5182 4163 
1015 4192 4193 701 
1016 2668 5216 3492 
1017 3004 5491 5394 
1018 384 5599 4391 
1019 3406 5604 1088 
1020 3296 5547 3482 
1021 381 5687 3415 
1022 5501 5502 3292 
1023 1083 5502 5501 
1024 3574 5168 1477 
1025 2090 5581 4351 
1026 4279 5564 4278 
1027 3797 5211 5201 
1028 4988 5284 5236 
1029 3479 4842 778 
1030 2626 5157 4412 
1031 3689 5223 3690 
1032 3068 5181 5135 
1033 3044 3522 3463 
1034 3458 5609 371 
1035 3536 3537 1224 
1036 880 4625 882 
1037 3072 3980 3647 
1038 4336 4337 424 
1039 3439 5707 341 
1040 5023 5027 3073 
1041 3428 5663 347 
1042 3500 4241 2259 
1043 3779 5028 3378 
1044 1597 3778 3555 
1045 937 4625 3483 
1046 5223 5229 3690 
1047 2994 5698 3404 
1048 539 5398 300 
1049 5565 5690 3991 
1050 3700 5294 3270 
1051 3814 5228 3815 
1052 2269 3528 2279 
1053 2772 5078 4771 
1054 3609 5337 5303 
1055 3540 5235 2279 
1056 384 5583 4361 
1057 443 3778 441 
1058 3937 3990 2263 
1059 3064 4206 4158 
1060 3555 5028 3779 
1061 2263 4241 3488 
1062 3707 5250 1919 
1063 5270 5302 1803 
1064 2166 3544 3543 
1065 3452 3453 329 
1066 3073 5027 3074 
1067 3074 5027 3489 
1068 4158 4206 1734 
1069 2166 3543 2608 
1070 3078 5195 3616 
1071 2649 3799 2650 
1072 4053 4155 2627 
1073 3814 5064 5052 
1074 5129 5175 4031 
1075 3058 4191 3059 
1076 1756 3713 1758 
1077 447 5164 3553 
1078 585 3542 583 
1079 1581 3653 1583 
1080 3932 5126 3599 
1081 607 4207 609 
1082 3421 3431 3430 
1083 3534 4697 1583 
1084 1734 4206 3629 
1085 3074 4771 2871 
1086 3800 5204 3103 
1087 5052 5064 966 
1088 3824 5312 1386 
1089 527 4147 3597 
1090 3610 5337 3609 
1091 2589 5291 3038 
1092 4412 5157 4376 
1093 1792 4412 4376 
1094 1598 4191 3516 
1095 3535 4697 3534 
1096 2620 4031 4030 
1097 3473 5217 1884 
1098 1924 5300 1378 
1099 1752 3750 1754 
1100 2768 4672 3510 
1101 3538 3985 865 
1102 3597 4970 527 
1103 3629 4184 1734 
1104 2632 4054 4052 
1105 3520 5057 714 
1106 3078 5002 4995 
1107 4319 4320 348 
1108 564 5424 289 
1109 123 4320 122 
1110 288 5424 3405 
1111 3343 5622 3772 
1112 1897 3990 3498 
1113 4995 5002 2869 
1114 3699 5301 5297 
1115 3597 4147 3594 
1116 2632 4660 4054 
1117 4054 4660 4055 
1118 5350 5503 3526 
1119 2457 5294 3700 
1120 3462 3657 780 
1121 5204 5208 3103 
1122 2279 3878 2074 
1123 1523 4443 3725 
1124 373 5508 3434 
1125 2071 3878 2070 
1126 1873 5221 3477 
1127 5312 5317 1386 
1128 807 3986 805 
1129 3594 4147 1696 
1130 1765 4859 3714 
1131 3499 3725 3464 
1132 5297 5301 1644 
1133 3485 5017 886 
1134 2992 3519 2994 
1135 966 5064 3495 
1136 1884 5219 3473 
1137 3362 3519 2992 
1138 3478 5239 1300 
1139 1636 3568 1899 
1140 4055 4660 2602 
1141 4446 5161 3479 
1142 4314 5607 2754 
1143 5226 5254 1561 
1144 3653 5062 1583 
1145 3769 4697 3535 
1146 2259 4241 2051 
1147 895 4620 898 
1148 3552 4987 3100 
1149 1696 3595 3594 
1150 1481 5168 3647 
1151 4412 5199 2626 
1152 2049 4241 2263 
1153 2869 5002 4045 
1154 1477 5136 3574 
1155 1696 3598 3595 
1156 3541 5117 4677 
1157 811 3987 809 
1158 3530 3575 3569 
1159 3689 5213 1017 
1160 3400 5568 5291 
1161 3639 5272 5261 
1162 3426 5691 325 
1163 2092 3829 2609 
1164 1772 3713 3514 
1165 3495 5074 966 
1166 3546 3749 1761 
1167 3797 5218 5211 
1168 4031 4608 3115 
1169 2359 3560 2360 
1170 1376 3754 1924 
1171 4045 5008 2869 
1172 3798 5218 3797 
1173 3128 3528 3044 
1174 3484 3485 937 
1175 3490 5302 5270 
1176 1763 3705 1769 
1177 2383 3643 2687 
1178 2263 3990 2047 
1179 3565 4442 2662 
1180 3055 3808 3371 
1181 4156 4411 4376 
1182 3067 3749 3546 
1183 1387 3754 1374 
1184 1772 3705 1760 
1185 2587 3522 2270 
1186 2160 4987 3552 
1187 708 5690 5565 
1188 2270 3522 2269 
1189 1786 4076 4074 
1190 1898 3990 1897 
1191 3518 3686 2805 
1192 2086 4953 2383 
1193 3536 3808 3054 
1194 4191 4193 4192 
1195 766 3756 780 
1196 3208 4996 3452 
1197 684 4079 620 
1198 4736 5671 4281 
1199 1608 3756 768 
1200 1652 3568 1636 
1201 3388 3445 719 
1202 1652 3587 3529 
1203 3387 3389 3388 
1204 330 5697 3443 
1205 439 3791 437 
1206 2814 5031 3802 
1207 2359 3561 3560 
1208 2383 4953 3643 
1209 341 3648 3441 
1210 3120 3561 2359 
1211 3516 4191 3058 
1212 2635 4897 3612 
1213 4174 5275 2894 
1214 5220 5245 4080 
1215 1561 5254 4007 
1216 3079 4893 3567 
1217 2620 4030 4029 
1218 5121 5134 3830 
1219 3529 3568 1652 
1220 4202 5395 5356 
1221 1040 3541 3531 
1222 4192 5175 5129 
1223 2624 4375 4156 
1224 4174 5276 5275 
1225 3599 5126 1715 
1226 3531 3618 1040 
1227 3612 4897 2864 
1228 4155 4375 2627 
1229 3043 4842 2853 
1230 2928 5141 2927 
1231 1300 5244 3478 
1232 2094 5191 5190 
1233 3493 3510 3494 
1234 3493 3494 2789 
1235 2662 3566 3565 
1236 3461 3757 2605 
1237 434 435 379 
1238 1440 5226 1561 
1239 3567 4893 906 
1240 2627 4574 4053 
1241 2651 3604 3245 
1242 2267 5303 3628 
1243 3056 3611 3537 
1244 3985 3986 865 
1245 2867 4842 3479 
1246 1927 3565 3533 
1247 3533 3637 1927 
1248 1017 5223 3689 
1249 5514 5577 3385 
1250 2805 3780 3518 
1251 4052 4574 2632 
1252 5390 5401 4603 
1253 3635 3801 1923 
1254 3269 5379 5377 
1255 697 4671 4075 
1256 3647 3980 1481 
1257 2768 3510 3493 
1258 3750 4859 1765 
1259 3459 3725 2778 
1260 5377 5379 1273 
1261 3551 3983 998 
1262 3949 5361 5359 
1263 3530 3569 3568 
1264 3056 3537 3536 
1265 5359 5361 551 
1266 600 3558 3557 
1267 1927 4442 3565 
1268 181 3633 180 
1269 5366 5369 1030 
1270 3757 4847 2606 
1271 3268 5369 5366 
1272 4191 4192 3059 
1273 3550 4897 2635 
1274 2635 3968 3550 
1275 3543 3829 2608 
1276 3800 5201 548 
1277 2651 3617 3604 
1278 744 5122 578 
1279 865 3986 807 
1280 3571 3575 3574 
1281 577 3902 580 
1282 3515 3705 1772 
1283 2981 4863 3768 
1284 3682 4573 3684 
1285 3004 5394 4431 
1286 2310 4375 2308 
1287 619 4079 4077 
1288 4921 5422 5415 
1289 1438 4006 1436 
1290 3684 4573 1975 
1291 5492 5496 975 
1292 3922 5103 3893 
1293 2166 4620 3544 
1294 3539 4184 3629 
1295 1178 3706 1180 
1296 586 4028 588 
1297 3550 3968 3548 
1298 3483 3799 2649 
1299 3548 3968 1413 
1300 4158 4207 3064 
1301 3193 3554 2596 
1302 789 3736 942 
1303 3545 3829 2809 
1304 3718 5086 3720 
1305 583 3542 1040 
1306 3547 3548 1413 
1307 3552 5020 5013 
1308 3586 4042 1685 
1309 1790 4625 880 
1310 441 3778 1597 
1311 4074 4671 1786 
1312 3487 5412 391 
1313 2314 4574 2312 
1314 2650 3799 3796 
1315 3120 4849 3561 
1316 3634 4786 3588 
1317 2886 4150 3616 
1318 2596 3554 3496 
1319 3539 3629 2690 
1320 3677 5018 3679 
1321 1108 5004 1143 
1322 1786 4710 4076 
1323 2690 3643 3539 
1324 5343 5344 3266 
1325 3443 5523 330 
1326 1589 3578 3576 
1327 1845 4573 3682 
1328 2620 4608 4031 
1329 620 4079 619 
1330 5192 5194 3038 
1331 3779 3792 3791 
1332 1758 3713 1772 
1333 4035 4951 4033 
1334 955 3778 443 
1335 998 3984 3551 
1336 882 4625 937 
1337 1845 3682 3679 
1338 4007 5197 4004 
1339 2619 4029 3557 
1340 3262 5305 5304 
1341 3038 5194 2590 
1342 3569 3575 3571 
1343 3963 4937 1319 
1344 548 5204 3800 
1345 1754 3750 1765 
1346 3096 4042 3586 
1347 425 3352 3351 
1348 1355 5344 5343 
1349 313 5494 599 
1350 3451 5494 314 
1351 1765 3713 1756 
1352 3749 3750 1752 
1353 2687 3643 2690 
1354 5304 5305 507 
1355 3535 3832 3769 
1356 5473 5477 4746 
1357 1477 5168 1478 
1358 3588 3801 3635 
1359 579 4960 575 
1360 2055 3808 3536 
1361 5013 5020 1002 
1362 3641 5518 3663 
1363 1800 3776 3579 
1364 3154 4535 4505 
1365 1143 3630 1145 
1366 3072 3647 3530 
1367 714 4207 607 
1368 865 3987 3538 
1369 2809 5036 3545 
1370 3581 4734 1312 
1371 129 4148 128 
1372 3686 5063 2805 
1373 582 4065 584 
1374 3568 3569 1899 
1375 4995 5195 3078 
1376 3716 5015 3726 
1377 609 4207 4158 
1378 3922 5091 932 
1379 5457 5458 1976 
1380 3042 5197 4007 
1381 612 4671 610 
1382 1365 5045 3833 
1383 778 4842 4181 
1384 4000 5140 4605 
1385 2961 4951 4035 
1386 3067 3750 3749 
1387 585 4731 3542 
1388 1436 4006 4005 
1389 3802 5031 3635 
1390 2590 5197 3042 
1391 1002 5020 3767 
1392 2249 3658 2570 
1393 4077 4710 619 
1394 2662 3736 3566 
1395 3510 4772 3494 
1396 4156 4376 2624 
1397 4627 4856 3908 
1398 3579 3776 2951 
1399 997 3636 3585 
1400 3962 3963 1319 
1401 3584 3624 1996 
1402 3760 5101 3764 
1403 5296 5330 1691 
1404 5452 5453 2727 
1405 1761 3768 3546 
1406 1312 3630 3581 
1407 1221 3603 1223 
1408 3073 5246 5023 
1409 1145 3630 1312 
1410 3679 5018 1845 
1411 3616 4150 3584 
1412 2704 4792 3988 
1413 1143 5004 3630 
1414 3602 3617 1819 
1415 3070 3587 3071 
1416 3882 5161 4446 
1417 180 3633 392 
1418 4992 4996 3207 
1419 709 3770 727 
1420 3588 4786 3801 
1421 1675 4130 1673 
1422 1375 3685 1373 
1423 893 4620 895 
1424 360 3633 181 
1425 809 3987 865 
1426 3585 3592 997 
1427 4969 5411 5409 
1428 4343 5603 3263 
1429 4006 4007 4004 
1430 3706 5063 3686 
1431 2609 3829 3543 
1432 3528 3540 2279 
1433 3663 4833 3365 
1434 437 3791 3342 
1435 1996 3616 3584 
1436 3022 4833 3663 
1437 5194 5197 2590 
1438 3720 5086 640 
1439 2704 3987 811 
1440 898 4620 2166 
1441 3746 5082 3759 
1442 2809 3829 2092 
1443 2620 4029 2619 
1444 5174 5209 3515 
1445 5135 5181 3231 
1446 3580 3686 3015 
1447 3015 3658 3580 
1448 5296 5298 3254 
1449 1977 3675 3673 
1450 3775 3787 2603 
1451 3589 4002 1571 
1452 3767 5035 1002 
1453 3832 5070 1931 
1454 4156 4375 4155 
1455 3563 5327 3562 
1456 2148 3622 3620 
1457 3529 3587 3070 
1458 1413 3876 3547 
1459 1571 4003 3589 
1460 2346 5169 5036 
1461 3542 5117 3541 
1462 3155 3625 3624 
1463 2603 4944 3775 
1464 1590 3706 1178 
1465 455 3598 1696 
1466 3082 3984 3083 
1467 490 5513 3404 
1468 4053 4574 4052 
1469 2249 4797 3658 
1470 457 3598 455 
1471 3611 4698 2093 
1472 3687 5141 2928 
1473 3254 5298 3450 
1474 600 4065 3558 
1475 3523 3524 2793 
1476 1373 3685 1977 
1477 1194 3964 1192 
1478 3622 5105 4040 
1479 3563 5329 5327 
1480 3671 4502 3673 
1481 1597 3791 439 
1482 3673 4502 1977 
1483 3532 3618 3531 
1484 3575 5168 3574 
1485 1312 4734 3876 
1486 3787 3888 2603 
1487 5052 5228 3814 
1488 3515 5209 3705 
1489 2995 5174 3515 
1490 1270 4090 3619 
1491 3745 5061 3954 
1492 4075 4671 4074 
1493 1147 3876 1227 
1494 3544 5171 5091 
1495 4002 4515 1588 
1496 1977 3685 3675 
1497 3181 4937 3963 
1498 2602 5117 4055 
1499 735 3833 3591 
1500 2704 3988 3987 
1501 3557 4028 600 
1502 1672 3820 2361 
1503 3589 4515 4002 
1504 4244 5199 4075 
1505 1877 4797 2249 
1506 527 5164 449 
1507 3768 4863 3546 
1508 2093 3787 3611 
1509 3988 4792 3089 
1510 1874 3978 3977 
1511 1436 4005 1434 
1512 5081 5260 4413 
1513 1324 3978 1874 
1514 3768 4560 2981 
1515 3056 4698 3611 
1516 2993 3714 2991 
1517 3533 3888 3637 
1518 1692 5287 3975 
1519 1980 4502 3671 
1520 4076 4710 4077 
1521 879 4091 877 
1522 3618 4960 579 
1523 3479 5161 3231 
1524 733 5090 736 
1525 1819 3698 3602 
1526 1194 4716 3964 
1527 3614 3955 1588 
1528 1588 4515 3614 
1529 3592 4049 997 
1530 2849 3644 2625 
1531 2623 3900 3095 
1532 1629 3634 1632 
1533 3986 4988 805 
1534 3167 3900 2623 
1535 616 4710 614 
1536 1980 3671 3669 
1537 2570 3658 3015 
1538 714 5057 4207 
1539 2849 3645 3644 
1540 2759 4621 3907 
1541 942 3736 2662 
1542 3311 5009 3737 
1543 3576 4065 1589 
1544 3551 3984 3082 
1545 932 5103 3922 
1546 1040 3542 3541 
1547 3984 4887 3083 
1548 1765 3714 3713 
1549 5266 5283 4586 
1550 3100 4987 3551 
1551 5248 5271 624 
1552 3637 3787 2093 
1553 4228 4557 4229 
1554 3089 4792 4605 
1555 1561 4006 1438 
1556 1780 4385 4229 
1557 2002 4723 3631 
1558 3775 4944 3603 
1559 2113 4953 2086 
1560 580 3902 1589 
1561 3655 5045 1365 
1562 4119 4893 3079 
1563 3617 3967 1819 
1564 3619 4091 1270 
1565 4385 4488 4383 
1566 2759 3907 3638 
1567 1196 4716 1194 
1568 1926 3624 2347 
1569 4119 4856 911 
1570 4229 4557 1780 
1571 4082 5099 931 
1572 1780 4488 4385 
1573 3591 4781 735 
1574 3887 5046 2669 
1575 4228 4230 1531 
1576 3669 4422 1980 
1577 736 3736 789 
1578 3600 3654 2108 
1579 1531 4557 4228 
1580 3586 4622 4226 
1581 1551 4911 3865 
1582 4226 4622 2336 
1583 578 3902 577 
1584 588 4028 1593 
1585 4383 4488 1530 
1586 2308 4375 2624 
1587 3447 3641 48 
1588 1551 3955 3693 
1589 3193 3555 3554 
1590 3095 3900 3899 
1591 4381 4383 1530 
1592 1040 3618 581 
1593 2627 4375 2310 
1594 3637 3888 3787 
1595 581 3618 579 
1596 3874 4955 3711 
1597 1224 3603 1221 
1598 1669 4954 3850 
1599 3080 3617 3602 
1600 3846 3847 2199 
1601 3604 3617 3080 
1602 600 4028 586 
1603 2699 5280 2909 
1604 3667 4422 3669 
1605 3693 3955 3614 
1606 1693 4041 4040 
1607 911 4856 4627 
1608 3847 4223 2199 
1609 1180 3706 3580 
1610 1874 3977 3737 
1611 4721 4849 3120 
1612 906 4913 3567 
1613 3095 3899 3898 
1614 3654 4177 2108 
1615 3552 5013 2160 
1616 1685 4622 3586 
1617 3034 5549 4254 
1618 2312 4574 2627 
1619 3833 5045 3591 
1620 4575 5187 2888 
1621 2645 3849 2110 
1622 3102 4934 3898 
1623 3145 4886 3665 
1624 1530 4434 4381 
1625 2354 3753 2628 
1626 3721 5054 5029 
1627 3599 5137 3267 
1628 2632 4574 2314 
1629 911 4893 4119 
1630 1319 3964 3962 
1631 883 4491 881 
1632 4041 4042 3096 
1633 536 5218 3798 
1634 2003 4408 2630 
1635 1981 3667 3665 
1636 1903 3637 2093 
1637 4381 4434 4382 
1638 1693 4042 4041 
1639 412 5594 3429 
1640 1996 3624 1926 
1641 3927 4611 3083 
1642 1549 3698 1552 
1643 3696 5588 3724 
1644 1981 4422 3667 
1645 3802 5134 5121 
1646 3726 5015 644 
1647 3779 3791 1597 
1648 1326 3978 1324 
1649 1927 3637 1903 
1650 584 4065 600 
1651 3155 4505 3625 
1652 2108 4049 3600 
1653 3612 5126 3932 
1654 3154 4505 3155 
1655 2651 3967 3617 
1656 392 3640 179 
1657 578 5122 3902 
1658 621 3636 623 
1659 1270 4091 879 
1660 3537 3603 1224 
1661 3111 4014 3815 
1662 3820 3821 2361 
1663 128 4148 354 
1664 418 4148 129 
1665 5266 5274 2901 
1666 1589 3902 3578 
1667 727 3770 1365 
1668 1107 4986 3626 
1669 1589 4065 582 
1670 4382 4434 1709 
1671 3693 4911 1551 
1672 623 3636 997 
1673 3751 4991 941 
1674 2947 3732 2460 
1675 610 4671 697 
1676 3764 5101 2010 
1677 3642 3716 2633 
1678 1801 4085 3650 
1679 4505 4535 931 
1680 3815 4014 2182 
1681 3860 4901 3859 
1682 5405 5410 4034 
1683 3656 4211 1320 
1684 3587 3634 3588 
1685 3535 5070 3832 
1686 4174 5355 5276 
1687 3068 5135 3560 
1688 2811 4990 2113 
1689 3121 5036 2809 
1690 1709 4426 4382 
1691 4824 5345 5336 
1692 1923 3802 3635 
1693 1801 4233 4085 
1694 3665 4886 1981 
1695 3104 4906 3734 
1696 1192 3964 1319 
1697 3587 3588 3071 
1698 3759 5082 1913 
1699 3083 4887 3927 
1700 4603 5401 1824 
1701 1786 4671 612 
1702 1365 3770 3655 
1703 1447 4634 1449 
1704 3720 5054 3721 
1705 3631 4723 2841 
1706 3926 4611 3927 
1707 3557 4029 4028 
1708 1678 4130 1675 
1709 2669 5046 3703 
1710 3898 4934 3095 
1711 3554 3778 955 
1712 3711 4955 2779 
1713 2439 3715 2441 
1714 3488 4241 3500 
1715 2633 3715 3642 
1716 3621 3821 3820 
1717 3231 5161 5135 
1718 4677 5117 2602 
1719 3620 3820 2148 
1720 3623 4925 2042 
1721 3770 4177 3654 
1722 2901 5274 2896 
1723 4925 5109 1279 
1724 1270 4491 4090 
1725 2169 4949 4877 
1726 1673 4130 2148 
1727 1781 4421 4087 
1728 3926 3943 1388 
1729 3954 5061 1725 
1730 4033 4951 2042 
1731 2664 3729 3728 
1732 3737 5009 1874 
1733 3823 3912 848 
1734 1603 5119 4972 
1735 3651 3908 3099 
1736 3498 3990 3937 
1737 709 4177 3770 
1738 3532 4960 3618 
1739 1774 3908 3907 
1740 2849 3751 3645 
1741 2113 4990 4953 
1742 2148 3820 1672 
1743 1632 3634 1652 
1744 2800 3727 2372 
1745 2800 3731 3727 
1746 650 3958 725 
1747 2342 4996 4992 
1748 3530 3647 3575 
1749 385 5579 4367 
1750 4373 5580 390 
1751 2435 4840 2439 
1752 3621 3912 3821 
1753 3921 3922 3893 
1754 3850 4954 3849 
1755 2441 3715 2633 
1756 3951 5250 3244 
1757 1584 4901 3860 
1758 1227 3876 1413 
1759 2981 4560 2978 
1760 2695 5057 5053 
1761 1774 4627 3908 
1762 2148 4130 3622 
1763 5278 5289 3700 
1764 3514 3714 2993 
1765 4862 4892 2484 
1766 3908 4856 3099 
1767 3758 4870 2710 
1768 3611 3775 3537 
1769 1552 3698 1819 
1770 3600 4049 3592 
1771 3907 4621 1774 
1772 1709 4476 4426 
1773 1312 3876 1147 
1774 1107 5004 1108 
1775 4175 4974 3793 
1776 4072 4894 2823 
1777 395 3664 173 
1778 394 3662 46 
1779 575 4960 573 
1780 2110 3849 2199 
1781 3114 4608 4489 
1782 3119 4922 3777 
1783 2712 3793 3646 
1784 2658 5019 4489 
1785 3871 5000 4806 
1786 2712 3753 2354 
1787 696 5390 4603 
1788 2439 4840 3715 
1789 3099 3909 3651 
1790 3484 3486 3485 
1791 4426 4476 4425 
1792 3734 4906 1258 
1793 3579 4976 1800 
1794 1434 4005 1571 
1795 4721 4930 2761 
1796 3799 4625 1790 
1797 2645 3850 3849 
1798 3893 4064 3921 
1799 4999 5106 3598 
1800 2484 4921 3283 
1801 2657 4003 2893 
1802 3155 3624 3584 
1803 4605 5140 3089 
1804 3876 4734 3547 
1805 4252 5072 4894 
1806 3624 3625 2347 
1807 3551 4987 3983 
1808 1404 3989 3659 
1809 3646 3753 2712 
1810 3603 4944 1223 
1811 3389 3390 3388 
1812 3589 4003 2657 
1813 3631 4892 4862 
1814 3685 5018 3677 
1815 4877 4949 4091 
1816 2697 3909 3660 
1817 625 4049 628 
1818 2199 3849 3846 
1819 684 5272 4079 
1820 4230 4634 1531 
1821 3264 5370 5368 
1822 614 4710 1786 
1823 553 4063 555 
1824 1652 3634 3587 
1825 3507 5300 1924 
1826 55 3691 361 
1827 4804 4938 2825 
1828 4087 4652 1781 
1829 457 4999 3598 
1830 2608 3829 3545 
1831 359 3695 171 
1832 3638 4408 2759 
1833 5089 5099 3179 
1834 2102 4929 3701 
1835 1598 4193 4191 
1836 3714 4859 2991 
1837 3585 5065 2811 
1838 2849 4991 3751 
1839 2292 3888 2610 
1840 2457 3700 3661 
1841 393 3692 183 
1842 4064 4171 3921 
1843 2664 3728 3727 
1844 2228 3782 2903 
1845 4892 4921 2484 
1846 1611 4929 2102 
1847 3115 4608 3114 
1848 3555 3778 3554 
1849 1629 4786 3634 
1850 2841 4723 3934 
1851 5381 5384 2487 
1852 4040 5105 1693 
1853 178 3640 3446 
1854 3873 4956 3191 
1855 3633 5525 3375 
1856 3688 3817 2880 
1857 619 4710 616 
1858 2042 4951 3623 
1859 3124 4896 3644 
1860 4969 5100 1825 
1861 1077 4986 1107 
1862 178 3446 177 
1863 3697 4765 3500 
1864 49 3447 48 
1865 1580 3698 1549 
1866 2443 3717 2445 
1867 4085 4233 4070 
1868 4245 5132 5048 
1869 2650 3794 2648 
1870 2959 4870 3758 
1871 5415 5422 1385 
1872 3790 4563 4027 
1873 3998 4652 4087 
1874 3928 4887 2000 
1875 3483 4625 3799 
1876 4425 4476 1532 
1877 1173 3790 3652 
1878 736 5090 3736 
1879 4070 4138 3218 
1880 3726 5086 3718 
1881 4124 4792 2704 
1882 1416 3861 1418 
1883 2957 5406 717 
1884 881 4491 1270 
1885 2764 5043 2766 
1886 57 3709 396 
1887 1606 4138 4070 
1888 3124 4908 4896 
1889 3560 5135 2360 
1890 1201 4212 1199 
1891 1816 4455 3989 
1892 3015 3686 3518 
1893 1173 4563 3790 
1894 3569 3570 1899 
1895 3631 4862 2002 
1896 402 3723 169 
1897 400 3722 42 
1898 3752 4890 4199 
1899 1388 4611 3926 
1900 1593 5124 590 
1901 3753 4408 2628 
1902 344 3708 185 
1903 2759 4408 2003 
1904 3207 4996 3208 
1905 3660 3910 2697 
1906 47 3641 394 
1907 2650 3795 3794 
1908 3989 4455 3659 
1909 1166 3943 1149 
1910 1777 4797 1877 
1911 3828 5413 3827 
1912 4098 4923 3125 
1913 3716 3726 3717 
1914 5387 5390 696 
1915 1320 4212 3656 
1916 1781 4634 4421 
1917 1393 4116 2363 
1918 1922 3965 1586 
1919 2873 5091 3922 
1920 3238 5312 3824 
1921 1320 4716 1196 
1922 3934 3976 2841 
1923 4424 4425 1532 
1924 3115 5129 4031 
1925 2630 4408 3753 
1926 2460 3732 2664 
1927 5091 5171 932 
1928 2823 4928 4072 
1929 1801 4491 883 
1930 5190 5191 3486 
1931 3777 4922 2001 
1932 3938 4915 3127 
1933 434 436 435 
1934 3694 4825 1334 
1935 1899 5069 1637 
1936 3626 5004 1107 
1937 840 3952 838 
1938 3616 5195 2886 
1939 3812 4138 1606 
1940 2935 3897 3050 
1941 3916 4816 2369 
1942 1590 4661 3733 
1943 3652 4468 1173 
1944 3650 4491 1801 
1945 1607 5375 5371 
1946 3748 5005 334 
1947 2899 5652 3724 
1948 3828 5416 5413 
1949 3107 4139 3877 
1950 3712 4455 1816 
1951 3621 4883 3912 
1952 3940 4888 2370 
1953 1816 3994 3712 
1954 360 5525 3633 
1955 4031 5175 4030 
1956 2800 4821 3731 
1957 3717 3718 2445 
1958 3156 4816 3916 
1959 3166 4812 3806 
1960 931 5099 4505 
1961 2734 3980 3072 
1962 176 3521 175 
1963 1531 4634 1447 
1964 3905 5310 5309 
1965 3944 4560 3113 
1966 186 3755 344 
1967 4068 4865 3176 
1968 3301 3780 2804 
1969 4701 4939 3332 
1970 3769 3832 1534 
1971 3912 4883 3952 
1972 3500 4765 3048 
1973 3727 3728 2372 
1974 3910 4762 1264 
1975 3938 4027 1784 
1976 3783 4997 4849 
1977 848 4806 3823 
1978 594 4193 601 
1979 3933 3976 3934 
1980 5405 5406 2957 
1981 3611 3787 3775 
1982 2634 4517 3864 
1983 3826 5142 5098 
1984 3644 4896 2625 
1985 4016 4405 1815 
1986 648 3958 650 
1987 2363 4116 4115 
1988 894 3812 1606 
1989 3660 3909 2678 
1990 2048 3816 2238 
1991 1792 4941 4412 
1992 4095 4791 1257 
1993 3113 4560 3768 
1994 3648 3649 3441 
1995 1449 4634 1781 
1996 4099 4843 1933 
1997 1395 4116 1393 
1998 346 3772 167 
1999 1418 3861 1421 
2000 725 3958 3642 
2001 3129 3774 3121 
2002 3870 4609 3159 
2003 3751 4890 3752 
2004 1407 4829 3994 
2005 3919 4204 1093 
2006 4027 4563 1784 
2007 2935 4018 3897 
2008 997 4049 625 
2009 3939 4888 3940 
2010 3821 3912 3823 
2011 1715 5137 3599 
2012 2897 4018 2935 
2013 4234 4977 1331 
2014 3806 4812 1928 
2015 3148 4648 3784 
2016 998 4063 3984 
2017 2603 3888 2292 
2018 1994 4819 2734 
2019 3271 5420 4692 
2020 2678 3909 3099 
2021 3598 5106 3595 
2022 1532 4763 4424 
2023 2669 5122 744 
2024 3558 4065 3576 
2025 45 3662 362 
2026 172 3664 359 
2027 3784 4648 1250 
2028 555 4063 998 
2029 459 4999 457 
2030 3694 4886 3145 
2031 2647 4086 3998 
2032 3918 4204 3919 
2033 3626 4986 3627 
2034 3901 4966 3142 
2035 3218 4085 4070 
2036 3524 3525 2793 
2037 3707 3897 3244 
2038 1934 4938 4804 
2039 4418 5496 5492 
2040 3120 4930 4721 
2041 39 3773 401 
2042 2633 3717 2443 
2043 3864 4517 3834 
2044 640 5054 3720 
2045 4211 4716 1320 
2046 3794 4631 2648 
2047 1265 3969 1261 
2048 701 5175 4192 
2049 1931 3789 3788 
2050 4003 4004 2893 
2051 2980 2982 2981 
2052 4024 4802 4798 
2053 3793 4974 3646 
2054 182 3692 360 
2055 1819 3967 1564 
2056 1388 3943 1166 
2057 3859 4901 3861 
2058 628 4049 2108 
2059 3998 4087 2647 
2060 4055 5117 4731 
2061 48 3641 47 
2062 1375 5018 3685 
2063 1060 4956 3873 
2064 2610 3888 3533 
2065 2256 2972 2203 
2066 396 3691 56 
2067 2927 5141 3963 
2068 3916 4934 3102 
2069 170 3695 402 
2070 1509 3788 2777 
2071 4091 4949 877 
2072 1199 4212 1320 
2073 3178 5089 3179 
2074 2355 3911 2118 
2075 1750 3749 1752 
2076 1309 3783 2004 
2077 2368 4609 3870 
2078 4537 4585 1459 
2079 987 3973 985 
2080 180 392 179 
2081 53 391 52 
2082 2804 3780 2805 
2083 2249 2569 2248 
2084 47 394 46 
2085 174 395 173 
2086 838 3952 1694 
2087 2811 5065 4990 
2088 1669 4926 1665 
2089 2206 4968 2164 
2090 1877 2249 2248 
2091 3711 5011 3178 
2092 5345 5353 3884 
2093 4194 5068 4850 
2094 4806 5000 3823 
2095 2182 4014 3877 
2096 1815 4026 4016 
2097 2864 5126 3612 
2098 4020 4727 2367 
2099 2346 3965 1922 
2100 3853 3976 3933 
2101 2588 3809 2289 
2102 2570 2900 2569 
2103 3271 5423 5420 
2104 3944 4761 1771 
2105 3109 3903 1958 
2106 3850 4926 1669 
2107 2984 2986 2985 
2108 4489 5019 3114 
2109 2821 4939 4701 
2110 184 3708 393 
2111 3651 3909 2629 
2112 1800 4976 1681 
2113 2102 5121 3830 
2114 2648 4631 2022 
2115 1156 4661 1590 
2116 3050 3897 3707 
2117 2980 2981 2978 
2118 3716 3717 2633 
2119 3690 3809 2588 
2120 182 360 181 
2121 55 361 54 
2122 2363 4115 4114 
2123 5230 5237 1805 
2124 1064 4923 4098 
2125 172 359 171 
2126 45 362 44 
2127 4234 5009 3311 
2128 343 3709 58 
2129 2903 3374 3373 
2130 4192 5129 3059 
2131 2661 3861 1416 
2132 2000 4063 553 
2133 3994 4829 3712 
2134 3877 4139 1315 
2135 1883 4136 3771 
2136 3788 3789 2777 
2137 896 3812 894 
2138 3865 4911 3864 
2139 4186 4409 3150 
2140 3856 3859 2661 
2141 343 3710 3709 
2142 3958 5015 3716 
2143 1855 3895 1580 
2144 3101 3903 3766 
2145 3014 3364 2900 
2146 2972 2974 2973 
2147 4095 4906 3104 
2148 3831 3924 3923 
2149 3734 4940 3735 
2150 2983 2984 2982 
2151 3150 4409 3810 
2152 2629 3909 2697 
2153 1580 3895 3698 
2154 2611 3988 3089 
2155 1784 4915 3938 
2156 3131 4103 3130 
2157 41 3722 345 
2158 168 3723 346 
2159 4731 5117 3542 
2160 715 3862 563 
2161 3924 3943 3926 
2162 1586 3965 3774 
2163 2984 2985 2982 
2164 1815 4212 1201 
2165 1800 3875 3776 
2166 1815 4405 4212 
2167 3113 4761 3944 
2168 2054 3880 2072 
2169 3057 3805 2287 
2170 4114 4115 3126 
2171 3129 3969 3774 
2172 4145 4919 4763 
2173 3831 3943 3924 
2174 2046 3816 2048 
2175 1933 4843 3904 
2176 3242 4977 4234 
2177 4970 5164 527 
2178 2249 2570 2569 
2179 1894 3929 2666 
2180 1149 3943 3831 
2181 896 3953 3781 
2182 1222 4133 1219 
2183 1186 4831 1777 
2184 4032 4825 3694 
2185 1915 4171 4064 
2186 3774 3965 3121 
2187 3731 4821 4196 
2188 184 393 183 
2189 57 396 56 
2190 2661 3862 3856 
2191 3920 4171 1911 
2192 2288 3817 3688 
2193 1068 4865 4068 
2194 1877 2248 1878 
2195 1551 3865 1424 
2196 3954 5082 3746 
2197 2880 3817 2185 
2198 4798 4802 2349 
2199 170 402 169 
2200 43 400 42 
2201 2250 3804 2230 
2202 1548 1549 1543 
2203 601 4193 1598 
2204 2250 3805 3804 
2205 1331 4977 4959 
2206 3935 4723 4713 
2207 4112 4114 3126 
2208 3999 4000 1920 
2209 621 4945 3636 
2210 1424 3865 1422 
2211 61 3835 398 
2212 3764 5110 3765 
2213 1571 4005 4003 
2214 4763 4919 4424 
2215 2456 4018 2897 
2216 2105 2203 1855 
2217 3802 5121 2814 
2218 2972 2973 2203 
2219 4187 4791 4095 
2220 3781 3812 896 
2221 4123 4643 2153 
2222 2072 3880 2594 
2223 2433 4840 2435 
2224 848 3952 840 
2225 179 3640 178 
2226 985 3973 3837 
2227 3777 4955 3874 
2228 2874 3814 3813 
2229 3841 3971 1969 
2230 2650 3796 3795 
2231 3978 5061 3745 
2232 3729 3730 3728 
2233 1329 4550 4136 
2234 1263 4766 1297 
2235 3759 5101 3760 
2236 2978 4560 2557 
2237 2734 4819 3980 
2238 1519 3788 1509 
2239 2986 2987 2985 
2240 3960 4656 3959 
2241 1920 4141 3999 
2242 3118 3869 2709 
2243 2570 3014 2900 
2244 552 3807 466 
2245 4940 4959 3735 
2246 3660 4762 3910 
2247 2100 3966 3192 
2248 3791 3792 3342 
2249 476 3923 474 
2250 3843 3971 3841 
2251 2066 5688 4312 
2252 3713 3714 3514 
2253 1202 3973 987 
2254 3851 4926 3850 
2255 1549 1552 1550 
2256 3921 4171 3920 
2257 3627 4986 4972 
2258 3117 5049 5037 
2259 2710 4870 3118 
2260 2974 3081 3080 
2261 4713 4723 2002 
2262 1203 3826 554 
2263 4128 4841 4126 
2264 2874 3813 2101 
2265 3118 4907 3870 
2266 3570 5069 1899 
2267 2256 3021 2972 
2268 3153 4577 4025 
2269 397 3755 187 
2270 2593 3800 3103 
2271 1684 4567 3875 
2272 3966 4479 3192 
2273 1334 4886 3694 
2274 2030 3817 2288 
2275 701 4193 594 
2276 345 3773 40 
2277 1058 3818 2761 
2278 2794 4764 4185 
2279 3818 4721 2761 
2280 186 344 185 
2281 59 343 58 
2282 1329 4038 3803 
2283 2973 3895 2203 
2284 2351 3874 3711 
2285 4225 4926 3851 
2286 3931 4787 4010 
2287 552 3826 3807 
2288 3774 3969 1265 
2289 2000 4887 4063 
2290 3946 3948 2713 
2291 3105 3478 3106 
2292 4894 5072 2823 
2293 1483 4664 1480 
2294 2042 4925 1600 
2295 2983 2996 2984 
2296 3698 3895 3602 
2297 5037 5049 4107 
2298 3821 3822 2361 
2299 4225 4927 1661 
2300 1777 1877 1778 
2301 403 4170 4169 
2302 3580 3706 3686 
2303 4083 4133 1222 
2304 4849 4997 3561 
2305 3948 3950 2713 
2306 41 345 40 
2307 168 346 167 
2308 1542 1543 1534 
2309 1608 3757 3756 
2310 2105 2256 2203 
2311 3642 3958 3716 
2312 3877 4014 3107 
2313 554 3826 552 
2314 3569 3571 3570 
2315 2185 3817 2028 
2316 3793 4189 1235 
2317 4071 4894 4072 
2318 1552 1564 1563 
2319 1012 4920 4199 
2320 3152 4389 4196 
2321 1931 5070 3789 
2322 3998 4086 3997 
2323 4019 4727 4020 
2324 2664 3732 3729 
2325 2287 3805 2250 
2326 1761 3749 1750 
2327 166 3772 399 
2328 173 3664 172 
2329 46 3662 45 
2330 2709 3869 3811 
2331 2393 4656 3960 
2332 474 3923 2362 
2333 3784 4704 3785 
2334 1365 3833 729 
2335 4116 4922 3119 
2336 2712 4189 3793 
2337 2987 2990 2989 
2338 4090 4491 3650 
2339 3856 3862 715 
2340 3863 3864 3834 
2341 1549 1550 1543 
2342 1739 1740 1336 
2343 2990 2992 2991 
2344 3917 4204 3918 
2345 1334 4825 4788 
2346 3766 3903 3109 
2347 1740 1742 1741 
2348 5207 5238 3868 
2349 4870 4907 3118 
2350 1958 3903 1937 
2351 3869 3870 3159 
2352 3537 3775 3603 
2353 985 3837 757 
2354 1257 4791 4743 
2355 2979 2980 2978 
2356 3811 3869 1213 
2357 3872 4537 1459 
2358 3911 4394 2118 
2359 1180 3580 3090 
2360 2982 4863 2981 
2361 3128 4585 4537 
2362 2571 3867 3316 
2363 1471 3881 1653 
2364 1524 3863 3834 
2365 1261 3969 1263 
2366 3854 3858 3855 
2367 1073 4787 3931 
2368 3718 3719 2445 
2369 1409 3858 3854 
2370 56 3691 55 
2371 2291 3105 2576 
2372 3756 3757 3461 
2373 1564 1582 1581 
2374 3032 4738 4686 
2375 171 3695 170 
2376 2697 3911 2355 
2377 4136 4550 3771 
2378 1167 4834 4661 
2379 2431 4872 2433 
2380 3946 4403 3151 
2381 3839 3841 1969 
2382 1552 1819 1564 
2383 2974 3080 2973 
2384 3623 5109 4925 
2385 2903 5127 3374 
2386 2102 3830 1613 
2387 1750 1752 1751 
2388 2713 4403 3946 
2389 3353 3436 3351 
2390 1746 1748 1747 
2391 3875 4567 3776 
2392 1225 4083 1222 
2393 1548 1580 1549 
2394 1744 1746 1745 
2395 1529 3832 1931 
2396 2351 3930 3874 
2397 1643 3868 1646 
2398 3751 3752 3645 
2399 3602 3895 2973 
2400 4196 4389 3731 
2401 1409 3854 569 
2402 3538 3988 2611 
2403 3198 3901 1540 
2404 746 3887 2669 
2405 1460 3872 1459 
2406 4421 4634 4230 
2407 563 3862 562 
2408 2992 2994 2993 
2409 2990 3362 2992 
2410 3126 4235 4112 
2411 2288 2588 2289 
2412 2045 2546 2046 
2413 1740 1741 1336 
2414 3134 4103 3131 
2415 1750 1751 1748 
2416 4087 4203 2647 
2417 2719 4115 3119 
2418 183 3692 182 
2419 370 4061 66 
2420 3245 3246 2546 
2421 1533 1534 1529 
2422 3803 4550 1329 
2423 2129 3914 2348 
2424 4185 4764 1972 
2425 4134 4873 4237 
2426 1372 3899 1387 
2427 4704 4743 3785 
2428 1752 1754 1753 
2429 3796 3797 3795 
2430 2593 3103 2880 
2431 1219 4133 1217 
2432 3214 3886 2506 
2433 941 4217 867 
2434 942 1005 967 
2435 2372 4912 2006 
2436 1749 1750 1748 
2437 2045 2046 1898 
2438 4025 4577 1252 
2439 2000 3992 3928 
2440 4743 4791 3785 
2441 3688 3689 2588 
2442 1286 3996 1392 
2443 3588 3635 3071 
2444 58 3709 57 
2445 2228 2903 2902 
2446 2016 3889 2094 
2447 1754 1756 1755 
2448 326 3866 63 
2449 3813 3815 2182 
2450 1596 4792 4124 
2451 984 3942 560 
2452 1582 2045 1898 
2453 1692 3975 3974 
2454 3884 5353 1631 
2455 1213 4131 3811 
2456 2027 2185 2028 
2457 1005 1087 1039 
2458 1743 1744 1742 
2459 5036 5169 3545 
2460 1473 3881 1471 
2461 3130 4103 3996 
2462 1552 1563 1550 
2463 2291 3809 3105 
2464 42 3722 41 
2465 169 3723 168 
2466 3853 3933 489 
2467 2289 3809 2291 
2468 1384 3824 1386 
2469 3150 4648 3148 
2470 188 397 187 
2471 61 398 60 
2472 1582 1898 1897 
2473 1744 1745 1742 
2474 1087 1167 1111 
2475 3156 3916 3915 
2476 1558 3834 1576 
2477 3719 3957 2445 
2478 1911 4492 3920 
2479 1152 3818 1058 
2480 403 4169 4168 
2481 1915 4669 1916 
2482 1769 1872 1770 
2483 4686 4738 4123 
2484 4009 4546 4102 
2485 3871 4125 2698 
2486 1370 3899 1372 
2487 2030 2288 2077 
2488 482 3936 487 
2489 4788 4825 4020 
2490 437 3342 435 
2491 3105 3106 2576 
2492 1257 4906 4095 
2493 3126 4115 2719 
2494 2569 2591 2248 
2495 1754 1765 1756 
2496 2990 2991 2989 
2497 1168 1274 1167 
2498 1264 4762 4025 
2499 2645 3851 3850 
2500 2225 4775 2513 
2501 915 4082 913 
2502 486 3933 2389 
2503 3534 5062 3065 
2504 2203 3895 1855 
2505 185 3708 184 
2506 789 942 874 
2507 2122 3918 2658 
2508 2660 3296 2804 
2509 4821 4904 4101 
2510 2028 3817 2030 
2511 2527 4395 4188 
2512 3999 4141 2721 
2513 1542 1548 1543 
2514 3918 3919 2658 
2515 2020 2022 2021 
2516 560 3942 558 
2517 3063 3914 3819 
2518 5433 5435 1138 
2519 3389 3391 3390 
2520 4010 4221 2384 
2521 3168 4753 4129 
2522 1258 4940 3734 
2523 1809 4640 2456 
2524 3118 3870 3869 
2525 3689 3690 2588 
2526 4394 4783 1245 
2527 1932 4974 4175 
2528 1756 1758 1757 
2529 3859 3861 2661 
2530 748 3887 746 
2531 3933 3934 2389 
2532 1366 3915 3102 
2533 2052 3880 2054 
2534 784 3961 863 
2535 2980 2983 2982 
2536 1156 1590 1178 
2537 1564 1581 1563 
2538 3935 4137 3936 
2539 4198 5431 5429 
2540 2593 2880 2185 
2541 1529 1931 1527 
2542 3081 3604 3080 
2543 3064 5057 2695 
2544 1534 3832 1529 
2545 770 4182 1608 
2546 4102 4546 829 
2547 198 4168 197 
2548 1724 4492 1911 
2549 3717 3726 3718 
2550 1335 1336 1309 
2551 2022 2023 2021 
2552 1769 1770 1767 
2553 587 4731 585 
2554 1543 3769 1534 
2555 994 3917 990 
2556 4199 4920 3752 
2557 2513 4409 4186 
2558 2186 2593 2185 
2559 942 2662 1005 
2560 2883 3800 2593 
2561 1633 3979 1630 
2562 1920 4605 1596 
2563 3834 4517 1576 
2564 1758 1772 1760 
2565 3939 3940 2644 
2566 3898 3899 1370 
2567 1512 3956 3941 
2568 492 3853 489 
2569 1175 4131 1127 
2570 1638 3979 1633 
2571 187 3755 186 
2572 1392 3996 1407 
2573 479 3923 476 
2574 4187 4188 3786 
2575 3151 4403 3879 
2576 2050 3825 2052 
2577 1779 4841 4128 
2578 2288 2289 2077 
2579 3825 3880 2052 
2580 1463 3872 1460 
2581 783 3882 781 
2582 39 401 38 
2583 166 399 165 
2584 3899 3900 1387 
2585 753 3836 1411 
2586 3901 4008 1540 
2587 1250 4704 3784 
2588 2046 2048 2047 
2589 1904 1906 1905 
2590 2023 2027 2025 
2591 1746 1747 1745 
2592 1776 3970 1668 
2593 2262 2648 2022 
2594 4084 4600 3953 
2595 1318 5187 4575 
2596 1906 2230 1905 
2597 1906 2250 2230 
2598 2940 3932 3599 
2599 1933 4963 1932 
2600 1292 3915 1366 
2601 4112 4235 4113 
2602 3571 3572 3570 
2603 1480 4664 1479 
2604 4879 5003 668 
2605 3296 3301 2804 
2606 167 3772 166 
2607 4089 4553 4088 
2608 2101 3813 1954 
2609 1885 3945 1218 
2610 2651 3245 2546 
2611 2014 3889 2016 
2612 1503 3956 1506 
2613 1512 3941 1514 
2614 1450 4001 1448 
2615 2992 2993 2991 
2616 2359 2360 788 
2617 2459 3950 2947 
2618 2649 2650 2648 
2619 654 4140 651 
2620 613 4184 615 
2621 2654 3906 2599 
2622 2027 2028 2025 
2623 1422 3865 3863 
2624 466 3807 464 
2625 1685 4042 1682 
2626 3969 4766 1263 
2627 2348 3914 3063 
2628 2048 2238 2050 
2629 553 554 552 
2630 729 3833 731 
2631 646 4135 643 
2632 2251 3972 2073 
2633 1749 1761 1750 
2634 2557 3944 1979 
2635 557 558 556 
2636 1872 1873 1770 
2637 1872 2189 1873 
2638 1159 4468 1123 
2639 555 556 554 
2640 2350 2670 1992 
2641 2926 2928 2927 
2642 3953 4600 3781 
2643 1582 1897 1581 
2644 1969 3970 3839 
2645 1763 1769 1767 
2646 2506 3886 2504 
2647 4959 4977 3735 
2648 1087 1111 1039 
2649 2452 5060 2868 
2650 936 4113 930 
2651 782 3961 784 
2652 4781 5090 735 
2653 1561 4007 4006 
2654 2734 3072 3070 
2655 3934 3935 2389 
2656 2238 3825 2050 
2657 2782 4643 4123 
2658 1588 3955 1428 
2659 2456 4640 4018 
2660 757 3837 755 
2661 2153 4686 4123 
2662 1368 3898 1370 
2663 2048 2050 2049 
2664 3048 4765 3881 
2665 559 560 558 
2666 1684 3875 1677 
2667 3923 3924 2362 
2668 2230 3804 2660 
2669 2281 3867 2571 
2670 4057 4058 326 
2671 2288 3688 2588 
2672 1567 3939 2644 
2673 1752 1753 1751 
2674 4015 4493 2732 
2675 1005 1039 967 
2676 4972 5119 3627 
2677 1904 1905 1274 
2678 4064 4669 1915 
2679 4115 4116 3119 
2680 731 735 733 
2681 2108 4177 630 
2682 1641 3868 1643 
2683 1264 4783 3910 
2684 3015 3518 3014 
2685 2662 4442 1005 
2686 1087 1168 1167 
2687 1903 1904 1274 
2688 2688 4183 4027 
2689 561 562 560 
2690 951 4113 936 
2691 4489 4608 2335 
2692 5435 5439 4482 
2693 2445 3957 2444 
2694 3718 3720 3719 
2695 913 4082 931 
2696 4038 4490 3803 
2697 2508 3200 2585 
2698 1576 1880 1850 
2699 1302 4026 1815 
2700 3915 3916 3102 
2701 1528 1529 1527 
2702 1208 1210 1166 
2703 3924 3925 2362 
2704 2158 4219 4093 
2705 3926 3927 3925 
2706 2454 3905 2913 
2707 470 552 466 
2708 2448 4066 3261 
2709 3879 4153 3151 
2710 2713 3950 2459 
2711 1150 1166 1149 
2712 3959 4656 1313 
2713 1758 1760 1759 
2714 1390 3824 1384 
2715 1343 4026 1302 
2716 2020 2021 2019 
2717 2987 2989 2988 
2718 2724 4041 3096 
2719 978 3982 3913 
2720 1804 1937 1389 
2721 4103 4829 1407 
2722 3072 3530 3529 
2723 1754 1755 1753 
2724 1594 4154 4053 
2725 3101 3552 3100 
2726 3110 3112 3109 
2727 1994 2734 2341 
2728 3055 3057 2287 
2729 1235 4175 3793 
2730 1804 4139 3107 
2731 2413 3932 2940 
2732 3192 4952 3193 
2733 2223 2508 2189 
2734 2968 4493 4015 
2735 1618 1620 1619 
2736 2666 2668 2667 
2737 4201 4511 4200 
2738 1880 2281 2184 
2739 651 4140 649 
2740 2926 2927 2925 
2741 487 1149 481 
2742 1093 4864 3919 
2743 2877 3495 2875 
2744 3571 3573 3572 
2745 4003 4005 4004 
2746 1527 3788 1519 
2747 2100 3192 2596 
2748 2483 2874 2101 
2749 1558 1576 1575 
2750 1186 1777 1197 
2751 1051 4195 1049 
2752 959 4117 4050 
2753 2977 2978 2557 
2754 630 4177 632 
2755 1923 3801 1622 
2756 553 555 554 
2757 451 4147 527 
2758 1380 1382 1381 
2759 4016 4026 2674 
2760 3498 3937 3047 
2761 2018 2020 2019 
2762 1734 4184 613 
2763 2571 3316 3314 
2764 555 557 556 
2765 1953 3968 2635 
2766 942 967 874 
2767 1692 3974 1690 
2768 3055 3370 3057 
2769 1428 3955 1426 
2770 1756 1757 1755 
2771 2776 4652 3998 
2772 3992 4485 3928 
2773 3924 3926 3925 
2774 3488 3500 3048 
2775 731 3833 735 
2776 1682 4042 1693 
2777 1335 1739 1336 
2778 1954 2182 1802 
2779 1150 1208 1166 
2780 1766 3929 1894 
2781 1493 4024 1489 
2782 1804 1958 1937 
2783 498 1410 495 
2784 990 3917 989 
2785 959 4050 870 
2786 1420 3863 1524 
2787 62 3835 61 
2788 1506 3956 1512 
2789 464 2103 462 
2790 4661 4834 3733 
2791 62 3866 3835 
2792 557 559 558 
2793 1378 1380 1379 
2794 3142 4966 4827 
2795 557 3983 559 
2796 3108 3109 1958 
2797 3573 3605 3572 
2798 2004 4849 4721 
2799 3786 4791 4187 
2800 4153 4393 1705 
2801 3108 3110 3109 
2802 470 553 552 
2803 1668 3970 1969 
2804 3065 5030 2670 
2805 2385 4553 4089 
2806 1091 4017 1595 
2807 3464 4443 4001 
2808 2495 2840 2356 
2809 2360 3882 788 
2810 876 3982 962 
2811 1168 4442 1927 
2812 2483 2875 2874 
2813 1210 4139 1804 
2814 1524 3834 1558 
2815 2187 3914 2129 
2816 1861 4885 1838 
2817 776 4446 778 
2818 2776 3998 3997 
2819 3720 3721 3719 
2820 4114 4440 2363 
2821 569 3854 567 
2822 1418 1420 1419 
2823 1384 1386 1385 
2824 1636 1637 1633 
2825 4070 4233 4069 
2826 1632 1633 1630 
2827 643 4135 642 
2828 1954 3813 2182 
2829 1629 1630 1628 
2830 2367 4788 4020 
2831 1210 1804 1389 
2832 1382 1384 1383 
2833 3851 4927 4225 
2834 2281 2571 2184 
2835 559 561 560 
2836 1620 1622 1621 
2837 1087 4442 1168 
2838 1364 4083 1225 
2839 4037 4490 4038 
2840 978 3913 980 
2841 2924 2926 2925 
2842 2631 4073 2298 
2843 2153 4643 4556 
2844 1571 4002 1432 
2845 1168 1903 1274 
2846 3580 3658 3090 
2847 1880 2184 1850 
2848 1760 1763 1762 
2849 487 1150 1149 
2850 2211 2356 1410 
2851 2120 3918 2122 
2852 3728 4912 2372 
2853 2344 3101 3100 
2854 1421 1422 1420 
2855 562 1414 984 
2856 561 563 562 
2857 1138 5435 4482 
2858 40 3773 39 
2859 484 3936 482 
2860 3046 3048 1507 
2861 2660 3804 3296 
2862 4093 4219 4092 
2863 4132 4447 1699 
2864 778 4181 774 
2865 4129 4753 2381 
2866 2447 4687 4495 
2867 900 4084 3953 
2868 2054 2072 2071 
2869 2297 4086 2647 
2870 1976 4179 499 
2871 2504 3886 3867 
2872 2922 2924 2923 
2873 3166 3806 3167 
2874 1376 1378 1377 
2875 2508 2585 2189 
2876 1622 1624 1623 
2877 1127 4131 1213 
2878 2776 3997 1783 
2879 1382 1390 1384 
2880 1853 4657 4011 
2881 1636 1899 1637 
2882 1336 3783 1309 
2883 1632 1636 1633 
2884 3200 3465 2585 
2885 3814 3815 3813 
2886 3863 3865 3864 
2887 2282 2504 2281 
2888 4027 4183 3790 
2889 1100 4022 4021 
2890 1411 5046 3887 
2891 2486 4032 3008 
2892 1414 1416 1415 
2893 1453 4001 1450 
2894 2350 3065 2670 
2895 1423 1424 1422 
2896 3152 4196 4195 
2897 66 4061 65 
2898 1400 3989 1404 
2899 1210 1389 1388 
2900 3224 3225 3223 
2901 788 3882 783 
2902 64 4057 326 
2903 1937 2344 2339 
2904 2613 3951 3244 
2905 1629 1632 1630 
2906 2443 2444 2442 
2907 2192 4152 2206 
2908 464 3807 2103 
2909 3682 3684 3683 
2910 1576 1850 1575 
2911 753 1411 751 
2912 1309 2004 1307 
2913 469 4485 3992 
2914 2027 2186 2185 
2915 2344 3100 3082 
2916 1894 2666 2081 
2917 2720 3930 2718 
2918 1410 3976 3853 
2919 1416 1418 1417 
2920 1624 1626 1625 
2921 403 4168 198 
2922 2441 2443 2442 
2923 2443 2445 2444 
2924 1763 1767 1766 
2925 1396 3994 1816 
2926 755 3836 753 
2927 2628 4408 3638 
2928 4000 4605 1920 
2929 1315 4139 1208 
2930 1991 3868 1641 
2931 1615 1618 1617 
2932 3112 3767 3766 
2933 986 988 987 
2934 1169 4136 1883 
2935 1699 4447 4131 
2936 2840 3631 2841 
2937 779 985 757 
2938 3232 3233 2827 
2939 1690 3974 1907 
2940 3995 3996 1286 
2941 1374 1376 1375 
2942 3965 5036 3121 
2943 1626 1629 1628 
2944 333 4166 4165 
2945 3911 4783 4394 
2946 4159 4592 4160 
2947 2994 2995 2993 
2948 4188 4395 3786 
2949 2016 2018 2017 
2950 3008 4032 3694 
2951 2285 3889 2014 
2952 333 4167 4166 
2953 3810 4648 3150 
2954 3857 3860 3859 
2955 481 3831 479 
2956 986 987 985 
2957 4495 4687 2895 
2958 2924 2925 2923 
2959 2683 3991 3334 
2960 3981 4778 1694 
2961 567 715 563 
2962 1751 4674 1748 
2963 779 986 985 
2964 2439 2441 2440 
2965 1425 1426 1424 
2966 3854 3855 715 
2967 2495 2997 2840 
2968 1218 3945 1220 
2969 2084 4086 2297 
2970 4142 4195 1051 
2971 988 990 989 
2972 727 1365 729 
2973 3046 3488 3048 
2974 1694 4778 835 
2975 1594 4051 591 
2976 2913 3661 2860 
2977 4384 4426 2760 
2978 4237 4873 1160 
2979 2546 3816 2046 
2980 1220 3945 2055 
2981 3607 3610 3609 
2982 2920 2922 2921 
2983 2716 4440 4114 
2984 3831 3923 479 
2985 2441 2442 2440 
2986 498 2211 1410 
2987 1570 4929 1611 
2988 1370 1372 1371 
2989 3130 3995 2117 
2990 4963 4974 1932 
2991 2298 4073 2296 
2992 2725 4843 4099 
2993 4630 4765 3697 
2994 556 3852 1203 
2995 1611 2102 1613 
2996 2444 3957 2881 
2997 2020 2262 2022 
2998 1626 1628 1627 
2999 333 4165 196 
3000 1507 3881 1473 
3001 1653 4765 4630 
3002 489 3933 486 
3003 1639 1991 1641 
3004 1269 4110 1339 
3005 3910 3911 2697 
3006 2913 3699 3661 
3007 1650 2266 1651 
3008 3997 4086 1918 
3009 2631 4244 4075 
3010 3883 3885 3884 
3011 1414 2661 1416 
3012 3837 3838 3836 
3013 2454 2913 2860 
3014 2211 2495 2356 
3015 1497 4024 1493 
3016 3679 3682 3680 
3017 4081 4082 915 
3018 1667 3971 1669 
3019 2734 3070 2341 
3020 1412 3968 1953 
3021 2598 3381 3214 
3022 1533 1542 1534 
3023 988 989 987 
3024 1045 4017 1091 
3025 2157 3166 2623 
3026 1372 1374 1373 
3027 2766 5043 4851 
3028 2072 2251 2073 
3029 755 3837 3836 
3030 4011 4657 3300 
3031 3855 3857 3856 
3032 2504 3867 2281 
3033 1526 1527 1519 
3034 813 4124 2704 
3035 1795 3959 1313 
3036 2937 4511 4201 
3037 1622 3801 1624 
3038 2266 2904 2613 
3039 815 4124 813 
3040 3191 4956 4098 
3041 1009 4022 1043 
3042 2435 2439 2437 
3043 994 4204 3917 
3044 1646 1647 1645 
3045 3222 3224 3223 
3046 1426 3955 1551 
3047 992 994 990 
3048 2556 2557 1979 
3049 1740 1743 1742 
3050 2159 4467 4210 
3051 962 3982 978 
3052 1420 1524 1419 
3053 436 437 435 
3054 2186 2883 2593 
3055 902 4084 900 
3056 1872 2223 2189 
3057 571 1409 569 
3058 4019 4020 2808 
3059 1615 3830 1618 
3060 2918 2920 2919 
3061 2286 2287 2250 
3062 1650 1651 1649 
3063 3730 4912 3728 
3064 1408 4045 4044 
3065 2014 2016 2015 
3066 1368 1370 1369 
3067 1432 4002 1430 
3068 1620 1923 1622 
3069 4010 4787 4221 
3070 1565 3939 1567 
3071 2594 2908 2251 
3072 2046 2047 1898 
3073 2266 2613 1651 
3074 2439 2440 2437 
3075 2922 2923 2921 
3076 3050 3466 3051 
3077 2454 2860 1962 
3078 3222 3223 3221 
3079 4154 4155 4053 
3080 2935 3050 2936 
3081 1643 1646 1645 
3082 3743 3954 3746 
3083 1131 4110 1269 
3084 2048 2049 2047 
3085 1122 4038 1329 
3086 1609 3930 2351 
3087 2904 3951 2613 
3088 3677 3679 3678 
3089 2777 4024 1497 
3090 3892 3894 3890 
3091 1613 3830 1615 
3092 1049 4195 1096 
3093 3050 3051 2936 
3094 3737 3977 3738 
3095 3961 4812 3166 
3096 3879 4393 4153 
3097 3675 3677 3676 
3098 3125 4923 4068 
3099 3466 3639 3051 
3100 2072 2594 2251 
3101 2223 3036 2508 
3102 580 581 579 
3103 1421 1423 1422 
3104 2916 2918 2917 
3105 1647 1650 1649 
3106 1422 3863 1420 
3107 2598 3214 2506 
3108 567 3854 715 
3109 1700 4132 1699 
3110 2262 2649 2648 
3111 558 3942 3852 
3112 2505 2506 2504 
3113 3796 3798 3797 
3114 1758 1759 1757 
3115 2935 2936 2934 
3116 2543 4157 3242 
3117 1637 1639 1638 
3118 3072 3529 3070 
3119 3917 3918 2120 
3120 2285 3890 3889 
3121 2072 2073 2071 
3122 1618 1619 1617 
3123 4556 4643 4109 
3124 1408 4044 1403 
3125 2527 4188 2528 
3126 3910 4783 3911 
3127 1427 1428 1426 
3128 1418 1421 1420 
3129 1418 1419 1417 
3130 441 1597 439 
3131 2953 5100 4969 
3132 2927 3963 3962 
3133 1691 3590 1692 
3134 2295 4078 2614 
3135 2384 4231 4010 
3136 1376 1924 1378 
3137 3874 3930 2720 
3138 1423 1425 1424 
3139 1567 2644 1569 
3140 3192 3193 2596 
3141 4059 4060 4058 
3142 961 4046 875 
3143 2164 3174 2162 
3144 3166 3167 2623 
3145 897 3953 896 
3146 2012 2014 2013 
3147 2016 2094 2018 
3148 992 995 994 
3149 633 4023 631 
3150 1398 3989 1400 
3151 3220 3222 3221 
3152 2271 3972 2914 
3153 989 3917 2120 
3154 672 4236 673 
3155 3102 3898 1368 
3156 2297 2298 2296 
3157 591 4051 589 
3158 1380 1381 1379 
3159 2012 2285 2014 
3160 582 583 581 
3161 577 580 579 
3162 2897 2935 2934 
3163 1209 1315 1208 
3164 3935 4713 4137 
3165 3054 3055 2287 
3166 3098 4119 4118 
3167 4662 4875 2476 
3168 2050 2052 2051 
3169 3130 3996 3995 
3170 2115 3970 1776 
3171 2086 2382 1364 
3172 3067 4859 3750 
3173 1802 3877 1315 
3174 863 3961 2157 
3175 3605 3607 3606 
3176 1366 1368 1367 
3177 3974 3975 2699 
3178 577 579 575 
3179 1394 3994 1396 
3180 3179 4081 2119 
3181 1095 4142 1051 
3182 4130 5105 3622 
3183 580 582 581 
3184 2597 2948 2200 
3185 2675 2676 2674 
3186 1043 4022 1100 
3187 735 5090 733 
3188 1100 4021 1102 
3189 558 3852 556 
3190 556 1203 554 
3191 1620 1621 1619 
3192 4382 4426 4384 
3193 1465 1591 1463 
3194 1509 2777 1497 
3195 1426 1551 1424 
3196 2920 2921 2919 
3197 1117 4037 1120 
3198 584 585 583 
3199 1699 4131 1175 
3200 2117 3995 1806 
3201 3973 4884 3838 
3202 2898 2916 2676 
3203 3107 3108 1958 
3204 2631 4074 4073 
3205 1639 1641 1640 
3206 1000 4046 961 
3207 4162 4163 369 
3208 5053 5057 3520 
3209 4210 4466 2159 
3210 2150 4019 2808 
3211 3220 3221 3219 
3212 2084 2297 2296 
3213 495 3853 492 
3214 1912 4171 1915 
3215 1308 1309 1307 
3216 4173 4174 2894 
3217 2018 2019 2017 
3218 1316 1802 1315 
3219 3584 4150 2618 
3220 4037 4038 1120 
3221 4212 4405 3656 
3222 2297 2299 2298 
3223 3733 5063 1590 
3224 3335 3336 2465 
3225 2271 2273 2272 
3226 3971 4954 1669 
3227 4198 5429 4935 
3228 1378 1379 1377 
3229 586 587 585 
3230 3927 4887 3928 
3231 2507 2598 2506 
3232 1770 1884 1767 
3233 2835 5060 3002 
3234 1382 1383 1381 
3235 582 584 583 
3236 1997 4009 2324 
3237 1173 4468 1159 
3238 2980 4852 2983 
3239 1982 4176 2471 
3240 1594 4052 4051 
3241 3883 3884 1631 
3242 2040 2674 1349 
3243 2668 3491 2667 
3244 2328 4127 2326 
3245 995 1006 996 
3246 1331 5009 4234 
3247 584 586 585 
3248 1425 1427 1426 
3249 2698 4125 1592 
3250 3673 3675 3674 
3251 1641 1643 1642 
3252 3475 4572 4239 
3253 1676 1677 1675 
3254 2119 4081 921 
3255 900 3953 897 
3256 1660 1661 1659 
3257 2950 3564 3449 
3258 2631 4075 4074 
3259 2689 4183 2688 
3260 867 4217 866 
3261 3176 4865 3931 
3262 1429 1430 1428 
3263 2338 2699 2612 
3264 3675 3685 3677 
3265 1880 2282 2281 
3266 995 996 994 
3267 1688 1691 1690 
3268 1727 1944 1723 
3269 1738 4651 2776 
3270 2597 3562 2948 
3271 709 727 726 
3272 751 3887 748 
3273 562 984 560 
3274 4577 4598 3993 
3275 3331 3332 3330 
3276 3530 3568 3529 
3277 4040 4041 2740 
3278 2740 4041 2724 
3279 1045 1091 1046 
3280 2041 4033 2042 
3281 1288 3156 1290 
3282 615 4184 722 
3283 2122 2658 2124 
3284 2699 2909 2612 
3285 1006 1045 1007 
3286 1376 1377 1375 
3287 1798 3997 1918 
3288 2196 4173 2894 
3289 2075 2271 2270 
3290 2383 2686 2382 
3291 636 4023 633 
3292 1372 1387 1374 
3293 1878 3782 2228 
3294 4110 4636 4109 
3295 4087 4421 4203 
3296 1622 1623 1621 
3297 2918 2919 2917 
3298 722 3539 3075 
3299 2464 2465 2187 
3300 3837 3973 3838 
3301 3669 3671 3670 
3302 2444 2881 2446 
3303 866 4215 857 
3304 3217 3220 3219 
3305 1091 1116 1092 
3306 2736 2737 1591 
3307 588 589 587 
3308 2367 4727 4654 
3309 1658 1659 1657 
3310 2136 4023 636 
3311 3607 3609 3608 
3312 3671 3673 3672 
3313 2020 4519 2262 
3314 3543 3544 2872 
3315 3844 3847 3846 
3316 3842 3844 3843 
3317 758 779 757 
3318 2761 4046 1000 
3319 4108 4109 2781 
3320 445 955 443 
3321 756 757 755 
3322 1679 1800 1681 
3323 1290 3915 1292 
3324 1384 1385 1383 
3325 586 588 587 
3326 3996 4103 1407 
3327 927 4043 924 
3328 2198 2200 2107 
3329 1783 3997 1798 
3330 4113 4235 930 
3331 3524 3526 3525 
3332 924 4043 922 
3333 2023 2025 2024 
3334 4028 4029 1593 
3335 5370 5380 1635 
3336 754 755 753 
3337 1676 1684 1677 
3338 1691 1692 1690 
3339 2092 2609 1944 
3340 2198 2597 2200 
3341 2299 2300 2298 
3342 1643 1645 1644 
3343 1592 4125 854 
3344 2666 2667 2081 
3345 2040 2675 2674 
3346 1307 3818 1152 
3347 1370 1371 1369 
3348 3049 3472 2736 
3349 2716 4111 1280 
3350 991 992 990 
3351 1760 1762 1759 
3352 3125 4067 2379 
3353 1006 1007 996 
3354 4057 4059 4058 
3355 1840 1954 1802 
3356 1606 4070 4069 
3357 590 591 589 
3358 1674 1675 1673 
3359 3352 3353 3351 
3360 1647 1649 1648 
3361 3096 3586 3097 
3362 2084 2296 2295 
3363 2876 2877 2875 
3364 889 4069 887 
3365 1372 1373 1371 
3366 1292 1366 1333 
3367 2907 3905 2454 
3368 3857 3859 3856 
3369 2687 2688 2686 
3370 2609 2872 2685 
3371 588 590 589 
3372 2725 4099 1133 
3373 3883 3979 3885 
3374 3098 4118 2366 
3375 2060 2101 1954 
3376 1374 1375 1373 
3377 1624 1625 1623 
3378 2282 2505 2504 
3379 2597 4223 3563 
3380 3682 3683 3680 
3381 989 2120 1202 
3382 2028 2030 2029 
3383 1045 1046 1007 
3384 1306 1307 1152 
3385 2094 4519 2018 
3386 1120 4038 1122 
3387 1123 4468 1731 
3388 2482 2483 2101 
3389 3882 4446 781 
3390 1514 3941 1565 
3391 2960 4097 4096 
3392 2262 4519 2681 
3393 1653 4178 1469 
3394 2188 2454 1962 
3395 1674 1676 1675 
3396 2635 3612 2412 
3397 1630 3979 3883 
3398 3156 3915 1290 
3399 1683 1687 1686 
3400 2749 4428 3011 
3401 1763 1766 1762 
3402 2198 4223 2597 
3403 1992 4664 1483 
3404 1658 1660 1659 
3405 197 4168 333 
3406 3844 3848 3847 
3407 1569 4245 1568 
3408 2474 4417 4416 
3409 3667 3669 3668 
3410 1091 1092 1046 
3411 1564 3967 1582 
3412 4067 4068 3176 
3413 4397 4616 2714 
3414 1431 1432 1430 
3415 2086 2383 2382 
3416 2120 2122 2121 
3417 1903 2093 1904 
3418 1414 1415 984 
3419 1427 1429 1428 
3420 2162 4140 654 
3421 4755 4800 4093 
3422 2940 3267 3266 
3423 1541 4008 1546 
3424 2271 2272 2270 
3425 4012 4779 4011 
3426 2157 3961 3166 
3427 1628 3883 1631 
3428 2735 2736 1591 
3429 1327 1723 1328 
3430 752 753 751 
3431 1916 2012 2011 
3432 1746 1749 1748 
3433 2675 2898 2676 
3434 2680 3991 2683 
3435 1962 4135 646 
3436 1235 4189 1236 
3437 2840 2841 2356 
3438 2958 2966 2703 
3439 2050 2051 2049 
3440 1058 2761 1000 
3441 1149 3831 481 
3442 1210 1388 1166 
3443 1136 4056 2144 
3444 1430 4002 1588 
3445 3840 3842 3841 
3446 4100 4414 1731 
3447 566 567 563 
3448 1911 4171 1912 
3449 3125 4068 4067 
3450 1953 2412 1967 
3451 1327 1727 1723 
3452 2073 3972 2075 
3453 2613 3244 2696 
3454 2948 2950 2949 
3455 592 593 591 
3456 1687 1688 1686 
3457 1937 2339 1389 
3458 2890 3216 3123 
3459 2660 2804 2803 
3460 3930 4043 2718 
3461 2383 2687 2686 
3462 1773 4674 1751 
3463 1667 1669 1665 
3464 3117 5037 5025 
3465 2873 3922 3921 
3466 3987 3988 3538 
3467 3927 3928 3925 
3468 1413 3968 1412 
3469 3216 3217 3123 
3470 2800 4904 4821 
3471 2069 4108 2781 
3472 941 4890 3751 
3473 590 592 591 
3474 2760 4425 4423 
3475 847 4125 3871 
3476 2916 2917 2676 
3477 3855 3856 715 
3478 1349 4026 1343 
3479 3236 4413 2878 
3480 4181 4182 772 
3481 576 577 575 
3482 1918 2084 2083 
3483 3935 3936 2389 
3484 1609 4043 3930 
3485 2686 3938 3127 
3486 1266 4117 1020 
3487 2700 3142 2764 
3488 2213 4047 2706 
3489 4270 4272 4271 
3490 2016 2017 2015 
3491 1416 1417 1415 
3492 2299 2301 2300 
3493 2182 3877 1802 
3494 2724 3096 2723 
3495 774 4181 772 
3496 3745 3954 3743 
3497 3783 4849 2004 
3498 2966 3840 3839 
3499 1969 3971 1667 
3500 2027 4631 2186 
3501 2122 2124 2123 
3502 1368 1369 1367 
3503 2513 4775 4409 
3504 2940 3599 3267 
3505 3463 3499 3464 
3506 2030 2077 2076 
3507 1366 3102 1368 
3508 1656 1657 1655 
3509 2788 4616 4397 
3510 2052 2054 2053 
3511 2897 2934 2901 
3512 2722 2723 2721 
3513 4047 4377 2706 
3514 2718 4043 927 
3515 3044 3463 2137 
3516 1425 4145 1427 
3517 212 4356 211 
3518 2878 4413 2877 
3519 1220 2055 1224 
3520 1656 1658 1657 
3521 1626 1627 1625 
3522 2456 2897 2896 
3523 482 487 481 
3524 1081 4048 1019 
3525 1412 1953 1835 
3526 1066 4071 1067 
3527 3677 3678 3676 
3528 4482 5439 1712 
3529 2885 2888 2183 
3530 2861 3960 3959 
3531 3112 3766 3109 
3532 594 595 593 
3533 496 498 495 
3534 1227 1412 1228 
3535 191 325 190 
3536 64 326 63 
3537 2858 2861 2397 
3538 3179 4082 4081 
3539 2045 2651 2546 
3540 1671 1674 1673 
3541 194 4162 369 
3542 592 594 593 
3543 2141 2885 2183 
3544 1280 4111 953 
3545 467 470 466 
3546 1260 3993 1585 
3547 2141 2183 2140 
3548 1937 3903 2344 
3549 799 4542 1714 
3550 1147 1227 1148 
3551 1047 4017 1045 
3552 2344 3082 2339 
3553 3679 3680 3678 
3554 1487 4819 1994 
3555 2716 4112 4111 
3556 1907 3974 2338 
3557 3100 3551 3082 
3558 1216 1885 1218 
3559 1278 1279 1277 
3560 704 4156 4155 
3561 871 4466 960 
3562 2464 3335 2465 
3563 4029 4030 1593 
3564 3221 4090 3650 
3565 2599 3906 2598 
3566 1654 1655 1592 
3567 2435 2437 2436 
3568 3622 4040 3087 
3569 2054 2071 2070 
3570 1325 1327 1326 
3571 2014 2015 2013 
3572 465 466 464 
3573 632 4177 709 
3574 593 4154 1594 
3575 2176 4465 4202 
3576 2609 3543 2872 
3577 1606 4069 892 
3578 3228 3229 2378 
3579 1604 4008 2700 
3580 2271 2914 2273 
3581 1743 1771 1744 
3582 1004 4378 1056 
3583 451 527 449 
3584 1260 1265 1261 
3585 574 575 573 
3586 570 571 569 
3587 2687 2689 2688 
3588 2412 3932 2413 
3589 1727 2092 1944 
3590 2139 2141 2140 
3591 2129 2348 2128 
3592 4088 4553 1294 
3593 1906 2286 2250 
3594 568 569 567 
3595 1661 1671 1670 
3596 2075 3972 2271 
3597 2807 4134 2294 
3598 3048 3881 1507 
3599 1860 1861 1838 
3600 1016 4205 1059 
3601 2152 4032 2486 
3602 2950 3449 2951 
3603 3087 4040 2740 
3604 605 4190 714 
3605 3096 3097 2723 
3606 3463 3464 2137 
3607 2779 5011 3711 
3608 2192 2206 2164 
3609 3675 3676 3674 
3610 1931 3788 1527 
3611 1366 1367 1333 
3612 1429 1431 1430 
3613 3741 3745 3743 
3614 196 4165 195 
3615 2022 4631 2023 
3616 3141 3490 3489 
3617 2675 4151 2898 
3618 572 573 571 
3619 4025 4762 3153 
3620 1517 4144 1522 
3621 2345 2615 2346 
3622 1433 1434 1432 
3623 2124 2335 2334 
3624 2760 4423 2319 
3625 2079 3046 1507 
3626 1953 2635 2412 
3627 2655 2656 2654 
3628 3840 3845 3842 
3629 2653 2654 2599 
3630 2335 2620 2619 
3631 821 1596 819 
3632 4054 4055 707 
3633 1402 1408 1403 
3634 2413 2940 2939 
3635 2461 2703 2115 
3636 2127 2128 2126 
3637 3139 3141 3140 
3638 463 464 462 
3639 1724 1911 1726 
3640 3008 3145 3009 
3641 638 2136 636 
3642 1816 3989 1398 
3643 3137 3139 3138 
3644 3665 3667 3666 
3645 3669 3670 3668 
3646 589 4051 707 
3647 1475 1507 1473 
3648 2958 3615 2966 
3649 1594 4053 4052 
3650 1595 2126 1116 
3651 3135 3137 3136 
3652 3389 3392 3391 
3653 1400 1402 1401 
3654 1279 3124 2142 
3655 998 3983 557 
3656 3246 3816 2546 
3657 1398 1400 1399 
3658 1654 1656 1655 
3659 480 481 479 
3660 3541 4677 3076 
3661 3133 3135 3134 
3662 4109 4636 4556 
3663 1789 2137 1453 
3664 4423 4425 4424 
3665 2637 3549 3548 
3666 1048 4101 2717 
3667 1396 1398 1397 
3668 2688 4027 3938 
3669 1407 3994 1394 
3670 1630 3883 1628 
3671 2389 3936 484 
3672 4034 4035 4033 
3673 1703 4132 1700 
3674 1646 4039 1647 
3675 1935 4019 2150 
3676 1585 1586 1265 
3677 3119 3777 2720 
3678 3746 3759 3747 
3679 1406 4044 1995 
3680 2433 2435 2434 
3681 1276 1277 1275 
3682 2124 4489 2335 
3683 4051 4054 707 
3684 1995 3078 1996 
3685 2892 3274 2656 
3686 2534 4094 2535 
3687 866 4216 4215 
3688 3671 3672 3670 
3689 1912 1915 1914 
3690 1430 1588 1428 
3691 2338 3974 2699 
3692 4076 4077 2640 
3693 2721 4141 825 
3694 1747 2701 1993 
3695 3891 3892 3890 
3696 2475 4416 2478 
3697 1877 1878 1778 
3698 2369 4816 4714 
3699 2370 4943 3940 
3700 2234 4146 2938 
3701 2301 2302 2300 
3702 1394 1396 1395 
3703 1411 3887 751 
3704 1591 3872 1463 
3705 2798 4152 2192 
3706 1285 1286 1284 
3707 892 4069 889 
3708 1671 1673 1672 
3709 1249 4025 1252 
3710 1637 1638 1633 
3711 856 1654 1592 
3712 2351 3178 2119 
3713 2331 4127 2328 
3714 2379 4067 2374 
3715 2686 3127 2382 
3716 2150 2808 2152 
3717 4066 4494 3261 
3718 1811 4088 1294 
3719 2700 2764 1849 
3720 1325 4618 1327 
3721 3132 3133 3131 
3722 2127 2129 2128 
3723 594 601 595 
3724 1121 4414 1119 
3725 1880 4517 2282 
3726 746 2669 744 
3727 366 4285 4284 
3728 2716 4114 4112 
3729 2139 2140 938 
3730 2369 4934 3916 
3731 2163 2164 2162 
3732 795 4607 1044 
3733 1431 1433 1432 
3734 2719 2720 2718 
3735 2273 2275 2274 
3736 1809 2456 2455 
3737 4005 4006 4004 
3738 3145 3665 3146 
3739 1116 1117 1092 
3740 983 4092 958 
3741 3063 3991 2680 
3742 856 1592 854 
3743 1227 1413 1412 
3744 2324 4009 2637 
3745 4048 4205 1019 
3746 1145 1147 1146 
3747 1565 3941 3939 
3748 1410 3853 495 
3749 980 3913 1288 
3750 1471 1653 1469 
3751 2505 2507 2506 
3752 3336 3819 2465 
3753 1116 4037 1117 
3754 1283 1284 1282 
3755 2155 4378 1004 
3756 3163 4741 4050 
3757 1628 1631 1627 
3758 2424 3131 3130 
3759 2960 4096 2462 
3760 1997 4546 4009 
3761 1777 4831 4797 
3762 2424 4104 3132 
3763 1546 4008 1604 
3764 4172 4173 2202 
3765 2423 2424 2117 
3766 704 4155 4154 
3767 2461 2958 2703 
3768 1286 1392 1391 
3769 601 602 595 
3770 4239 4572 2529 
3771 2808 4032 2152 
3772 2441 2633 2443 
3773 3743 3746 3744 
3774 2674 4026 1349 
3775 2486 3008 3007 
3776 589 707 587 
3777 65 4057 64 
3778 1158 4136 1169 
3779 1587 1922 1586 
3780 1403 4044 1406 
3781 1392 1394 1393 
3782 1663 4225 1660 
3783 2041 2042 1600 
3784 2683 3334 3023 
3785 3079 3567 2615 
3786 2397 3959 1795 
3787 2700 4008 3901 
3788 1707 4194 1027 
3789 2345 2346 1922 
3790 3844 3846 3843 
3791 2431 2433 2432 
3792 2348 3063 2680 
3793 819 4124 815 
3794 2351 3711 3178 
3795 3217 3219 3218 
3796 2938 4172 2232 
3797 1400 1404 1402 
3798 3673 3674 3672 
3799 2106 2107 1684 
3800 4160 4592 4532 
3801 1650 4039 2267 
3802 2095 2345 1922 
3803 1145 1312 1147 
3804 1677 3875 1679 
3805 1006 1047 1045 
3806 1091 1595 1116 
3807 3638 3907 3651 
3808 1798 1918 1917 
3809 1229 4099 1933 
3810 1866 4224 1704 
3811 2422 4033 2041 
3812 1164 4142 1095 
3813 3225 4877 3619 
3814 1434 1571 1432 
3815 4126 4127 2331 
3816 3667 3668 3666 
3817 3101 5020 3552 
3818 3008 3009 3007 
3819 2760 4426 4425 
3820 1396 1816 1398 
3821 678 4483 1825 
3822 1276 1278 1277 
3823 3287 4593 711 
3824 1169 1883 1171 
3825 2787 4800 4755 
3826 2348 2680 2679 
3827 2507 2599 2598 
3828 562 3862 1414 
3829 1704 4224 1973 
3830 827 2721 825 
3831 1609 2119 921 
3832 3620 3622 3087 
3833 1604 2700 1849 
3834 1281 1282 1280 
3835 2012 2013 2011 
3836 603 604 602 
3837 4118 4119 3079 
3838 2230 2660 2659 
3839 3907 3908 3651 
3840 2691 2692 2689 
3841 63 3866 62 
3842 4325 4331 4326 
3843 2817 4128 4126 
3844 2159 4466 871 
3845 2872 2873 2685 
3846 605 606 604 
3847 1232 4175 1235 
3848 1918 4086 2084 
3849 2691 2693 2692 
3850 1696 4147 453 
3851 1677 1679 1678 
3852 1742 4846 1741 
3853 3605 3606 3572 
3854 2637 4009 3549 
3855 2711 3758 2710 
3856 2888 2890 2889 
3857 2273 2274 2272 
3858 1247 1264 1249 
3859 3842 3843 3841 
3860 3153 4598 4577 
3861 934 2718 927 
3862 1650 2267 2266 
3863 2282 4517 2634 
3864 3612 3932 2412 
3865 2301 2303 2302 
3866 2534 4187 4094 
3867 3549 3550 3548 
3868 2157 2623 2357 
3869 603 4190 605 
3870 2719 3119 2720 
3871 1965 4504 2749 
3872 4009 4102 3549 
3873 3098 4856 4119 
3874 1143 1145 1144 
3875 1609 2351 2119 
3876 3314 3377 3315 
3877 1813 4153 1705 
3878 1122 1329 1158 
3879 2698 5000 3871 
3880 894 1606 892 
3881 2232 4172 2202 
3882 1570 1611 1610 
3883 3139 3262 3141 
3884 1006 4080 1047 
3885 2609 2685 1944 
3886 3264 4152 2798 
3887 1921 2086 1364 
3888 2425 4407 1964 
3889 4386 4668 660 
3890 163 4250 328 
3891 601 603 602 
3892 1406 1995 1926 
3893 4535 4580 908 
3894 922 4043 1609 
3895 1392 1407 1394 
3896 4162 4164 4163 
3897 1595 2127 2126 
3898 1208 4139 1210 
3899 725 3642 3158 
3900 1963 2117 1806 
3901 1526 1528 1527 
3902 750 751 748 
3903 4111 4113 951 
3904 3760 3764 3762 
3905 1254 3993 1256 
3906 1020 4117 959 
3907 1256 3993 1260 
3908 2628 3638 2629 
3909 3145 3146 3009 
3910 1949 4231 2384 
3911 2501 4462 3012 
3912 2708 2710 2709 
3913 603 605 604 
3914 3638 3651 2629 
3915 1540 4008 1541 
3916 1679 1681 1680 
3917 3840 3841 3839 
3918 4428 4429 3011 
3919 2966 3839 2703 
3920 164 4250 163 
3921 1059 1275 1015 
3922 2138 2139 938 
3923 1260 1585 1265 
3924 1339 4110 4108 
3925 2317 4384 2760 
3926 2110 2198 2107 
3927 453 4147 451 
3928 3619 4877 4091 
3929 1639 1640 1638 
3930 3539 3643 3075 
3931 1662 1663 1660 
3932 1565 1567 1566 
3933 2890 3123 3122 
3934 821 1920 1596 
3935 3235 3236 2878 
3936 1738 2776 1783 
3937 2345 4118 3079 
3938 2004 3818 1307 
3939 1435 1436 1434 
3940 2384 4221 4220 
3941 3977 3978 3745 
3942 999 4386 663 
3943 1256 1260 1259 
3944 4159 4160 2807 
3945 2815 3163 2728 
3946 1900 4445 1851 
3947 770 1608 768 
3948 1288 1290 1289 
3949 2604 4047 2213 
3950 2706 2708 2707 
3951 3738 3977 3741 
3952 605 607 606 
3953 3741 3743 3742 
3954 2354 2628 2355 
3955 3097 4226 4000 
3956 2598 3906 3381 
3957 2744 4439 4242 
3958 1227 1228 1148 
3959 1602 2354 2118 
3960 1012 4199 965 
3961 934 2719 2718 
3962 2671 4098 3125 
3963 4208 4210 4209 
3964 2688 3938 2686 
3965 3117 5025 3652 
3966 2929 3264 2798 
3967 1213 3159 1126 
3968 1514 1565 1520 
3969 3141 3489 3140 
3970 1239 1602 1241 
3971 2213 2706 2705 
3972 4227 4230 4228 
3973 971 1280 953 
3974 4284 4297 4282 
3975 1059 1276 1275 
3976 4362 4396 387 
3977 2722 2724 2723 
3978 3135 3136 3134 
3979 2202 4173 2196 
3980 1465 2735 1591 
3981 938 4084 902 
3982 583 1040 581 
3983 2412 2413 1967 
3984 1264 4025 1249 
3985 1285 3995 1286 
3986 1586 3774 1265 
3987 941 4991 4217 
3988 2646 4383 4380 
3989 4605 4792 1596 
3990 3139 3140 3138 
3991 3137 3138 3136 
3992 1163 4143 1721 
3993 2212 2213 1974 
3994 3133 3134 3131 
3995 2422 4034 4033 
3996 2940 3266 2939 
3997 1283 1285 1284 
3998 1528 1533 1529 
3999 1895 3966 2100 
4000 1537 4144 3198 
4001 2186 4631 3794 
4002 1953 1967 1835 
4003 3225 3619 3223 
4004 1688 1690 1689 
4005 2729 4180 2519 
4006 2781 2782 2493 
4007 1367 4422 1333 
4008 1522 4144 1537 
4009 4208 4209 1707 
4010 2628 2629 2355 
4011 2782 4123 4121 
4012 1602 2118 1241 
4013 2354 2355 2118 
4014 2460 2664 2663 
4015 1980 4422 1367 
4016 2657 2892 2656 
4017 2333 4126 2331 
4018 1433 1435 1434 
4019 4030 5124 1593 
4020 3303 4011 3300 
4021 4071 4072 1603 
4022 1070 1603 1072 
4023 2817 4126 2333 
4024 863 2157 956 
4025 4180 4395 2527 
4026 3665 3666 3146 
4027 2402 2728 1943 
4028 2009 4658 1578 
4029 4073 4076 2640 
4030 2073 2075 2074 
4031 4131 4447 3811 
4032 2764 2766 2765 
4033 1626 4786 1629 
4034 2424 3130 2117 
4035 2459 2460 2135 
4036 4362 4398 4396 
4037 1281 1283 1282 
4038 3571 3574 3573 
4039 2424 3132 3131 
4040 1943 4117 1266 
4041 2717 4093 4092 
4042 2423 4104 2424 
4043 4092 4219 958 
4044 821 4141 1920 
4045 3286 3287 711 
4046 2861 3959 2397 
4047 3050 3707 3466 
4048 1412 1835 1228 
4049 1641 1642 1640 
4050 387 4356 212 
4051 827 2722 2721 
4052 4396 4522 387 
4053 2948 2949 2200 
4054 2134 2135 2133 
4055 470 3992 2000 
4056 1279 2142 1277 
4057 3104 3734 2643 
4058 1940 4159 1942 
4059 1596 4124 819 
4060 4380 4383 4381 
4061 4200 4511 2043 
4062 1723 1724 1328 
4063 486 2389 484 
4064 2296 4073 2640 
4065 953 4111 951 
4066 4326 4328 4327 
4067 366 4284 4283 
4068 1643 1644 1642 
4069 1558 1575 1574 
4070 1213 3869 3159 
4071 2680 2683 2682 
4072 1963 2423 2117 
4073 727 729 728 
4074 2402 2815 2728 
4075 3332 4837 3330 
4076 1297 4766 1325 
4077 2711 3827 3758 
4078 3243 4234 3311 
4079 989 1202 987 
4080 1147 1148 1146 
4081 2708 2711 2710 
4082 1286 1391 1284 
4083 2513 4186 2514 
4084 1229 1932 1230 
4085 1288 3913 3156 
4086 1806 3995 1285 
4087 4195 4196 1096 
4088 593 1594 591 
4089 1679 3875 1800 
4090 2286 3054 2287 
4091 2678 3098 2366 
4092 971 1281 1280 
4093 2132 2133 2131 
4094 1096 4101 1048 
4095 2474 4416 2475 
4096 335 4258 245 
4097 387 4522 4356 
4098 2069 2781 2493 
4099 2448 3261 3260 
4100 1841 4108 2069 
4101 366 4355 4285 
4102 4903 4920 1275 
4103 1681 1683 1682 
4104 3049 3556 3472 
4105 2571 3314 2572 
4106 854 4125 850 
4107 1524 1558 1557 
4108 1048 2717 1035 
4109 1647 1648 1645 
4110 1350 2040 1349 
4111 2528 4188 2534 
4112 1329 4136 1158 
4113 1961 2431 2430 
4114 1789 3044 2137 
4115 2519 4180 2520 
4116 2180 4202 2453 
4117 2653 2655 2654 
4118 1260 1261 1259 
4119 356 4399 4330 
4120 2550 4134 2715 
4121 2837 4089 4088 
4122 2118 4394 1241 
4123 1942 4159 2178 
4124 3008 3694 3145 
4125 200 5707 3440 
4126 331 4272 4270 
4127 2646 4380 2311 
4128 1661 1670 1659 
4129 1297 1325 1324 
4130 2303 2304 2302 
4131 2300 4244 2631 
4132 3124 3644 2142 
4133 1854 1855 1580 
4134 2339 4611 1389 
4135 1664 1665 1663 
4136 2794 4185 2965 
4137 921 4081 917 
4138 2300 2631 2298 
4139 1229 1933 1932 
4140 1585 1587 1586 
4141 3108 4014 3111 
4142 2690 2691 2689 
4143 1830 4220 2731 
4144 1133 4099 1155 
4145 2178 4159 2807 
4146 2122 2123 2121 
4147 1935 2150 1936 
4148 3055 3371 3370 
4149 1150 1209 1208 
4150 1402 1403 1401 
4151 4222 4444 2731 
4152 1308 1335 1309 
4153 1396 1397 1395 
4154 2147 2726 2284 
4155 904 938 902 
4156 4056 4414 4100 
4157 2126 4037 1116 
4158 1400 1401 1399 
4159 2075 2270 2269 
4160 1398 1399 1397 
4161 494 495 492 
4162 2640 4078 2295 
4163 1126 4048 1081 
4164 3196 3498 3047 
4165 1876 4220 1830 
4166 2395 2817 2333 
4167 772 4182 770 
4168 1731 4414 1121 
4169 3607 3608 3606 
4170 2747 4036 760 
4171 2149 4612 4400 
4172 1019 4205 1016 
4173 2780 2837 2390 
4174 965 4199 940 
4175 1973 1974 1703 
4176 3174 4799 4140 
4177 2733 4015 2732 
4178 2296 2640 2295 
4179 1440 1561 1438 
4180 2941 4146 2247 
4181 2084 2295 2083 
4182 1067 4071 1070 
4183 1355 4149 1352 
4184 1024 4208 1707 
4185 602 704 595 
4186 4400 4612 3162 
4187 1136 4414 4056 
4188 2683 3023 2684 
4189 2428 3946 3151 
4190 2247 4146 2234 
4191 1567 1569 1568 
4192 1327 1328 1326 
4193 3777 3874 2720 
4194 991 993 992 
4195 3947 3948 3946 
4196 1155 4099 1229 
4197 742 1962 646 
4198 455 1696 453 
4199 3168 4129 3205 
4200 2147 2284 2283 
4201 461 462 459 
4202 2059 2835 2458 
4203 850 4125 847 
4204 2708 4377 2711 
4205 1102 4021 1935 
4206 2539 4157 2543 
4207 1683 1686 1685 
4208 584 600 586 
4209 194 369 193 
4210 67 370 66 
4211 2150 2152 2151 
4212 1392 1393 1391 
4213 4227 4228 2642 
4214 2120 2121 1202 
4215 2538 2643 2539 
4216 1117 1120 1119 
4217 3060 3520 3516 
4218 2305 4227 2642 
4219 3303 4012 4011 
4220 2294 4134 2550 
4221 576 578 577 
4222 831 4477 828 
4223 842 848 840 
4224 3979 4768 3885 
4225 3331 3333 3332 
4226 2095 4118 2345 
4227 1282 2716 1280 
4228 1915 1916 1914 
4229 3191 4098 2671 
4230 1394 1395 1393 
4231 2212 2604 2213 
4232 2428 4161 3947 
4233 3242 4234 3243 
4234 4197 4198 2733 
4235 1804 3107 1958 
4236 4001 4443 1448 
4237 838 1694 835 
4238 1611 1613 1612 
4239 2839 4613 1735 
4240 1437 1438 1436 
4241 1155 1229 1205 
4242 722 4184 3539 
4243 2345 3079 2615 
4244 3097 4000 3999 
4245 2579 2589 2580 
4246 2860 4135 1962 
4247 2398 2858 2397 
4248 604 4411 602 
4249 2427 2428 1957 
4250 3108 3111 3110 
4251 980 1288 1052 
4252 580 1589 582 
4253 3531 3541 3076 
4254 1115 2725 1133 
4255 3229 4749 2378 
4256 1647 4039 1650 
4257 2710 3118 2709 
4258 1537 3198 1540 
4259 2124 2334 2123 
4260 2927 3962 2925 
4261 2460 2663 2135 
4262 3738 3741 3740 
4263 2538 3104 2643 
4264 1500 1570 1504 
4265 1498 4931 4889 
4266 766 780 764 
4267 4270 4271 409 
4268 195 4162 194 
4269 2664 3727 2663 
4270 209 4283 208 
4271 2144 4056 2147 
4272 2348 2679 2128 
4273 1214 2131 1164 
4274 2987 2988 2985 
4275 4242 4439 2525 
4276 2700 3901 3142 
4277 4010 4231 2738 
4278 4050 4117 2728 
4279 2276 2579 2278 
4280 776 778 774 
4281 2364 2809 2092 
4282 1587 2095 1922 
4283 2708 2709 2707 
4284 4094 4187 4095 
4285 2738 4231 2111 
4286 1721 4143 1910 
4287 592 701 594 
4288 2373 3176 2738 
4289 1666 1667 1665 
4290 2613 2696 1651 
4291 2444 2446 2442 
4292 3078 3616 1996 
4293 2711 4377 3828 
4294 211 4356 4355 
4295 2706 2707 2705 
4296 855 856 854 
4297 2303 2305 2304 
4298 3154 4580 4535 
4299 3801 4786 1624 
4300 1306 1308 1307 
4301 1363 2603 2292 
4302 2693 2695 2694 
4303 3159 4609 4048 
4304 1973 2212 1974 
4305 1035 4092 983 
4306 2213 2705 1974 
4307 4285 4355 4288 
4308 2338 2612 2611 
4309 1108 1143 1142 
4310 2728 4117 1943 
4311 2671 3125 2379 
4312 1668 1969 1667 
4313 2335 2619 2334 
4314 2214 2732 2064 
4315 1046 4547 4062 
4316 2390 4088 1811 
4317 2137 4001 1453 
4318 1649 1809 1648 
4319 474 2362 472 
4320 1077 1107 1105 
4321 1236 4189 1239 
4322 2782 4121 4120 
4323 2950 2951 2949 
4324 3212 3873 3191 
4325 2748 4564 1891 
4326 3117 3652 3116 
4327 1723 4492 1724 
4328 3329 3330 2421 
4329 1910 3168 2032 
4330 3311 3737 3312 
4331 1995 1996 1926 
4332 1604 1849 1605 
4333 2855 3206 2405 
4334 1911 1912 1726 
4335 638 3270 2136 
4336 4302 4304 4303 
4337 3148 3784 3149 
4338 2303 4227 2305 
4339 1145 1146 1144 
4340 4327 4399 420 
4341 2540 3148 2729 
4342 3155 3584 2618 
4343 3159 4048 1126 
4344 2044 4200 2043 
4345 478 479 476 
4346 1354 1355 1352 
4347 2178 2807 2294 
4348 2459 2947 2460 
4349 2196 2894 1968 
4350 1568 4245 1822 
4351 2134 2459 2135 
4352 1252 4577 1254 
4353 4285 4286 4284 
4354 3174 4140 2162 
4355 2132 2134 2133 
4356 4255 4256 372 
4357 1956 1957 1813 
4358 2465 3914 2187 
4359 3178 3179 2119 
4360 2297 2647 2299 
4361 713 4584 2957 
4362 1435 1437 1436 
4363 3012 4462 4243 
4364 1910 4143 3168 
4365 2152 2486 2485 
4366 4221 4222 2731 
4367 1546 1604 1562 
4368 1994 2341 2340 
4369 2214 4197 2733 
4370 2474 4480 4417 
4371 2655 2657 2656 
4372 2133 3152 2131 
4373 2188 2907 2454 
4374 1599 1600 1278 
4375 2358 2359 788 
4376 1655 2698 1592 
4377 2835 3002 3001 
4378 1070 4071 1603 
4379 2672 3191 2671 
4380 1102 1935 1215 
4381 4654 4727 4022 
4382 1038 4194 1062 
4383 1771 4761 1744 
4384 2735 3049 2736 
4385 1239 1241 1240 
4386 1290 1292 1291 
4387 1063 4252 1066 
4388 3936 4137 487 
4389 2663 4389 2135 
4390 1677 1678 1675 
4391 4255 4257 4256 
4392 588 1593 590 
4393 3177 4558 2386 
4394 2693 2694 2692 
4395 2344 3903 3101 
4396 3176 3931 2738 
4397 2610 3533 3094 
4398 1214 2132 2131 
4399 1209 1316 1315 
4400 2685 4492 1944 
4401 847 3871 844 
4402 1122 1158 1123 
4403 347 4331 4325 
4404 3127 4915 4133 
4405 2956 4201 4200 
4406 1120 1122 1121 
4407 4824 4968 2206 
4408 4326 4327 420 
4409 2373 2738 2111 
4410 2717 4092 1035 
4411 1391 4440 1284 
4412 1027 4194 1038 
4413 2543 3242 3241 
4414 2517 2540 2519 
4415 1348 1349 1343 
4416 2275 2276 2274 
4417 1361 1364 1225 
4418 3243 3311 3310 
4419 2732 4493 4224 
4420 2380 2671 2379 
4421 2550 2715 2552 
4422 1119 4414 1136 
4423 2167 4685 3201 
4424 1158 1169 1159 
4425 3163 4050 2728 
4426 2428 3947 3946 
4427 4261 4262 4260 
4428 922 1609 921 
4429 2903 3373 2902 
4430 2535 2538 2537 
4431 2214 2733 2732 
4432 2353 2397 1795 
4433 2428 3151 1957 
4434 2488 4402 4401 
4435 422 4282 4281 
4436 2723 3999 2721 
4437 470 2000 553 
4438 4253 4254 374 
4439 4108 4110 4109 
4440 4228 4229 2642 
4441 1249 1252 1251 
4442 2427 4161 2428 
4443 2897 2901 2896 
4444 2749 3011 2887 
4445 2301 2641 2303 
4446 1232 1235 1234 
4447 1613 1615 1614 
4448 4208 4466 4210 
4449 4303 4304 357 
4450 1247 1249 1248 
4451 366 4283 209 
4452 1007 1093 996 
4453 1339 4108 1841 
4454 2116 2461 2115 
4455 1982 2471 2466 
4456 3244 3897 2696 
4457 2646 4385 4383 
4458 2069 2493 2492 
4459 3759 3760 3747 
4460 672 673 670 
4461 2678 3099 3098 
4462 2133 4389 3152 
4463 2693 3064 2695 
4464 3947 3949 3948 
4465 1245 1247 1246 
4466 3734 3735 2643 
4467 3764 3765 3762 
4468 1671 1672 1670 
4469 1837 1838 1560 
4470 4220 4221 2731 
4471 4325 4326 420 
4472 2540 4186 3150 
4473 2112 2373 2111 
4474 2486 3007 3006 
4475 3912 3952 848 
4476 574 576 575 
4477 2837 4088 2390 
4478 2453 2976 2975 
4479 3919 5019 2658 
4480 3148 3149 2729 
4481 3784 3785 3149 
4482 663 4386 660 
4483 1111 4661 1156 
4484 4715 4769 1788 
4485 859 866 857 
4486 2305 2306 2304 
4487 2456 2896 2455 
4488 4328 4329 4327 
4489 2215 4392 4197 
4490 2528 2534 2530 
4491 3731 4389 2663 
4492 1956 2427 1957 
4493 1935 4021 4019 
4494 779 1601 986 
4495 2520 4180 2523 
4496 3051 3265 2936 
4497 4056 4100 2726 
4498 4120 4122 2884 
4499 3741 3977 3745 
4500 2540 2729 2519 
4501 1229 1230 1205 
4502 1615 1617 1616 
4503 1062 4252 1063 
4504 707 4731 587 
4505 2694 3117 3116 
4506 853 854 850 
4507 3746 3747 3744 
4508 1292 1333 1332 
4509 3221 3650 3219 
4510 988 991 990 
4511 2680 2682 2679 
4512 1107 1108 1105 
4513 1282 4440 2716 
4514 2064 4224 1866 
4515 1949 2384 1947 
4516 4569 4609 2368 
4517 2514 4186 2517 
4518 2523 4180 2527 
4519 2601 2941 2247 
4520 1465 4178 2735 
4521 2052 2053 2051 
4522 3168 3205 2032 
4523 2054 2070 2053 
4524 605 714 607 
4525 2144 2147 2146 
4526 2141 2886 2885 
4527 1965 2749 2494 
4528 2284 4107 3060 
4529 1325 1326 1324 
4530 2045 3967 2651 
4531 2401 2402 1943 
4532 995 4080 1006 
4533 2395 2818 2817 
4534 245 4258 244 
4535 2737 3872 1591 
4536 2523 2527 2526 
4537 2838 4161 2427 
4538 2374 4067 2373 
4539 1022 4208 1024 
4540 2692 4183 2689 
4541 4222 4523 4444 
4542 2827 4804 2825 
4543 1660 4225 1661 
4544 2888 2889 2183 
4545 1602 4189 2712 
4546 2234 2938 2232 
4547 2141 4150 2886 
4548 2366 4118 2095 
4549 338 4261 4260 
4550 928 934 927 
4551 4309 4311 4308 
4552 3993 4598 1585 
4553 1439 1440 1438 
4554 1056 4378 1115 
4555 1705 4393 1212 
4556 65 4061 4057 
4557 2284 3058 2283 
4558 1046 4062 1007 
4559 793 4430 791 
4560 2955 2956 2209 
4561 2305 2307 2306 
4562 1013 1015 1012 
4563 1007 4062 1093 
4564 3821 3823 3822 
4565 4286 4297 4284 
4566 353 4314 4313 
4567 1602 2712 2354 
4568 1016 1059 1015 
4569 334 4246 69 
4570 1287 1806 1285 
4571 1932 4175 1230 
4572 2642 4238 2307 
4573 1841 2069 2068 
4574 327 4251 35 
4575 4322 4323 4317 
4576 742 2188 1962 
4577 1111 1156 1112 
4578 3107 4014 3108 
4579 1747 4674 2701 
4580 2209 4200 2044 
4581 601 1598 603 
4582 4301 4302 414 
4583 1446 1523 1444 
4584 1236 1239 1238 
4585 4330 4399 4327 
4586 1998 4478 836 
4587 1794 4452 1135 
4588 2535 4094 2538 
4589 1907 2338 2337 
4590 2726 4107 2284 
4591 1242 1245 1244 
4592 4349 4353 4352 
4593 2749 4504 4428 
4594 422 4281 4280 
4595 2107 4567 1684 
4596 2376 2379 2374 
4597 2114 2115 1776 
4598 35 4251 34 
4599 4318 4319 348 
4600 1918 2083 1917 
4601 917 4081 915 
4602 904 2138 938 
4603 2730 4151 2675 
4604 913 931 910 
4605 69 4246 68 
4606 2140 4084 938 
4607 2440 2447 2437 
4608 794 4486 816 
4609 2433 4872 4840 
4610 1839 2041 1600 
4611 2363 4440 1391 
4612 352 4279 4278 
4613 4069 4233 887 
4614 1038 1062 1061 
4615 1598 4190 603 
4616 1947 4220 1876 
4617 615 722 617 
4618 2154 2162 654 
4619 2147 4056 2726 
4620 1063 1066 1065 
4621 2540 3150 3148 
4622 415 4310 4309 
4623 2956 4200 2209 
4624 869 941 867 
4625 4094 4095 3104 
4626 1143 1144 1142 
4627 2301 4203 2641 
4628 3526 3527 3525 
4629 2225 2513 2512 
4630 3586 4226 3097 
4631 2501 3012 2891 
4632 555 998 557 
4633 2781 4643 2782 
4634 2517 4186 2540 
4635 1024 1707 1027 
4636 1822 2059 2058 
4637 4229 4238 2642 
4638 2284 3060 3058 
4639 561 566 563 
4640 2881 2882 2446 
4641 2641 4227 2303 
4642 1169 1171 1170 
4643 2534 2535 2530 
4644 4127 4478 2326 
4645 1676 2106 1684 
4646 4316 4318 4315 
4647 2201 2422 2041 
4648 3066 3534 3065 
4649 779 4036 1601 
4650 3217 3218 3123 
4651 1252 1254 1253 
4652 2955 3269 2956 
4653 2043 4390 1834 
4654 2538 2539 2537 
4655 1852 4232 2848 
4656 1127 1213 1126 
4657 1011 1012 965 
4658 2139 4150 2141 
4659 4300 4301 414 
4660 952 953 951 
4661 4168 4169 4167 
4662 4266 4267 336 
4663 2794 2965 2795 
4664 704 4411 4156 
4665 1437 1439 1438 
4666 2493 4120 2884 
4667 1070 1072 1071 
4668 2039 4764 2794 
4669 2373 4067 3176 
4670 352 4278 4277 
4671 954 971 953 
4672 415 4309 4308 
4673 2764 2765 1849 
4674 919 921 917 
4675 2579 2580 2278 
4676 4205 4609 4569 
4677 1938 1943 1266 
4678 2404 2780 2390 
4679 2099 4688 2832 
4680 818 819 815 
4681 354 4322 4321 
4682 2289 2291 2290 
4683 2370 4888 4748 
4684 416 4317 4316 
4685 1673 2148 1672 
4686 926 927 924 
4687 2483 2876 2875 
4688 1117 1119 1118 
4689 1239 4189 1602 
4690 1979 3944 1771 
4691 2285 3891 3890 
4692 960 4466 1022 
4693 1658 1662 1660 
4694 866 4217 4216 
4695 92 4347 386 
4696 2641 4230 4227 
4697 2647 4203 2299 
4698 2694 3116 2692 
4699 2618 4150 2139 
4700 98 4303 357 
4701 2218 4218 3019 
4702 4838 4891 1539 
4703 820 821 819 
4704 2089 2111 1952 
4705 2421 4445 1900 
4706 1777 1778 1197 
4707 752 754 753 
4708 2527 2528 2526 
4709 2749 2887 2494 
4710 2384 4220 1947 
4711 2799 3177 2386 
4712 1067 1070 1069 
4713 4305 4306 413 
4714 2038 2748 1891 
4715 3743 3744 3742 
4716 422 4280 207 
4717 1807 1963 1806 
4718 2309 2646 2311 
4719 2309 4238 2646 
4720 2782 4120 2493 
4721 2890 3122 2889 
4722 2732 4224 2064 
4723 2112 2374 2373 
4724 353 4313 254 
4725 1487 1994 1491 
4726 813 2704 811 
4727 1150 4137 1209 
4728 1075 4986 1077 
4729 1952 4231 1949 
4730 1254 1256 1255 
4731 2742 4410 2205 
4732 3913 4816 3156 
4733 508 4487 509 
4734 2176 4202 2180 
4735 3011 3290 2887 
4736 2637 3548 3547 
4737 2925 3091 2923 
4738 1605 4176 1982 
4739 2657 2893 2892 
4740 846 4496 849 
4741 4021 4727 4019 
4742 3127 4133 4083 
4743 3012 3292 2891 
4744 2679 4490 2128 
4745 416 4316 4315 
4746 1261 1263 1262 
4747 1825 4236 676 
4748 4349 4351 4350 
4749 1441 1442 1440 
4750 501 1976 499 
4751 1036 1048 1035 
4752 949 951 936 
4753 1316 1840 1802 
4754 4349 4352 4351 
4755 4260 4262 406 
4756 2672 3212 3191 
4757 1311 1699 1175 
4758 1049 1096 1048 
4759 2180 2453 2451 
4760 1871 2839 1735 
4761 237 4248 371 
4762 4134 4237 2715 
4763 2834 2960 2462 
4764 3122 4138 3812 
4765 849 4496 861 
4766 2304 2626 2302 
4767 421 4299 4298 
4768 1302 1815 1201 
4769 3023 3024 2684 
4770 219 4354 384 
4771 4285 4287 4286 
4772 611 4158 1734 
4773 354 4321 127 
4774 2597 3563 3562 
4775 1072 1075 1074 
4776 2968 3271 2604 
4777 472 4485 469 
4778 2138 2618 2139 
4779 2478 4416 2488 
4780 2693 4206 3064 
4781 2023 2024 2021 
4782 1125 1126 1081 
4783 1584 4145 1425 
4784 2106 2110 2107 
4785 2305 2642 2307 
4786 330 4247 239 
4787 4417 4418 4402 
4788 2493 2884 2492 
4789 4308 4311 339 
4790 1044 4430 793 
4791 1582 3967 2045 
4792 243 4255 372 
4793 2034 2390 1811 
4794 754 756 755 
4795 2683 2684 2682 
4796 1654 2714 1656 
4797 2111 4231 1952 
4798 2991 4859 2989 
4799 2676 4016 2674 
4800 3083 4611 2339 
4801 4340 4341 417 
4802 2517 2519 2518 
4803 3206 4910 2405 
4804 377 4353 4349 
4805 2163 2192 2164 
4806 4380 4381 2665 
4807 2380 2672 2671 
4808 676 4236 672 
4809 3330 4445 2421 
4810 2319 4423 2321 
4811 3163 4770 4741 
4812 2236 4475 3293 
4813 602 4411 704 
4814 1704 1973 1703 
4815 2601 2962 2941 
4816 239 4247 238 
4817 1288 1289 1052 
4818 244 4255 243 
4819 2949 4567 2200 
4820 3030 4456 2222 
4821 4229 4385 4238 
4822 1740 4793 1743 
4823 1120 1121 1119 
4824 2376 2380 2379 
4825 1935 1936 1215 
4826 1034 1035 983 
4827 2069 2492 2068 
4828 2687 2690 2689 
4829 3741 3742 3740 
4830 2681 3483 2649 
4831 4342 4343 364 
4832 1165 1214 1164 
4833 1230 4175 1232 
4834 2471 3010 2466 
4835 93 4347 92 
4836 342 4276 74 
4837 3920 4492 2685 
4838 74 4276 73 
4839 2746 3475 3474 
4840 2317 2760 2319 
4841 2629 2697 2355 
4842 3642 3715 3158 
4843 377 4349 4348 
4844 4315 4318 348 
4845 2743 2838 2427 
4846 406 4274 104 
4847 2065 2214 2064 
4848 2589 3038 2590 
4849 104 4274 103 
4850 1005 4442 1087 
4851 4238 4385 2646 
4852 389 4369 4364 
4853 722 3075 2616 
4854 931 4535 910 
4855 1242 4394 1245 
4856 4289 4290 4287 
4857 929 4472 935 
4858 4345 4346 4344 
4859 4247 4248 238 
4860 2307 4238 2309 
4861 2215 4197 2214 
4862 2311 4380 2313 
4863 2089 2112 2111 
4864 1018 4474 1080 
4865 1632 1652 1636 
4866 1706 1813 1705 
4867 3242 3243 3241 
4868 2150 2151 1936 
4869 4349 4350 4348 
4870 378 4345 4344 
4871 1814 1956 1813 
4872 572 574 573 
4873 762 2747 760 
4874 2063 2064 1866 
4875 1439 1441 1440 
4876 2006 2425 1964 
4877 756 758 757 
4878 1604 1605 1562 
4879 208 4283 422 
4880 220 4354 219 
4881 4416 4417 4402 
4882 1974 4132 1703 
4883 3152 4195 4142 
4884 2147 2283 2146 
4885 3464 4001 2137 
4886 1662 1664 1663 
4887 2514 2517 2516 
4888 3652 3790 3116 
4889 1688 1689 1686 
4890 4313 4314 4310 
4891 3299 3300 2771 
4892 99 4303 98 
4893 1117 1118 1092 
4894 2607 3462 3461 
4895 1162 1164 1095 
4896 1822 4245 2059 
4897 611 1734 613 
4898 1702 1703 1700 
4899 2087 4860 4823 
4900 2240 4626 2829 
4901 207 4280 206 
4902 885 4233 1801 
4903 1916 4669 2012 
4904 5295 5352 3509 
4905 2167 3201 2399 
4906 254 4313 253 
4907 3302 3303 3300 
4908 110 4253 374 
4909 1957 4153 1813 
4910 1050 4459 1094 
4911 1322 1705 1212 
4912 2126 4490 4037 
4913 107 4264 338 
4914 2244 4742 2403 
4915 4280 4281 4279 
4916 1948 1949 1947 
4917 229 4307 350 
4918 230 4307 229 
4919 2240 2829 2497 
4920 2365 2366 2095 
4921 2152 2485 2151 
4922 3737 3738 3312 
4923 1679 1680 1678 
4924 108 4264 107 
4925 2617 4637 3581 
4926 2921 4211 3656 
4927 713 2957 717 
4928 2556 2977 2557 
4929 127 4321 126 
4930 1119 1136 1118 
4931 3891 3893 3892 
4932 1163 4459 4143 
4933 2495 3288 2997 
4934 2313 2665 2315 
4935 111 4253 110 
4936 2131 4142 1164 
4937 4365 4368 4367 
4938 2703 3970 2115 
4939 2221 4392 2215 
4940 2307 2308 2306 
4941 4321 4322 4317 
4942 2321 2638 2323 
4943 1235 1236 1234 
4944 2435 2436 2434 
4945 467 3992 470 
4946 2130 2187 2129 
4947 1830 2731 1828 
4948 2299 4203 2301 
4949 4283 4284 4282 
4950 2744 4242 2746 
4951 2520 2523 2522 
4952 1840 2060 1954 
4953 2739 2740 2724 
4954 2402 2816 2815 
4955 666 999 663 
4956 2210 2955 2209 
4957 678 1825 676 
4958 2937 3268 2838 
4959 2570 3015 3014 
4960 357 4339 97 
4961 97 4339 96 
4962 3060 3516 3058 
4963 4818 4868 1657 
4964 2402 4213 2816 
4965 4293 4295 4291 
4966 3803 4490 2679 
4967 1276 1599 1278 
4968 4373 4374 4371 
4969 2272 2587 2270 
4970 570 572 571 
4971 1565 1566 1520 
4972 2110 2199 2198 
4973 2746 4242 3475 
4974 4355 4356 4288 
4975 2307 2309 2308 
4976 568 570 569 
4977 3311 3312 3310 
4978 2706 4377 2708 
4979 2578 2742 2205 
4980 2040 4149 2730 
4981 195 4165 4162 
4982 1946 1947 1876 
4983 2382 4083 1364 
4984 4364 4365 431 
4985 2538 4094 3104 
4986 2565 2999 2221 
4987 2324 2637 2636 
4988 1057 4628 1151 
4989 4215 4216 2714 
4990 2040 2730 2675 
4991 2349 2350 1992 
4992 378 4344 94 
4993 94 4344 93 
4994 822 4141 821 
4995 2425 4427 4407 
4996 1681 1682 1680 
4997 709 726 634 
4998 2873 3921 3920 
4999 1910 2032 2031 
5000 934 3126 2719 
5001 2060 2482 2101 
5002 3391 3582 3390 
5003 1871 4458 2839 
5004 2019 4106 2026 
5005 566 568 567 
5006 1239 1240 1238 
5007 3931 4010 2738 
5008 3097 3999 2723 
5009 3475 3476 3474 
5010 1989 2043 1834 
5011 4289 4291 4290 
5012 1852 2848 1901 
5013 3029 3030 2222 
5014 4364 4369 4365 
5015 210 4355 366 
5016 211 4355 210 
5017 792 4644 4486 
5018 2208 2209 2044 
5019 238 4248 237 
5020 432 4371 4370 
5021 2332 2333 2331 
5022 2513 2514 2512 
5023 4365 4366 431 
5024 364 4357 16 
5025 16 4357 15 
5026 2413 2939 2463 
5027 4365 4369 4368 
5028 363 4359 143 
5029 143 4359 142 
5030 3190 4875 4662 
5031 498 2727 2211 
5032 2691 4206 2693 
5033 3878 5235 3472 
5034 2330 2331 2328 
5035 1414 3862 2661 
5036 14 4358 389 
5037 4344 4347 93 
5038 628 2108 630 
5039 758 4036 779 
5040 141 4360 390 
5041 1864 2946 2227 
5042 377 4348 221 
5043 221 4348 220 
5044 1727 2364 2092 
5045 3629 4206 2691 
5046 197 333 196 
5047 70 334 69 
5048 1115 1133 1132 
5049 2313 4380 2665 
5050 2093 4698 1904 
5051 113 329 112 
5052 240 330 239 
5053 4357 4358 15 
5054 386 4363 91 
5055 91 4363 90 
5056 2533 4439 2744 
5057 1133 1155 1154 
5058 4423 4424 2638 
5059 4359 4360 142 
5060 1446 4443 1523 
5061 213 4362 387 
5062 214 4362 213 
5063 432 4372 4371 
5064 3019 3207 3020 
5065 2244 2403 2245 
5066 1951 1952 1949 
5067 2308 2624 2306 
5068 333 4168 4167 
5069 3475 4239 3476 
5070 3157 4769 4715 
5071 4365 4367 4366 
5072 2236 3293 3039 
5073 3794 3795 2883 
5074 199 403 198 
5075 72 404 71 
5076 163 328 162 
5077 36 327 35 
5078 2690 3629 2691 
5079 2501 2891 2502 
5080 2909 3985 2612 
5081 4348 4354 220 
5082 4372 4373 4371 
5083 110 374 109 
5084 237 371 236 
5085 116 373 115 
5086 243 372 242 
5087 1241 1242 1240 
5088 1256 1259 1258 
5089 1155 1205 1204 
5090 1464 1465 1463 
5091 1079 4387 1794 
5092 2135 4389 2133 
5093 1115 4378 2725 
5094 2326 4478 1998 
5095 1122 1123 1121 
5096 1171 1176 1172 
5097 2523 2526 2525 
5098 33 375 32 
5099 160 376 159 
5100 2539 2543 2542 
5101 609 4158 611 
5102 1653 4630 4178 
5103 1230 1232 1231 
5104 2401 4213 2402 
5105 1245 1246 1244 
5106 2488 4401 2489 
5107 4346 4347 4344 
5108 337 4259 233 
5109 338 4260 106 
5110 15 4358 14 
5111 142 4360 141 
5112 2433 2434 2432 
5113 1158 1159 1123 
5114 246 4265 335 
5115 119 4266 336 
5116 4101 4755 2717 
5117 853 855 854 
5118 331 4270 29 
5119 750 752 751 
5120 107 338 106 
5121 234 337 233 
5122 105 4260 406 
5123 232 4259 405 
5124 155 4269 410 
5125 75 4273 342 
5126 105 406 104 
5127 232 405 231 
5128 1443 1444 1442 
5129 119 336 118 
5130 246 335 245 
5131 407 4265 247 
5132 408 4266 120 
5133 106 4260 105 
5134 233 4259 232 
5135 332 4269 156 
5136 2533 2744 2567 
5137 157 332 156 
5138 30 331 29 
5139 28 4270 409 
5140 420 4399 22 
5141 1062 1063 1061 
5142 2652 2653 2599 
5143 21 4399 356 
5144 2073 2074 2071 
5145 202 341 201 
5146 75 342 74 
5147 412 4273 76 
5148 248 407 247 
5149 121 408 120 
5150 247 4265 246 
5151 120 4266 119 
5152 352 4277 205 
5153 155 410 154 
5154 28 409 27 
5155 29 4270 28 
5156 2195 2501 2500 
5157 77 412 76 
5158 204 411 203 
5159 76 4273 75 
5160 204 4277 411 
5161 156 4269 155 
5162 79 4298 351 
5163 349 4300 101 
5164 350 4305 228 
5165 79 351 78 
5166 206 352 205 
5167 251 4308 339 
5168 124 4315 348 
5169 421 4298 80 
5170 102 349 101 
5171 229 350 228 
5172 205 4277 204 
5173 347 4325 24 
5174 150 4324 419 
5175 100 4300 414 
5176 227 4305 413 
5177 81 4332 421 
5178 80 4298 79 
5179 81 421 80 
5180 208 422 207 
5181 100 414 99 
5182 227 413 226 
5183 228 4305 227 
5184 101 4300 100 
5185 340 4324 151 
5186 251 339 250 
5187 124 348 123 
5188 415 4308 252 
5189 416 4315 125 
5190 152 340 151 
5191 148 4333 355 
5192 25 347 24 
5193 23 4325 420 
5194 253 415 252 
5195 126 416 125 
5196 365 4332 82 
5197 150 419 149 
5198 252 4308 251 
5199 125 4315 124 
5200 419 4333 149 
5201 82 4332 81 
5202 23 420 22 
5203 255 4334 353 
5204 24 4325 23 
5205 355 4335 147 
5206 356 4338 20 
5207 151 4324 150 
5208 98 357 97 
5209 225 358 224 
5210 255 353 254 
5211 128 354 127 
5212 148 355 147 
5213 417 4334 256 
5214 21 356 20 
5215 146 4335 424 
5216 19 4338 423 
5217 423 4342 18 
5218 149 4333 148 
5219 367 4340 258 
5220 256 4334 255 
5221 257 417 256 
5222 130 418 129 
5223 147 4335 146 
5224 146 424 145 
5225 20 4338 19 
5226 19 423 18 
5227 257 4340 417 
5228 95 378 94 
5229 222 377 221 
5230 17 4342 364 
5231 18 4342 17 
5232 83 365 82 
5233 210 366 209 
5234 258 4340 257 
5235 259 367 258 
5236 17 364 16 
5237 132 368 131 
5238 144 363 143 
5239 384 4361 218 
5240 92 386 91 
5241 86 388 85 
5242 219 384 218 
5243 213 387 212 
5244 217 4361 429 
5245 389 4364 13 
5246 135 4370 383 
5247 218 4361 217 
5248 262 385 261 
5249 14 389 13 
5250 135 383 134 
5251 141 390 140 
5252 12 4364 431 
5253 432 4370 136 
5254 13 4364 12 
5255 136 4370 135 
5256 217 429 216 
5257 88 430 87 
5258 12 431 11 
5259 137 432 136 
5260 274 596 273 
5261 316 597 315 
5262 1066 1067 1065 
5263 4239 4665 4240 
5264 859 867 866 
5265 1906 4698 2286 
5266 857 4215 856 
5267 1403 1406 1405 
5268 1664 1666 1665 
5269 826 827 825 
5270 1075 1077 1076 
5271 1721 1910 1909 
5272 1423 1584 1425 
5273 2677 2678 2366 
5274 2280 2464 2187 
5275 801 4542 799 
5276 4350 4354 4348 
5277 4288 4289 4287 
5278 4293 4296 4295 
5279 855 857 856 
5280 1938 2401 1943 
5281 2528 2530 2529 
5282 1654 4215 2714 
5283 971 2158 1281 
5284 2218 3019 3018 
5285 2075 2269 2074 
5286 2643 4157 2539 
5287 1893 4449 1999 
5288 2489 4401 3013 
5289 2154 2163 2162 
5290 1283 1287 1285 
5291 971 4219 2158 
5292 1454 1789 1453 
5293 2670 4981 4664 
5294 2489 3013 2491 
5295 2534 4188 4187 
5296 1350 4149 2040 
5297 2199 4223 2198 
5298 244 4258 4255 
5299 2731 4444 1828 
5300 2641 4421 4230 
5301 856 4215 1654 
5302 2394 2395 2333 
5303 1844 1965 1889 
5304 891 892 889 
5305 1666 1668 1667 
5306 2353 2398 2397 
5307 422 4283 4282 
5308 1965 2494 1966 
5309 2431 2432 2430 
5310 2486 3006 2485 
5311 2157 2357 956 
5312 950 2155 1004 
5313 1785 3194 3161 
5314 1882 2244 2243 
5315 2420 3306 3305 
5316 514 1846 511 
5317 1273 4441 1272 
5318 1249 1251 1248 
5319 4702 4837 1858 
5320 2038 3204 2748 
5321 885 1801 883 
5322 2039 2794 2792 
5323 2921 3656 2919 
5324 2291 2576 2575 
5325 824 825 822 
5326 623 997 625 
5327 487 4137 1150 
5328 2276 2278 2277 
5329 2999 4392 2221 
5330 1247 1248 1246 
5331 2478 2488 2481 
5332 2744 2746 2745 
5333 2578 3263 2742 
5334 1056 1115 1114 
5335 3329 3331 3330 
5336 1070 1071 1069 
5337 1864 4441 2946 
5338 2925 3962 3091 
5339 2461 4096 2958 
5340 2876 2878 2877 
5341 2517 2518 2516 
5342 519 4512 520 
5343 4239 4240 3476 
5344 1214 3879 2132 
5345 2364 3121 2809 
5346 1290 1291 1289 
5347 2519 2520 2518 
5348 2946 2967 2227 
5349 2034 2404 2390 
5350 935 4472 950 
5351 4589 4590 1722 
5352 2711 3828 3827 
5353 1263 1297 1296 
5354 2398 2859 2858 
5355 3983 4740 559 
5356 1766 1894 1768 
5357 2741 3087 2740 
5358 2729 4395 4180 
5359 4285 4288 4287 
5360 1741 3783 1336 
5361 416 4321 4317 
5362 1956 2743 2427 
5363 1135 4452 1304 
5364 2535 2537 2536 
5365 1683 1685 1682 
5366 1108 1142 1141 
5367 2178 2294 2293 
5368 947 4437 873 
5369 1094 4459 1163 
5370 1080 4474 1785 
5371 3785 3786 3149 
5372 809 865 807 
5373 4292 4293 4291 
5374 2436 4066 2448 
5375 919 922 921 
5376 4165 4166 4164 
5377 2210 4415 2955 
5378 1441 1443 1442 
5379 1649 4640 1809 
5380 1269 1339 1338 
5381 1011 1013 1012 
5382 2523 2525 2522 
5383 3151 4153 1957 
5384 1014 4387 1079 
5385 2225 2512 2511 
5386 2134 2713 2459 
5387 1999 4449 2854 
5388 781 4446 776 
5389 2088 2089 1952 
5390 2375 2376 2374 
5391 3029 3031 3030 
5392 3046 3937 3488 
5393 1014 4606 4387 
5394 1860 1970 1861 
5395 1311 1700 1699 
5396 1079 1794 1135 
5397 2617 3581 3084 
5398 1793 4232 1852 
5399 1599 1839 1600 
5400 954 4219 971 
5401 1304 1893 1892 
5402 2212 2968 2604 
5403 352 4280 4279 
5404 4302 4303 414 
5405 1999 2854 2560 
5406 1946 1948 1947 
5407 415 4313 4310 
5408 1437 1530 1439 
5409 3356 4463 2503 
5410 926 928 927 
5411 2744 2745 2567 
5412 1272 4441 1345 
5413 1948 1951 1949 
5414 126 4321 416 
5415 825 4141 822 
5416 1690 1907 1689 
5417 2321 4423 2638 
5418 1458 1459 1456 
5419 2208 2210 2209 
5420 893 894 892 
5421 3727 3731 2663 
5422 2191 2225 2224 
5423 4112 4113 4111 
5424 2746 3474 3339 
5425 3293 3294 3039 
5426 949 952 951 
5427 930 4235 928 
5428 4714 4816 3982 
5429 2063 2065 2064 
5430 1322 1706 1705 
5431 4242 4572 3475 
5432 2586 4549 3460 
5433 2586 3460 3459 
5434 2159 4496 4467 
5435 632 709 634 
5436 4289 4292 4291 
5437 4292 4294 4293 
5438 1013 1016 1015 
5439 1348 1350 1349 
5440 1345 1864 1863 
5441 960 1022 1021 
5442 253 4313 415 
5443 1550 3769 1543 
5444 1339 1841 1340 
5445 2565 3000 2999 
5446 1169 1170 1159 
5447 2294 2550 2549 
5448 830 831 828 
5449 206 4280 352 
5450 1841 2068 1842 
5451 2423 4105 4104 
5452 2589 2590 2580 
5453 1034 1036 1035 
5454 739 4520 740 
5455 1284 4440 1282 
5456 414 4303 99 
5457 1406 1926 1925 
5458 1162 1165 1164 
5459 3088 3620 3087 
5460 2777 4802 4024 
5461 525 1847 522 
5462 1429 1532 1431 
5463 3152 4142 2131 
5464 1989 2044 2043 
5465 1199 1320 1196 
5466 2552 3213 3003 
5467 4292 4396 4294 
5468 1125 1127 1126 
5469 1702 1704 1703 
5470 1706 1814 1813 
5471 1072 1074 1071 
5472 3582 3583 3390 
5473 895 896 894 
5474 2065 2215 2214 
5475 1252 1253 1251 
5476 4255 4258 4257 
5477 1942 2178 2177 
5478 2995 3515 3514 
5479 2550 2552 2551 
5480 1767 3929 1766 
5481 2568 3376 3350 
5482 952 954 953 
5483 4293 4391 4296 
5484 2705 4132 1974 
5485 1232 1234 1233 
5486 2488 4416 4402 
5487 1036 1049 1048 
5488 2612 3985 3538 
5489 3962 3964 3091 
5490 2658 4489 2124 
5491 861 2159 871 
5492 2114 2116 2115 
5493 2568 3349 2541 
5494 22 4399 21 
5495 4396 4398 4294 
5496 1940 4592 4159 
5497 2524 2533 2532 
5498 1724 1726 1725 
5499 2743 2937 2838 
5500 2356 3976 1410 
5501 2835 3001 2458 
5502 2204 2205 1867 
5503 2149 2265 2264 
5504 4294 4391 4293 
5505 2462 4096 2461 
5506 2623 3095 2357 
5507 1287 1807 1806 
5508 731 733 732 
5509 1359 1708 1299 
5510 4226 5140 4000 
5511 2917 4016 2676 
5512 1369 1980 1367 
5513 3621 3820 3620 
5514 1916 2011 2010 
5515 1894 2081 1984 
5516 1570 1610 1504 
5517 3053 3276 2415 
5518 733 736 734 
5519 1077 1105 1104 
5520 2533 2567 2541 
5521 1864 2227 2061 
5522 1123 1731 1121 
5523 2201 2959 2422 
5524 5115 5154 1409 
5525 2568 3350 3349 
5526 1951 2088 1952 
5527 1554 3189 1573 
5528 2260 2261 2061 
5529 4329 4330 4327 
5530 2057 2222 1862 
5531 310 719 10 
5532 2195 4462 2501 
5533 2501 2502 2500 
5534 2750 3210 3209 
5535 3116 4183 2692 
5536 2116 2462 2461 
5537 3205 4218 2032 
5538 797 4607 795 
5539 3256 3257 2261 
5540 1022 1024 1023 
5541 2567 2568 2541 
5542 3776 4567 2949 
5543 2059 2458 2058 
5544 3355 3356 2503 
5545 2746 3339 2745 
5546 2362 4485 472 
5547 1839 2201 2041 
5548 2156 2191 2190 
5549 1567 1568 1566 
5550 3354 3417 3256 
5551 3138 3712 3136 
5552 2619 3557 2621 
5553 1075 1076 1074 
5554 908 4580 905 
5555 799 1714 797 
5556 3941 4888 3939 
5557 3819 3914 2465 
5558 2260 3354 3256 
5559 2302 4244 2300 
5560 2230 2659 1905 
5561 1176 1216 1177 
5562 1129 1273 1272 
5563 1711 4444 1106 
5564 831 4778 4666 
5565 2112 2375 2374 
5566 2600 2601 2247 
5567 2149 4400 2265 
5568 595 4154 593 
5569 3282 3369 2752 
5570 3197 4885 3147 
5571 1826 2149 2091 
5572 1344 1346 1271 
5573 2573 2578 2205 
5574 2709 3811 2707 
5575 4052 4054 4051 
5576 2268 3029 2222 
5577 4381 4382 2665 
5578 837 838 835 
5579 3013 4406 2491 
5580 794 816 796 
5581 2528 2529 2526 
5582 3339 3632 2745 
5583 2891 4450 2502 
5584 803 970 801 
5585 494 496 495 
5586 3053 3382 3276 
5587 2469 2879 2472 
5588 3127 4083 2382 
5589 4850 5068 2857 
5590 2773 3286 711 
5591 2887 4243 2494 
5592 2057 2750 2268 
5593 834 835 832 
5594 736 789 737 
5595 1864 2061 1863 
5596 3303 4013 4012 
5597 3489 3659 3140 
5598 2612 3538 2611 
5599 9 700 279 
5600 1857 2236 2085 
5601 680 4483 678 
5602 1807 1964 1963 
5603 1729 2156 1986 
5604 2260 3256 2261 
5605 3468 3469 3025 
5606 635 636 633 
5607 1445 1446 1444 
5608 2533 2541 2532 
5609 1834 4390 1814 
5610 511 4487 508 
5611 1151 4628 1793 
5612 1241 4394 1242 
5613 2447 4494 4066 
5614 2520 2522 2521 
5615 637 638 636 
5616 2309 2310 2308 
5617 1452 1453 1450 
5618 899 900 897 
5619 2750 3209 2268 
5620 2193 2819 1739 
5621 2254 2487 2210 
5622 2309 2311 2310 
5623 2276 2277 2274 
5624 789 874 790 
5625 2696 4640 1651 
5626 3735 4157 2643 
5627 721 1848 718 
5628 839 840 838 
5629 2338 2611 2337 
5630 2568 4435 3376 
5631 1505 4749 2414 
5632 2535 2536 2530 
5633 1170 1173 1159 
5634 2227 2260 2061 
5635 1698 3810 3165 
5636 2088 2226 2089 
5637 1254 1255 1253 
5638 2236 3039 2415 
5639 1522 1537 1536 
5640 461 463 462 
5641 2057 2268 2222 
5642 2204 2574 2573 
5643 4216 4397 2714 
5644 1022 4466 4208 
5645 729 731 730 
5646 2524 2531 2521 
5647 920 2759 2003 
5648 1951 2090 2088 
5649 969 1030 1029 
5650 2539 2542 2537 
5651 629 1001 626 
5652 1965 1966 1889 
5653 2889 4600 2183 
5654 2204 2573 2205 
5655 2514 2516 2515 
5656 1910 2031 1909 
5657 2573 3289 2578 
5658 2488 2489 2481 
5659 2032 2218 2031 
5660 3306 3360 3305 
5661 1921 2113 2086 
5662 1292 1332 1291 
5663 2567 4435 2568 
5664 1792 4411 604 
5665 1333 1981 1332 
5666 2543 3241 3240 
5667 1230 1231 1205 
5668 1108 1141 1105 
5669 1619 1634 1617 
5670 277 598 276 
5671 2745 4435 2567 
5672 1946 1950 1948 
5673 4143 4753 3168 
5674 2834 2961 2960 
5675 2532 2577 2531 
5676 1863 2057 1862 
5677 313 599 312 
5678 1298 1712 1358 
5679 975 4437 947 
5680 3039 3053 2415 
5681 1345 1863 1862 
5682 1256 1258 1255 
5683 1139 1140 1086 
5684 1827 1828 1711 
5685 2487 4415 2210 
5686 2630 3753 3646 
5687 1212 4393 1165 
5688 1944 4492 1723 
5689 727 728 726 
5690 2100 2596 2595 
5691 2085 2204 1867 
5692 547 551 550 
5693 1546 1562 1547 
5694 2032 4218 2218 
5695 2246 2247 2234 
5696 841 842 840 
5697 2140 4600 4084 
5698 2207 2208 2044 
5699 1982 2466 1983 
5700 1945 1946 1876 
5701 2254 3040 3025 
5702 1814 4390 1956 
5703 2524 2532 2531 
5704 3299 3302 3300 
5705 1587 2365 2095 
5706 2236 2415 2085 
5707 1475 2079 1507 
5708 2520 2521 2518 
5709 1082 1083 1028 
5710 293 708 292 
5711 4205 4569 1059 
5712 1359 4410 1708 
5713 920 4621 2759 
5714 524 2790 1053 
5715 1829 1830 1828 
5716 3019 3020 3018 
5717 1192 1319 1190 
5718 3149 4395 2729 
5719 1849 4176 1605 
5720 4539 4657 1853 
5721 2028 2029 2025 
5722 1345 4441 1864 
5723 1102 1215 1103 
5724 2557 4560 3944 
5725 1393 2363 1391 
5726 1875 1876 1830 
5727 2522 2524 2521 
5728 1462 1463 1460 
5729 1304 4452 1893 
5730 1043 1100 1099 
5731 1443 1445 1444 
5732 3207 3208 3020 
5733 1100 1102 1101 
5734 2884 4429 2492 
5735 2208 2254 2210 
5736 901 902 900 
5737 1846 4487 511 
5738 2626 4244 2302 
5739 2158 4388 1281 
5740 2018 4519 2020 
5741 2380 2673 2672 
5742 2165 4438 3115 
5743 1261 1262 1259 
5744 3035 3344 2906 
5745 2492 4428 2068 
5746 1297 1324 1323 
5747 522 4512 519 
5748 2829 2847 2497 
5749 818 820 819 
5750 1085 1138 1137 
5751 873 4520 739 
5752 682 685 680 
5753 1611 1612 1610 
5754 2562 2563 2235 
5755 1281 4388 1283 
5756 1067 1069 1068 
5757 1283 4388 1287 
5758 2205 4410 1867 
5759 1165 4393 1214 
5760 2558 2559 1985 
5761 2514 2515 2512 
5762 1857 2085 1867 
5763 4666 4778 3981 
5764 974 975 947 
5765 2254 3025 2487 
5766 2905 2906 2559 
5767 3243 3310 3309 
5768 2225 2511 2224 
5769 943 944 549 
5770 1236 1238 1237 
5771 1345 1862 1344 
5772 1272 1345 1344 
5773 3632 4435 2745 
5774 1837 1860 1838 
5775 2244 2245 2243 
5776 1857 1867 1359 
5777 3839 3970 2703 
5778 2257 2607 2605 
5779 1133 1154 1132 
5780 1576 4517 1880 
5781 2261 4433 2061 
5782 2375 2503 2376 
5783 1063 1065 1064 
5784 2403 2553 2245 
5785 1242 1244 1243 
5786 950 4472 2155 
5787 843 844 842 
5788 2524 4439 2533 
5789 3304 3427 3259 
5790 508 509 505 
5791 1541 1546 1545 
5792 1833 1834 1814 
5793 2516 2751 2515 
5794 478 480 479 
5795 2601 2971 2962 
5796 1912 1914 1913 
5797 887 4233 885 
5798 3879 4403 2132 
5799 2365 2677 2366 
5800 1115 1132 1114 
5801 1155 1204 1154 
5802 1988 1989 1834 
5803 2330 2332 2331 
5804 2502 2763 2762 
5805 1785 4474 3194 
5806 2128 4490 2126 
5807 2132 4403 2134 
5808 861 4496 2159 
5809 2061 4433 1863 
5810 538 542 541 
5811 1961 4769 2431 
5812 2447 4495 4494 
5813 2057 4433 2750 
5814 3113 3768 1761 
5815 3040 3468 3025 
5816 3284 3285 2252 
5817 2564 2565 2221 
5818 4905 4932 845 
5819 3281 3282 2752 
5820 1863 4433 2057 
5821 846 847 844 
5822 820 822 821 
5823 4288 4522 4289 
5824 903 904 902 
5825 704 4154 595 
5826 1828 4444 1711 
5827 533 1717 535 
5828 2220 2221 2215 
5829 2565 4431 3000 
5830 1321 1322 1212 
5831 3235 3237 3236 
5832 1658 4616 1662 
5833 1399 2001 1397 
5834 2525 4439 2522 
5835 543 544 540 
5836 1867 4410 1359 
5837 2134 4403 2713 
5838 463 465 464 
5839 2494 4462 1966 
5840 3258 3259 2783 
5841 1605 1982 1732 
5842 1833 3172 1988 
5843 1895 2100 2098 
5844 1989 2207 2044 
5845 3925 4485 2362 
5846 3760 3762 3761 
5847 1038 1061 1060 
5848 3457 3458 2592 
5849 1403 1405 1401 
5850 537 1719 534 
5851 1228 1697 1148 
5852 2207 4419 2208 
5853 2491 4406 2964 
5854 4203 4421 2641 
5855 2268 4448 3029 
5856 1841 1842 1340 
5857 2261 4518 4433 
5858 1024 1027 1026 
5859 2491 2964 2963 
5860 2722 2739 2724 
5861 1908 3175 1720 
5862 2475 2476 2473 
5863 1361 1921 1364 
5864 1232 1233 1231 
5865 1433 1709 1435 
5866 2278 2586 2277 
5867 849 850 847 
5868 719 3394 10 
5869 1875 1945 1876 
5870 2191 2224 2190 
5871 2062 2063 1866 
5872 3219 4085 3218 
5873 1136 2144 2143 
5874 2637 3547 2636 
5875 739 740 724 
5876 1459 4585 1456 
5877 514 4498 1846 
5878 2195 2500 2499 
5879 1964 4407 1963 
5880 1077 1104 1076 
5881 1829 2255 1875 
5882 3209 4448 2268 
5883 2751 2752 2515 
5884 1263 1296 1262 
5885 907 908 905 
5886 2963 3028 2490 
5887 2332 2394 2333 
5888 1161 1162 1095 
5889 1339 1340 1338 
5890 1276 4569 1599 
5891 499 4179 496 
5892 928 4235 934 
5893 2512 4473 2511 
5894 465 467 466 
5895 2917 4405 4016 
5896 3033 3034 2799 
5897 4433 4518 2750 
5898 2149 2264 2091 
5899 1689 4622 1686 
5900 2844 3597 3594 
5901 2144 2146 2145 
5902 946 973 972 
5903 3058 3059 2283 
5904 2489 2491 2490 
5905 2826 2827 2825 
5906 2387 2799 2386 
5907 3213 3346 3003 
5908 2191 4775 2225 
5909 1373 1977 1371 
5910 2502 4450 2763 
5911 1272 1344 1271 
5912 1344 4456 1346 
5913 1129 1272 1271 
5914 1701 1702 1700 
5915 1358 1857 1359 
5916 1829 1875 1830 
5917 1084 1129 1128 
5918 1893 1999 1892 
5919 1358 1359 1299 
5920 2469 4471 2879 
5921 1129 1271 1128 
5922 4356 4522 4288 
5923 3123 4138 3122 
5924 1485 1992 1483 
5925 2220 2754 2564 
5926 2222 4456 1862 
5927 521 1718 523 
5928 2758 2783 2757 
5929 2315 4384 2317 
5930 4126 4841 4127 
5931 3460 3517 3459 
5932 2854 2998 2560 
5933 2038 4436 3204 
5934 2515 4473 2512 
5935 3810 4409 3165 
5936 3276 4451 2415 
5937 2751 3281 2752 
5938 2294 2549 2293 
5939 795 1044 793 
5940 2375 2753 2503 
5941 2033 2034 1811 
5942 2552 3003 2551 
5943 2763 3368 2762 
5944 909 910 908 
5945 2522 4439 2524 
5946 1810 1811 1294 
5947 2165 3115 3114 
5948 2499 2566 2194 
5949 1211 1212 1165 
5950 4673 4679 1887 
5951 1310 1311 1175 
5952 1027 1038 1037 
5953 1267 1938 1266 
5954 2753 3421 3355 
5955 1827 1829 1828 
5956 2241 2757 1881 
5957 1809 2455 1959 
5958 2550 2551 2549 
5959 1084 1128 1082 
5960 3738 3740 3739 
5961 1321 1887 1886 
5962 852 853 850 
5963 2581 2582 2067 
5964 1146 1153 1144 
5965 689 1722 687 
5966 2933 3052 2510 
5967 1022 1023 1021 
5968 2082 2386 1360 
5969 1706 1833 1814 
5970 1948 4464 1951 
5971 1973 4493 2212 
5972 2208 4419 2254 
5973 2753 3355 2503 
5974 1865 1866 1704 
5975 2502 2762 2500 
5976 3154 3155 2618 
5977 1033 1034 983 
5978 912 913 910 
5979 3284 3380 3285 
5980 1941 2409 1939 
5981 2037 2038 1891 
5982 531 532 528 
5983 1142 1607 1141 
5984 3644 3645 2142 
5985 1029 1084 1082 
5986 526 530 529 
5987 1468 1469 1466 
5988 2564 3004 2565 
5989 4407 4427 4105 
5990 868 869 867 
5991 480 482 481 
5992 4292 4522 4396 
5993 858 859 857 
5994 1050 1051 1049 
5995 916 917 915 
5996 1956 4390 2743 
5997 2178 2293 2177 
5998 964 965 940 
5999 1090 1266 1020 
6000 914 915 913 
6001 311 3387 310 
6002 3786 4395 3149 
6003 2233 2234 2232 
6004 1293 1294 1113 
6005 2265 3005 2264 
6006 1094 1095 1051 
6007 948 949 936 
6008 723 741 738 
6009 2543 3240 2542 
6010 1833 1988 1834 
6011 2085 4451 2204 
6012 1168 1927 1903 
6013 2156 2190 1986 
6014 519 520 516 
6015 1055 2385 1003 
6016 939 940 869 
6017 1445 1531 1447 
6018 929 930 928 
6019 3305 3307 2562 
6020 2312 2627 2310 
6021 2394 2857 2395 
6022 3047 3937 3046 
6023 1951 4464 2090 
6024 1890 1891 1303 
6025 1018 1019 1016 
6026 1524 1557 1419 
6027 826 828 827 
6028 1174 1175 1127 
6029 1080 1081 1019 
6030 1254 4577 3993 
6031 1067 1068 1065 
6032 2065 2220 2215 
6033 1963 4407 2423 
6034 2204 4451 2574 
6035 1071 1073 1069 
6036 2415 4451 2085 
6037 3258 3304 3259 
6038 1887 2420 2235 
6039 918 919 917 
6040 1698 3164 1243 
6041 3122 3812 3781 
6042 1950 4464 1948 
6043 3680 3681 3678 
6044 1109 1317 1206 
6045 969 1029 1028 
6046 1134 2388 1078 
6047 2489 2490 2481 
6048 957 958 954 
6049 3172 3173 1988 
6050 923 924 922 
6051 2531 4470 2521 
6052 2677 3660 2678 
6053 1865 2066 2062 
6054 1029 1082 1028 
6055 2477 2479 2476 
6056 982 983 958 
6057 1010 1011 965 
6058 2964 3367 2963 
6059 4243 4462 2494 
6060 290 564 289 
6061 935 936 930 
6062 1244 1698 1243 
6063 2682 3803 2679 
6064 2068 4504 1842 
6065 2905 3035 2906 
6066 1844 4504 1965 
6067 3277 3423 2566 
6068 700 3395 279 
6069 2977 2979 2978 
6070 1710 1711 1106 
6071 1847 4512 522 
6072 641 642 639 
6073 2420 3305 2562 
6074 2254 4419 3040 
6075 3197 4891 4838 
6076 2226 4499 2089 
6077 4023 4586 631 
6078 4224 4493 1973 
6079 2773 3295 3286 
6080 1104 1710 1106 
6081 2089 4499 2112 
6082 2516 4470 2751 
6083 1441 1780 1443 
6084 2409 4527 1939 
6085 1321 1886 1322 
6086 2879 4480 2472 
6087 1171 1172 1170 
6088 1248 1250 1246 
6089 1124 1125 1081 
6090 925 926 924 
6091 706 713 712 
6092 1104 1106 1076 
6093 2525 4572 4242 
6094 2491 2963 2490 
6095 515 518 517 
6096 1379 1845 1377 
6097 2413 2463 1967 
6098 3581 3630 3084 
6099 1094 1163 1161 
6100 3332 4939 4837 
6101 2112 4499 2375 
6102 2220 2564 2221 
6103 3271 4692 2604 
6104 1298 1299 1139 
6105 3004 4431 2565 
6106 1236 1237 1234 
6107 1137 1139 1086 
6108 525 4497 1847 
6109 1298 1358 1299 
6110 1439 4488 1441 
6111 1862 4456 1344 
6112 1826 1827 1711 
6113 1530 4488 1439 
6114 2714 4616 1656 
6115 2156 4722 2191 
6116 2264 2755 2091 
6117 1137 1298 1139 
6118 1063 1064 1061 
6119 2518 4470 2516 
6120 1333 4422 1981 
6121 3223 4090 3221 
6122 2043 4511 4390 
6123 3010 4379 2466 
6124 1966 2195 2194 
6125 4162 4165 4164 
6126 1578 4658 1955 
6127 3070 3071 2341 
6128 1242 1243 1240 
6129 1141 4507 1105 
6130 2127 2130 2129 
6131 1162 1211 1165 
6132 2705 4447 4132 
6133 3790 4183 3116 
6134 1246 4528 1244 
6135 945 969 968 
6136 969 1028 968 
6137 1857 4475 2236 
6138 1214 4393 3879 
6139 710 711 705 
6140 1708 4484 1299 
6141 2376 4463 2380 
6142 1710 1826 1711 
6143 2655 3589 2657 
6144 1888 2769 1843 
6145 2311 2313 2312 
6146 3189 3190 1573 
6147 2423 4407 4105 
6148 786 788 783 
6149 3298 3299 2771 
6150 3300 4657 2771 
6151 1613 1614 1612 
6152 1712 4475 1358 
6153 5380 5386 4610 
6154 2521 4470 2518 
6155 893 895 894 
6156 1163 1721 1720 
6157 688 1736 690 
6158 1698 3165 3164 
6159 830 832 831 
6160 2769 4657 4539 
6161 1238 1695 1237 
6162 1466 4178 1465 
6163 2218 3018 2252 
6164 2224 3027 2190 
6165 1721 1909 1908 
6166 2808 4825 4032 
6167 1250 4528 1246 
6168 1826 2091 1827 
6169 824 826 825 
6170 2062 2545 2063 
6171 1085 1137 1086 
6172 1526 4432 1528 
6173 2478 2481 2480 
6174 1702 1865 1704 
6175 1966 4462 2195 
6176 1537 1540 1538 
6177 996 4204 994 
6178 1449 1781 1451 
6179 945 968 943 
6180 1211 1321 1212 
6181 1887 2235 1886 
6182 2873 3920 2685 
6183 2526 4572 2525 
6184 2197 2202 2196 
6185 2832 4688 2844 
6186 702 1733 698 
6187 1966 2194 1889 
6188 5022 5032 3205 
6189 2770 2771 2769 
6190 2492 4429 4428 
6191 504 507 506 
6192 1607 3162 1141 
6193 1085 1086 1032 
6194 4579 4655 1713 
6195 692 696 695 
6196 2420 2562 2235 
6197 2453 2975 2451 
6198 3208 3435 3434 
6199 1698 4528 3810 
6200 3626 3627 2622 
6201 713 717 716 
6202 550 945 943 
6203 1024 1026 1023 
6204 2231 2232 2202 
6205 982 2007 1033 
6206 958 4219 954 
6207 962 978 977 
6208 1231 4538 1205 
6209 275 3386 274 
6210 2542 4516 2537 
6211 2586 3459 2778 
6212 1955 2418 2416 
6213 1615 1616 1614 
6214 2286 4698 3056 
6215 1174 1713 1310 
6216 1623 1821 1621 
6217 1311 1701 1700 
6218 2282 2634 2505 
6219 1218 1220 1219 
6220 2200 4567 2107 
6221 2503 4463 2376 
6222 2079 3047 3046 
6223 957 4509 982 
6224 2246 2600 2247 
6225 312 3442 311 
6226 1102 1103 1101 
6227 2758 3416 3258 
6228 4437 4520 873 
6229 2989 3067 2988 
6230 1695 1728 1237 
6231 2558 2905 2559 
6232 2019 2026 2017 
6233 606 1792 604 
6234 2665 4384 2315 
6235 4470 4581 2751 
6236 1139 4484 1140 
6237 2707 4447 2705 
6238 1844 1889 1888 
6239 895 897 896 
6240 1848 4604 718 
6241 598 3398 276 
6242 2481 4454 2480 
6243 3369 4473 2752 
6244 980 1052 981 
6245 837 839 838 
6246 2371 2372 2006 
6247 1036 1050 1049 
6248 547 550 549 
6249 4428 4504 2068 
6250 2195 2499 2194 
6251 4074 4076 4073 
6252 550 943 549 
6253 2499 3277 2566 
6254 2581 2592 2582 
6255 1865 2062 1866 
6256 1156 1178 1157 
6257 1031 1032 974 
6258 2571 2572 2184 
6259 685 4483 680 
6260 4289 4522 4292 
6261 2997 4892 2840 
6262 2218 2252 2031 
6263 1798 1917 1812 
6264 4017 4682 1595 
6265 3208 3434 3020 
6266 1601 4672 986 
6267 1094 1161 1095 
6268 1105 4507 1104 
6269 2401 4214 4213 
6270 2446 4687 2442 
6271 1713 1882 1881 
6272 1437 4434 1530 
6273 1031 1085 1032 
6274 3781 4600 2889 
6275 2885 4575 2888 
6276 510 1818 512 
6277 2464 3467 3335 
6278 1555 4760 4432 
6279 792 4486 794 
6280 1789 3128 3044 
6281 2005 2006 1964 
6282 2311 2312 2310 
6283 2758 3258 2783 
6284 2466 2467 1983 
6285 1038 1060 1037 
6286 1298 4482 1712 
6287 699 1824 703 
6288 3257 4518 2261 
6289 3018 3284 2252 
6290 978 980 979 
6291 2558 3313 2905 
6292 2380 4463 2673 
6293 1701 4461 1702 
6294 1810 2035 2033 
6295 935 950 948 
6296 2272 4562 2587 
6297 2151 2153 1936 
6298 1406 1925 1405 
6299 721 4503 1848 
6300 2739 2741 2740 
6301 1136 2143 1118 
6302 1783 1798 1797 
6303 2765 4176 1849 
6304 2212 4493 2968 
6305 891 893 892 
6306 834 837 835 
6307 2750 4518 3210 
6308 1882 2243 2241 
6309 839 841 840 
6310 3056 3536 3054 
6311 3162 4507 1141 
6312 3243 3309 3241 
6313 2211 4249 2495 
6314 2848 4457 1901 
6315 3337 5624 3755 
6316 1909 2426 1908 
6317 1050 1094 1051 
6318 607 608 606 
6319 1695 1729 1728 
6320 3138 4455 3712 
6321 2375 4499 2753 
6322 1138 4482 1137 
6323 547 549 546 
6324 1729 1986 1985 
6325 1080 1785 1124 
6326 1184 2825 1182 
6327 545 547 546 
6328 2507 2652 2599 
6329 1163 1720 1161 
6330 1721 1908 1720 
6331 693 694 691 
6332 545 546 543 
6333 2537 4516 2536 
6334 3024 3771 2684 
6335 1470 1471 1469 
6336 541 545 543 
6337 1556 2009 1578 
6338 1033 2381 1034 
6339 1882 4655 2244 
6340 4057 4061 4059 
6341 1358 4475 1857 
6342 1125 1174 1127 
6343 1435 4434 1437 
6344 3443 3444 2933 
6345 841 843 842 
6346 2752 4473 2515 
6347 708 3399 292 
6348 1100 1101 1099 
6349 3003 3275 2551 
6350 2241 2758 2757 
6351 2495 4249 3288 
6352 1926 2347 1925 
6353 1207 1313 1110 
6354 2387 3226 3033 
6355 1810 2033 1811 
6356 972 974 947 
6357 2033 2342 2034 
6358 950 1004 1003 
6359 491 513 493 
6360 952 957 954 
6361 3240 3348 2542 
6362 2475 2478 2477 
6363 1729 1985 1728 
6364 1747 1993 1745 
6365 972 1031 974 
6366 681 686 683 
6367 541 543 540 
6368 2023 4631 2027 
6369 2531 4581 4470 
6370 1746 4761 1749 
6371 1785 3161 3160 
6372 923 2767 925 
6373 2387 3033 2799 
6374 2005 2787 2371 
6375 901 903 902 
6376 1004 1056 1055 
6377 1599 4569 2368 
6378 2581 3456 2592 
6379 2483 4709 2876 
6380 3489 5027 3659 
6381 1826 4612 2149 
6382 2329 2330 2328 
6383 2037 2774 2510 
6384 1204 1832 1360 
6385 982 1033 983 
6386 1056 1114 1113 
6387 4444 4523 1106 
6388 916 920 918 
6389 3659 5027 1404 
6390 957 982 958 
6391 919 923 922 
6392 2784 3904 3169 
6393 988 4672 991 
6394 2490 4454 2481 
6395 3392 3393 3391 
6396 2475 2477 2476 
6397 926 929 928 
6398 1310 4551 1311 
6399 1986 2558 1985 
6400 3738 3739 3312 
6401 2915 3440 3439 
6402 964 1014 1010 
6403 2082 2387 2386 
6404 1297 1323 1296 
6405 1889 4554 1888 
6406 1605 1732 1562 
6407 2245 3297 2243 
6408 1775 1776 1668 
6409 1174 1310 1175 
6410 3456 3457 2592 
6411 843 846 844 
6412 2590 3042 2580 
6413 3229 4750 4749 
6414 1293 1810 1294 
6415 3006 3032 2485 
6416 2233 2246 2234 
6417 868 1716 939 
6418 4018 4640 2696 
6419 3143 3144 2907 
6420 846 849 847 
6421 1205 4538 1204 
6422 1013 1018 1016 
6423 1738 1783 1782 
6424 929 935 930 
6425 2285 4669 3891 
6426 946 972 947 
6427 842 4806 848 
6428 899 901 900 
6429 1027 1037 1026 
6430 1832 2097 2082 
6431 1305 1306 1152 
6432 2774 3443 2933 
6433 2939 3273 2463 
6434 1322 4501 1706 
6435 3174 4830 4799 
6436 1383 1975 1381 
6437 538 541 540 
6438 1842 1843 1340 
6439 1234 4548 1233 
6440 2352 2353 1795 
6441 1982 1983 1732 
6442 3028 4454 2490 
6443 2767 2784 2775 
6444 2313 2315 2314 
6445 1999 2560 2544 
6446 1971 2196 1968 
6447 903 905 904 
6448 2037 2510 2038 
6449 1080 1124 1081 
6450 946 947 873 
6451 935 948 936 
6452 849 852 850 
6453 2820 2899 2819 
6454 1352 4149 1350 
6455 934 4235 3126 
6456 2096 2114 1776 
6457 909 912 910 
6458 1059 4569 1276 
6459 1314 1795 1313 
6460 1018 1080 1019 
6461 1724 1725 1328 
6462 1842 1844 1843 
6463 1151 1152 1058 
6464 1255 1257 1253 
6465 2240 2497 2496 
6466 2316 2632 2314 
6467 859 868 867 
6468 743 744 578 
6469 2015 4404 2013 
6470 2638 4530 2323 
6471 1014 1079 1078 
6472 1057 1058 1000 
6473 1888 2770 2769 
6474 296 1088 295 
6475 1267 1939 1938 
6476 964 1010 965 
6477 916 918 917 
6478 1204 1360 1154 
6479 2619 2621 2334 
6480 1079 1135 1134 
6481 914 916 915 
6482 1037 1160 1026 
6483 2549 3255 2293 
6484 1135 1304 1303 
6485 1299 4484 1139 
6486 1304 1892 1890 
6487 1886 4501 1322 
6488 1713 1881 1310 
6489 1144 4481 1142 
6490 2741 3088 3087 
6491 1469 4178 1466 
6492 912 914 913 
6493 849 861 852 
6494 939 964 940 
6495 841 845 843 
6496 1088 3400 295 
6497 1090 1267 1266 
6498 923 925 924 
6499 1868 1968 1357 
6500 497 1803 500 
6501 2478 2480 2477 
6502 1882 2241 1881 
6503 1092 4547 1046 
6504 3533 3565 3094 
6505 3240 3429 3348 
6506 3088 3621 3620 
6507 2335 4608 2620 
6508 3299 3379 3302 
6509 1942 2177 2067 
6510 1233 2756 1231 
6511 1890 2037 1891 
6512 1267 1940 1939 
6513 1233 3170 2756 
6514 3226 3345 3033 
6515 868 939 869 
6516 2466 4379 2467 
6517 2283 4438 2146 
6518 538 540 537 
6519 4884 4985 3838 
6520 3348 4516 2542 
6521 671 675 674 
6522 535 538 537 
6523 535 537 534 
6524 855 858 857 
6525 3811 4447 2707 
6526 1572 1735 1553 
6527 872 873 739 
6528 960 1021 1020 
6529 871 960 959 
6530 1109 4536 1317 
6531 533 535 534 
6532 2472 2474 2473 
6533 2828 3232 2827 
6534 1356 1357 1354 
6535 2327 2328 2326 
6536 2500 4506 2499 
6537 1999 2544 1892 
6538 2586 2778 2277 
6539 872 946 873 
6540 861 871 870 
6541 1137 4482 1298 
6542 2510 4436 2038 
6543 1514 1520 1515 
6544 3188 3432 3280 
6545 881 1270 879 
6546 2737 4537 3872 
6547 2870 2871 2859 
6548 1940 1942 1941 
6549 2762 4506 2500 
6550 1833 4501 3172 
6551 828 4477 827 
6552 3052 4436 2510 
6553 1431 4476 1433 
6554 2420 4679 3306 
6555 1448 4443 1446 
6556 2063 4508 2065 
6557 2440 4687 2447 
6558 1662 4616 2788 
6559 4430 4871 791 
6560 1337 1341 1268 
6561 2474 2475 2473 
6562 533 534 531 
6563 950 1003 948 
6564 1702 4461 1865 
6565 2138 3154 2618 
6566 1056 1113 1055 
6567 3160 4655 4579 
6568 1004 1055 1003 
6569 1114 1293 1113 
6570 858 4469 859 
6571 2770 3298 2771 
6572 833 1997 836 
6573 2833 2834 2462 
6574 2743 4511 2937 
6575 1807 2005 1964 
6576 1245 4783 1247 
6577 1994 2340 1491 
6578 3140 4455 3138 
6579 1417 1737 1415 
6580 907 909 908 
6581 2183 4600 2140 
6582 1269 1338 1337 
6583 4513 4645 1695 
6584 970 4542 801 
6585 1369 4502 1980 
6586 1142 4481 1607 
6587 1506 1512 1511 
6588 1785 3160 1124 
6589 1445 4557 1531 
6590 2242 4458 1871 
6591 2774 2933 2510 
6592 1441 4488 1780 
6593 2545 4508 2063 
6594 740 4503 724 
6595 713 716 712 
6596 1216 1218 1217 
6597 2327 2617 2329 
6598 2332 2823 2394 
6599 738 739 724 
6600 1827 4500 1829 
6601 1832 2082 1360 
6602 723 724 721 
6603 1244 4528 1698 
6604 738 872 739 
6605 982 4509 2007 
6606 2915 3439 2600 
6607 1859 2240 2239 
6608 1104 4507 1710 
6609 1455 1738 1457 
6610 529 533 531 
6611 723 738 724 
6612 1829 4500 2255 
6613 3177 4641 4558 
6614 3760 3761 3747 
6615 722 2616 617 
6616 1174 4579 1713 
6617 2371 2800 2372 
6618 1399 4639 2001 
6619 1822 2058 1823 
6620 920 2003 1730 
6621 2472 4480 2474 
6622 1599 2368 1839 
6623 827 4477 2722 
6624 2630 3646 3180 
6625 2031 4525 1909 
6626 629 4586 1001 
6627 3175 4679 4673 
6628 682 4566 685 
6629 2246 2915 2600 
6630 2963 4510 3028 
6631 1324 1874 1323 
6632 2784 3169 2775 
6633 1672 2361 1670 
6634 2577 4581 2531 
6635 1389 4611 1388 
6636 2365 3153 2677 
6637 2727 4249 2211 
6638 2529 4665 4239 
6639 2336 4622 1689 
6640 1568 1822 1787 
6641 2560 3041 2544 
6642 1546 1547 1545 
6643 4379 4471 2467 
6644 1014 1078 1010 
6645 497 4647 1803 
6646 2437 4066 2436 
6647 3085 3477 2786 
6648 1304 1890 1303 
6649 1445 1447 1446 
6650 1176 1177 1172 
6651 1627 1635 1625 
6652 1135 1303 1134 
6653 3871 4806 844 
6654 1079 1134 1078 
6655 2005 2371 2006 
6656 716 718 712 
6657 2767 2775 925 
6658 920 1730 918 
6659 2177 2581 2067 
6660 1717 4524 535 
6661 1706 4501 1833 
6662 1942 2067 1941 
6663 710 2773 711 
6664 720 723 721 
6665 1238 4513 1695 
6666 1850 3966 1575 
6667 2467 2468 1983 
6668 2325 2326 1998 
6669 1842 4504 1844 
6670 520 4498 516 
6671 3175 4529 1720 
6672 2797 2798 2192 
6673 2469 2472 2470 
6674 1351 1352 1350 
6675 1353 1354 1352 
6676 1912 1913 1726 
6677 2220 4508 2754 
6678 529 531 528 
6679 526 528 525 
6680 1076 4523 1074 
6681 3285 4525 2252 
6682 871 959 870 
6683 1167 4661 1111 
6684 1161 4529 1162 
6685 960 1020 959 
6686 532 4497 528 
6687 523 526 525 
6688 526 529 528 
6689 861 870 852 
6690 912 1774 914 
6691 1021 1090 1020 
6692 1162 4529 1211 
6693 523 525 522 
6694 537 4526 1719 
6695 521 523 522 
6696 1447 1448 1446 
6697 538 4524 542 
6698 976 1000 961 
6699 3170 3171 2756 
6700 910 4535 908 
6701 1237 4548 1234 
6702 745 746 744 
6703 2756 4538 1231 
6704 1148 4460 1146 
6705 929 4583 4472 
6706 2313 2314 2312 
6707 1940 1941 1939 
6708 533 4543 1717 
6709 2091 4500 1827 
6710 1540 1541 1538 
6711 1844 1888 1843 
6712 700 3422 3395 
6713 1131 4636 4110 
6714 2530 4665 2529 
6715 544 4526 540 
6716 4749 4750 2414 
6717 656 1788 658 
6718 1581 1583 1563 
6719 1240 4513 1238 
6720 1461 3199 1987 
6721 720 721 718 
6722 1274 4834 1167 
6723 1865 4461 2066 
6724 1323 1331 1296 
6725 3162 4612 4507 
6726 1719 4540 534 
6727 1729 4645 2156 
6728 2630 3180 2391 
6729 3122 3781 2889 
6730 747 748 746 
6731 2278 4549 2586 
6732 1916 2010 1914 
6733 2529 4572 2526 
6734 2617 3084 2622 
6735 1888 4554 2770 
6736 2003 2630 2391 
6737 521 522 519 
6738 524 4694 2790 
6739 2467 2469 2468 
6740 3073 3074 2871 
6741 2320 2602 2318 
6742 4651 4652 2776 
6743 3218 4138 3123 
6744 3340 3428 3341 
6745 2315 2317 2316 
6746 837 1779 839 
6747 1656 4616 1658 
6748 817 818 815 
6749 1997 2324 1998 
6750 677 1820 679 
6751 2755 4500 2091 
6752 2652 3614 2653 
6753 450 451 449 
6754 315 3451 314 
6755 1153 4481 1144 
6756 2906 4784 2559 
6757 2472 2473 2470 
6758 3367 4510 2963 
6759 1146 4460 1153 
6760 1034 4534 1036 
6761 1907 2337 2336 
6762 1311 4551 1701 
6763 1788 1961 1960 
6764 485 2008 488 
6765 4390 4511 2743 
6766 2003 2391 1730 
6767 829 830 828 
6768 4507 4612 1710 
6769 2065 4508 2220 
6770 2231 2233 2232 
6771 2951 3776 2949 
6772 3703 3704 3577 
6773 4109 4643 2781 
6774 1093 4204 996 
6775 980 981 979 
6776 2965 3420 2795 
6777 1532 4476 1431 
6778 2013 2036 2011 
6779 3744 3748 3742 
6780 2751 4581 3281 
6781 1103 1130 1101 
6782 1472 1473 1471 
6783 1106 4523 1076 
6784 923 4591 2767 
6785 3340 3341 2496 
6786 271 665 270 
6787 1909 4525 2426 
6788 1289 2367 1052 
6789 2324 2636 2325 
6790 1458 1460 1459 
6791 833 834 832 
6792 2327 2329 2328 
6793 1512 1514 1513 
6794 2194 4554 1889 
6795 2364 3129 3121 
6796 3183 3186 3185 
6797 3881 4765 1653 
6798 2381 4534 1034 
6799 725 3158 3157 
6800 3477 4615 2786 
6801 517 521 519 
6802 1714 4607 797 
6803 4382 4384 2665 
6804 859 4469 868 
6805 3059 4438 2283 
6806 2757 4551 1881 
6807 716 720 718 
6808 1338 1853 1337 
6809 4845 4912 3730 
6810 2566 4554 2194 
6811 2469 2470 2468 
6812 1881 4551 1310 
6813 1674 4927 4878 
6814 3422 3511 3395 
6815 2836 2929 2798 
6816 1938 4527 2401 
6817 2123 2125 2121 
6818 2580 4549 2278 
6819 706 712 710 
6820 2190 4514 1986 
6821 2499 4506 3277 
6822 1243 4513 1240 
6823 3164 4513 1243 
6824 1452 1454 1453 
6825 531 4540 532 
6826 814 815 813 
6827 2582 4559 2067 
6828 3183 3184 2411 
6829 2467 4471 2469 
6830 622 684 620 
6831 1054 2393 1041 
6832 3986 5284 4988 
6833 2722 4477 2739 
6834 530 4543 529 
6835 1327 4618 1727 
6836 1585 4598 1587 
6837 1340 4539 1338 
6838 4145 4763 1427 
6839 1941 4559 2409 
6840 1558 1574 1557 
6841 1722 4566 687 
6842 2001 4955 3777 
6843 1554 1573 1572 
6844 1537 1538 1536 
6845 1718 4545 523 
6846 2262 2681 2649 
6847 3557 3558 2621 
6848 521 4568 1718 
6849 3164 4645 4513 
6850 2197 2231 2202 
6851 1443 4557 1445 
6852 706 710 705 
6853 2670 4664 1992 
6854 4985 5007 3838 
6855 2144 2145 2143 
6856 1154 4558 1132 
6857 2563 4646 2235 
6858 448 449 447 
6859 637 639 638 
6860 596 3383 273 
6861 1554 4617 3189 
6862 483 4552 485 
6863 1220 1224 1221 
6864 3084 3626 2622 
6865 1042 2396 1008 
6866 1294 4553 1113 
6867 1859 1871 1735 
6868 1961 2430 2429 
6869 1170 4563 1173 
6870 2617 2622 2329 
6871 2386 4558 1360 
6872 1616 4465 2176 
6873 703 706 705 
6874 3185 3187 3184 
6875 2161 2410 1098 
6876 1055 4553 2385 
6877 2790 4536 1053 
6878 2146 2165 2145 
6879 517 519 516 
6880 515 516 514 
6881 512 514 511 
6882 1748 4674 1747 
6883 515 517 516 
6884 512 515 514 
6885 618 4945 621 
6886 823 824 822 
6887 2257 4700 2607 
6888 510 512 511 
6889 610 697 608 
6890 526 4545 530 
6891 1886 4646 4501 
6892 1666 1775 1668 
6893 1793 4628 4232 
6894 826 829 828 
6895 2030 2076 2029 
6896 1250 4648 4528 
6897 2509 3359 3358 
6898 4048 4609 4205 
6899 1709 4434 1435 
6900 3659 4455 3140 
6901 2436 2448 2438 
6902 1662 2788 1664 
6903 863 956 864 
6904 907 911 909 
6905 3444 5697 241 
6906 1050 4534 4459 
6907 2385 4565 1003 
6908 4378 4826 2725 
6909 496 4179 498 
6910 2239 2242 1871 
6911 1562 4617 1547 
6912 949 4555 952 
6913 1891 4564 1303 
6914 830 833 832 
6915 2930 2931 2929 
6916 510 511 508 
6917 635 637 636 
6918 888 889 887 
6919 699 703 702 
6920 2497 3340 2496 
6921 703 705 702 
6922 2998 4531 2560 
6923 948 4565 949 
6924 2116 2833 2462 
6925 1134 4564 2388 
6926 2252 4525 2031 
6927 1986 4514 2558 
6928 2923 4211 2921 
6929 1809 1959 1648 
6930 1131 1269 1268 
6931 812 813 811 
6932 607 609 608 
6933 1204 4538 1832 
6934 1103 1131 1130 
6935 618 619 616 
6936 1884 3929 1767 
6937 1939 4527 1938 
6938 3323 3325 3324 
6939 724 4503 721 
6940 2558 4514 3313 
6941 1449 1450 1448 
6942 898 899 897 
6943 2841 3976 2356 
6944 2398 2870 2859 
6945 4889 4931 3702 
6946 3027 4514 2190 
6947 890 891 889 
6948 1686 4622 1685 
6949 2277 4562 2274 
6950 287 490 286 
6951 823 2864 2087 
6952 833 836 834 
6953 1233 4548 3170 
6954 1332 1334 1291 
6955 1720 4529 1161 
6956 506 510 508 
6957 298 565 297 
6958 2049 2263 2047 
6959 3931 4865 1073 
6960 3701 4929 3702 
6961 3650 4085 3219 
6962 1651 4640 1649 
6963 2293 4533 2177 
6964 2684 4550 2682 
6965 2240 2496 2239 
6966 906 907 905 
6967 1215 4636 1103 
6968 650 725 652 
6969 2274 4562 2272 
6970 699 702 698 
6971 695 699 698 
6972 659 660 657 
6973 4690 4787 1073 
6974 692 695 693 
6975 695 698 693 
6976 518 4568 517 
6977 3106 3279 3278 
6978 1178 1180 1179 
6979 2388 4587 1078 
6980 3147 3228 2378 
6981 1728 4548 1237 
6982 1971 2197 2196 
6983 540 4526 537 
6984 535 4524 538 
6985 3042 4549 2580 
6986 1125 4579 1174 
6987 528 4497 525 
6988 2106 2645 2110 
6989 3762 3763 3761 
6990 1023 4532 1021 
6991 978 979 977 
6992 2325 2327 2326 
6993 3870 4907 2368 
6994 903 906 905 
6995 926 4583 929 
6996 1780 4557 1443 
6997 784 863 787 
6998 506 508 505 
6999 504 505 503 
7000 3077 3531 3076 
7001 1682 1693 1680 
7002 2315 2316 2314 
7003 502 503 501 
7004 504 506 505 
7005 502 504 503 
7006 1433 4476 1709 
7007 1036 4534 1050 
7008 614 1786 612 
7009 868 4469 1716 
7010 497 499 496 
7011 1464 1466 1465 
7012 500 502 501 
7013 2295 2614 2083 
7014 2161 3182 2411 
7015 1043 1099 1098 
7016 1997 1998 836 
7017 1642 1831 1640 
7018 749 750 748 
7019 4528 4648 3810 
7020 919 4591 923 
7021 2146 4438 2165 
7022 1925 2779 1405 
7023 1124 4579 1125 
7024 886 887 885 
7025 1936 4556 1215 
7026 925 4583 926 
7027 692 693 691 
7028 2932 2942 2931 
7029 2608 3215 933 
7030 478 4696 480 
7031 689 4589 1722 
7032 500 501 499 
7033 1775 2109 2096 
7034 918 4591 919 
7035 3188 3202 3187 
7036 2833 3623 2834 
7037 2358 3120 2359 
7038 1462 1464 1463 
7039 2324 2325 1998 
7040 957 4555 4509 
7041 1010 4587 1011 
7042 653 654 651 
7043 898 2166 933 
7044 1461 4705 3199 
7045 3196 3653 3498 
7046 690 692 691 
7047 1011 4570 1013 
7048 1838 4838 1560 
7049 2783 4689 2757 
7050 2919 4405 2917 
7051 534 4540 531 
7052 446 447 445 
7053 561 4740 566 
7054 3203 5003 4879 
7055 2317 2319 2318 
7056 664 1799 667 
7057 1775 2096 1776 
7058 2289 2290 2077 
7059 4501 4646 3172 
7060 3188 3280 3202 
7061 1009 4654 4022 
7062 3001 3026 2458 
7063 2130 2280 2187 
7064 1347 1348 1343 
7065 2243 4561 2241 
7066 1766 1768 1762 
7067 1269 1337 1268 
7068 1338 4539 1853 
7069 3897 4018 2696 
7070 483 484 482 
7071 2400 2970 2969 
7072 3297 4561 2243 
7073 529 4543 533 
7074 1118 4547 1092 
7075 1697 4460 1148 
7076 2559 4695 1985 
7077 2401 4527 4214 
7078 2701 3068 1993 
7079 2352 2869 2353 
7080 1454 4585 1789 
7081 1710 4612 1826 
7082 984 4619 3942 
7083 4046 4733 875 
7084 2758 4561 3416 
7085 2477 4595 2479 
7086 706 4584 713 
7087 645 646 643 
7088 1207 1314 1313 
7089 2197 2912 2231 
7090 2109 2702 2625 
7091 2560 4531 3041 
7092 895 898 897 
7093 1522 1536 1535 
7094 2667 2789 2081 
7095 647 742 646 
7096 1066 4894 4071 
7097 3082 3083 2339 
7098 688 690 689 
7099 2769 4539 1843 
7100 1314 2352 1795 
7101 468 469 467 
7102 2104 2105 1855 
7103 690 691 689 
7104 516 4498 514 
7105 2407 3076 2322 
7106 1556 4817 2009 
7107 515 4601 518 
7108 2870 3073 2871 
7109 829 4546 830 
7110 497 500 499 
7111 4077 4078 2640 
7112 1062 4850 4252 
7113 288 3405 287 
7114 1131 1268 1130 
7115 2269 2279 2074 
7116 488 489 486 
7117 2165 2802 2145 
7118 1401 4639 1399 
7119 2660 2803 2659 
7120 491 492 489 
7121 493 494 492 
7122 1321 4673 1887 
7123 949 4565 4555 
7124 905 4580 904 
7125 3891 4669 4064 
7126 491 493 492 
7127 3423 4683 2566 
7128 2177 4533 2581 
7129 1572 1859 1735 
7130 986 4672 988 
7131 2448 3260 2449 
7132 1587 4598 2365 
7133 3549 4860 3550 
7134 488 491 489 
7135 2611 3089 2337 
7136 4838 4885 3197 
7137 609 611 610 
7138 820 823 822 
7139 1757 1764 1755 
7140 1287 4588 1807 
7141 3049 3697 3556 
7142 2551 4578 2549 
7143 480 4696 483 
7144 598 3455 3398 
7145 641 643 642 
7146 952 4555 957 
7147 1541 1544 1538 
7148 2682 4550 3803 
7149 1314 2419 2352 
7150 3928 4485 3925 
7151 1617 4465 1616 
7152 485 486 484 
7153 702 4593 1733 
7154 711 4593 705 
7155 2377 2378 1510 
7156 904 4580 2138 
7157 513 2772 493 
7158 1113 4553 1055 
7159 2035 4576 2033 
7160 2653 4515 2655 
7161 1907 2336 1689 
7162 1101 4544 1099 
7163 1132 4641 1114 
7164 1732 4617 1562 
7165 3080 3602 2973 
7166 3022 3896 3021 
7167 1360 4558 1154 
7168 4388 4588 1287 
7169 1517 4670 4144 
7170 1868 1971 1968 
7171 2741 3981 3088 
7172 1901 4457 2217 
7173 2241 4561 2758 
7174 2581 4533 3456 
7175 272 3402 271 
7176 1021 4532 1090 
7177 485 488 486 
7178 611 613 612 
7179 523 4545 526 
7180 2058 2170 1823 
7181 565 3406 297 
7182 2097 4571 2082 
7183 1114 4641 1293 
7184 3492 5245 5220 
7185 2167 2399 2168 
7186 688 689 687 
7187 4222 4690 4523 
7188 3183 3185 3184 
7189 683 687 682 
7190 1753 1773 1751 
7191 683 688 687 
7192 878 1790 880 
7193 681 683 682 
7194 1514 1515 1513 
7195 831 4666 4477 
7196 4529 4673 1211 
7197 1018 4570 4474 
7198 1363 2292 1929 
7199 2387 4571 3226 
7200 4722 4775 2191 
7201 1822 1823 1787 
7202 1508 1509 1497 
7203 1824 4584 703 
7204 2067 4559 1941 
7205 1823 2392 1787 
7206 477 478 476 
7207 816 4663 796 
7208 1733 4602 698 
7209 1547 1554 1553 
7210 3255 4533 2293 
7211 1447 1449 1448 
7212 2319 2321 2320 
7213 1500 1504 1501 
7214 507 4597 506 
7215 1356 1868 1357 
7216 1003 4565 948 
7217 3185 3188 3187 
7218 681 682 680 
7219 2153 4556 1936 
7220 3275 4578 2551 
7221 967 2813 874 
7222 1371 4502 1369 
7223 1474 1475 1473 
7224 1901 2217 2216 
7225 1348 1351 1350 
7226 2544 4582 1892 
7227 460 461 459 
7228 2943 2944 2942 
7229 2455 2457 1959 
7230 814 1817 817 
7231 1325 4766 4618 
7232 1177 1784 1172 
7233 2165 3114 2802 
7234 3627 4614 2622 
7235 1494 1498 1496 
7236 4050 4741 870 
7237 1541 1545 1544 
7238 2188 3143 2907 
7239 3061 3357 2498 
7240 679 681 680 
7241 1892 4582 1890 
7242 3619 4090 3223 
7243 1843 4539 1340 
7244 471 472 469 
7245 1303 4564 1134 
7246 1818 4601 512 
7247 1547 1553 1545 
7248 576 743 578 
7249 1554 1572 1553 
7250 2895 4687 2446 
7251 1568 1787 1566 
7252 696 4603 695 
7253 2053 2259 2051 
7254 452 453 451 
7255 1495 1497 1493 
7256 2033 4576 2342 
7257 1559 2167 1836 
7258 510 4597 1818 
7259 1859 2239 1871 
7260 3614 4515 2653 
7261 806 1808 808 
7262 473 474 472 
7263 1099 2161 1098 
7264 2109 2625 2096 
7265 483 485 484 
7266 475 476 474 
7267 2037 4582 2774 
7268 1665 4926 1663 
7269 693 4602 694 
7270 1013 4570 1018 
7271 2082 4571 2387 
7272 3365 4833 2547 
7273 677 679 678 
7274 1449 1451 1450 
7275 1595 4682 2127 
7276 3259 4801 2783 
7277 679 680 678 
7278 517 4568 521 
7279 2794 2795 2792 
7280 3601 3655 3654 
7281 4556 4636 1215 
7282 2400 2450 2168 
7283 3160 4579 1124 
7284 2702 2849 2625 
7285 4011 4779 1853 
7286 1011 4587 4570 
7287 3771 4550 2684 
7288 1498 1500 1499 
7289 1505 2414 1502 
7290 1353 1356 1354 
7291 1869 1870 1577 
7292 1111 1112 1039 
7293 655 2154 654 
7294 2480 4595 2477 
7295 1180 3090 1181 
7296 3182 3183 2411 
7297 1417 4453 1737 
7298 2655 4515 3589 
7299 694 4589 691 
7300 2549 4578 3255 
7301 810 811 809 
7302 613 615 614 
7303 2163 2797 2192 
7304 964 4606 1014 
7305 2317 2318 2316 
7306 2005 4588 2787 
7307 981 1008 979 
7308 1744 4761 1746 
7309 823 2087 824 
7310 475 477 476 
7311 473 475 474 
7312 1716 4606 939 
7313 1071 4690 1073 
7314 1518 1519 1509 
7315 677 678 676 
7316 759 760 758 
7317 4144 4898 3198 
7318 2329 4614 2330 
7319 674 677 676 
7320 798 1805 800 
7321 671 674 672 
7322 674 676 672 
7323 2216 2421 1900 
7324 471 473 472 
7325 1619 4599 1634 
7326 2775 4583 925 
7327 2634 4708 2505 
7328 991 4672 2768 
7329 1248 4704 1250 
7330 2484 3283 2482 
7331 2608 3545 3215 
7332 1078 4587 1010 
7333 1659 4818 1657 
7334 1451 1452 1450 
7335 2012 4669 2285 
7336 2321 2323 2322 
7337 2681 3484 3483 
7338 817 1715 818 
7339 775 1928 777 
7340 699 4603 1824 
7341 2778 4562 2277 
7342 3424 3425 2996 
7343 494 497 496 
7344 1890 4582 2037 
7345 1868 2219 1971 
7346 2796 2811 2113 
7347 1206 1318 1207 
7348 1908 4745 3175 
7349 3891 4064 3893 
7350 814 817 815 
7351 1730 4591 918 
7352 2186 3794 2883 
7353 485 4552 2008 
7354 4478 4650 836 
7355 1395 4922 4116 
7356 671 672 670 
7357 1468 1470 1469 
7358 2180 2451 2181 
7359 3175 4673 4529 
7360 1525 1526 1519 
7361 2161 2411 2410 
7362 2292 2610 2343 
7363 2945 2952 2944 
7364 1267 4592 1940 
7365 1206 1207 1110 
7366 4748 4888 3956 
7367 1798 1812 1797 
7368 468 471 469 
7369 1904 4698 1906 
7370 1216 1217 1177 
7371 1917 1919 1812 
7372 1575 1895 1574 
7373 316 3482 597 
7374 2237 2806 2561 
7375 2969 3338 3291 
7376 2235 4646 1886 
7377 3314 3315 2572 
7378 916 4621 920 
7379 669 671 670 
7380 3934 4723 3935 
7381 834 4650 837 
7382 2442 4687 2440 
7383 1090 4592 1267 
7384 444 445 443 
7385 1781 4652 1451 
7386 1535 1539 1521 
7387 3225 5130 4877 
7388 1783 1797 1782 
7389 703 4584 706 
7390 898 933 899 
7391 2432 3247 2430 
7392 810 860 812 
7393 760 4036 758 
7394 899 4594 901 
7395 991 2768 993 
7396 1103 4636 1131 
7397 2417 2498 2080 
7398 1351 1353 1352 
7399 2350 3066 3065 
7400 1695 4645 1729 
7401 4093 4800 2158 
7402 2452 2868 2181 
7403 2138 4580 3154 
7404 939 4606 964 
7405 2436 2438 2434 
7406 468 4633 471 
7407 2357 2369 956 
7408 2737 5235 3540 
7409 1223 1225 1222 
7410 661 663 660 
7411 1226 1363 1362 
7412 658 659 657 
7413 3377 3378 3315 
7414 667 669 668 
7415 2151 4686 2153 
7416 1807 4588 2005 
7417 979 4629 977 
7418 2969 3291 2450 
7419 669 670 668 
7420 4558 4641 1132 
7421 1743 4793 1978 
7422 2237 2554 1970 
7423 1929 1930 1362 
7424 4024 4798 1489 
7425 812 814 813 
7426 1109 1206 1110 
7427 2876 4709 3234 
7428 2365 4598 3153 
7429 2021 4106 2019 
7430 3032 4686 2485 
7431 2953 2954 2952 
7432 2166 2608 933 
7433 1788 1960 658 
7434 830 4546 833 
7435 2509 3329 2421 
7436 1738 1782 1457 
7437 512 4601 515 
7438 1306 1858 1308 
7439 1728 4695 4548 
7440 2485 4686 2151 
7441 806 807 805 
7442 1342 1343 1302 
7443 1335 2193 1739 
7444 1955 4658 2418 
7445 3234 3235 2878 
7446 1545 4613 1544 
7447 471 1796 473 
7448 705 4593 702 
7449 664 666 663 
7450 475 524 477 
7451 1512 1513 1511 
7452 833 4546 1997 
7453 687 4566 682 
7454 710 4604 2773 
7455 1727 4618 2364 
7456 2604 4692 4047 
7457 914 4621 916 
7458 667 668 666 
7459 469 3992 467 
7460 1713 4655 1882 
7461 2536 4665 2530 
7462 2280 4615 2464 
7463 1559 1560 1539 
7464 836 4650 834 
7465 652 653 651 
7466 2381 4753 4534 
7467 1832 4707 2097 
7468 664 667 666 
7469 1226 1361 1225 
7470 712 4604 710 
7471 2458 4623 2058 
7472 718 4604 712 
7473 4548 4695 3170 
7474 1510 4749 1505 
7475 2807 4873 4134 
7476 2286 3056 3054 
7477 1452 1455 1454 
7478 661 664 663 
7479 1455 1456 1454 
7480 2176 2180 2179 
7481 1573 4626 1572 
7482 2319 2320 2318 
7483 4523 4690 1074 
7484 3593 3601 3600 
7485 1789 4585 3128 
7486 1405 4639 1401 
7487 628 629 626 
7488 2843 2846 2842 
7489 1052 4654 981 
7490 808 809 807 
7491 786 2358 788 
7492 698 4602 693 
7493 3789 4802 2777 
7494 1172 4563 1170 
7495 506 4597 510 
7496 491 4635 513 
7497 4637 4734 3581 
7498 2771 4657 2769 
7499 810 812 811 
7500 1664 4624 1666 
7501 802 851 804 
7502 442 443 441 
7503 1836 1837 1560 
7504 2143 4547 1118 
7505 2399 2400 2168 
7506 3092 3093 2343 
7507 3161 4742 3160 
7508 1759 4521 1757 
7509 4823 4860 4102 
7510 2544 4729 4582 
7511 2447 4066 2437 
7512 1547 4617 1554 
7513 659 661 660 
7514 1616 2176 2175 
7515 1356 4649 1868 
7516 630 631 629 
7517 650 651 649 
7518 1774 4621 914 
7519 1043 1098 1042 
7520 1109 1110 1054 
7521 3129 4766 3969 
7522 3254 3450 2911 
7523 1313 4656 1110 
7524 2622 4614 2329 
7525 1053 1109 1054 
7526 843 4676 846 
7527 4532 4592 1090 
7528 4551 4689 1701 
7529 835 4778 832 
7530 3558 3559 2621 
7531 2013 4404 2036 
7532 2179 3211 2175 
7533 884 885 883 
7534 2479 4662 2476 
7535 1961 2429 1960 
7536 981 1009 1008 
7537 695 4603 699 
7538 2334 4691 2123 
7539 615 617 616 
7540 4022 4727 4021 
7541 3595 3596 2845 
7542 1301 1302 1201 
7543 3864 4911 2634 
7544 1009 1043 1042 
7545 1419 4453 1417 
7546 2017 4541 2015 
7547 1577 4760 1555 
7548 837 4650 1779 
7549 659 662 661 
7550 909 4627 912 
7551 1211 4673 1321 
7552 1429 4763 1532 
7553 846 4676 4496 
7554 888 890 889 
7555 1351 1902 1353 
7556 2127 4682 2130 
7557 1894 1984 1768 
7558 3558 3576 3559 
7559 1379 4573 1845 
7560 2910 2911 2801 
7561 565 3448 3406 
7562 2652 3693 3614 
7563 2449 3045 2438 
7564 2509 3358 3329 
7565 2832 2842 2831 
7566 3199 3480 1987 
7567 3016 3017 2865 
7568 3656 4405 2919 
7569 465 468 467 
7570 2797 2836 2798 
7571 1099 4544 2161 
7572 1859 4626 2240 
7573 845 4676 843 
7574 962 977 976 
7575 725 3157 652 
7576 1977 4502 1371 
7577 2323 2408 2407 
7578 4055 4731 707 
7579 886 888 887 
7580 2836 2930 2929 
7581 2812 3593 3592 
7582 691 4589 689 
7583 2323 4530 2408 
7584 634 635 633 
7585 458 459 457 
7586 1852 1901 1900 
7587 480 483 482 
7588 570 1002 572 
7589 1130 4544 1101 
7590 2327 4637 2617 
7591 2812 3585 2811 
7592 2367 4654 1052 
7593 3317 3318 3017 
7594 2563 4725 4646 
7595 4554 4683 2770 
7596 1074 4690 1071 
7597 1517 1522 1521 
7598 1457 1458 1456 
7599 1735 4613 1553 
7600 1812 2173 1797 
7601 2321 2322 2320 
7602 2882 2895 2446 
7603 1160 4873 4836 
7604 2015 4541 4404 
7605 2995 3514 2993 
7606 458 460 459 
7607 1455 4651 1738 
7608 2418 3227 2416 
7609 888 963 890 
7610 628 630 629 
7611 2400 2969 2450 
7612 2429 2801 1960 
7613 3861 4901 1421 
7614 1887 4679 2420 
7615 3873 5014 1060 
7616 3077 3532 3531 
7617 2899 4975 2819 
7618 456 457 455 
7619 3822 4868 4818 
7620 1515 1516 1513 
7621 653 655 654 
7622 4582 4729 2774 
7623 625 628 626 
7624 1458 1461 1460 
7625 912 4627 1774 
7626 876 4714 3982 
7627 2316 4660 2632 
7628 640 641 639 
7629 4445 4837 4702 
7630 2930 2932 2931 
7631 2167 2168 1836 
7632 1500 4889 1570 
7633 450 452 451 
7634 2607 3461 2605 
7635 4178 4630 2735 
7636 2804 2805 2803 
7637 3576 3578 3577 
7638 1500 1501 1499 
7639 976 1057 1000 
7640 2930 3203 2932 
7641 653 656 655 
7642 3252 3253 3251 
7643 863 864 787 
7644 2636 4637 2325 
7645 2058 4623 2170 
7646 1638 4768 3979 
7647 1456 4585 1454 
7648 2844 4688 3597 
7649 2505 4708 2507 
7650 4222 4787 4690 
7651 454 455 453 
7652 1793 1852 1851 
7653 1860 2237 1970 
7654 1251 4704 1248 
7655 2451 2452 2181 
7656 2767 4730 2784 
7657 631 4586 629 
7658 4077 4079 4078 
7659 1455 1457 1456 
7660 3333 4701 3332 
7661 673 4879 670 
7662 818 4642 820 
7663 3091 4211 2923 
7664 2407 3077 3076 
7665 3480 3481 1987 
7666 632 633 631 
7667 1053 4536 1109 
7668 1575 3966 1895 
7669 2910 3254 2911 
7670 1200 1201 1199 
7671 2448 2449 2438 
7672 645 647 646 
7673 656 658 657 
7674 440 441 439 
7675 2008 4635 488 
7676 1347 4703 1348 
7677 1520 4670 1515 
7678 644 645 643 
7679 1200 1972 1301 
7680 2216 2509 2421 
7681 1621 4599 1619 
7682 1221 1222 1219 
7683 1625 4610 1623 
7684 4386 4773 4668 
7685 1522 1535 1521 
7686 1535 1559 1539 
7687 2785 2786 2280 
7688 5048 5132 2868 
7689 2099 2831 1896 
7690 1053 1054 1041 
7691 1054 4656 2393 
7692 1701 4689 4461 
7693 2130 2785 2280 
7694 2100 2595 2098 
7695 3341 4638 2496 
7696 729 730 728 
7697 1461 1462 1460 
7698 1470 1472 1471 
7699 1257 4743 1253 
7700 882 937 884 
7701 1901 2216 1900 
7702 1610 2370 1504 
7703 2735 4630 3049 
7704 1342 2039 1347 
7705 890 932 891 
7706 2566 4683 4554 
7707 1559 1836 1560 
7708 1316 2002 1840 
7709 4089 4752 2385 
7710 2161 4544 3182 
7711 2932 2943 2942 
7712 911 4627 909 
7713 2364 4618 3129 
7714 1218 1219 1217 
7715 3188 4653 3432 
7716 2482 4709 2483 
7717 4591 4730 2767 
7718 3260 3613 2449 
7719 2621 4691 2334 
7720 2239 4638 2242 
7721 1381 4573 1379 
7722 1057 1151 1058 
7723 2757 4689 4551 
7724 656 657 655 
7725 804 805 803 
7726 1009 1042 1008 
7727 1634 4465 1617 
7728 2602 4660 2318 
7729 771 785 773 
7730 1151 1305 1152 
7731 2340 2814 2639 
7732 2756 4707 4538 
7733 3238 3239 3237 
7734 3186 4653 3185 
7735 1921 2796 2113 
7736 3576 3577 3559 
7737 2770 4683 3298 
7738 3503 3512 3505 
7739 2785 2822 2786 
7740 884 886 885 
7741 2323 2407 2322 
7742 637 640 639 
7743 2410 4667 1098 
7744 806 808 807 
7745 1305 4702 1306 
7746 645 648 647 
7747 2083 4632 1917 
7748 488 4635 491 
7749 494 4647 497 
7750 1572 4626 1859 
7751 2863 2865 2862 
7752 1151 1793 1305 
7753 2596 3496 2595 
7754 2184 4479 1850 
7755 4123 4738 4121 
7756 448 450 449 
7757 1623 4610 1821 
7758 1195 1856 1198 
7759 524 1053 1041 
7760 870 4741 852 
7761 1451 4651 1452 
7762 767 1990 769 
7763 3026 4623 2458 
7764 2610 3094 3092 
7765 2039 2792 2791 
7766 1363 1929 1362 
7767 2325 4637 2327 
7768 2103 5106 4999 
7769 3160 4742 4655 
7770 1985 4695 1728 
7771 2561 3363 2554 
7772 493 4647 494 
7773 1655 4868 2698 
7774 1487 1491 1488 
7775 1848 4746 4604 
7776 1220 1221 1219 
7777 1553 4613 1545 
7778 611 612 610 
7779 4199 4890 940 
7780 1616 2175 1614 
7781 650 652 651 
7782 1472 1474 1473 
7783 3578 3703 3577 
7784 933 4594 899 
7785 641 644 643 
7786 656 4715 1788 
7787 3175 4745 4679 
7788 613 614 612 
7789 1464 1467 1466 
7790 1515 1517 1516 
7791 4646 4725 3172 
7792 461 2169 463 
7793 1784 4563 1172 
7794 743 745 744 
7795 2381 4828 4129 
7796 648 649 647 
7797 566 4740 2160 
7798 2806 3361 2561 
7799 756 759 758 
7800 2377 3147 2378 
7801 1666 4624 1775 
7802 4534 4753 4459 
7803 2429 2910 2801 
7804 4538 4707 1832 
7805 2004 4721 3818 
7806 2779 4639 1405 
7807 3655 3770 3654 
7808 2774 4729 3443 
7809 2943 2945 2944 
7810 1467 1468 1466 
7811 609 610 608 
7812 498 4179 2727 
7813 566 2160 568 
7814 1715 4642 818 
7815 2496 4638 2239 
7816 3198 4966 3901 
7817 745 747 746 
7818 1850 4479 3966 
7819 3480 3628 3481 
7820 2180 2181 2179 
7821 438 439 437 
7822 1861 4914 4885 
7823 802 803 801 
7824 1930 4718 1362 
7825 2788 4624 1664 
7826 2548 3321 3320 
7827 808 810 809 
7828 1221 1223 1222 
7829 3822 4818 2361 
7830 1730 4730 4591 
7831 648 650 649 
7832 2292 2343 1929 
7833 1042 4667 2396 
7834 2320 4677 2602 
7835 559 4740 561 
7836 855 4770 858 
7837 747 749 748 
7838 3165 4722 3164 
7839 3136 4829 3134 
7840 3601 3654 3600 
7841 1498 1499 1496 
7842 3134 4829 4103 
7843 1555 4432 1526 
7844 615 616 614 
7845 4279 5671 5564 
7846 1917 4632 1919 
7847 1821 4599 1621 
7848 3066 3535 3534 
7849 2123 4691 2125 
7850 3215 4594 933 
7851 4547 4758 4062 
7852 2761 4930 4046 
7853 1342 1347 1343 
7854 446 448 447 
7855 1478 1481 1480 
7856 1461 1987 1462 
7857 2060 2484 2482 
7858 2468 4754 1983 
7859 4645 4722 2156 
7860 618 620 619 
7861 2772 4647 493 
7862 2396 4629 1008 
7863 2945 2953 2952 
7864 4496 4676 4467 
7865 3171 4707 2756 
7866 1415 4619 984 
7867 2464 4615 3467 
7868 3172 4725 3173 
7869 876 962 961 
7870 4882 4947 2702 
7871 630 632 631 
7872 1184 2826 2825 
7873 864 875 787 
7874 3147 4914 3228 
7875 3091 4716 4211 
7876 1635 4610 1625 
7877 3964 4716 3091 
7878 752 1791 754 
7879 800 801 799 
7880 2606 2850 2258 
7881 3501 3502 3239 
7882 1223 1226 1225 
7883 804 806 805 
7884 2176 2179 2175 
7885 4068 4923 1068 
7886 1484 1487 1486 
7887 2468 4839 4754 
7888 852 4741 853 
7889 3507 3508 3506 
7890 1226 1362 1361 
7891 2237 2561 2554 
7892 1793 1851 1305 
7893 1739 4793 1740 
7894 869 4890 941 
7895 2039 2791 1347 
7896 625 626 624 
7897 1198 1199 1196 
7898 1775 4624 2109 
7899 483 4696 4552 
7900 3153 4762 2677 
7901 2026 4541 2017 
7902 2822 3086 3085 
7903 3547 4734 2636 
7904 1485 2349 1992 
7905 2739 4666 2741 
7906 2786 4615 2280 
7907 524 1041 477 
7908 3092 3591 3093 
7909 2856 2862 2855 
7910 632 634 633 
7911 3505 3506 3504 
7912 2610 3092 2343 
7913 2377 3197 3147 
7914 2717 4755 4093 
7915 829 4823 4102 
7916 981 4654 1009 
7917 3420 3426 2795 
7918 2851 2852 2850 
7919 1852 1900 1851 
7920 2822 3085 2786 
7921 2193 2820 2819 
7922 823 4642 2864 
7923 1195 1196 1194 
7924 763 862 765 
7925 3185 4653 3188 
7926 1868 4649 2219 
7927 3752 4920 4903 
7928 4218 5032 4982 
7929 2876 3234 2878 
7930 798 4663 1805 
7931 3593 3600 3592 
7932 2802 4864 4758 
7933 2820 3343 2899 
7934 3701 3702 2639 
7935 456 458 457 
7936 2792 2793 2791 
7937 2775 4767 4583 
7938 864 876 875 
7939 2426 4745 1908 
7940 2393 4726 1041 
7941 2796 2812 2811 
7942 1253 4743 1251 
7943 4679 4745 3306 
7944 4655 4742 2244 
7945 798 799 797 
7946 596 3384 3383 
7947 1810 4810 2035 
7948 1348 4703 1351 
7949 1191 1330 1193 
7950 2081 4700 1984 
7951 4477 4666 2739 
7952 1501 1502 1499 
7953 1737 4619 1415 
7954 3325 3326 3324 
7955 1975 4573 1381 
7956 3076 4677 2322 
7957 3034 4848 2799 
7958 2863 3513 3016 
7959 2006 4912 2425 
7960 962 976 961 
7961 2130 4682 2785 
7962 3164 4722 4645 
7963 1008 4629 979 
7964 3503 3504 3502 
7965 1251 4743 4704 
7966 1474 1476 1475 
7967 617 618 616 
7968 1517 1521 1516 
7969 1110 4656 1054 
7970 301 539 300 
7971 1468 1492 1470 
7972 3235 3238 3237 
7973 4583 4767 4472 
7974 1301 1342 1302 
7975 2217 4681 2216 
7976 820 4642 823 
7977 2828 3687 3232 
7978 452 454 453 
7979 2340 2639 1491 
7980 2509 4681 3359 
7981 882 883 881 
7982 4641 4810 1293 
7983 454 456 455 
7984 618 621 620 
7985 1978 1979 1771 
7986 3849 4954 3846 
7987 4604 4746 2773 
7988 1200 1301 1201 
7989 621 623 622 
7990 3321 3323 3322 
7991 743 2171 745 
7992 2636 4734 4637 
7993 3041 4729 2544 
7994 2812 3592 3585 
7995 2391 4730 1730 
7996 1853 4779 1337 
7997 1427 4763 1429 
7998 2819 4793 1739 
7999 3016 3317 3017 
8000 3086 3473 3085 
8001 3283 4709 2482 
8002 2773 4746 3295 
8003 1640 4768 1638 
8004 2197 4680 2912 
8005 1506 1511 1510 
8006 2826 2828 2827 
8007 660 4668 657 
8008 1635 5380 4610 
8009 1624 4786 1626 
8010 2507 4708 2652 
8011 1474 1477 1476 
8012 444 446 445 
8013 3317 3337 3318 
8014 761 762 760 
8015 574 4757 576 
8016 876 961 875 
8017 2741 4666 3981 
8018 2318 4660 2316 
8019 4685 4811 3201 
8020 2434 4678 2432 
8021 3106 3278 2576 
8022 2983 4852 3424 
8023 2802 4758 2145 
8024 1452 4651 1455 
8025 1341 4807 1268 
8026 1548 1854 1580 
8027 784 787 786 
8028 2825 4938 1182 
8029 796 797 795 
8030 759 761 760 
8031 1499 4706 1496 
8032 782 784 783 
8033 782 783 781 
8034 1536 4685 1535 
8035 319 627 318 
8036 655 4668 2154 
8037 956 4714 864 
8038 2614 4632 2083 
8039 2853 2866 2852 
8040 784 786 783 
8041 1289 4788 2367 
8042 1525 1555 1526 
8043 1971 4680 2197 
8044 1481 3980 1482 
8045 2154 4773 2163 
8046 802 804 803 
8047 749 966 750 
8048 458 536 460 
8049 1193 1194 1192 
8050 3250 3251 3249 
8051 1306 4702 1858 
8052 1495 1508 1497 
8053 1566 4693 1520 
8054 1451 4652 4651 
8055 794 795 793 
8056 471 4633 1796 
8057 623 625 624 
8058 3179 5099 4082 
8059 3049 4630 3697 
8060 2784 4809 3904 
8061 4098 4956 1064 
8062 777 782 781 
8063 1098 4667 1042 
8064 2369 4714 956 
8065 1508 1518 1509 
8066 800 802 801 
8067 853 4770 855 
8068 747 1025 749 
8069 2863 3016 2865 
8070 1983 4754 1732 
8071 1515 4670 1517 
8072 1518 1525 1519 
8073 1033 4828 2381 
8074 4472 4767 2155 
8075 1247 4783 1264 
8076 304 3419 303 
8077 1511 2377 1510 
8078 1732 4754 4617 
8079 4741 4770 853 
8080 1047 4902 4017 
8081 1503 4748 3956 
8082 777 781 776 
8083 4101 4904 4755 
8084 3165 4775 4722 
8085 792 793 791 
8086 4730 4809 2784 
8087 4500 4736 2255 
8088 2417 3061 2498 
8089 1557 4453 1419 
8090 4474 4820 3194 
8091 2832 2844 2843 
8092 4196 4821 1096 
8093 3507 3509 3508 
8094 303 1097 302 
8095 798 800 799 
8096 1513 4659 1511 
8097 4388 4800 4588 
8098 2392 4693 1787 
8099 657 4668 655 
8100 2677 4762 3660 
8101 4820 4866 3194 
8102 1674 4878 1676 
8103 2783 4801 4689 
8104 3559 4691 2621 
8105 2814 3701 2639 
8106 4221 4787 4222 
8107 1477 1478 1476 
8108 1749 4761 3113 
8109 1478 1479 1476 
8110 2219 4680 1971 
8111 882 884 883 
8112 1198 1200 1199 
8113 775 776 774 
8114 4445 4702 1851 
8115 2755 4736 4500 
8116 2791 4703 1347 
8117 1334 4788 1291 
8118 814 4699 1817 
8119 1520 4693 4670 
8120 2406 2855 2405 
8121 4767 4826 2155 
8122 1559 4685 2167 
8123 2555 2556 1979 
8124 3702 4929 4889 
8125 1015 4920 1012 
8126 621 622 620 
8127 4588 4800 2787 
8128 1661 4927 1671 
8129 4617 4754 3189 
8130 759 2810 761 
8131 1525 1556 1555 
8132 2832 2843 2842 
8133 4459 4753 4143 
8134 2867 3230 2866 
8135 1277 4903 1275 
8136 771 772 770 
8137 4409 4775 3165 
8138 775 777 776 
8139 1160 4836 1026 
8140 3565 3566 3094 
8141 2844 3594 2845 
8142 1578 1955 1869 
8143 773 774 772 
8144 442 444 443 
8145 3238 3501 3239 
8146 4810 4848 2035 
8147 3505 3507 3506 
8148 1600 4925 1278 
8149 1955 2416 2080 
8150 623 624 622 
8151 1073 4865 1069 
8152 4618 4766 3129 
8153 860 4699 812 
8154 1837 4712 1860 
8155 796 798 797 
8156 436 438 437 
8157 1191 1192 1190 
8158 2237 4712 2806 
8159 2163 4773 2797 
8160 4137 4713 1209 
8161 1787 4693 1566 
8162 1195 1198 1196 
8163 2417 3062 3061 
8164 731 732 730 
8165 880 881 879 
8166 2450 4711 2168 
8167 2815 4899 3163 
8168 806 4739 1808 
8169 1337 4779 1341 
8170 3169 4767 2775 
8171 2361 4818 1670 
8172 1508 2830 1518 
8173 2378 4749 1510 
8174 1202 4884 3973 
8175 1556 1578 1577 
8176 2216 4681 2509 
8177 2099 2832 2831 
8178 3065 5062 5030 
8179 1614 4720 1612 
8180 1757 4521 1764 
8181 1494 1496 1495 
8182 2748 4866 4564 
8183 2087 4823 824 
8184 1291 4788 1289 
8185 769 770 768 
8186 2322 4677 2320 
8187 826 4823 829 
8188 4629 4803 977 
8189 773 775 774 
8190 3503 3505 3504 
8191 2145 4758 2143 
8192 2432 4678 3247 
8193 2584 2824 2078 
8194 880 882 881 
8195 1808 4724 808 
8196 3501 3503 3502 
8197 794 796 795 
8198 2659 4834 1905 
8199 1361 4718 1921 
8200 1501 1503 1502 
8201 4140 4799 649 
8202 812 4699 814 
8203 733 734 732 
8204 1458 4705 1461 
8205 4565 4752 4555 
8206 2673 5088 5085 
8207 468 4728 4633 
8208 1193 1195 1194 
8209 2559 4784 4695 
8210 1351 4703 1902 
8211 792 794 793 
8212 1694 4883 3981 
8213 658 4684 659 
8214 473 4694 475 
8215 4758 4864 4062 
8216 1488 1489 1486 
8217 2856 2863 2862 
8218 2733 4935 4015 
8219 2438 4678 2434 
8220 771 773 772 
8221 1895 2098 1896 
8222 3785 4791 3786 
8223 3233 4804 2827 
8224 3248 3249 2824 
8225 3195 3196 3047 
8226 1550 4697 3769 
8227 1023 4836 4532 
8228 2476 4875 2473 
8229 832 4778 831 
8230 477 4726 478 
8231 1457 4705 1458 
8232 649 4799 647 
8233 1836 4711 1837 
8234 3169 4826 4767 
8235 440 442 441 
8236 1788 4769 1961 
8237 1130 4807 4544 
8238 1533 1579 1542 
8239 665 3401 270 
8240 1487 1488 1486 
8241 2789 4700 2081 
8242 647 4799 742 
8243 3752 4903 3645 
8244 3170 4784 3171 
8245 769 771 770 
8246 1831 4768 1640 
8247 3204 4933 2748 
8248 576 4757 743 
8249 1363 4944 2603 
8250 767 768 766 
8251 1503 1506 1505 
8252 1955 2080 1869 
8253 2818 4932 2817 
8254 3250 3252 3251 
8255 1189 1190 1188 
8256 1356 4719 4649 
8257 3496 3553 3497 
8258 2193 2821 2820 
8259 2385 4752 4565 
8260 1353 4719 1356 
8261 1805 4744 800 
8262 3045 4678 2438 
8263 1929 4735 1930 
8264 1504 4748 1501 
8265 2158 4800 4388 
8266 1578 1869 1577 
8267 1535 4685 1559 
8268 4754 4839 3189 
8269 2652 4708 3693 
8270 1870 4760 1577 
8271 2406 3308 2856 
8272 2391 4809 4730 
8273 1782 4705 1457 
8274 3177 4810 4641 
8275 1209 4713 1316 
8276 4128 4932 4905 
8277 3068 3560 3069 
8278 2844 2845 2843 
8279 1749 3113 1761 
8280 3496 3497 2595 
8281 1869 4756 1870 
8282 2416 2417 2080 
8283 736 737 734 
8284 2024 4106 2021 
8285 3594 3595 2845 
8286 1556 1577 1555 
8287 810 4724 860 
8288 1481 1482 1480 
8289 659 4684 662 
8290 3326 3327 3324 
8291 851 4739 804 
8292 4555 4752 4509 
8293 1984 2257 2174 
8294 3982 4816 3913 
8295 4689 4801 4461 
8296 1905 4834 1274 
8297 1462 4717 1464 
8298 763 764 762 
8299 2414 4706 1502 
8300 790 792 791 
8301 2168 4711 1836 
8302 1308 4805 1335 
8303 1362 4718 1361 
8304 2868 4737 2181 
8305 4020 4825 2808 
8306 3291 4895 2450 
8307 874 4644 790 
8308 3326 3328 3327 
8309 4695 4784 3170 
8310 3481 4717 1987 
8311 1851 4702 1305 
8312 4898 4966 3198 
8313 1902 4719 1353 
8314 1490 1494 1493 
8315 2498 4756 2080 
8316 2143 4758 4547 
8317 2837 4918 4089 
8318 3323 3324 3322 
8319 1860 4712 2237 
8320 789 790 737 
8321 2170 4827 1823 
8322 1503 1505 1502 
8323 1511 4659 2377 
8324 864 4714 876 
8325 4668 4773 2154 
8326 3767 5020 3766 
8327 3384 3385 3383 
8328 1506 1510 1505 
8329 765 766 764 
8330 1187 1188 1185 
8331 4952 5028 3193 
8332 1494 1495 1493 
8333 465 4728 468 
8334 4532 4836 4160 
8335 490 3403 286 
8336 1960 4684 658 
8337 2179 4737 3211 
8338 4128 4905 1779 
8339 1191 1193 1192 
8340 3093 4735 2343 
8341 782 4812 3961 
8342 767 769 768 
8343 4650 4841 1779 
8344 3704 4855 3577 
8345 2864 4897 2087 
8346 2188 4830 3143 
8347 652 4715 653 
8348 1326 5061 3978 
8349 4684 4857 662 
8350 1482 1483 1480 
8351 1183 1186 1185 
8352 1984 2174 1768 
8353 802 4744 851 
8354 2816 4942 2815 
8355 463 4728 465 
8356 2079 3195 3047 
8357 1041 4726 477 
8358 977 4803 976 
8359 844 4806 842 
8360 730 1295 728 
8361 2076 2583 2078 
8362 1762 4813 1759 
8363 1488 1490 1489 
8364 1156 1157 1112 
8365 4836 4873 4160 
8366 1796 4694 473 
8367 2098 2099 1896 
8368 4587 4820 4570 
8369 1490 1493 1489 
8370 1186 1197 1187 
8371 1096 4821 4101 
8372 1421 4901 1423 
8373 475 4694 524 
8374 4544 4807 3182 
8375 1544 4811 1538 
8376 742 4830 2188 
8377 1670 4818 1659 
8378 790 4644 792 
8379 2257 2605 2258 
8380 2801 4684 1960 
8381 438 440 439 
8382 1984 4700 2257 
8383 754 4732 756 
8384 2248 3782 1878 
8385 1895 1896 1574 
8386 653 4715 656 
8387 4770 4899 858 
8388 4711 4712 1837 
8389 2867 3479 3231 
8390 5189 5193 2419 
8391 2370 4748 1504 
8392 4461 4801 2066 
8393 1189 1191 1190 
8394 2406 2856 2855 
8395 3211 4720 2175 
8396 775 4774 1928 
8397 3062 3272 3061 
8398 1516 4659 1513 
8399 3143 4824 3144 
8400 1858 4805 1308 
8401 1987 4717 1462 
8402 1538 4811 1536 
8403 761 763 762 
8404 4157 4977 3242 
8405 5185 5187 1318 
8406 3158 4872 3157 
8407 2801 4857 4684 
8408 1293 4810 1810 
8409 2572 4479 2184 
8410 2645 4878 3851 
8411 1928 4812 777 
8412 3183 4867 3186 
8413 1464 4717 1467 
8414 536 877 460 
8415 2584 3366 3248 
8416 3704 5007 4985 
8417 3180 4809 2391 
8418 1755 4675 1753 
8419 2291 2575 2290 
8420 2155 4826 4378 
8421 808 4724 810 
8422 2025 4854 2024 
8423 2121 4884 1202 
8424 1921 4718 2796 
8425 478 4726 4696 
8426 1335 4805 2193 
8427 765 767 766 
8428 824 4823 826 
8429 1057 4803 4628 
8430 1768 4813 1762 
8431 2606 2851 2850 
8432 3836 5007 1411 
8433 1536 4811 4685 
8434 2780 4946 2837 
8435 2851 3043 2853 
8436 2556 3347 2977 
8437 878 880 879 
8438 1268 4807 1130 
8439 796 4663 798 
8440 763 765 764 
8441 452 548 454 
8442 2164 4968 3174 
8443 1479 4815 1476 
8444 2377 4659 3197 
8445 2175 4720 1614 
8446 3157 4715 652 
8447 804 4739 806 
8448 2181 4737 2179 
8449 4432 4759 1528 
8450 2826 3181 2828 
8451 3702 4782 2639 
8452 4012 4916 4779 
8453 3248 3250 3249 
8454 2109 4882 2702 
8455 907 4893 911 
8456 3658 4797 3090 
8457 3645 4903 2142 
8458 4478 4841 4650 
8459 3566 5090 4781 
8460 4826 4843 2725 
8461 3712 4829 3136 
8462 4769 4872 2431 
8463 2169 4728 463 
8464 734 2172 732 
8465 1753 4675 1773 
8466 2229 2405 1879 
8467 1478 1480 1479 
8468 2638 4919 4530 
8469 2343 4735 1929 
8470 976 4803 1057 
8471 3715 4840 3158 
8472 3190 4909 1573 
8473 2851 2853 2852 
8474 1484 1485 1483 
8475 2787 4904 2371 
8476 4878 4927 3851 
8477 2007 4828 1033 
8478 3596 4794 2845 
8479 3034 4880 4848 
8480 1316 4713 2002 
8481 1068 4923 1065 
8482 1972 4764 1301 
8483 1502 4706 1499 
8484 1484 1486 1485 
8485 790 791 737 
8486 1200 4777 1972 
8487 4799 4830 742 
8488 1255 4906 1257 
8489 878 879 877 
8490 2257 2258 2174 
8491 1332 4886 1334 
8492 786 4733 2358 
8493 305 2253 304 
8494 2076 2078 2029 
8495 1187 1189 1188 
8496 2388 4866 4820 
8497 1823 4827 2392 
8498 3189 4839 3190 
8499 1482 1484 1483 
8500 1397 4922 1395 
8501 1743 1978 1771 
8502 875 4733 787 
8503 841 4905 845 
8504 1342 4764 2039 
8505 4570 4820 4474 
8506 787 4733 786 
8507 2831 4822 1896 
8508 2843 4794 2846 
8509 2388 4820 4587 
8510 785 4774 773 
8511 2868 5060 5048 
8512 4691 4855 2125 
8513 1319 4937 1190 
8514 777 4812 782 
8515 2853 2867 2866 
8516 1856 4777 1198 
8517 743 4757 2171 
8518 1681 4976 1683 
8519 1026 4836 1023 
8520 3177 4848 4810 
8521 2106 4878 2645 
8522 446 1017 448 
8523 3068 3069 1993 
8524 1491 4782 1488 
8525 2813 4644 874 
8526 2290 4858 2077 
8527 2584 3248 2824 
8528 2368 4907 1839 
8529 1563 4697 1550 
8530 1501 4748 1503 
8531 2867 3231 3230 
8532 5029 5054 635 
8533 2605 2606 2258 
8534 771 4776 785 
8535 1779 4905 839 
8536 1259 4940 1258 
8537 800 4744 802 
8538 3142 5043 2764 
8539 3981 4883 3088 
8540 1990 4776 769 
8541 1854 2104 1855 
8542 999 4917 4386 
8543 1764 4675 1755 
8544 2229 2406 2405 
8545 2193 4805 2821 
8546 2803 3733 2659 
8547 1759 4813 4521 
8548 3291 4957 4895 
8549 2576 4780 2575 
8550 3960 4900 2393 
8551 1528 4759 1533 
8552 1195 4796 1856 
8553 2173 4853 1797 
8554 1186 1187 1185 
8555 2639 4782 1491 
8556 306 3438 305 
8557 756 4732 759 
8558 4129 5022 3205 
8559 3227 4751 2416 
8560 1745 4846 1742 
8561 1072 4972 1075 
8562 536 878 877 
8563 1878 2228 1879 
8564 2625 4896 2096 
8565 2583 2584 2078 
8566 2116 4908 2833 
8567 4662 4909 3190 
8568 2425 4845 4427 
8569 2173 4924 4853 
8570 2799 4848 3177 
8571 4705 4853 3199 
8572 1978 2555 1979 
8573 4194 4850 1062 
8574 4045 5002 4044 
8575 3094 4781 3092 
8576 2470 4839 2468 
8577 462 4999 459 
8578 4080 4958 1047 
8579 4850 5072 4252 
8580 3595 5106 3596 
8581 4885 4914 3147 
8582 3560 3561 3069 
8583 3559 4855 4691 
8584 4397 4947 4882 
8585 3157 4872 4769 
8586 4867 4916 3186 
8587 1476 4815 1475 
8588 3952 4883 1694 
8589 2816 4961 4942 
8590 1301 4764 1342 
8591 1791 4732 754 
8592 1341 4867 4807 
8593 1183 1184 1182 
8594 2332 4928 2823 
8595 2979 4852 2980 
8596 767 4808 1990 
8597 3099 4856 3098 
8598 1539 4891 1521 
8599 903 4913 906 
8600 490 3404 3403 
8601 1995 5002 3078 
8602 4626 4909 2829 
8603 2080 4756 1869 
8604 773 4774 775 
8605 2837 4946 4918 
8606 4063 4887 3984 
8607 3019 4982 3207 
8608 1330 4796 1193 
8609 2874 5064 3814 
8610 1583 4697 1563 
8611 1475 4815 2079 
8612 3330 4837 4445 
8613 967 4869 2813 
8614 1741 4997 3783 
8615 2812 4874 3593 
8616 1470 4789 1472 
8617 2595 4835 2098 
8618 1064 4956 1061 
8619 4614 4928 2330 
8620 3067 3546 2988 
8621 1198 4777 1200 
8622 3092 4781 3591 
8623 3904 4843 3169 
8624 3566 4781 3094 
8625 3321 3322 3320 
8626 1047 4958 4902 
8627 3224 5152 3225 
8628 4839 4875 3190 
8629 1840 4862 2060 
8630 2002 4862 1840 
8631 4017 4902 4682 
8632 2228 2902 2229 
8633 4706 4785 1496 
8634 4127 4841 4478 
8635 1492 4789 1470 
8636 1725 5082 3954 
8637 4755 4904 2787 
8638 1183 1185 1184 
8639 2416 4751 2417 
8640 4062 4864 1093 
8641 4594 4913 901 
8642 3322 3372 3320 
8643 4133 4915 1217 
8644 862 4808 765 
8645 285 1089 284 
8646 4102 4860 3549 
8647 1223 4944 1226 
8648 2171 4795 745 
8649 2417 4751 3062 
8650 3163 4899 4770 
8651 2099 4835 4688 
8652 1560 4838 1539 
8653 2060 4862 2484 
8654 2839 4936 4613 
8655 2077 4858 2076 
8656 4623 4851 2170 
8657 3204 4965 4933 
8658 1496 4785 1495 
8659 1657 4868 1655 
8660 2857 5068 5056 
8661 1039 4869 967 
8662 1782 4853 4705 
8663 3733 4834 2659 
8664 4452 5006 4984 
8665 1488 4782 1490 
8666 769 4776 771 
8667 269 3412 268 
8668 1069 4865 1068 
8669 5011 5089 3178 
8670 2098 4835 2099 
8671 759 4732 2810 
8672 606 4941 1792 
8673 745 4795 747 
8674 747 4795 1025 
8675 1178 1179 1157 
8676 1542 4747 1548 
8677 4160 4873 2807 
8678 2470 4875 4839 
8679 3623 4951 2834 
8680 1893 4984 4449 
8681 1112 4869 1039 
8682 2201 4870 2959 
8683 4610 5386 1821 
8684 4790 4937 3181 
8685 2815 4942 4899 
8686 3815 5228 3111 
8687 2863 4814 3513 
8688 2174 4813 1768 
8689 1797 4853 1782 
8690 1193 4796 1195 
8691 4682 4902 2785 
8692 4752 4918 4509 
8693 1495 4785 1508 
8694 2845 4794 2843 
8695 4807 4867 3182 
8696 644 5086 3726 
8697 2087 4897 4860 
8698 1930 4874 4718 
8699 1533 4759 1579 
8700 2840 4892 3631 
8701 1184 4790 2826 
8702 1544 4936 4811 
8703 4860 4897 3550 
8704 4397 4882 2788 
8705 1484 4819 1487 
8706 1157 1934 1112 
8707 4089 4918 4752 
8708 1508 4785 2830 
8709 3206 4967 4910 
8710 1188 4937 4790 
8711 1331 4959 1296 
8712 3956 4888 3941 
8713 2911 4857 2801 
8714 1676 4878 2106 
8715 1574 4822 1557 
8716 1516 4891 4659 
8717 4854 4971 2024 
8718 2256 3022 3021 
8719 4217 4947 4216 
8720 4742 4965 2403 
8721 1402 5023 1408 
8722 763 4832 862 
8723 3319 3365 2547 
8724 1838 4885 4838 
8725 4564 4866 2388 
8726 3577 4855 3559 
8727 3090 4831 1181 
8728 2357 4934 2369 
8729 3980 4819 1482 
8730 1494 4931 1498 
8731 4750 4980 2414 
8732 3497 4835 2595 
8733 1217 4915 1177 
8734 3182 4867 3183 
8735 4853 4924 3199 
8736 1981 4886 1332 
8737 2393 4900 4726 
8738 4458 4998 2839 
8739 2473 4875 2470 
8740 5386 5389 1821 
8741 1525 4817 1556 
8742 4718 4874 2796 
8743 1485 4798 2349 
8744 1404 5027 5023 
8745 3308 4814 2856 
8746 1489 4798 1486 
8747 2830 4817 1518 
8748 4252 4894 1066 
8749 2856 4814 2863 
8750 3846 4954 3843 
8751 4659 4891 3197 
8752 2575 3418 3037 
8753 1180 1181 1179 
8754 3088 4883 3621 
8755 2104 2547 2105 
8756 2575 3037 2290 
8757 4773 4917 2797 
8758 765 4808 767 
8759 2989 4859 3067 
8760 4848 4880 2035 
8761 1518 4817 1525 
8762 2548 4973 3321 
8763 1183 4831 1186 
8764 1181 1183 1182 
8765 2548 3320 3319 
8766 940 4890 869 
8767 697 4941 608 
8768 1486 4798 1485 
8769 906 4893 907 
8770 2985 4863 2982 
8771 2914 5521 3455 
8772 2096 4896 2114 
8773 2997 4921 4892 
8774 2125 4884 2121 
8775 4606 4961 4387 
8776 2810 4832 761 
8777 3681 5458 5457 
8778 2035 4880 4576 
8779 1590 5063 3706 
8780 1548 4747 1854 
8781 3037 4858 2290 
8782 2575 4780 3418 
8783 4726 4900 4696 
8784 1557 4822 4453 
8785 3373 3375 2902 
8786 1896 4822 1574 
8787 1423 4901 1584 
8788 1993 4846 1745 
8789 2034 4992 2404 
8790 1188 4790 1185 
8791 2079 4815 3195 
8792 3843 4954 3971 
8793 617 4945 618 
8794 2796 4874 2812 
8795 2142 4903 1277 
8796 1482 4819 1484 
8797 2861 5021 3960 
8798 1341 4916 4867 
8799 2201 4907 4870 
8800 2228 2229 1879 
8801 5098 5142 3596 
8802 2406 4844 3308 
8803 3860 5055 1584 
8804 3169 4843 4826 
8805 1610 4943 2370 
8806 2104 2548 2547 
8807 670 4879 668 
8808 761 4832 763 
8809 858 4899 4469 
8810 1839 4907 2201 
8811 461 4949 2169 
8812 4236 5079 673 
8813 2842 4979 2831 
8814 2114 4908 2116 
8815 1185 4790 1184 
8816 4210 5047 4209 
8817 3075 4990 2616 
8818 2029 4854 2025 
8819 1498 4889 1500 
8820 2826 4790 3181 
8821 2748 4933 4866 
8822 2983 3424 2996 
8823 4909 4983 2829 
8824 1258 4906 1255 
8825 2670 5030 4981 
8826 1878 1879 1778 
8827 4874 4950 3593 
8828 839 4905 841 
8829 673 5024 4879 
8830 4896 4908 2114 
8831 3858 5102 3855 
8832 440 1300 442 
8833 3327 4861 3324 
8834 3279 3487 3278 
8835 2371 4904 2800 
8836 2824 4854 2078 
8837 3495 5064 2875 
8838 1913 5101 3759 
8839 2076 4858 2583 
8840 4797 4831 3090 
8841 901 4913 903 
8842 1521 4891 1516 
8843 1663 4926 4225 
8844 3904 4963 1933 
8845 4639 4955 2001 
8846 1279 5109 3124 
8847 2858 5039 2861 
8848 1934 4869 1112 
8849 1579 4747 1542 
8850 1181 1182 1179 
8851 2591 3782 2248 
8852 3593 4950 3601 
8853 3636 5065 3585 
8854 4830 4968 3143 
8855 3567 5165 2615 
8856 4720 4943 1612 
8857 1275 4920 1015 
8858 805 4988 803 
8859 3278 4780 2576 
8860 4013 5010 4012 
8861 2788 4882 4624 
8862 4811 4936 3201 
8863 1278 4925 1279 
8864 4629 4948 4803 
8865 2229 4844 2406 
8866 2059 5048 2835 
8867 2785 4902 2822 
8868 4840 4872 3158 
8869 2850 4964 2258 
8870 4978 5003 3203 
8871 4424 4919 2638 
8872 2859 5067 2858 
8873 4479 4952 3192 
8874 1177 4915 1784 
8875 2548 3319 2547 
8876 791 4871 737 
8877 4624 4882 2109 
8878 4961 4993 4387 
8879 3702 4931 4782 
8880 877 4949 460 
8881 3497 4970 4835 
8882 1573 4909 4626 
8883 2172 4876 732 
8884 2851 4847 3043 
8885 1065 4923 1064 
8886 4711 4895 4712 
8887 4889 4929 1570 
8888 734 4871 2172 
8889 2902 4844 2229 
8890 4733 4930 2358 
8891 1671 4927 1674 
8892 3601 5016 3655 
8893 2001 4922 1397 
8894 2930 4978 3203 
8895 3766 5020 3101 
8896 3084 5004 3626 
8897 3324 4861 3322 
8898 5055 5120 4530 
8899 4509 4918 2007 
8900 3761 5005 3747 
8901 4198 4935 2733 
8902 2817 4932 4128 
8903 3187 5076 3184 
8904 4693 4898 4670 
8905 2330 4928 2332 
8906 1930 4950 4874 
8907 2352 4995 2869 
8908 2105 4833 2256 
8909 4386 4917 4773 
8910 4696 4900 4552 
8911 3744 5005 3748 
8912 730 4876 1295 
8913 3635 5031 3071 
8914 2615 5169 2346 
8915 2606 4847 2851 
8916 4782 4931 1490 
8917 1377 5018 1375 
8918 3375 4844 2902 
8919 1060 5014 1037 
8920 2450 4895 4711 
8921 2869 5008 2353 
8922 4046 4930 4733 
8923 3095 4934 2357 
8924 4982 5032 2404 
8925 4866 4933 3194 
8926 3194 4933 3161 
8927 2797 4917 2836 
8928 4895 4957 2806 
8929 2349 5001 2350 
8930 3069 4846 1993 
8931 307 379 306 
8932 322 380 321 
8933 283 381 282 
8934 268 382 267 
8935 1323 5009 1331 
8936 4662 4983 4909 
8937 4628 4948 4232 
8938 1089 3407 284 
8939 2726 5037 4107 
8940 3873 5077 5014 
8941 886 5017 888 
8942 4458 5026 4998 
8943 2078 4854 2029 
8944 1181 4831 1183 
8945 2398 5008 2870 
8946 4948 4989 4232 
8947 2392 4898 4693 
8948 4712 4895 2806 
8949 999 4978 4917 
8950 4918 4946 2007 
8951 3071 5031 2341 
8952 2824 4971 4854 
8953 4670 4898 4144 
8954 2010 5110 3764 
8955 668 5003 666 
8956 4899 4942 4469 
8957 3643 4953 3075 
8958 4835 4970 4688 
8959 4072 5119 1603 
8960 4965 5012 2403 
8961 2634 4911 4708 
8962 2881 5180 2882 
8963 3199 4924 3480 
8964 1925 5011 2779 
8965 1262 4940 1259 
8966 732 4876 730 
8967 2859 5078 5067 
8968 1187 4967 1189 
8969 4846 4997 1741 
8970 737 4871 734 
8971 1612 4943 1610 
8972 4779 4916 1341 
8973 3322 4861 3372 
8974 2988 4863 2985 
8975 4793 4975 1978 
8976 2392 4966 4898 
8977 4107 5053 3060 
8978 5016 5045 3655 
8979 380 3411 321 
8980 2358 4930 3120 
8981 4527 4994 4214 
8982 4613 4936 1544 
8983 460 4949 461 
8984 4984 5006 4214 
8985 2834 4951 2961 
8986 3187 5087 5076 
8987 2818 4962 4932 
8988 5389 5391 4599 
8989 2616 4945 617 
8990 4902 4958 2822 
8991 3807 5098 2103 
8992 648 5015 3958 
8993 4469 4942 1716 
8994 4387 4993 1794 
8995 2694 5049 3117 
8996 5165 5169 2615 
8997 845 4962 4676 
8998 608 4941 606 
8999 1978 4975 2555 
9000 4803 4948 4628 
9001 4813 4964 4521 
9002 1490 4931 1494 
9003 2829 4983 2847 
9004 2861 5039 5021 
9005 2425 4912 4845 
9006 1061 4956 1060 
9007 645 5015 648 
9008 2400 5026 2970 
9009 4216 4947 4397 
9010 1637 5069 1639 
9011 2405 4910 1879 
9012 2403 5012 2553 
9013 3789 5001 4802 
9014 4942 4961 1716 
9015 2852 5044 2850 
9016 570 5013 1002 
9017 4302 5527 4304 
9018 3823 5000 3822 
9019 4708 4911 3693 
9020 1226 4944 1363 
9021 3010 5477 5473 
9022 2842 5034 4979 
9023 4993 5006 1794 
9024 3202 5087 3187 
9025 1825 5100 4236 
9026 1262 4959 4940 
9027 2871 5078 2859 
9028 1296 4959 1262 
9029 3315 4952 2572 
9030 2572 4952 4479 
9031 3940 5093 2644 
9032 1190 4937 1188 
9033 2170 5043 4827 
9034 3224 5160 5152 
9035 2174 4964 4813 
9036 2160 5013 568 
9037 1707 5068 4194 
9038 436 2056 438 
9039 362 5145 44 
9040 4933 4965 3161 
9041 1778 4910 1197 
9042 3942 5096 3852 
9043 4809 4963 3904 
9044 3203 5024 2932 
9045 3174 4968 4830 
9046 3546 4863 2988 
9047 2857 5056 2395 
9048 4483 4969 1825 
9049 2547 4833 2105 
9050 2396 4948 4629 
9051 2340 5031 2814 
9052 2396 4989 4948 
9053 2779 4955 4639 
9054 3233 5107 4804 
9055 1716 4961 4606 
9056 634 5029 635 
9057 2806 4957 3361 
9058 1603 4972 1072 
9059 4802 5001 2349 
9060 1794 5006 4452 
9061 1002 5035 572 
9062 4735 4950 1930 
9063 2822 4958 3086 
9064 2846 5034 2842 
9065 3249 4971 2824 
9066 399 5112 165 
9067 1821 5389 4599 
9068 1683 4976 1687 
9069 3205 5032 4218 
9070 1197 4967 1187 
9071 1328 5061 1326 
9072 2816 4993 4961 
9073 3180 4974 4963 
9074 4837 4939 1858 
9075 2839 4998 4936 
9076 3983 4987 4740 
9077 5026 5051 2970 
9078 5096 5114 3852 
9079 2007 4946 4828 
9080 4676 4962 4467 
9081 2831 4979 4822 
9082 4917 4978 2836 
9083 2780 5032 5022 
9084 3646 4974 3180 
9085 4468 5025 1731 
9086 574 5035 4757 
9087 3652 5025 4468 
9088 1858 4939 4805 
9089 3161 4965 4742 
9090 267 3413 266 
9091 282 3414 281 
9092 4232 4989 2848 
9093 5180 5186 2882 
9094 3193 5028 3555 
9095 5292 5330 2910 
9096 323 3409 322 
9097 3683 5453 5452 
9098 4706 4980 4785 
9099 2872 5091 2873 
9100 2616 5065 4945 
9101 3184 5059 2411 
9102 4919 5055 4530 
9103 2125 4985 4884 
9104 3735 4977 4157 
9105 308 433 307 
9106 43 5145 400 
9107 3204 5012 4965 
9108 4967 5041 1189 
9109 3957 5163 2881 
9110 1923 5134 3802 
9111 4822 4979 4453 
9112 2256 4833 3022 
9113 4218 4982 3019 
9114 4972 4986 1075 
9115 4013 5042 5010 
9116 4453 4979 1737 
9117 4750 5033 4980 
9118 4910 4967 1197 
9119 2552 5083 3213 
9120 3180 4963 4809 
9121 2819 4975 4793 
9122 2394 5072 2857 
9123 4827 5043 3142 
9124 5014 5077 4237 
9125 1191 5041 1330 
9126 4785 4980 2830 
9127 2258 4964 2174 
9128 803 4988 970 
9129 4864 5019 3919 
9130 4827 4966 2392 
9131 1879 4910 1778 
9132 637 5054 640 
9133 3703 5046 3704 
9134 86 5084 388 
9135 430 5084 87 
9136 3143 4968 4824 
9137 2836 4978 2930 
9138 999 5003 4978 
9139 4236 5100 5079 
9140 4805 4939 2821 
9141 3822 5000 4868 
9142 4982 4992 3207 
9143 3458 5080 2592 
9144 2409 4994 4527 
9145 2024 4971 4106 
9146 4217 4991 4947 
9147 4879 5024 3203 
9148 4932 4962 845 
9149 4012 5010 4916 
9150 4916 5010 3186 
9151 4452 4984 1893 
9152 2858 5067 5039 
9153 1157 4938 1934 
9154 2848 5040 4457 
9155 2404 4992 4982 
9156 1726 5082 1725 
9157 5047 5056 4209 
9158 2342 4992 2034 
9159 4900 5021 4552 
9160 2673 5085 2672 
9161 4213 4993 2816 
9162 4688 4970 3597 
9163 4936 4998 3201 
9164 2862 5071 2855 
9165 4984 4994 4449 
9166 5160 5173 2790 
9167 749 5052 966 
9168 5040 5059 4457 
9169 4740 4987 2160 
9170 1408 5246 4045 
9171 3960 5021 4900 
9172 2644 5111 1569 
9173 2479 4983 4662 
9174 3225 5152 5130 
9175 3233 5138 5107 
9176 2103 4999 462 
9177 2360 5161 3882 
9178 4701 5050 2821 
9179 673 5079 5024 
9180 2821 5050 2820 
9181 3492 5220 993 
9182 2702 4991 2849 
9183 1182 4938 1179 
9184 3321 5092 3323 
9185 309 425 308 
9186 324 427 323 
9187 266 426 265 
9188 281 428 280 
9189 4664 4981 1479 
9190 3069 4997 4846 
9191 2419 4995 2352 
9192 4667 4989 2396 
9193 4868 5000 2698 
9194 1584 5055 4145 
9195 4213 5006 4993 
9196 3201 4998 2399 
9197 966 5074 750 
9198 5093 5111 2644 
9199 2554 5188 1970 
9200 4044 5002 1995 
9201 2818 5047 4962 
9202 2414 4980 4706 
9203 3704 4985 4855 
9204 2866 5094 2852 
9205 2802 5019 4864 
9206 3747 5005 3744 
9207 164 5112 4250 
9208 752 5074 1791 
9209 4599 5391 1634 
9210 3251 5038 3249 
9211 4962 5047 4467 
9212 5102 5120 3857 
9213 1179 4938 1157 
9214 3625 5099 5089 
9215 2857 5072 4850 
9216 1569 5132 4245 
9217 2862 5095 5071 
9218 2409 5058 4994 
9219 3630 5004 3084 
9220 3363 5196 2554 
9221 666 5003 999 
9222 3838 5007 3836 
9223 4945 5065 3636 
9224 4979 5034 1737 
9225 3251 5073 5038 
9226 4376 5157 2624 
9227 2104 4973 2548 
9228 4214 4994 4984 
9229 2353 5008 2398 
9230 568 5013 570 
9231 4908 5109 2833 
9232 4855 4985 2125 
9233 1160 5014 4237 
9234 641 5086 644 
9235 3111 5222 3110 
9236 1914 5101 1913 
9237 1678 5105 4130 
9238 3202 5104 5087 
9239 4214 5006 4213 
9240 4950 5016 3601 
9241 2347 5011 1925 
9242 4436 5012 3204 
9243 2350 5001 3066 
9244 4947 4991 2702 
9245 1874 5009 1323 
9246 1479 4981 4815 
9247 2591 5127 3782 
9248 2780 5022 4946 
9249 5025 5037 4100 
9250 1037 5014 1160 
9251 644 5015 645 
9252 5341 5346 1717 
9253 1731 5025 4100 
9254 3561 4997 3069 
9255 5049 5053 4107 
9256 1845 5018 1377 
9257 3110 5214 3112 
9258 1404 5023 1402 
9259 4817 5033 2009 
9260 4449 5058 2854 
9261 5056 5068 4209 
9262 3570 5162 5069 
9263 4994 5058 4449 
9264 37 5116 36 
9265 3112 5212 3767 
9266 4998 5026 2399 
9267 3852 5114 1203 
9268 2803 5063 3733 
9269 3114 5019 2802 
9270 5085 5088 3213 
9271 573 5115 571 
9272 3186 5010 4653 
9273 1680 5105 1678 
9274 4614 5119 4928 
9275 1854 4973 2104 
9276 4815 4981 3195 
9277 4747 4973 1854 
9278 1295 5155 5153 
9279 888 5017 963 
9280 5075 5080 2998 
9281 3963 5141 3181 
9282 2854 5075 2998 
9283 3315 5028 4952 
9284 3830 5134 1618 
9285 3206 5041 4967 
9286 2011 5110 2010 
9287 4552 5021 2008 
9288 3017 5118 2865 
9289 3093 5045 5016 
9290 3789 5070 5001 
9291 2865 5095 2862 
9292 3249 5038 4971 
9293 2852 5094 5044 
9294 2346 5036 3965 
9295 2404 5032 2780 
9296 1620 5134 1923 
9297 4953 4990 3075 
9298 4106 5038 2026 
9299 3093 5016 4735 
9300 2932 5024 2943 
9301 572 5035 574 
9302 726 5029 634 
9303 4980 5033 2830 
9304 4145 5055 4919 
9305 2341 5031 2340 
9306 4735 5016 4950 
9307 4720 5093 4943 
9308 2399 5026 2400 
9309 890 5103 932 
9310 3017 5128 5118 
9311 4989 5040 2848 
9312 3378 5028 3315 
9313 4971 5038 4106 
9314 3494 5176 2789 
9315 3860 5120 5055 
9316 3230 5131 2866 
9317 2850 5044 4964 
9318 4100 5037 2726 
9319 2408 5108 2407 
9320 5021 5039 2008 
9321 5007 5046 1411 
9322 590 5124 592 
9323 3596 5106 5098 
9324 3195 5030 3196 
9325 3363 5202 5196 
9326 1203 5142 3826 
9327 3532 5154 5115 
9328 4458 5051 5026 
9329 4467 5047 4210 
9330 1737 5034 4619 
9331 4828 5022 4129 
9332 5041 5071 1330 
9333 5058 5075 2854 
9334 3124 5109 4908 
9335 3323 5125 3325 
9336 5092 5125 3323 
9337 4667 5040 4989 
9338 4981 5030 3195 
9339 2410 5059 5040 
9340 5148 5172 4756 
9341 2695 5049 2694 
9342 500 5123 502 
9343 2008 5039 4635 
9344 3184 5076 5059 
9345 3253 5073 3251 
9346 3486 5191 3894 
9347 3111 5228 5222 
9348 2410 5040 4667 
9349 3704 5046 5007 
9350 4245 5048 2059 
9351 4653 5042 3432 
9352 4964 5044 4521 
9353 5038 5073 2026 
9354 5010 5042 4653 
9355 3059 5129 4438 
9356 3060 5053 3520 
9357 290 5551 564 
9358 3318 5128 3017 
9359 3591 5045 3093 
9360 1189 5041 1191 
9361 2830 5033 4817 
9362 5048 5060 2835 
9363 5371 5375 2962 
9364 4007 5254 3042 
9365 5236 5284 3613 
9366 1025 5052 749 
9367 3703 5122 2669 
9368 635 5054 637 
9369 4946 5022 4828 
9370 3212 5077 3873 
9371 4928 5119 4072 
9372 4207 5057 3064 
9373 2242 5051 4458 
9374 4298 5139 351 
9375 3212 5083 5077 
9376 4521 5044 1764 
9377 2395 5056 2818 
9378 2820 5050 3343 
9379 1722 5144 4566 
9380 4851 5043 2170 
9381 2875 5064 2874 
9382 4307 5566 350 
9383 2408 5120 5102 
9384 3304 5428 3427 
9385 4559 5058 2409 
9386 1725 5061 1328 
9387 2336 5140 4226 
9388 3112 5214 5212 
9389 5030 5062 3196 
9390 3425 5388 3521 
9391 2411 5059 2410 
9392 3736 5090 3566 
9393 4732 5081 2810 
9394 3196 5062 3653 
9395 4943 5093 3940 
9396 3357 5148 2498 
9397 2337 5140 2336 
9398 5024 5079 2943 
9399 2805 5063 2803 
9400 4960 5115 573 
9401 1639 5069 1991 
9402 1970 5184 1861 
9403 4209 5068 1707 
9404 2877 5260 3495 
9405 5083 5085 3213 
9406 5138 5156 4486 
9407 5111 5132 1569 
9408 4990 5065 2616 
9409 3625 5089 2347 
9410 4973 5092 3321 
9411 817 5137 1715 
9412 4642 5126 2864 
9413 5001 5070 3066 
9414 4635 5067 513 
9415 4760 5158 5146 
9416 750 5074 752 
9417 3357 5149 5148 
9418 2554 5196 5188 
9419 5039 5067 4635 
9420 5067 5078 513 
9421 377 5147 4353 
9422 2823 5072 2394 
9423 2855 5071 3206 
9424 223 5147 222 
9425 1474 5136 1477 
9426 2582 5080 5075 
9427 3701 5121 2102 
9428 3948 5167 3950 
9429 4760 5146 4432 
9430 4559 5075 5058 
9431 3066 5070 3535 
9432 2582 5075 4559 
9433 2818 5056 5047 
9434 5113 5133 4658 
9435 5077 5083 2715 
9436 3608 5263 5238 
9437 4237 5077 2715 
9438 4644 5138 4486 
9439 2026 5073 4541 
9440 2846 5096 5034 
9441 3858 5108 5102 
9442 3253 5097 5073 
9443 2592 5080 2582 
9444 2715 5083 2552 
9445 4457 5076 2217 
9446 4789 5136 1472 
9447 5071 5095 1330 
9448 513 5078 2772 
9449 2009 5113 4658 
9450 1913 5082 1726 
9451 3719 5155 3957 
9452 1972 5143 4185 
9453 87 5084 86 
9454 5076 5087 2217 
9455 2943 5079 2945 
9456 3206 5071 5041 
9457 2304 5157 2626 
9458 2672 5085 3212 
9459 2624 5157 2306 
9460 4674 5151 2701 
9461 5044 5094 1764 
9462 2607 5176 3462 
9463 2866 5131 5094 
9464 1791 5081 4732 
9465 2169 5130 4728 
9466 3544 5091 2872 
9467 2695 5053 5049 
9468 3181 5141 2828 
9469 5411 5414 2976 
9470 4804 5107 1934 
9471 640 5086 641 
9472 3213 5088 3346 
9473 3572 5162 3570 
9474 2865 5118 5095 
9475 3230 5151 5131 
9476 3782 5127 2903 
9477 3857 5120 3860 
9478 5033 5113 2009 
9479 3237 5293 3236 
9480 4620 5171 3544 
9481 4877 5130 2169 
9482 5102 5108 2408 
9483 3236 5282 4413 
9484 2217 5087 4681 
9485 5163 5180 2881 
9486 3110 5222 5214 
9487 3826 5098 3807 
9488 4747 5092 4973 
9489 4430 5200 5186 
9490 5098 5106 2103 
9491 2814 5121 3701 
9492 2838 5170 4161 
9493 3889 5191 2094 
9494 3318 5143 5128 
9495 4505 5099 3625 
9496 5079 5100 2945 
9497 5059 5076 4457 
9498 5073 5097 4541 
9499 4750 5113 5033 
9500 5143 5159 4185 
9501 4541 5097 4404 
9502 3855 5102 3857 
9503 1295 5153 728 
9504 4594 5165 4913 
9505 3211 5093 4720 
9506 2846 5114 5096 
9507 1764 5094 4675 
9508 5114 5142 1203 
9509 1934 5107 4869 
9510 1330 5095 4796 
9511 2010 5101 1914 
9512 3211 5111 5093 
9513 2976 5414 2975 
9514 3237 5299 5293 
9515 2956 5179 4201 
9516 4276 5177 73 
9517 1579 5092 4747 
9518 2945 5100 2953 
9519 893 5171 4620 
9520 72 5177 404 
9521 891 5171 893 
9522 963 5103 890 
9523 4619 5096 3942 
9524 5034 5096 4619 
9525 5125 5146 3325 
9526 1693 5105 1680 
9527 2347 5089 5011 
9528 4681 5104 3359 
9529 4694 5160 2790 
9530 3216 5183 3217 
9531 5087 5104 4681 
9532 571 5115 1409 
9533 3229 5133 5113 
9534 3578 5122 3703 
9535 2407 5108 3077 
9536 1409 5154 3858 
9537 2094 5190 4519 
9538 5307 5311 4597 
9539 5151 5181 2701 
9540 2833 5109 3623 
9541 1579 5125 5092 
9542 4185 5159 2965 
9543 2967 5384 5381 
9544 2036 5110 2011 
9545 4913 5165 3567 
9546 5305 5307 507 
9547 165 5112 164 
9548 3103 5213 2880 
9549 2888 5187 2890 
9550 3609 5303 5263 
9551 4869 5107 2813 
9552 1467 5337 3610 
9553 3894 5191 3890 
9554 3239 5299 3237 
9555 4737 5111 3211 
9556 5313 5315 4601 
9557 5311 5313 1818 
9558 36 5116 327 
9559 3688 5213 3689 
9560 3902 5122 3578 
9561 3212 5085 5083 
9562 726 5153 5029 
9563 1206 5185 1318 
9564 2789 5176 4700 
9565 5315 5318 518 
9566 3627 5119 4614 
9567 4597 5311 1818 
9568 3229 5113 4750 
9569 507 5307 4597 
9570 4794 5114 2846 
9571 5118 5128 1856 
9572 4530 5120 2408 
9573 3490 5270 4771 
9574 2701 5181 3068 
9575 592 5124 701 
9576 3502 5306 3239 
9577 3484 5190 3486 
9578 1803 5123 500 
9579 4601 5315 518 
9580 3224 5173 5160 
9581 1818 5313 4601 
9582 4796 5118 1856 
9583 2883 5201 3800 
9584 318 5561 317 
9585 5318 5321 4568 
9586 2886 5193 2885 
9587 4575 5189 1318 
9588 1318 5189 1207 
9589 5107 5138 2813 
9590 1314 5189 2419 
9591 3216 5187 5185 
9592 4658 5133 2418 
9593 4336 5713 3031 
9594 5095 5118 4796 
9595 1970 5188 5184 
9596 4438 5129 3115 
9597 1715 5126 4642 
9598 5029 5153 3721 
9599 4075 5199 697 
9600 518 5318 4568 
9601 3532 5115 4960 
9602 3502 5314 5306 
9603 1870 5158 4760 
9604 4568 5321 1718 
9605 3308 5602 4814 
9606 4759 5125 1579 
9607 2762 5198 4506 
9608 3167 5295 3900 
9609 4486 5156 816 
9610 5409 5411 2976 
9611 3434 5628 373 
9612 1618 5134 1620 
9613 4575 5193 5189 
9614 3228 5133 3229 
9615 3328 5172 5148 
9616 3609 5263 3608 
9617 5094 5131 4675 
9618 3497 5164 4970 
9619 3705 5209 1769 
9620 4728 5130 4633 
9621 1856 5128 4777 
9622 675 5335 3848 
9623 5153 5155 3721 
9624 1870 5172 5158 
9625 2681 5190 3484 
9626 2418 5150 3227 
9627 3233 5156 5138 
9628 4737 5132 5111 
9629 4675 5131 1773 
9630 2868 5132 4737 
9631 5156 5166 816 
9632 4756 5172 1870 
9633 3236 5293 5282 
9634 5321 5323 1718 
9635 2666 5217 2668 
9636 1718 5323 4545 
9637 1472 5136 1474 
9638 4430 5186 4871 
9639 4299 5139 4298 
9640 1817 5137 817 
9641 3086 5216 3473 
9642 1769 5209 1872 
9643 4593 5205 1733 
9644 5108 5154 3077 
9645 816 5166 4663 
9646 5328 5338 530 
9647 5035 5212 4757 
9648 5069 5162 1991 
9649 3089 5140 2337 
9650 2813 5138 4644 
9651 3504 5314 3502 
9652 3265 5271 5248 
9653 3690 5239 3809 
9654 1884 5217 3929 
9655 2828 5141 3687 
9656 3858 5154 5108 
9657 5133 5150 2418 
9658 5155 5163 3957 
9659 5176 5264 3462 
9660 4794 5142 5114 
9661 2173 5250 3951 
9662 4590 5144 1722 
9663 3239 5306 5299 
9664 3173 5349 4420 
9665 3797 5201 3795 
9666 5130 5152 4633 
9667 4777 5143 1972 
9668 452 5204 548 
9669 3825 5231 3880 
9670 3596 5142 4794 
9671 3506 5326 3504 
9672 3456 5480 337 
9673 3590 5292 3247 
9674 3318 5159 5143 
9675 5146 5158 3325 
9676 5128 5143 4777 
9677 993 5220 992 
9678 5148 5149 3328 
9679 222 5147 377 
9680 4363 5656 3350 
9681 4759 5146 5125 
9682 2928 5237 5230 
9683 3228 5150 5133 
9684 3506 5332 5326 
9685 4432 5146 4759 
9686 2909 5280 3613 
9687 44 5145 43 
9688 5131 5151 1773 
9689 995 5220 4080 
9690 293 5567 708 
9691 1017 5208 448 
9692 3613 5284 2909 
9693 548 5211 454 
9694 1799 5320 3562 
9695 3105 5239 3478 
9696 4663 5230 1805 
9697 2498 5148 4756 
9698 3053 5419 3382 
9699 1773 5151 4674 
9700 2986 5687 5641 
9701 160 5225 376 
9702 4420 5349 4323 
9703 1717 5346 4524 
9704 3721 5155 3719 
9705 2614 5272 3639 
9706 5346 5351 4524 
9707 4914 5150 3228 
9708 728 5153 726 
9709 3564 5316 662 
9710 3232 5156 3233 
9711 3473 5219 3085 
9712 1803 5302 5123 
9713 3077 5154 3532 
9714 2901 5283 5266 
9715 3868 5238 1646 
9716 3975 5287 3045 
9717 4633 5152 1796 
9718 2306 5157 2304 
9719 2736 5235 2737 
9720 5421 5705 3354 
9721 458 5218 536 
9722 4524 5351 542 
9723 3608 5238 5207 
9724 3508 5332 3506 
9725 3477 5221 4615 
9726 3767 5212 5035 
9727 5186 5200 2882 
9728 5162 5207 1991 
9729 3647 5168 3575 
9730 3504 5326 5314 
9731 505 5233 503 
9732 5137 5267 3267 
9733 5152 5160 1796 
9734 3562 5327 1799 
9735 3606 5162 3572 
9736 3254 5330 5296 
9737 3325 5158 3326 
9738 3232 5166 5156 
9739 4545 5328 530 
9740 3337 5159 3318 
9741 446 5223 1017 
9742 2790 5173 4536 
9743 5173 5178 4536 
9744 1796 5160 4694 
9745 3230 5181 5151 
9746 3267 5342 3266 
9747 530 5338 4543 
9748 3553 5164 3497 
9749 3949 5167 3948 
9750 3949 5359 5357 
9751 3215 5165 4594 
9752 3215 5169 5165 
9753 4876 5163 1295 
9754 5158 5172 3326 
9755 2223 5174 3036 
9756 5342 5343 3266 
9757 3687 5166 3232 
9758 3268 5170 2838 
9759 3268 5366 5362 
9760 5008 5246 2870 
9761 3545 5169 3215 
9762 3222 5173 3224 
9763 4536 5178 1317 
9764 159 5241 158 
9765 932 5171 891 
9766 3478 5253 3106 
9767 1300 5229 442 
9768 3222 5178 5173 
9769 5178 5183 1317 
9770 3326 5172 3328 
9771 5356 5395 2954 
9772 4287 5243 4286 
9773 73 5177 72 
9774 3220 5178 3222 
9775 3508 5340 5332 
9776 4700 5176 2607 
9777 3269 5179 2956 
9778 3269 5377 5374 
9779 3270 5278 3700 
9780 5150 5184 3227 
9781 4590 5417 5144 
9782 3216 5185 5183 
9783 5447 5448 3002 
9784 3220 5183 5178 
9785 626 5248 624 
9786 5323 5328 4545 
9787 2172 5186 5180 
9788 3217 5183 3220 
9789 3286 5465 5460 
9790 4649 5182 2219 
9791 3231 5181 3230 
9792 5074 5260 1791 
9793 1991 5207 3868 
9794 4240 5308 4299 
9795 2172 5180 4876 
9796 1086 5251 1032 
9797 4045 5246 5008 
9798 3002 5448 3001 
9799 1317 5185 1206 
9800 564 5648 3465 
9801 1295 5163 5155 
9802 362 5543 5145 
9803 52 5262 51 
9804 230 5255 4307 
9805 1812 5250 2173 
9806 405 5255 231 
9807 4543 5341 1717 
9808 4876 5180 5163 
9809 2890 5187 3216 
9810 4023 5266 4586 
9811 3639 5261 3051 
9812 1044 5200 4430 
9813 440 5244 1300 
9814 4078 5272 2614 
9815 5340 5352 3806 
9816 3042 5254 4549 
9817 4914 5184 5150 
9818 1861 5184 4914 
9819 298 5576 565 
9820 4871 5186 2172 
9821 5448 5449 3001 
9822 4519 5190 2681 
9823 3606 5207 5162 
9824 1207 5189 1314 
9825 3227 5188 4751 
9826 5124 5175 701 
9827 3354 5541 3417 
9828 3001 5449 3026 
9829 3349 5265 2541 
9830 2532 5265 2577 
9831 549 5268 546 
9832 3890 5191 3889 
9833 4410 5269 1708 
9834 4607 5210 1044 
9835 4030 5175 5124 
9836 2892 5192 3274 
9837 2892 5194 5192 
9838 2056 5244 438 
9839 2886 5195 5193 
9840 4004 5197 2893 
9841 5338 5341 4543 
9842 5123 5304 502 
9843 2223 5209 5174 
9844 2893 5194 2892 
9845 4607 5215 5210 
9846 5167 5351 3950 
9847 4080 5245 4958 
9848 5135 5161 2360 
9849 3700 5289 3661 
9850 3699 5297 1959 
9851 2885 5193 4575 
9852 4771 5270 2772 
9853 2772 5270 4647 
9854 1028 5277 968 
9855 4590 5436 5417 
9856 638 5278 3270 
9857 3452 5224 3453 
9858 3265 5279 2936 
9859 3368 5198 2762 
9860 1967 5276 1835 
9861 2962 5376 5371 
9862 4135 5289 642 
9863 3848 5335 3847 
9864 3848 5354 675 
9865 4278 5281 4277 
9866 642 5278 639 
9867 697 5199 4941 
9868 3724 5588 2899 
9869 5309 5310 1831 
9870 3286 5460 3287 
9871 3448 5667 3906 
9872 3495 5260 5074 
9873 5188 5196 4751 
9874 3420 5585 3426 
9875 4751 5196 3062 
9876 2880 5213 3688 
9877 1044 5210 5200 
9878 3661 5289 2860 
9879 1271 5285 1128 
9880 5347 5348 3273 
9881 1820 5358 3845 
9882 2971 5376 2962 
9883 5184 5188 3227 
9884 5196 5202 3062 
9885 302 5203 301 
9886 2882 5200 2895 
9887 5368 5370 1635 
9888 1357 5348 5347 
9889 3613 5280 2449 
9890 3795 5201 2883 
9891 4456 5286 1346 
9892 3287 5205 4593 
9893 2909 5284 3985 
9894 3062 5202 3272 
9895 2419 5195 4995 
9896 5081 5282 2810 
9897 5179 5369 4201 
9898 1688 5296 1691 
9899 450 5204 452 
9900 2426 5288 4268 
9901 4941 5199 4412 
9902 2893 5197 5194 
9903 2896 5294 2455 
9904 2265 5206 3005 
9905 3949 5357 5167 
9906 3845 5365 1820 
9907 5170 5361 4161 
9908 3081 5407 3604 
9909 1645 5297 1644 
9910 3247 5292 2430 
9911 1714 5215 4607 
9912 2913 5301 3699 
9913 3283 5415 5317 
9914 2429 5292 2910 
9915 686 5373 3615 
9916 3608 5207 3606 
9917 1872 5209 2223 
9918 3268 5362 5170 
9919 3262 5302 3141 
9920 1959 5297 1648 
9921 448 5208 450 
9922 3045 5287 4678 
9923 5336 5345 3884 
9924 2895 5210 4495 
9925 450 5208 5204 
9926 3432 5684 332 
9927 4542 5227 1714 
9928 454 5211 456 
9929 4525 5288 2426 
9930 5200 5210 2895 
9931 5210 5215 4495 
9932 4542 5232 5227 
9933 3139 5305 3262 
9934 3615 5378 686 
9935 5145 5543 3372 
9936 4413 5282 5081 
9937 1714 5227 5215 
9938 3505 5300 3507 
9939 504 5304 507 
9940 391 5512 3487 
9941 3263 5603 5273 
9942 3269 5374 5179 
9943 2907 5310 3905 
9944 4757 5212 2171 
9945 407 5620 3416 
9946 3929 5217 2666 
9947 5234 5661 385 
9948 3282 5462 4339 
9949 3262 5304 5123 
9950 4516 5308 2536 
9951 4665 5308 4240 
9952 3450 5298 3579 
9953 5212 5214 2171 
9954 2928 5230 3687 
9955 1736 5382 4097 
9956 2950 5320 3564 
9957 3562 5320 2948 
9958 5211 5218 456 
9959 1644 5309 1642 
9960 5183 5185 1317 
9961 2171 5214 4795 
9962 3235 5312 3238 
9963 3590 5330 5292 
9964 4495 5215 4494 
9965 664 5316 1799 
9966 970 5232 4542 
9967 326 5257 3866 
9968 4097 5385 1736 
9969 662 5316 661 
9970 992 5220 995 
9971 4061 5334 4059 
9972 456 5218 458 
9973 2970 5319 2969 
9974 3085 5219 3477 
9975 2056 5464 5253 
9976 970 5236 5232 
9977 622 5271 684 
9978 4615 5221 3467 
9979 4164 5544 5182 
9980 3283 5317 4709 
9981 444 5223 446 
9982 1799 5327 667 
9983 4996 5224 3452 
9984 2206 5345 4824 
9985 671 5329 675 
9986 3295 5465 3286 
9987 3356 5331 4463 
9988 154 5333 153 
9989 5215 5227 4494 
9990 4795 5222 1025 
9991 161 5225 160 
9992 4576 5224 2342 
9993 3295 5467 5465 
9994 2342 5224 4996 
9995 3460 5226 3517 
9996 5214 5222 4795 
9997 1831 5322 4768 
9998 5222 5228 1025 
9999 5227 5232 3261 
10000 3521 5388 175 
10001 4494 5227 3261 
10002 4988 5236 970 
10003 442 5229 444 
10004 1928 5340 3806 
10005 4223 5335 3563 
10006 5123 5302 3262 
10007 3462 5264 3657 
10008 444 5229 5223 
10009 3880 5231 2594 
10010 542 5351 5167 
10011 1355 5343 4149 
10012 430 5539 5084 
10013 4058 5257 326 
10014 3472 5235 2736 
10015 3266 5344 2939 
10016 3261 5232 3260 
10017 509 5233 505 
10018 174 5388 395 
10019 4487 5459 509 
10020 4368 5234 4367 
10021 4717 5337 1467 
10022 191 5350 325 
10023 3413 5665 3896 
10024 2894 5348 1968 
10025 4323 5349 4317 
10026 5193 5195 2419 
10027 4202 5356 2453 
10028 4487 5461 5459 
10029 3494 5264 5176 
10030 5232 5236 3260 
10031 4254 5678 4881 
10032 1846 5461 4487 
10033 5473 5478 3010 
10034 1097 5636 5203 
10035 509 5459 5455 
10036 4498 5463 1846 
10037 3010 5478 4379 
10038 1846 5463 5461 
10039 2957 5410 5405 
10040 3844 5358 3848 
10041 2926 5237 2928 
10042 3845 5358 3842 
10043 1835 5355 1228 
10044 3709 5393 396 
10045 5166 5230 4663 
10046 551 5361 5170 
10047 3287 5460 5450 
10048 1030 5369 5179 
10049 5478 5479 4379 
10050 3260 5236 3613 
10051 1646 5238 4039 
10052 677 5354 1820 
10053 675 5354 674 
10054 2924 5240 2926 
10055 1025 5228 5052 
10056 542 5357 541 
10057 4498 5466 5463 
10058 3809 5239 3105 
10059 1805 5237 4744 
10060 3440 5707 3439 
10061 3947 5361 3949 
10062 547 5359 551 
10063 2924 5242 5240 
10064 335 5364 4258 
10065 2929 5370 3264 
10066 551 5362 550 
10067 5467 5477 2471 
10068 4379 5479 4471 
10069 3615 5373 2966 
10070 520 5466 4498 
10071 3840 5373 3845 
10072 969 5366 1030 
10073 681 5365 686 
10074 3482 5547 597 
10075 2922 5242 2924 
10076 5618 5704 5206 
10077 1820 5365 679 
10078 2920 5247 2922 
10079 5479 5483 4471 
10080 520 5468 5466 
10081 309 5591 425 
10082 4512 5468 520 
10083 1030 5374 1029 
10084 2937 5369 3268 
10085 2955 5379 3269 
10086 2920 5249 5247 
10087 5084 5539 3376 
10088 1129 5377 1273 
10089 1607 5371 3162 
10090 4471 5483 2879 
10091 4512 5469 5468 
10092 3460 5254 5226 
10093 5240 5242 851 
10094 2916 5252 2918 
10095 2958 5382 3615 
10096 2918 5249 2920 
10097 5237 5240 4744 
10098 688 5378 1736 
10099 4097 5382 4096 
10100 686 5378 683 
10101 3025 5381 2487 
10102 3579 5298 4976 
10103 4744 5240 851 
10104 1847 5469 4512 
10105 2926 5240 5237 
10106 4151 5259 2898 
10107 376 5241 159 
10108 1847 5471 5469 
10109 2916 5256 5252 
10110 2898 5256 2916 
10111 3287 5450 5205 
10112 5483 5484 2879 
10113 4497 5471 1847 
10114 2965 5402 3420 
10115 3583 5324 3390 
10116 2960 5387 4097 
10117 4497 5472 5471 
10118 4338 5470 4510 
10119 692 5385 696 
10120 438 5244 440 
10121 1736 5385 690 
10122 2673 5331 5088 
10123 2879 5484 4480 
10124 4290 5243 4287 
10125 4151 5267 5259 
10126 851 5242 4739 
10127 5241 5456 158 
10128 2922 5247 5242 
10129 532 5472 4497 
10130 3649 5704 5618 
10131 5203 5596 539 
10132 532 5474 5472 
10133 4526 5486 5481 
10134 4253 5678 4254 
10135 717 5406 3827 
10136 2918 5252 5249 
10137 624 5271 622 
10138 2898 5259 5256 
10139 4540 5474 532 
10140 2870 5246 3073 
10141 3687 5230 5166 
10142 5144 5414 4566 
10143 5247 5249 1808 
10144 4540 5476 5474 
10145 5285 5502 1128 
10146 319 5662 627 
10147 4739 5247 1808 
10148 5238 5263 4039 
10149 4958 5245 3086 
10150 5242 5247 4739 
10151 1001 5248 626 
10152 5277 5497 968 
10153 4526 5481 1719 
10154 1719 5476 4540 
10155 3827 5406 3758 
10156 4508 5392 2754 
10157 5268 5490 546 
10158 5233 5457 503 
10159 1808 5249 4724 
10160 3319 5616 3365 
10161 3696 5706 3347 
10162 417 5394 4334 
10163 1919 5250 1812 
10164 1140 5251 1086 
10165 4362 5397 4398 
10166 3106 5253 3279 
10167 90 5396 89 
10168 215 5397 214 
10169 3471 5705 5421 
10170 402 5706 3696 
10171 5252 5256 860 
10172 2933 5399 3052 
10173 1001 5283 5279 
10174 4724 5252 860 
10175 4374 5400 4371 
10176 4370 5400 383 
10177 3457 5609 3458 
10178 5249 5252 4724 
10179 4549 5254 3460 
10180 231 5255 230 
10181 4484 5498 1140 
10182 4311 5339 4312 
10183 5251 5492 1032 
10184 59 5408 343 
10185 4484 5500 5498 
10186 1631 5368 1627 
10187 5248 5279 3265 
10188 860 5256 4699 
10189 5205 5449 1733 
10190 3252 5257 3253 
10191 4586 5283 1001 
10192 1140 5498 5489 
10193 544 5486 4526 
10194 3425 5258 2996 
10195 391 5262 52 
10196 398 5408 60 
10197 544 5488 5486 
10198 5167 5357 542 
10199 2994 5522 2995 
10200 1708 5500 4484 
10201 1719 5481 5476 
10202 3051 5261 3265 
10203 4699 5259 1817 
10204 3780 5507 3518 
10205 4039 5263 2267 
10206 3985 5284 3986 
10207 5256 5259 4699 
10208 1883 5404 1171 
10209 5259 5267 1817 
10210 2036 5325 5110 
10211 2136 5266 4023 
10212 5170 5362 551 
10213 2422 5405 4034 
10214 2541 5265 2532 
10215 27 5403 26 
10216 2742 5269 4410 
10217 2136 5274 5266 
10218 4772 5264 3494 
10219 944 5268 549 
10220 2742 5273 5269 
10221 4647 5270 1803 
10222 37 5440 5116 
10223 5179 5374 1030 
10224 3263 5273 2742 
10225 3270 5274 2136 
10226 3031 5713 5290 
10227 4079 5272 4078 
10228 3827 5413 717 
10229 5060 5436 3002 
10230 2975 5414 5144 
10231 4935 5427 4015 
10232 3342 5682 3438 
10233 331 5319 4272 
10234 3273 5275 2463 
10235 3808 5548 3371 
10236 2463 5276 1967 
10237 1083 5277 1028 
10238 5275 5276 2463 
10239 717 5413 716 
10240 2936 5279 2934 
10241 741 5418 4692 
10242 4377 5418 3828 
10243 639 5278 638 
10244 723 5416 741 
10245 4692 5418 4047 
10246 1791 5260 5081 
10247 944 5495 5485 
10248 973 5427 4935 
10249 5279 5283 2934 
10250 2975 5417 2451 
10251 260 5419 259 
10252 5274 5294 2896 
10253 2997 5422 4921 
10254 4483 5411 4969 
10255 1357 5347 1354 
10256 4277 5281 411 
10257 2449 5280 3045 
10258 4146 5367 2938 
10259 2962 5375 2941 
10260 2967 5421 2227 
10261 2938 5363 4172 
10262 2260 5421 3354 
10263 741 5420 738 
10264 2941 5372 4146 
10265 4274 5699 3035 
10266 4172 5360 4173 
10267 3021 5437 2972 
10268 4692 5420 741 
10269 2934 5283 2901 
10270 3285 5288 4525 
10271 4146 5372 5367 
10272 1824 5410 4584 
10273 946 5423 973 
10274 1346 5285 1271 
10275 4268 5288 4267 
10276 2941 5375 5372 
10277 3806 5352 3167 
10278 509 5455 5233 
10279 3441 5509 3439 
10280 4172 5363 5360 
10281 2938 5367 5363 
10282 2265 5376 5206 
10283 5206 5376 2971 
10284 2968 5427 3271 
10285 5116 5440 3272 
10286 2810 5282 4832 
10287 250 5428 249 
10288 4561 5425 3416 
10289 3086 5245 5216 
10290 401 5440 38 
10291 3443 5697 3444 
10292 1083 5501 5493 
10293 3362 5641 3408 
10294 3030 5286 4456 
10295 973 5429 972 
10296 3030 5290 5286 
10297 1387 5295 3754 
10298 1085 5431 1138 
10299 5216 5245 3492 
10300 4309 5339 4311 
10301 4197 5433 4198 
10302 4678 5287 3247 
10303 2253 5682 5533 
10304 2860 5289 4135 
10305 3754 5295 3509 
10306 3031 5290 3030 
10307 1817 5267 5137 
10308 3289 5434 2578 
10309 3900 5295 1387 
10310 3388 5324 3445 
10311 4935 5429 973 
10312 4736 5563 2255 
10313 2430 5292 2429 
10314 684 5271 5261 
10315 5639 5687 2986 
10316 3423 5438 4683 
10317 2455 5294 2457 
10318 400 5633 3722 
10319 1687 5296 1688 
10320 5293 5299 862 
10321 4832 5293 862 
10322 3525 5442 2793 
10323 1687 5298 5296 
10324 1648 5297 1645 
10325 5282 5293 4832 
10326 4328 5454 4596 
10327 3309 5443 3241 
10328 3240 5443 3429 
10329 3508 5352 5340 
10330 1691 5330 3590 
10331 2793 5442 2791 
10332 5110 5325 3765 
10333 3825 5514 5231 
10334 3347 5441 2977 
10335 2953 5409 2954 
10336 3905 5301 2913 
10337 4703 5442 1902 
10338 3052 5446 4436 
10339 3512 5300 3505 
10340 862 5299 4808 
10341 4441 5383 2946 
10342 3141 5302 3490 
10343 2946 5384 2967 
10344 369 5559 5503 
10345 5144 5417 2975 
10346 5383 5384 2946 
10347 4589 5447 4590 
10348 3390 5324 3388 
10349 3628 5303 3481 
10350 4976 5298 1687 
10351 3026 5449 5205 
10352 1634 5395 4465 
10353 5317 5415 1386 
10354 3896 5665 3021 
10355 3453 5482 329 
10356 1354 5347 1355 
10357 5301 5309 1644 
10358 502 5304 504 
10359 3137 5305 3139 
10360 3137 5307 5305 
10361 3280 5456 5241 
10362 32 5451 31 
10363 1642 5309 1831 
10364 3681 5457 5233 
10365 3026 5450 4623 
10366 3135 5307 3137 
10367 4179 5452 2727 
10368 5275 5348 2894 
10369 3135 5311 5307 
10370 4326 5454 4328 
10371 4808 5306 1990 
10372 5299 5306 4808 
10373 5306 5314 1990 
10374 2536 5308 4665 
10375 3144 5310 2907 
10376 3133 5311 3135 
10377 501 5457 1976 
10378 157 5456 332 
10379 3133 5313 5311 
10380 3681 5455 3678 
10381 3234 5312 3235 
10382 3132 5313 3133 
10383 3309 5654 4273 
10384 3132 5315 5313 
10385 3732 5346 5341 
10386 3847 5335 4223 
10387 4104 5315 3132 
10388 5012 5446 2553 
10389 4104 5318 5315 
10390 4339 5462 96 
10391 95 5462 378 
10392 1990 5314 4776 
10393 661 5316 664 
10394 4173 5360 4174 
10395 5310 5322 1831 
10396 5303 5337 3481 
10397 4105 5318 4104 
10398 4176 5467 2471 
10399 4768 5322 3885 
10400 3234 5317 5312 
10401 4709 5317 3234 
10402 3583 5537 5324 
10403 2948 5320 2950 
10404 4105 5321 5318 
10405 3344 5699 4262 
10406 2969 5319 3338 
10407 1273 5383 4441 
10408 4427 5321 4105 
10409 3730 5338 5328 
10410 5267 5342 3267 
10411 4427 5323 5321 
10412 667 5327 669 
10413 4845 5323 4427 
10414 1001 5279 5248 
10415 5314 5326 4776 
10416 1848 5473 4746 
10417 4776 5326 785 
10418 5326 5332 785 
10419 3885 5336 3884 
10420 1140 5489 5251 
10421 5327 5329 669 
10422 3144 5336 5322 
10423 5322 5336 3885 
10424 669 5329 671 
10425 3730 5328 4845 
10426 370 5334 4061 
10427 4122 5490 5268 
10428 1386 5415 1385 
10429 4463 5331 2673 
10430 111 5482 4253 
10431 2910 5330 3254 
10432 329 5482 112 
10433 4122 5485 2884 
10434 4418 5492 5251 
10435 5527 5649 4304 
10436 410 5333 154 
10437 3290 5497 5277 
10438 3255 5480 4533 
10439 4120 5488 4122 
10440 4418 5489 4402 
10441 785 5332 4774 
10442 2998 5475 4531 
10443 3011 5495 3290 
10444 4334 5491 353 
10445 2912 5487 2231 
10446 3292 5502 5285 
10447 3729 5338 3730 
10448 543 5490 544 
10449 2947 5346 3732 
10450 3290 5493 2887 
10451 974 5492 975 
10452 4824 5336 3144 
10453 3481 5337 4717 
10454 3415 5639 5258 
10455 3292 5499 2891 
10456 3012 5501 3292 
10457 3447 5518 3641 
10458 943 5497 944 
10459 4845 5328 5323 
10460 3732 5341 3729 
10461 1082 5502 1083 
10462 3405 5513 490 
10463 5332 5340 4774 
10464 4774 5340 1928 
10465 2730 5342 4151 
10466 3014 5507 3364 
10467 3451 5638 3057 
10468 369 5503 193 
10469 2730 5343 5342 
10470 4149 5343 2730 
10471 3438 5682 2253 
10472 3423 5637 419 
10473 3458 5475 5080 
10474 944 5485 5268 
10475 1627 5368 1635 
10476 3729 5341 5338 
10477 5261 5271 3265 
10478 3412 5629 382 
10479 4152 5345 2206 
10480 1712 5444 4475 
10481 4251 5504 34 
10482 2939 5344 3273 
10483 33 5504 375 
10484 5205 5450 3026 
10485 249 5505 248 
10486 3448 5664 3274 
10487 3302 5506 3303 
10488 4152 5353 5345 
10489 3337 5402 5159 
10490 3950 5351 2947 
10491 1968 5348 1357 
10492 4317 5349 4316 
10493 2947 5351 5346 
10494 192 5350 191 
10495 5585 5691 3426 
10496 3433 5715 413 
10497 358 5715 3433 
10498 3377 5533 3378 
10499 4035 5390 2961 
10500 3264 5353 4152 
10501 3270 5294 5274 
10502 4151 5342 5267 
10503 674 5354 677 
10504 3509 5352 3508 
10505 2453 5356 2976 
10506 1228 5355 1697 
10507 3273 5348 5275 
10508 53 5512 391 
10509 1083 5493 5277 
10510 5231 5514 3384 
10511 541 5357 545 
10512 1975 5432 3684 
10513 361 5512 54 
10514 3842 5358 3844 
10515 342 5545 4276 
10516 5357 5359 545 
10517 4465 5395 4202 
10518 3763 5646 4246 
10519 545 5359 547 
10520 4161 5361 3947 
10521 3018 5508 3284 
10522 3434 5508 3020 
10523 550 5362 945 
10524 4035 5401 5390 
10525 5360 5363 1697 
10526 1697 5363 4460 
10527 5362 5366 945 
10528 4258 5364 4257 
10529 679 5365 681 
10530 5398 5576 299 
10531 945 5366 969 
10532 4201 5369 2937 
10533 4460 5367 1153 
10534 5363 5367 4460 
10535 5371 5376 4400 
10536 2931 5370 2929 
10537 3343 5652 2899 
10538 5367 5372 1153 
10539 2601 5509 2971 
10540 3162 5371 4400 
10541 1383 5430 1975 
10542 3439 5509 2600 
10543 2966 5373 3840 
10544 5233 5455 3681 
10545 1153 5372 4481 
10546 1029 5374 1084 
10547 2931 5380 5370 
10548 1346 5499 5285 
10549 4481 5375 1607 
10550 5372 5375 4481 
10551 2574 5510 2573 
10552 4400 5376 2265 
10553 334 5531 3748 
10554 5374 5377 1084 
10555 5430 5432 1975 
10556 1084 5377 1129 
10557 4415 5379 2955 
10558 3513 5511 3016 
10559 683 5378 688 
10560 2942 5380 2931 
10561 3469 5381 3025 
10562 83 5515 365 
10563 4096 5382 2958 
10564 2942 5386 5380 
10565 4415 5384 5383 
10566 2487 5384 4415 
10567 4464 5581 2090 
10568 3465 5648 3335 
10569 5192 5604 3274 
10570 690 5385 692 
10571 3421 5535 3431 
10572 5641 5687 3408 
10573 2944 5386 2942 
10574 5353 5368 1631 
10575 3972 5521 2914 
10576 344 5511 3708 
10577 2944 5389 5386 
10578 2908 5521 2251 
10579 2961 5387 2960 
10580 117 5519 116 
10581 2952 5389 2944 
10582 4701 5517 5050 
10583 175 5388 174 
10584 3347 5706 3695 
10585 2952 5391 5389 
10586 4312 5605 2066 
10587 3684 5453 3683 
10588 4448 5524 3029 
10589 403 5528 4170 
10590 2224 5527 3027 
10591 4729 5523 3443 
10592 2954 5391 2952 
10593 3511 5617 2275 
10594 2961 5390 5387 
10595 200 5528 199 
10596 2545 5392 4508 
10597 1385 5430 1383 
10598 5324 5537 3024 
10599 3680 5458 3681 
10600 3771 5537 1883 
10601 3663 5518 3022 
10602 70 5531 334 
10603 404 5531 71 
10604 4719 5526 4649 
10605 3710 5393 3709 
10606 121 5532 408 
10607 337 5480 4259 
10608 3604 5407 3245 
10609 241 5631 3444 
10610 5251 5489 4418 
10611 4264 5536 338 
10612 4290 5593 1950 
10613 4341 5394 417 
10614 2753 5535 3421 
10615 4844 5525 3308 
10616 2226 5535 4499 
10617 1885 5560 3582 
10618 3905 5309 5301 
10619 5268 5485 4122 
10620 3035 5552 4275 
10621 3435 5628 3434 
10622 350 5538 4305 
10623 5333 5709 153 
10624 4363 5396 90 
10625 214 5397 4362 
10626 300 5398 299 
10627 3444 5399 2933 
10628 3428 5403 3341 
10629 133 5541 132 
10630 4371 5400 4370 
10631 5277 5493 3290 
10632 3805 5547 3804 
10633 4417 5496 4418 
10634 2471 5477 3010 
10635 4299 5562 4240 
10636 354 5520 4322 
10637 5432 5453 3684 
10638 3739 5545 3312 
10639 5285 5499 3292 
10640 2954 5409 5356 
10641 3320 5543 3319 
10642 3144 5322 5310 
10643 5551 5648 564 
10644 4264 5578 3345 
10645 1902 5542 4719 
10646 1355 5347 5344 
10647 3033 5549 3034 
10648 3171 5546 4707 
10649 3039 5550 3053 
10650 4263 5582 3344 
10651 4034 5401 4035 
10652 3758 5406 2959 
10653 2905 5552 3035 
10654 4584 5410 2957 
10655 5149 5516 3328 
10656 3380 5553 3285 
10657 1171 5404 1176 
10658 409 5403 27 
10659 4596 5454 2847 
10660 2255 5554 1875 
10661 2959 5405 2422 
10662 4347 5555 386 
10663 328 5556 162 
10664 5159 5402 2965 
10665 4330 5470 356 
10666 177 5613 6 
10667 2 5614 49 
10668 31 5558 30 
10669 5401 5410 1824 
10670 3442 5701 3392 
10671 7 5615 176 
10672 390 5711 4373 
10673 60 5408 59 
10674 1216 5560 1885 
10675 6 5613 324 
10676 265 5614 2 
10677 2959 5406 5405 
10678 4174 5360 5355 
10679 280 5615 7 
10680 5391 5395 1634 
10681 4969 5409 2953 
10682 4282 5563 4281 
10683 421 5562 4299 
10684 685 5411 4483 
10685 685 5414 5411 
10686 3005 5564 2264 
10687 4475 5444 3293 
10688 716 5413 720 
10689 4566 5414 685 
10690 5379 5383 1273 
10691 3003 5566 3275 
10692 3293 5445 3294 
10693 5413 5416 720 
10694 5444 5445 3293 
10695 356 5470 4338 
10696 3945 5548 2055 
10697 3279 5412 3487 
10698 720 5416 723 
10699 4275 5552 349 
10700 4852 5668 3424 
10701 331 5558 5319 
10702 4047 5418 4377 
10703 2451 5417 2452 
10704 4921 5415 3283 
10705 5182 5544 2219 
10706 259 5419 367 
10707 738 5420 872 
10708 2227 5421 2260 
10709 3295 5477 5467 
10710 5420 5423 872 
10711 2915 5611 4170 
10712 3288 5422 2997 
10713 289 5424 288 
10714 3061 5569 3357 
10715 3683 5458 3680 
10716 872 5423 946 
10717 3886 5685 5596 
10718 378 5584 4345 
10719 4015 5427 2968 
10720 3297 5425 4561 
10721 4248 5640 4531 
10722 2097 5426 4571 
10723 2497 5573 3340 
10724 4312 5688 3427 
10725 339 5428 250 
10726 3417 5574 3256 
10727 5344 5347 3273 
10728 972 5429 1031 
10729 5174 5522 3036 
10730 5429 5431 1031 
10731 5569 5677 3357 
10732 1031 5431 1085 
10733 4506 5530 3277 
10734 192 5503 5350 
10735 3288 5432 5430 
10736 4249 5432 3288 
10737 5088 5680 3346 
10738 4392 5433 4197 
10739 4392 5435 5433 
10740 2578 5434 3263 
10741 188 5585 397 
10742 108 5578 4264 
10743 2972 5437 2974 
10744 374 5578 109 
10745 2999 5435 4392 
10746 262 5579 385 
10747 390 5580 140 
10748 2999 5439 5435 
10749 3344 5582 2906 
10750 3000 5439 2999 
10751 4683 5438 3298 
10752 38 5440 37 
10753 4398 5583 4294 
10754 4254 5549 374 
10755 4316 5540 4318 
10756 349 5586 4300 
10757 5355 5360 1697 
10758 3063 5565 3991 
10759 3379 5709 5333 
10760 392 5627 3640 
10761 3886 5596 3867 
10762 330 5523 4247 
10763 4784 5582 3171 
10764 3264 5368 5353 
10765 2977 5441 2979 
10766 2452 5436 5060 
10767 4291 5593 4290 
10768 3280 5597 3202 
10769 77 5594 412 
10770 351 5594 78 
10771 2791 5442 4703 
10772 3241 5443 3240 
10773 2899 5588 4975 
10774 5417 5436 2452 
10775 3468 5520 4148 
10776 3299 5595 3379 
10777 3040 5520 3468 
10778 3366 5592 3248 
10779 5356 5409 2976 
10780 161 5556 5225 
10781 4058 5557 5257 
10782 3765 5598 3762 
10783 3000 5445 5444 
10784 2036 5650 5325 
10785 3279 5464 5412 
10786 3582 5634 1885 
10787 4431 5445 3000 
10788 5319 5558 3338 
10789 3511 5686 3396 
10790 4354 5599 384 
10791 3632 5635 388 
10792 4249 5453 5432 
10793 3307 5532 4320 
10794 4320 5532 122 
10795 4341 5658 3294 
10796 5561 5714 317 
10797 2062 5605 2545 
10798 4436 5446 5012 
10799 4415 5383 5379 
10800 694 5447 4589 
10801 3035 5699 3344 
10802 1885 5634 3945 
10803 694 5448 5447 
10804 371 5609 236 
10805 4602 5448 694 
10806 2246 5611 2915 
10807 2275 5617 2276 
10808 4602 5449 5448 
10809 2984 5639 2986 
10810 1733 5449 4602 
10811 4480 5496 4417 
10812 2979 5590 4852 
10813 3378 5533 3792 
10814 3742 5619 3740 
10815 4623 5450 4851 
10816 3816 5577 2238 
10817 3399 5565 3819 
10818 2986 5641 2987 
10819 3361 5621 2561 
10820 1976 5452 4179 
10821 3278 5608 4780 
10822 375 5451 32 
10823 373 5628 115 
10824 2245 5626 3297 
10825 3314 5636 3377 
10826 372 5631 242 
10827 2990 5641 3362 
10828 2727 5453 4249 
10829 3360 5632 3305 
10830 2583 5625 2584 
10831 5257 5557 3253 
10832 3036 5647 2508 
10833 388 5635 85 
10834 5460 5465 2766 
10835 67 5646 370 
10836 4246 5646 68 
10837 4331 5454 4326 
10838 4 5642 88 
10839 89 5642 4 
10840 5 5643 215 
10841 216 5643 5 
10842 11 5644 1 
10843 1 5644 264 
10844 138 5645 8 
10845 8 5645 137 
10846 432 5645 4372 
10847 4366 5644 431 
10848 413 5715 226 
10849 225 5715 358 
10850 3391 5634 3582 
10851 3678 5455 3676 
10852 158 5456 157 
10853 5439 5444 1712 
10854 152 5709 340 
10855 503 5457 501 
10856 201 5707 200 
10857 2654 5664 3906 
10858 3369 5649 4473 
10859 4262 5699 406 
10860 1945 5702 1946 
10861 325 5691 190 
10862 241 5697 240 
10863 5455 5459 3676 
10864 3427 5688 3259 
10865 2967 5612 5421 
10866 118 5659 117 
10867 3274 5664 2656 
10868 4281 5671 4279 
10869 2914 5675 2273 
10870 3276 5692 4451 
10871 2577 5695 4581 
10872 3676 5459 3674 
10873 4342 5681 4343 
10874 2090 5683 2088 
10875 2226 5589 5535 
10876 4638 5655 2242 
10877 3338 5660 3291 
10878 364 5674 4357 
10879 134 5673 133 
10880 5459 5461 3674 
10881 2974 5629 3081 
10882 4454 5676 2480 
10883 3358 5669 3329 
10884 3674 5461 3672 
10885 96 5462 95 
10886 5461 5463 3672 
10887 4851 5460 2766 
10888 5503 5559 3526 
10889 3672 5463 3670 
10890 4801 5688 2066 
10891 5463 5466 3670 
10892 2766 5465 2765 
10893 3670 5466 3668 
10894 2954 5395 5391 
10895 5629 5689 3081 
10896 5465 5467 2765 
10897 5466 5468 3668 
10898 317 5714 3482 
10899 2765 5467 4176 
10900 3668 5468 3666 
10901 342 5654 5545 
10902 5450 5460 4851 
10903 4013 5610 5042 
10904 5241 5597 3280 
10905 5468 5469 3666 
10906 3666 5469 3146 
10907 5097 5650 4404 
10908 5469 5471 3146 
10909 4510 5470 3028 
10910 3146 5471 3009 
10911 5471 5472 3009 
10912 3009 5472 3007 
10913 5042 5684 3432 
10914 5472 5474 3007 
10915 3007 5474 3006 
10916 4503 5473 1848 
10917 4319 5653 2563 
10918 5474 5476 3006 
10919 5325 5650 4060 
10920 3006 5476 3032 
10921 4503 5478 5473 
10922 740 5478 4503 
10923 4746 5477 3295 
10924 740 5479 5478 
10925 351 5708 5594 
10926 4520 5479 740 
10927 5481 5486 4738 
10928 5203 5636 3316 
10929 4520 5483 5479 
10930 4533 5480 3456 
10931 112 5482 111 
10932 3451 5710 5494 
10933 3340 5663 3428 
10934 4437 5483 4520 
10935 5422 5430 1385 
10936 3032 5481 4738 
10937 4437 5484 5483 
10938 5080 5475 2998 
10939 975 5484 4437 
10940 2884 5485 4429 
10941 5476 5481 3032 
10942 2231 5487 2233 
10943 5486 5488 4121 
10944 4738 5486 4121 
10945 3396 5686 3397 
10946 4121 5488 4120 
10947 4286 5679 4297 
10948 4402 5489 4401 
10949 546 5490 543 
10950 353 5491 4314 
10951 1032 5492 974 
10952 2887 5493 4243 
10953 5485 5495 4429 
10954 5489 5498 4401 
10955 314 5494 313 
10956 599 5701 3442 
10957 5396 5539 430 
10958 4429 5495 3011 
10959 968 5497 943 
10960 5234 5692 3276 
10961 4401 5498 3013 
10962 2891 5499 4450 
10963 5493 5501 4243 
10964 5498 5500 3013 
10965 5243 5702 1945 
10966 3013 5500 4406 
10967 4166 5544 4164 
10968 4243 5501 3012 
10969 1128 5502 1082 
10970 5567 5690 708 
10971 4034 5410 5401 
10972 5334 5598 3765 
10973 3349 5555 5265 
10974 3316 5596 5203 
10975 5407 5534 3245 
10976 344 5624 5511 
10977 2912 5651 4167 
10978 193 5503 192 
10979 5517 5622 5050 
10980 382 5665 3413 
10981 2545 5605 5339 
10982 3384 5514 3385 
10983 5442 5542 1902 
10984 3664 5590 359 
10985 2995 5522 5174 
10986 5258 5639 2996 
10987 34 5504 33 
10988 2097 5546 5426 
10989 3518 5507 3014 
10990 248 5505 407 
10991 3303 5506 4013 
10992 3250 5696 3252 
10993 427 5613 3446 
10994 5404 5560 1176 
10995 3447 5614 426 
10996 5253 5464 3279 
10997 3057 5638 3805 
10998 3415 5687 5639 
10999 3521 5615 428 
11000 5584 5695 4345 
11001 5400 5574 383 
11002 399 5517 5112 
11003 3057 5710 3451 
11004 3081 5689 5407 
11005 3037 5572 4858 
11006 3297 5626 5364 
11007 5403 5575 3341 
11008 539 5685 5398 
11009 1950 5593 4464 
11010 5198 5530 4506 
11011 3020 5508 3018 
11012 3288 5430 5422 
11013 4330 5600 5470 
11014 5112 5517 3333 
11015 409 5575 5403 
11016 2600 5509 2601 
11017 5399 5631 372 
11018 597 5638 3451 
11019 2573 5510 3289 
11020 5530 5637 3277 
11021 3016 5511 3317 
11022 1088 5568 3400 
11023 5452 5458 3683 
11024 2574 5692 4368 
11025 54 5512 53 
11026 2238 5514 3825 
11027 84 5515 83 
11028 5265 5555 4346 
11029 5540 5653 4318 
11030 3328 5516 3327 
11031 3000 5444 5439 
11032 355 5530 5198 
11033 5523 5640 4247 
11034 3380 5659 5553 
11035 3346 5680 5538 
11036 4357 5674 5434 
11037 5533 5682 3792 
11038 3333 5517 4701 
11039 3255 5601 5480 
11040 4240 5562 3476 
11041 3022 5518 3896 
11042 116 5519 373 
11043 2251 5521 3972 
11044 4148 5520 354 
11045 4322 5623 4323 
11046 3640 5529 3446 
11047 4578 5601 3255 
11048 389 5630 4369 
11049 5421 5612 3471 
11050 5534 5570 3246 
11051 3173 5540 5349 
11052 5438 5595 3298 
11053 3041 5523 4729 
11054 3029 5524 3031 
11055 3422 5617 3511 
11056 5451 5660 3338 
11057 2511 5527 2224 
11058 3375 5525 4844 
11059 4163 5559 369 
11060 4360 5571 390 
11061 199 5528 403 
11062 4333 5530 355 
11063 71 5531 70 
11064 122 5532 121 
11065 386 5656 4363 
11066 3258 5620 3304 
11067 2564 5607 3004 
11068 3354 5705 5541 
11069 3245 5534 3246 
11070 4267 5553 336 
11071 4499 5535 2753 
11072 338 5536 4261 
11073 1976 5458 5452 
11074 4374 5711 3210 
11075 4957 5660 375 
11076 5484 5496 4480 
11077 3024 5537 3771 
11078 5066 5529 3374 
11079 2971 5618 5206 
11080 4649 5526 5182 
11081 1950 5702 4290 
11082 361 5608 5512 
11083 4305 5538 4306 
11084 5470 5600 3028 
11085 4353 5589 4352 
11086 5555 5656 386 
11087 3376 5539 3350 
11088 3469 5612 5381 
11089 4725 5540 3173 
11090 132 5541 368 
11091 413 5606 3433 
11092 5513 5647 3036 
11093 3527 5542 3525 
11094 4166 5651 5544 
11095 4269 5610 410 
11096 3372 5543 3320 
11097 5393 5572 3037 
11098 2219 5544 4680 
11099 5532 5632 408 
11100 3312 5545 3310 
11101 4578 5700 5601 
11102 4707 5546 2097 
11103 3804 5547 3296 
11104 5487 5611 2233 
11105 4060 5557 4058 
11106 3417 5673 5574 
11107 2055 5548 3808 
11108 3257 5574 5400 
11109 401 5677 5569 
11110 3345 5549 3033 
11111 3805 5638 5547 
11112 3294 5550 3039 
11113 4296 5599 4350 
11114 5520 5623 4322 
11115 4858 5572 2583 
11116 291 5551 290 
11117 4366 5579 263 
11118 139 5580 4372 
11119 3313 5552 2905 
11120 5454 5573 2847 
11121 3519 5698 2994 
11122 359 5590 5441 
11123 3525 5542 5442 
11124 1875 5554 1945 
11125 4346 5555 4347 
11126 404 5619 5531 
11127 5462 5584 378 
11128 162 5556 161 
11129 975 5496 5484 
11130 30 5558 331 
11131 5596 5685 539 
11132 5288 5553 4267 
11133 3819 5565 3063 
11134 3526 5559 3527 
11135 5281 5704 3649 
11136 382 5629 5437 
11137 3368 5713 4336 
11138 1176 5560 1216 
11139 3253 5557 5097 
11140 5349 5540 4316 
11141 627 5561 318 
11142 5407 5689 3401 
11143 5050 5622 3343 
11144 4297 5679 5554 
11145 4297 5563 4282 
11146 4332 5562 421 
11147 5573 5663 3340 
11148 5626 5712 4257 
11149 4273 5654 342 
11150 5511 5624 3317 
11151 2264 5564 2755 
11152 5562 5666 3476 
11153 708 5565 3399 
11154 4373 5711 4374 
11155 3346 5566 3003 
11156 401 5569 5440 
11157 5516 5633 3327 
11158 84 5635 5515 
11159 3755 5624 344 
11160 4391 5599 4296 
11161 5535 5589 3431 
11162 294 5567 293 
11163 4301 5693 3027 
11164 4360 5672 5571 
11165 3272 5569 3061 
11166 3263 5674 4343 
11167 5509 5618 2971 
11168 4331 5573 5454 
11169 4368 5692 5234 
11170 376 5597 5241 
11171 3210 5571 3209 
11172 3041 5640 5523 
11173 3285 5553 5288 
11174 3695 5706 402 
11175 3246 5577 3816 
11176 3474 5666 365 
11177 2511 5649 5527 
11178 2754 5607 2564 
11179 4333 5637 5530 
11180 5149 5677 3773 
11181 3482 5714 3301 
11182 2964 5603 3367 
11183 2847 5573 2497 
11184 3341 5575 4638 
11185 399 5622 5517 
11186 4290 5702 5243 
11187 3256 5574 3257 
11188 5610 5684 5042 
11189 4329 5600 4330 
11190 367 5658 4340 
11191 3038 5568 5192 
11192 2553 5712 5626 
11193 4358 5703 5630 
11194 4271 5575 409 
11195 5590 5668 4852 
11196 299 5576 298 
11197 4725 5653 5540 
11198 3277 5637 3423 
11199 3431 5589 4353 
11200 4340 5658 4341 
11201 5544 5651 4680 
11202 5480 5601 4259 
11203 5545 5654 3310 
11204 109 5578 108 
11205 5543 5616 3319 
11206 4367 5579 4366 
11207 4372 5580 4373 
11208 263 5579 262 
11209 140 5580 139 
11210 5594 5708 3429 
11211 3416 5620 3258 
11212 2906 5582 4784 
11213 4294 5583 4391 
11214 4318 5653 4319 
11215 3281 5584 3282 
11216 189 5585 188 
11217 2763 5713 3368 
11218 3371 5587 3370 
11219 4300 5586 4301 
11220 425 5591 3352 
11221 324 5613 427 
11222 426 5614 265 
11223 4247 5640 4248 
11224 428 5615 280 
11225 2275 5686 3511 
11226 3374 5627 3373 
11227 5630 5703 3289 
11228 4975 5588 2555 
11229 4369 5630 5510 
11230 3248 5592 3250 
11231 3027 5693 4514 
11232 3004 5607 5491 
11233 5525 5602 3308 
11234 4295 5593 4291 
11235 3867 5596 3316 
11236 78 5594 77 
11237 3298 5595 3299 
11238 3412 5689 5629 
11239 376 5694 5597 
11240 3304 5620 5505 
11241 4332 5666 5562 
11242 3762 5598 3763 
11243 3214 5685 3886 
11244 4448 5672 4359 
11245 5139 5708 351 
11246 5564 5671 2755 
11247 4358 5630 389 
11248 3202 5597 5104 
11249 4350 5599 4354 
11250 3028 5600 4454 
11251 3692 5602 360 
11252 4167 5651 4166 
11253 4259 5601 405 
11254 370 5598 5334 
11255 2908 5670 5521 
11256 3835 5696 398 
11257 5571 5672 3209 
11258 5601 5700 405 
11259 2066 5605 2062 
11260 4306 5606 413 
11261 3348 5708 5139 
11262 3446 5613 177 
11263 49 5614 3447 
11264 410 5610 5506 
11265 176 5615 3521 
11266 236 5609 235 
11267 3662 5616 362 
11268 2233 5611 2246 
11269 3487 5608 3278 
11270 565 5667 3448 
11271 5396 5642 89 
11272 215 5643 5397 
11273 4514 5693 3313 
11274 5589 5683 4352 
11275 3357 5677 5149 
11276 5553 5659 336 
11277 4881 5678 3453 
11278 2276 5617 2579 
11279 3649 5618 3441 
11280 3282 5584 5462 
11281 3710 5572 5393 
11282 189 5691 5585 
11283 3748 5619 3742 
11284 5657 5701 5587 
11285 3772 5622 399 
11286 3281 5695 5584 
11287 2561 5621 3363 
11288 3476 5666 3474 
11289 5512 5608 3487 
11290 4419 5623 3040 
11291 5440 5569 3272 
11292 3317 5624 3337 
11293 2584 5625 3366 
11294 2553 5626 2245 
11295 5364 5626 4257 
11296 115 5628 114 
11297 4359 5672 4360 
11298 3275 5700 4578 
11299 242 5631 241 
11300 3040 5623 5520 
11301 3305 5632 3307 
11302 3327 5633 4861 
11303 85 5635 84 
11304 3393 5634 3391 
11305 5225 5694 376 
11306 2996 5639 2984 
11307 3316 5636 3314 
11308 419 5637 4333 
11309 5273 5603 2964 
11310 2987 5641 2990 
11311 4531 5640 3041 
11312 88 5642 430 
11313 429 5643 216 
11314 431 5644 11 
11315 137 5645 432 
11316 2508 5647 3200 
11317 68 5646 67 
11318 3336 5648 5551 
11319 3382 5661 3276 
11320 3335 5648 3336 
11321 5339 5605 4312 
11322 4473 5649 2511 
11323 3307 5632 5532 
11324 5597 5694 5104 
11325 4404 5650 2036 
11326 4680 5651 2912 
11327 3310 5654 3309 
11328 3021 5665 5437 
11329 2563 5653 4725 
11330 3350 5656 3349 
11331 368 5705 3471 
11332 395 5668 3664 
11333 3444 5631 5399 
11334 3392 5657 3393 
11335 336 5659 118 
11336 2242 5655 5051 
11337 3349 5656 5555 
11338 320 5662 319 
11339 347 5663 4331 
11340 3291 5660 4957 
11341 2656 5664 2654 
11342 365 5666 4332 
11343 3906 5667 3381 
11344 3405 5647 5513 
11345 5398 5685 3214 
11346 3329 5669 3331 
11347 5482 5678 4253 
11348 5437 5665 382 
11349 3359 5694 5225 
11350 3455 5670 3398 
11351 5243 5679 4286 
11352 5531 5619 3748 
11353 3209 5672 4448 
11354 2755 5671 4736 
11355 3773 5677 401 
11356 5255 5700 3275 
11357 383 5673 134 
11358 5441 5590 2979 
11359 2273 5675 2275 
11360 4343 5674 364 
11361 5547 5638 597 
11362 2480 5676 4595 
11363 3370 5710 3057 
11364 3792 5682 3342 
11365 3276 5661 5234 
11366 3289 5703 5434 
11367 4257 5712 4256 
11368 423 5681 4342 
11369 332 5684 4269 
11370 2088 5683 2226 
11371 3991 5690 3334 
11372 4357 5703 4358 
11373 3259 5688 4801 
11374 190 5691 189 
11375 4451 5692 2574 
11376 405 5700 5255 
11377 5381 5612 2967 
11378 4581 5695 3281 
11379 240 5697 330 
11380 406 5699 4274 
11381 3441 5618 5509 
11382 1946 5702 1950 
11383 341 5707 201 
11384 153 5709 152 
11385 226 5715 225 
11386 3429 5708 3348 
11387 5331 5680 5088 
11388 3404 5698 3403 
11389 5446 5712 2553 
11390 5206 5704 3005 
11391 430 5642 5396 
11392 5397 5643 429 
11393 5104 5694 3359 
11394 5434 5674 3263 
11395 2226 5683 5589 
11396 5574 5673 383 
11397 3392 5701 5657 
11398 1945 5679 5243 
11399 5571 5711 390 
11400 3005 5704 5281 
11401 375 5660 5451 
11402 5550 5658 367 
11403 5437 5629 2974 
11404 5491 5607 4314 
11405 5529 5627 3374 
11406 5570 5577 3246 
11407 4331 5663 5573 
11408 5506 5610 4013 
11409 360 5602 5525 
11410 4306 5680 5331 
11411 362 5616 5543 
11412 5290 5713 2763 
11413 3385 5577 5570 
11414 3453 5678 5482 
11415 5505 5620 407 
11416 5521 5670 3455 
11417 5510 5630 3289 
11418 3640 5627 5529 
11419 3664 5668 5590 
11420 5541 5705 368 
11421 5434 5703 4357 
11422 4256 5712 5446 
11423 4269 5684 5610 
11424 398 5696 5592 
11425 5494 5710 3370 
11426 3313 5693 5586 
11427 5587 5701 599 
11428 3294 5658 5550 
11429 5538 5680 4306 
11430 3371 5657 5587 
11431 3301 5714 5561 
11432 5554 5679 1945 
11433 3334 5690 5567 
11434 3210 5711 5571 
11435 5586 5693 4301 
11436 5592 5696 3250 
11437 5675 5686 2275 
11438 3397 5686 5675 
$EndElements
