$MeshFormat
4.1 0 8
$EndMeshFormat
$Entities
10 10 1 0
1 0 0 0 0 
2 0.4 0 0 0 
3 0.6 0 0 0 
4 1 0 0 0 
5 0 0.5 0 0 
6 0.4 0.5 0 0 
7 0.6 0.5 0 0 
8 1 0.5 0 0 
11 0.5 0.1 0 0 
12 0.5 0.4 0 0 
1 -1.000000000028756e-07 -1e-07 -1e-07 0.4000001 1e-07 1e-07 0 2 1 -2 
2 0.5999999 -1e-07 -1e-07 1.0000001 1e-07 1e-07 0 2 3 -4 
3 0.9999999000000001 -9.999999997511999e-08 -1e-07 1.0000001 0.5000000999999999 1e-07 0 2 4 -8 
4 0.5999999 0.4999999 -1e-07 1.0000001 0.5000000999999999 1e-07 0 2 8 -7 
5 -1.000000000028756e-07 0.4999999 -1e-07 0.4000001 0.5000000999999999 1e-07 0 2 6 -5 
6 -1e-07 -9.999999997511999e-08 -1e-07 1e-07 0.5000000999999999 1e-07 0 2 5 -1 
7 0.3999999 -1.000000000098145e-07 -1e-07 0.5000000999999999 0.1000001 1e-07 0 2 2 -11 
8 0.4999999 0.3999999 -1e-07 0.6000000999999999 0.5000000999999999 1e-07 0 2 7 -12 
9 0.4999999 -9.999999997511999e-08 -1e-07 0.6000000999999999 0.1000001 1e-07 0 2 11 -3 
10 0.3999999 0.3999999 -1e-07 0.5000000999999999 0.5000000999999999 1e-07 0 2 12 -6 
1 -9.999999994736442e-08 -1.000000000306311e-07 -1e-07 1.0000001 0.5000000999999999 1e-07 0 10 1 7 9 2 3 4 8 10 5 6 
$EndEntities
$Nodes
21 3368 1 3368
0 1 0 1
1
0 0 0
0 2 0 1
2
0.4 0 0
0 3 0 1
3
0.6 0 0
0 4 0 1
4
1 0 0
0 5 0 1
5
0 0.5 0
0 6 0 1
6
0.4 0.5 0
0 7 0 1
7
0.6 0.5 0
0 8 0 1
8
1 0.5 0
0 11 0 1
9
0.5 0.1 0
0 12 0 1
10
0.5 0.4 0
1 1 0 30
11
12
13
14
15
16
17
18
19
20
21
22
23
24
25
26
27
28
29
30
31
32
33
34
35
36
37
38
39
40
0.0129032258064516 0 0
0.02580645161290319 0 0
0.03870967741935479 0 0
0.0516129032258064 0 0
0.06451612903225799 0 0
0.07741935483870957 0 0
0.09032258064516116 0 0
0.1032258064516128 0 0
0.1161290322580643 0 0
0.129032258064516 0 0
0.1419354838709675 0 0
0.1548387096774191 0 0
0.1677419354838707 0 0
0.1806451612903223 0 0
0.1935483870967739 0 0
0.2064516129032254 0 0
0.2193548387096771 0 0
0.2322580645161287 0 0
0.2451612903225803 0 0
0.258064516129032 0 0
0.2709677419354836 0 0
0.2838709677419353 0 0
0.2967741935483869 0 0
0.3096774193548385 0 0
0.3225806451612901 0 0
0.3354838709677418 0 0
0.3483870967741934 0 0
0.3612903225806451 0 0
0.3741935483870967 0 0
0.3870967741935484 0 0
1 2 0 30
41
42
43
44
45
46
47
48
49
50
51
52
53
54
55
56
57
58
59
60
61
62
63
64
65
66
67
68
69
70
0.6129032258064516 0 0
0.6258064516129032 0 0
0.6387096774193548 0 0
0.6516129032258063 0 0
0.664516129032258 0 0
0.6774193548387095 0 0
0.6903225806451612 0 0
0.7032258064516127 0 0
0.7161290322580643 0 0
0.7290322580645159 0 0
0.7419354838709675 0 0
0.7548387096774191 0 0
0.7677419354838707 0 0
0.7806451612903222 0 0
0.7935483870967739 0 0
0.8064516129032254 0 0
0.8193548387096771 0 0
0.8322580645161286 0 0
0.8451612903225802 0 0
0.8580645161290319 0 0
0.8709677419354835 0 0
0.8838709677419352 0 0
0.8967741935483868 0 0
0.9096774193548385 0 0
0.9225806451612901 0 0
0.9354838709677418 0 0
0.9483870967741934 0 0
0.9612903225806451 0 0
0.9741935483870967 0 0
0.9870967741935484 0 0
1 3 0 37
71
72
73
74
75
76
77
78
79
80
81
82
83
84
85
86
87
88
89
90
91
92
93
94
95
96
97
98
99
100
101
102
103
104
105
106
107
1 0.01315789473684213 0
1 0.02631578947368426 0
1 0.0394736842105264 0
1 0.05263157894736853 0
1 0.06578947368421066 0
1 0.07894736842105279 0
1 0.09210526315789494 0
1 0.1052631578947371 0
1 0.1184210526315791 0
1 0.1315789473684212 0
1 0.1447368421052634 0
1 0.1578947368421054 0
1 0.1710526315789475 0
1 0.1842105263157897 0
1 0.1973684210526317 0
1 0.2105263157894738 0
1 0.223684210526316 0
1 0.236842105263158 0
1 0.2500000000000002 0
1 0.2631578947368422 0
1 0.2763157894736843 0
1 0.2894736842105264 0
1 0.3026315789473685 0
1 0.3157894736842106 0
1 0.3289473684210527 0
1 0.3421052631578948 0
1 0.3552631578947369 0
1 0.368421052631579 0
1 0.3815789473684211 0
1 0.3947368421052632 0
1 0.4078947368421053 0
1 0.4210526315789473 0
1 0.4342105263157895 0
1 0.4473684210526316 0
1 0.4605263157894737 0
1 0.4736842105263158 0
1 0.4868421052631579 0
1 4 0 30
108
109
110
111
112
113
114
115
116
117
118
119
120
121
122
123
124
125
126
127
128
129
130
131
132
133
134
135
136
137
0.9870967741935484 0.5 0
0.9741935483870968 0.5 0
0.9612903225806452 0.5 0
0.9483870967741936 0.5 0
0.935483870967742 0.5 0
0.9225806451612905 0.5 0
0.9096774193548388 0.5 0
0.8967741935483873 0.5 0
0.8838709677419356 0.5 0
0.870967741935484 0.5 0
0.8580645161290325 0.5 0
0.8451612903225809 0.5 0
0.8322580645161293 0.5 0
0.8193548387096777 0.5 0
0.8064516129032262 0.5 0
0.7935483870967746 0.5 0
0.7806451612903229 0.5 0
0.7677419354838713 0.5 0
0.7548387096774196 0.5 0
0.741935483870968 0.5 0
0.7290322580645163 0.5 0
0.7161290322580647 0.5 0
0.7032258064516131 0.5 0
0.6903225806451615 0.5 0
0.6774193548387099 0.5 0
0.6645161290322582 0.5 0
0.6516129032258066 0.5 0
0.6387096774193549 0.5 0
0.6258064516129033 0.5 0
0.6129032258064516 0.5 0
1 5 0 30
138
139
140
141
142
143
144
145
146
147
148
149
150
151
152
153
154
155
156
157
158
159
160
161
162
163
164
165
166
167
0.3870967741935484 0.5 0
0.3741935483870968 0.5 0
0.3612903225806453 0.5 0
0.3483870967741936 0.5 0
0.335483870967742 0.5 0
0.3225806451612905 0.5 0
0.3096774193548388 0.5 0
0.2967741935483873 0.5 0
0.2838709677419357 0.5 0
0.2709677419354841 0.5 0
0.2580645161290325 0.5 0
0.2451612903225809 0.5 0
0.2322580645161293 0.5 0
0.2193548387096777 0.5 0
0.2064516129032262 0.5 0
0.1935483870967746 0.5 0
0.180645161290323 0.5 0
0.1677419354838713 0.5 0
0.1548387096774197 0.5 0
0.141935483870968 0.5 0
0.1290322580645164 0.5 0
0.1161290322580648 0.5 0
0.1032258064516132 0.5 0
0.09032258064516152 0.5 0
0.07741935483870988 0.5 0
0.06451612903225823 0.5 0
0.05161290322580658 0.5 0
0.03870967741935494 0.5 0
0.02580645161290329 0.5 0
0.01290322580645165 0.5 0
1 6 0 37
168
169
170
171
172
173
174
175
176
177
178
179
180
181
182
183
184
185
186
187
188
189
190
191
192
193
194
195
196
197
198
199
200
201
202
203
204
0 0.4868421052631579 0
0 0.4736842105263157 0
0 0.4605263157894736 0
0 0.4473684210526315 0
0 0.4342105263157893 0
0 0.4210526315789472 0
0 0.4078947368421051 0
0 0.3947368421052629 0
0 0.3815789473684209 0
0 0.3684210526315788 0
0 0.3552631578947366 0
0 0.3421052631578946 0
0 0.3289473684210524 0
0 0.3157894736842103 0
0 0.3026315789473683 0
0 0.2894736842105262 0
0 0.2763157894736841 0
0 0.263157894736842 0
0 0.2499999999999998 0
0 0.2368421052631578 0
0 0.2236842105263157 0
0 0.2105263157894736 0
0 0.1973684210526315 0
0 0.1842105263157894 0
0 0.1710526315789473 0
0 0.1578947368421052 0
0 0.1447368421052631 0
0 0.131578947368421 0
0 0.1184210526315789 0
0 0.1052631578947368 0
0 0.09210526315789475 0
0 0.07894736842105265 0
0 0.06578947368421051 0
0 0.05263157894736836 0
0 0.03947368421052627 0
0 0.02631578947368424 0
0 0.01315789473684209 0
1 7 0 11
205
206
207
208
209
210
211
212
213
214
215
0.400855513862619 0.01305261922200517 0
0.4034074173710932 0.02588190451025211 0
0.4076120467488714 0.03826834323650904 0
0.4133974596215562 0.05000000000000004 0
0.4206646659708766 0.06087614290087215 0
0.4292893218813454 0.07071067811865485 0
0.4391238570991282 0.07933533402912364 0
0.4500000000000002 0.08660254037844395 0
0.4617316567634912 0.09238795325112874 0
0.474118095489748 0.09659258262890683 0
0.4869473807779948 0.09914448613738101 0
1 8 0 11
216
217
218
219
220
221
222
223
224
225
226
0.599144486137381 0.4869473807779948 0
0.5965925826289068 0.4741180954897479 0
0.5923879532511287 0.461731656763491 0
0.5866025403784438 0.45 0
0.5793353340291234 0.4391238570991279 0
0.5707106781186546 0.4292893218813452 0
0.5608761429008718 0.4206646659708764 0
0.5499999999999997 0.413397459621556 0
0.5382683432365087 0.4076120467488712 0
0.525881904510252 0.4034074173710931 0
0.5130526192220051 0.400855513862619 0
1 9 0 11
227
228
229
230
231
232
233
234
235
236
237
0.5130526192220052 0.09914448613738104 0
0.5258819045102521 0.09659258262890683 0
0.5382683432365091 0.09238795325112864 0
0.55 0.08660254037844382 0
0.5608761429008722 0.07933533402912342 0
0.5707106781186548 0.07071067811865465 0
0.5793353340291236 0.06087614290087188 0
0.5866025403784439 0.04999999999999982 0
0.5923879532511287 0.03826834323650888 0
0.5965925826289069 0.02588190451025199 0
0.599144486137381 0.01305261922200508 0
1 10 0 11
238
239
240
241
242
243
244
245
246
247
248
0.4869473807779948 0.400855513862619 0
0.4741180954897479 0.4034074173710932 0
0.461731656763491 0.4076120467488714 0
0.45 0.4133974596215562 0
0.4391238570991279 0.4206646659708765 0
0.4292893218813452 0.4292893218813454 0
0.4206646659708764 0.4391238570991281 0
0.413397459621556 0.4500000000000002 0
0.4076120467488712 0.4617316567634912 0
0.4034074173710932 0.474118095489748 0
0.400855513862619 0.4869473807779949 0
2 1 0 3120
249
250
251
252
253
254
255
256
257
258
259
260
261
262
263
264
265
266
267
268
269
270
271
272
273
274
275
276
277
278
279
280
281
282
283
284
285
286
287
288
289
290
291
292
293
294
295
296
297
298
299
300
301
302
303
304
305
306
307
308
309
310
311
312
313
314
315
316
317
318
319
320
321
322
323
324
325
326
327
328
329
330
331
332
333
334
335
336
337
338
339
340
341
342
343
344
345
346
347
348
349
350
351
352
353
354
355
356
357
358
359
360
361
362
363
364
365
366
367
368
369
370
371
372
373
374
375
376
377
378
379
380
381
382
383
384
385
386
387
388
389
390
391
392
393
394
395
396
397
398
399
400
401
402
403
404
405
406
407
408
409
410
411
412
413
414
415
416
417
418
419
420
421
422
423
424
425
426
427
428
429
430
431
432
433
434
435
436
437
438
439
440
441
442
443
444
445
446
447
448
449
450
451
452
453
454
455
456
457
458
459
460
461
462
463
464
465
466
467
468
469
470
471
472
473
474
475
476
477
478
479
480
481
482
483
484
485
486
487
488
489
490
491
492
493
494
495
496
497
498
499
500
501
502
503
504
505
506
507
508
509
510
511
512
513
514
515
516
517
518
519
520
521
522
523
524
525
526
527
528
529
530
531
532
533
534
535
536
537
538
539
540
541
542
543
544
545
546
547
548
549
550
551
552
553
554
555
556
557
558
559
560
561
562
563
564
565
566
567
568
569
570
571
572
573
574
575
576
577
578
579
580
581
582
583
584
585
586
587
588
589
590
591
592
593
594
595
596
597
598
599
600
601
602
603
604
605
606
607
608
609
610
611
612
613
614
615
616
617
618
619
620
621
622
623
624
625
626
627
628
629
630
631
632
633
634
635
636
637
638
639
640
641
642
643
644
645
646
647
648
649
650
651
652
653
654
655
656
657
658
659
660
661
662
663
664
665
666
667
668
669
670
671
672
673
674
675
676
677
678
679
680
681
682
683
684
685
686
687
688
689
690
691
692
693
694
695
696
697
698
699
700
701
702
703
704
705
706
707
708
709
710
711
712
713
714
715
716
717
718
719
720
721
722
723
724
725
726
727
728
729
730
731
732
733
734
735
736
737
738
739
740
741
742
743
744
745
746
747
748
749
750
751
752
753
754
755
756
757
758
759
760
761
762
763
764
765
766
767
768
769
770
771
772
773
774
775
776
777
778
779
780
781
782
783
784
785
786
787
788
789
790
791
792
793
794
795
796
797
798
799
800
801
802
803
804
805
806
807
808
809
810
811
812
813
814
815
816
817
818
819
820
821
822
823
824
825
826
827
828
829
830
831
832
833
834
835
836
837
838
839
840
841
842
843
844
845
846
847
848
849
850
851
852
853
854
855
856
857
858
859
860
861
862
863
864
865
866
867
868
869
870
871
872
873
874
875
876
877
878
879
880
881
882
883
884
885
886
887
888
889
890
891
892
893
894
895
896
897
898
899
900
901
902
903
904
905
906
907
908
909
910
911
912
913
914
915
916
917
918
919
920
921
922
923
924
925
926
927
928
929
930
931
932
933
934
935
936
937
938
939
940
941
942
943
944
945
946
947
948
949
950
951
952
953
954
955
956
957
958
959
960
961
962
963
964
965
966
967
968
969
970
971
972
973
974
975
976
977
978
979
980
981
982
983
984
985
986
987
988
989
990
991
992
993
994
995
996
997
998
999
1000
1001
1002
1003
1004
1005
1006
1007
1008
1009
1010
1011
1012
1013
1014
1015
1016
1017
1018
1019
1020
1021
1022
1023
1024
1025
1026
1027
1028
1029
1030
1031
1032
1033
1034
1035
1036
1037
1038
1039
1040
1041
1042
1043
1044
1045
1046
1047
1048
1049
1050
1051
1052
1053
1054
1055
1056
1057
1058
1059
1060
1061
1062
1063
1064
1065
1066
1067
1068
1069
1070
1071
1072
1073
1074
1075
1076
1077
1078
1079
1080
1081
1082
1083
1084
1085
1086
1087
1088
1089
1090
1091
1092
1093
1094
1095
1096
1097
1098
1099
1100
1101
1102
1103
1104
1105
1106
1107
1108
1109
1110
1111
1112
1113
1114
1115
1116
1117
1118
1119
1120
1121
1122
1123
1124
1125
1126
1127
1128
1129
1130
1131
1132
1133
1134
1135
1136
1137
1138
1139
1140
1141
1142
1143
1144
1145
1146
1147
1148
1149
1150
1151
1152
1153
1154
1155
1156
1157
1158
1159
1160
1161
1162
1163
1164
1165
1166
1167
1168
1169
1170
1171
1172
1173
1174
1175
1176
1177
1178
1179
1180
1181
1182
1183
1184
1185
1186
1187
1188
1189
1190
1191
1192
1193
1194
1195
1196
1197
1198
1199
1200
1201
1202
1203
1204
1205
1206
1207
1208
1209
1210
1211
1212
1213
1214
1215
1216
1217
1218
1219
1220
1221
1222
1223
1224
1225
1226
1227
1228
1229
1230
1231
1232
1233
1234
1235
1236
1237
1238
1239
1240
1241
1242
1243
1244
1245
1246
1247
1248
1249
1250
1251
1252
1253
1254
1255
1256
1257
1258
1259
1260
1261
1262
1263
1264
1265
1266
1267
1268
1269
1270
1271
1272
1273
1274
1275
1276
1277
1278
1279
1280
1281
1282
1283
1284
1285
1286
1287
1288
1289
1290
1291
1292
1293
1294
1295
1296
1297
1298
1299
1300
1301
1302
1303
1304
1305
1306
1307
1308
1309
1310
1311
1312
1313
1314
1315
1316
1317
1318
1319
1320
1321
1322
1323
1324
1325
1326
1327
1328
1329
1330
1331
1332
1333
1334
1335
1336
1337
1338
1339
1340
1341
1342
1343
1344
1345
1346
1347
1348
1349
1350
1351
1352
1353
1354
1355
1356
1357
1358
1359
1360
1361
1362
1363
1364
1365
1366
1367
1368
1369
1370
1371
1372
1373
1374
1375
1376
1377
1378
1379
1380
1381
1382
1383
1384
1385
1386
1387
1388
1389
1390
1391
1392
1393
1394
1395
1396
1397
1398
1399
1400
1401
1402
1403
1404
1405
1406
1407
1408
1409
1410
1411
1412
1413
1414
1415
1416
1417
1418
1419
1420
1421
1422
1423
1424
1425
1426
1427
1428
1429
1430
1431
1432
1433
1434
1435
1436
1437
1438
1439
1440
1441
1442
1443
1444
1445
1446
1447
1448
1449
1450
1451
1452
1453
1454
1455
1456
1457
1458
1459
1460
1461
1462
1463
1464
1465
1466
1467
1468
1469
1470
1471
1472
1473
1474
1475
1476
1477
1478
1479
1480
1481
1482
1483
1484
1485
1486
1487
1488
1489
1490
1491
1492
1493
1494
1495
1496
1497
1498
1499
1500
1501
1502
1503
1504
1505
1506
1507
1508
1509
1510
1511
1512
1513
1514
1515
1516
1517
1518
1519
1520
1521
1522
1523
1524
1525
1526
1527
1528
1529
1530
1531
1532
1533
1534
1535
1536
1537
1538
1539
1540
1541
1542
1543
1544
1545
1546
1547
1548
1549
1550
1551
1552
1553
1554
1555
1556
1557
1558
1559
1560
1561
1562
1563
1564
1565
1566
1567
1568
1569
1570
1571
1572
1573
1574
1575
1576
1577
1578
1579
1580
1581
1582
1583
1584
1585
1586
1587
1588
1589
1590
1591
1592
1593
1594
1595
1596
1597
1598
1599
1600
1601
1602
1603
1604
1605
1606
1607
1608
1609
1610
1611
1612
1613
1614
1615
1616
1617
1618
1619
1620
1621
1622
1623
1624
1625
1626
1627
1628
1629
1630
1631
1632
1633
1634
1635
1636
1637
1638
1639
1640
1641
1642
1643
1644
1645
1646
1647
1648
1649
1650
1651
1652
1653
1654
1655
1656
1657
1658
1659
1660
1661
1662
1663
1664
1665
1666
1667
1668
1669
1670
1671
1672
1673
1674
1675
1676
1677
1678
1679
1680
1681
1682
1683
1684
1685
1686
1687
1688
1689
1690
1691
1692
1693
1694
1695
1696
1697
1698
1699
1700
1701
1702
1703
1704
1705
1706
1707
1708
1709
1710
1711
1712
1713
1714
1715
1716
1717
1718
1719
1720
1721
1722
1723
1724
1725
1726
1727
1728
1729
1730
1731
1732
1733
1734
1735
1736
1737
1738
1739
1740
1741
1742
1743
1744
1745
1746
1747
1748
1749
1750
1751
1752
1753
1754
1755
1756
1757
1758
1759
1760
1761
1762
1763
1764
1765
1766
1767
1768
1769
1770
1771
1772
1773
1774
1775
1776
1777
1778
1779
1780
1781
1782
1783
1784
1785
1786
1787
1788
1789
1790
1791
1792
1793
1794
1795
1796
1797
1798
1799
1800
1801
1802
1803
1804
1805
1806
1807
1808
1809
1810
1811
1812
1813
1814
1815
1816
1817
1818
1819
1820
1821
1822
1823
1824
1825
1826
1827
1828
1829
1830
1831
1832
1833
1834
1835
1836
1837
1838
1839
1840
1841
1842
1843
1844
1845
1846
1847
1848
1849
1850
1851
1852
1853
1854
1855
1856
1857
1858
1859
1860
1861
1862
1863
1864
1865
1866
1867
1868
1869
1870
1871
1872
1873
1874
1875
1876
1877
1878
1879
1880
1881
1882
1883
1884
1885
1886
1887
1888
1889
1890
1891
1892
1893
1894
1895
1896
1897
1898
1899
1900
1901
1902
1903
1904
1905
1906
1907
1908
1909
1910
1911
1912
1913
1914
1915
1916
1917
1918
1919
1920
1921
1922
1923
1924
1925
1926
1927
1928
1929
1930
1931
1932
1933
1934
1935
1936
1937
1938
1939
1940
1941
1942
1943
1944
1945
1946
1947
1948
1949
1950
1951
1952
1953
1954
1955
1956
1957
1958
1959
1960
1961
1962
1963
1964
1965
1966
1967
1968
1969
1970
1971
1972
1973
1974
1975
1976
1977
1978
1979
1980
1981
1982
1983
1984
1985
1986
1987
1988
1989
1990
1991
1992
1993
1994
1995
1996
1997
1998
1999
2000
2001
2002
2003
2004
2005
2006
2007
2008
2009
2010
2011
2012
2013
2014
2015
2016
2017
2018
2019
2020
2021
2022
2023
2024
2025
2026
2027
2028
2029
2030
2031
2032
2033
2034
2035
2036
2037
2038
2039
2040
2041
2042
2043
2044
2045
2046
2047
2048
2049
2050
2051
2052
2053
2054
2055
2056
2057
2058
2059
2060
2061
2062
2063
2064
2065
2066
2067
2068
2069
2070
2071
2072
2073
2074
2075
2076
2077
2078
2079
2080
2081
2082
2083
2084
2085
2086
2087
2088
2089
2090
2091
2092
2093
2094
2095
2096
2097
2098
2099
2100
2101
2102
2103
2104
2105
2106
2107
2108
2109
2110
2111
2112
2113
2114
2115
2116
2117
2118
2119
2120
2121
2122
2123
2124
2125
2126
2127
2128
2129
2130
2131
2132
2133
2134
2135
2136
2137
2138
2139
2140
2141
2142
2143
2144
2145
2146
2147
2148
2149
2150
2151
2152
2153
2154
2155
2156
2157
2158
2159
2160
2161
2162
2163
2164
2165
2166
2167
2168
2169
2170
2171
2172
2173
2174
2175
2176
2177
2178
2179
2180
2181
2182
2183
2184
2185
2186
2187
2188
2189
2190
2191
2192
2193
2194
2195
2196
2197
2198
2199
2200
2201
2202
2203
2204
2205
2206
2207
2208
2209
2210
2211
2212
2213
2214
2215
2216
2217
2218
2219
2220
2221
2222
2223
2224
2225
2226
2227
2228
2229
2230
2231
2232
2233
2234
2235
2236
2237
2238
2239
2240
2241
2242
2243
2244
2245
2246
2247
2248
2249
2250
2251
2252
2253
2254
2255
2256
2257
2258
2259
2260
2261
2262
2263
2264
2265
2266
2267
2268
2269
2270
2271
2272
2273
2274
2275
2276
2277
2278
2279
2280
2281
2282
2283
2284
2285
2286
2287
2288
2289
2290
2291
2292
2293
2294
2295
2296
2297
2298
2299
2300
2301
2302
2303
2304
2305
2306
2307
2308
2309
2310
2311
2312
2313
2314
2315
2316
2317
2318
2319
2320
2321
2322
2323
2324
2325
2326
2327
2328
2329
2330
2331
2332
2333
2334
2335
2336
2337
2338
2339
2340
2341
2342
2343
2344
2345
2346
2347
2348
2349
2350
2351
2352
2353
2354
2355
2356
2357
2358
2359
2360
2361
2362
2363
2364
2365
2366
2367
2368
2369
2370
2371
2372
2373
2374
2375
2376
2377
2378
2379
2380
2381
2382
2383
2384
2385
2386
2387
2388
2389
2390
2391
2392
2393
2394
2395
2396
2397
2398
2399
2400
2401
2402
2403
2404
2405
2406
2407
2408
2409
2410
2411
2412
2413
2414
2415
2416
2417
2418
2419
2420
2421
2422
2423
2424
2425
2426
2427
2428
2429
2430
2431
2432
2433
2434
2435
2436
2437
2438
2439
2440
2441
2442
2443
2444
2445
2446
2447
2448
2449
2450
2451
2452
2453
2454
2455
2456
2457
2458
2459
2460
2461
2462
2463
2464
2465
2466
2467
2468
2469
2470
2471
2472
2473
2474
2475
2476
2477
2478
2479
2480
2481
2482
2483
2484
2485
2486
2487
2488
2489
2490
2491
2492
2493
2494
2495
2496
2497
2498
2499
2500
2501
2502
2503
2504
2505
2506
2507
2508
2509
2510
2511
2512
2513
2514
2515
2516
2517
2518
2519
2520
2521
2522
2523
2524
2525
2526
2527
2528
2529
2530
2531
2532
2533
2534
2535
2536
2537
2538
2539
2540
2541
2542
2543
2544
2545
2546
2547
2548
2549
2550
2551
2552
2553
2554
2555
2556
2557
2558
2559
2560
2561
2562
2563
2564
2565
2566
2567
2568
2569
2570
2571
2572
2573
2574
2575
2576
2577
2578
2579
2580
2581
2582
2583
2584
2585
2586
2587
2588
2589
2590
2591
2592
2593
2594
2595
2596
2597
2598
2599
2600
2601
2602
2603
2604
2605
2606
2607
2608
2609
2610
2611
2612
2613
2614
2615
2616
2617
2618
2619
2620
2621
2622
2623
2624
2625
2626
2627
2628
2629
2630
2631
2632
2633
2634
2635
2636
2637
2638
2639
2640
2641
2642
2643
2644
2645
2646
2647
2648
2649
2650
2651
2652
2653
2654
2655
2656
2657
2658
2659
2660
2661
2662
2663
2664
2665
2666
2667
2668
2669
2670
2671
2672
2673
2674
2675
2676
2677
2678
2679
2680
2681
2682
2683
2684
2685
2686
2687
2688
2689
2690
2691
2692
2693
2694
2695
2696
2697
2698
2699
2700
2701
2702
2703
2704
2705
2706
2707
2708
2709
2710
2711
2712
2713
2714
2715
2716
2717
2718
2719
2720
2721
2722
2723
2724
2725
2726
2727
2728
2729
2730
2731
2732
2733
2734
2735
2736
2737
2738
2739
2740
2741
2742
2743
2744
2745
2746
2747
2748
2749
2750
2751
2752
2753
2754
2755
2756
2757
2758
2759
2760
2761
2762
2763
2764
2765
2766
2767
2768
2769
2770
2771
2772
2773
2774
2775
2776
2777
2778
2779
2780
2781
2782
2783
2784
2785
2786
2787
2788
2789
2790
2791
2792
2793
2794
2795
2796
2797
2798
2799
2800
2801
2802
2803
2804
2805
2806
2807
2808
2809
2810
2811
2812
2813
2814
2815
2816
2817
2818
2819
2820
2821
2822
2823
2824
2825
2826
2827
2828
2829
2830
2831
2832
2833
2834
2835
2836
2837
2838
2839
2840
2841
2842
2843
2844
2845
2846
2847
2848
2849
2850
2851
2852
2853
2854
2855
2856
2857
2858
2859
2860
2861
2862
2863
2864
2865
2866
2867
2868
2869
2870
2871
2872
2873
2874
2875
2876
2877
2878
2879
2880
2881
2882
2883
2884
2885
2886
2887
2888
2889
2890
2891
2892
2893
2894
2895
2896
2897
2898
2899
2900
2901
2902
2903
2904
2905
2906
2907
2908
2909
2910
2911
2912
2913
2914
2915
2916
2917
2918
2919
2920
2921
2922
2923
2924
2925
2926
2927
2928
2929
2930
2931
2932
2933
2934
2935
2936
2937
2938
2939
2940
2941
2942
2943
2944
2945
2946
2947
2948
2949
2950
2951
2952
2953
2954
2955
2956
2957
2958
2959
2960
2961
2962
2963
2964
2965
2966
2967
2968
2969
2970
2971
2972
2973
2974
2975
2976
2977
2978
2979
2980
2981
2982
2983
2984
2985
2986
2987
2988
2989
2990
2991
2992
2993
2994
2995
2996
2997
2998
2999
3000
3001
3002
3003
3004
3005
3006
3007
3008
3009
3010
3011
3012
3013
3014
3015
3016
3017
3018
3019
3020
3021
3022
3023
3024
3025
3026
3027
3028
3029
3030
3031
3032
3033
3034
3035
3036
3037
3038
3039
3040
3041
3042
3043
3044
3045
3046
3047
3048
3049
3050
3051
3052
3053
3054
3055
3056
3057
3058
3059
3060
3061
3062
3063
3064
3065
3066
3067
3068
3069
3070
3071
3072
3073
3074
3075
3076
3077
3078
3079
3080
3081
3082
3083
3084
3085
3086
3087
3088
3089
3090
3091
3092
3093
3094
3095
3096
3097
3098
3099
3100
3101
3102
3103
3104
3105
3106
3107
3108
3109
3110
3111
3112
3113
3114
3115
3116
3117
3118
3119
3120
3121
3122
3123
3124
3125
3126
3127
3128
3129
3130
3131
3132
3133
3134
3135
3136
3137
3138
3139
3140
3141
3142
3143
3144
3145
3146
3147
3148
3149
3150
3151
3152
3153
3154
3155
3156
3157
3158
3159
3160
3161
3162
3163
3164
3165
3166
3167
3168
3169
3170
3171
3172
3173
3174
3175
3176
3177
3178
3179
3180
3181
3182
3183
3184
3185
3186
3187
3188
3189
3190
3191
3192
3193
3194
3195
3196
3197
3198
3199
3200
3201
3202
3203
3204
3205
3206
3207
3208
3209
3210
3211
3212
3213
3214
3215
3216
3217
3218
3219
3220
3221
3222
3223
3224
3225
3226
3227
3228
3229
3230
3231
3232
3233
3234
3235
3236
3237
3238
3239
3240
3241
3242
3243
3244
3245
3246
3247
3248
3249
3250
3251
3252
3253
3254
3255
3256
3257
3258
3259
3260
3261
3262
3263
3264
3265
3266
3267
3268
3269
3270
3271
3272
3273
3274
3275
3276
3277
3278
3279
3280
3281
3282
3283
3284
3285
3286
3287
3288
3289
3290
3291
3292
3293
3294
3295
3296
3297
3298
3299
3300
3301
3302
3303
3304
3305
3306
3307
3308
3309
3310
3311
3312
3313
3314
3315
3316
3317
3318
3319
3320
3321
3322
3323
3324
3325
3326
3327
3328
3329
3330
3331
3332
3333
3334
3335
3336
3337
3338
3339
3340
3341
3342
3343
3344
3345
3346
3347
3348
3349
3350
3351
3352
3353
3354
3355
3356
3357
3358
3359
3360
3361
3362
3363
3364
3365
3366
3367
3368
0.7504792719735476 0.009838303348195299 0
0.2516129032258067 0.4889804996332053 0
0.748945740916959 0.4885502655229486 0
0.2516183368390652 0.01095768420958831 0
0.9885565218057533 0.2434287700266041 0
0.00941140391786105 0.2567075328461553 0
0.4269904015293928 0.4164953321958078 0
0.572973708549436 0.08296349625884775 0
0.4275181579237788 0.08337663629632996 0
0.5722382310702716 0.4165767422280195 0
0.01163391773108274 0.1907919225400481 0
0.9890804413702281 0.3093125067650659 0
0.8129032258064512 0.01117452133915398 0
0.1872649584211533 0.4884897614924217 0
0.8113442861216966 0.4894702136151169 0
0.186858770223214 0.01163396393818306 0
0.9885719545582003 0.177648801616395 0
0.0106616331438249 0.32266262368372 0
0.5372386160909338 0.3947993688488032 0
0.4644227664973349 0.1038031041817201 0
0.5360315952278513 0.1045807808020339 0
0.4643423899375581 0.3957198542906727 0
0.9872255966530314 0.3735222403488556 0
0.01139019441408562 0.1250069510462113 0
0.9887576021732658 0.1237700324508811 0
0.01075818303660808 0.3742118017474051 0
0.3040683616433845 0.4885266109201158 0
0.6967005469512345 0.0113895176657472 0
0.3033949772228136 0.01094607902840036 0
0.6967741935483873 0.488825478660846 0
0.8642950890852934 0.01179936384164534 0
0.133917071784975 0.4878466515003459 0
0.8651088122971886 0.4883372262071498 0
0.135146912570445 0.01153981356181843 0
0.08396965207431822 0.488926102833657 0
0.9166301052357793 0.0104775072762992 0
0.9166291408832432 0.4894814042187979 0
0.08315986312189577 0.009764907428513492 0
0.5986237199057083 0.4504381785095917 0
0.6017405802807152 0.0490588386204108 0
0.400636843084176 0.04981876941051255 0
0.4000337948749277 0.4510759471599798 0
0.01033228495264182 0.4152657964662261 0
0.9894269179664625 0.08534388122020606 0
0.01139507110242677 0.0855263157894737 0
0.9884004913721418 0.4146994100557176 0
0.6579171790009252 0.01111824623300162 0
0.3419354838709678 0.488825478660846 0
0.3419354838709676 0.01117452133915409 0
0.658373244159733 0.4888100720894398 0
0.5058672641497962 0.1125029733948931 0
0.4922312892322071 0.3892238491843619 0
0.9887290979429779 0.4535783090326723 0
0.009126538270805284 0.04590512642935146 0
0.009046781620395017 0.453787329945294 0
0.9886126280314294 0.04601990618478946 0
0.04516129032258093 0.4888254786608459 0
0.9547618377174472 0.0115642643311846 0
0.9547583791003731 0.4884359686773311 0
0.0441202410532549 0.01216844630166666 0
0.0103811976877336 0.3486852094321832 0
0.9880309587085407 0.1512910912658958 0
0.01100607791354047 0.2976861540306618 0
0.9891900504343032 0.2039588582743234 0
0.01177694922124528 0.1514558333276208 0
0.9886049288975731 0.3486842105263158 0
0.01139416108459279 0.2170984117888581 0
0.9893433019494096 0.2828995188546939 0
0.7741935483870965 0.01117452133915398 0
0.2259211810684669 0.4891078151350369 0
0.2774193548387098 0.4890744433986347 0
0.7227823871161349 0.488402773372922 0
0.2258158599053009 0.01088707931895053 0
0.7747993700965802 0.4894216782219574 0
0.16121537660205 0.01156031364967638 0
0.7223539239777654 0.01230453161841144 0
0.2775312003934702 0.01066178812576263 0
0.8387096774193545 0.01117452133915403 0
0.1615047690071577 0.4880089211462537 0
0.8906046478124403 0.01047733753659755 0
0.8911360829506179 0.4892715138189092 0
0.1091051539851154 0.01073787279293362 0
0.8392934496640416 0.487769995437917 0
0.1097380856710462 0.4891621701005702 0
0.632258064516129 0.01094868896766937 0
0.3681030522152718 0.4866048942566397 0
0.3682900183948988 0.01144262572664762 0
0.6322580645161291 0.4890906039547949 0
0.9889231847948068 0.4797392873310727 0
0.01085285317806278 0.01950897578232402 0
0.01055372093805923 0.4804806486753802 0
0.9889235973455992 0.02026141495928707 0
0.3901337302440847 0.4784308856618888 0
0.3901682632305222 0.0221778799621267 0
0.6105941837748932 0.4795501149469955 0
0.6100355781171258 0.02136537594045568 0
0.3951159628559011 0.03683340978966884 0
0.387163562926519 0.04806358786449313 0
0.3930799987580758 0.05998477018963949 0
0.3797444898542173 0.05885243969274628 0
0.3853687291904278 0.07050529712952786 0
0.372812515730047 0.06994816846462582 0
0.378489618647689 0.08159551817757216 0
0.3653382402739808 0.08079669445110532 0
0.3712601658174031 0.09247166075541763 0
0.3581587786218579 0.09159994007209837 0
0.3640140326784548 0.1032988784705371 0
0.351048669442811 0.1024383495601174 0
0.3567354652337199 0.1140964904214032 0
0.3438370330804766 0.1132563572115714 0
0.3494920325797872 0.1249254361177857 0
0.3365508441843348 0.1241028238349237 0
0.3422816890915552 0.1357936201808027 0
0.3292396182233039 0.1349056043244707 0
0.3350225710098884 0.1466308329917596 0
0.3219685759162387 0.145736804797349 0
0.3277607822308778 0.1574705936570331 0
0.3147304474577887 0.156594421578297 0
0.3205021578607349 0.168316876564909 0
0.3074685645271945 0.167440941642241 0
0.3131785568702522 0.1791241025199554 0
0.3001994413936897 0.1782873988441184 0
0.3059391385122755 0.1899919023798802 0
0.2929338367675345 0.1891400706827532 0
0.2986347951033584 0.2008204439495396 0
0.2856587711233541 0.1999871096397713 0
0.2914191952042721 0.2117061058940592 0
0.2783977250543201 0.2108419295805423 0
0.3259996813250524 0.1801110094346056 0
0.2841607302223769 0.2225612034891082 0
0.2711335056866561 0.2216908568884249 0
0.2768303738768743 0.2333678053033692 0
0.2638572714651516 0.232531644401676 0
0.2581085878848131 0.2208204574237706 0
0.250842000375406 0.2316663587998206 0
0.2450993350822376 0.2199633920541762 0
0.2565982676924167 0.2433823602896757 0
0.243576609063328 0.2425107968778913 0
0.2899172423361842 0.2342788798836826 0
0.2493316899514216 0.2542248013745965 0
0.2363108636165357 0.2533524750105348 0
0.2420650617631715 0.2650654232056801 0
0.2290461267341475 0.264192524904735 0
0.2347991977131622 0.2759042163595246 0
0.2217805093208309 0.2750343289641961 0
0.2160247206304326 0.2633193222429975 0
0.2087598972087488 0.2741626811681195 0
0.2030004845897118 0.2624463340674045 0
0.2145158580803689 0.2858759349199018 0
0.2014962468673046 0.2850057824244814 0
0.2944532565988713 0.1665753690136622 0
0.2072535740829848 0.2967149978065259 0
0.1942348853962351 0.295846667511387 0
0.1999908600435695 0.3075533161003544 0
0.1869748214710624 0.3066853348910817 0
0.1927285763066544 0.3183914454077167 0
0.2056163716715754 0.3194482060002097 0
0.1797131607278266 0.3175261935370943 0
0.1739561728588973 0.3058155963252693 0
0.1667058392427449 0.3166651284996967 0
0.2478157629275007 0.2767742205496573 0
0.1609562066208788 0.3049733869091805 0
0.3551219335601478 0.1367630738680948 0
0.1724548115960474 0.3283683303350646 0
0.1594775445061184 0.3275278960759816 0
0.165170053770885 0.3392269914213047 0
0.1522108800767078 0.3383674760383909 0
0.3235437400038764 0.1231511595122801 0
0.1579060473052045 0.3500676927665721 0
0.144926886518314 0.3491880860723197 0
0.139223004629477 0.3375562198342306 0
0.150677083880996 0.3608825016349734 0
0.163587164130231 0.361835905428078 0
0.1376746137670016 0.3600176264629232 0
0.1434271471147711 0.3717102648283271 0
0.1304218689305233 0.3708465917061119 0
0.1361787237837025 0.3825380891838994 0
0.1231734934404375 0.3816781800792579 0
0.1174118383259016 0.3699784443634651 0
0.1101575685541208 0.3808177556335356 0
0.104391695664131 0.3691101010415044 0
0.3451874325133718 0.09079549868870787 0
0.1159212624078284 0.3925156853229542 0
0.1029071585337437 0.3916576206218235 0
0.1086670835871545 0.4033559011508845 0
0.09565848603272198 0.4024955771566043 0
0.3770297263588019 0.1041596272586187 0
0.1014201416835969 0.4141859617001402 0
0.1144169239702471 0.4150415799303367 0
0.08841245797184977 0.4133310543194105 0
0.08264537339134198 0.4016326520872324 0
0.0753952157181722 0.4124786595163151 0
0.08117001345580449 0.4241682530790213 0
0.06814867283263254 0.4233206186215245 0
0.06962188736637154 0.4007698231014735 0
0.3662909588617511 0.05815136642125318 0
0.1491742489666421 0.3833997681837414 0
0.2623551549647336 0.2550980152551343 0
0.1781050886684518 0.3401413011266372 0
0.3043205641302758 0.212567795772631 0
0.2202104551964869 0.2976519011826871 0
0.2798821756293042 0.1882800894188024 0
0.1071809621730349 0.4258622742506465 0
0.1201585825712707 0.426718684782934 0
0.3089041670427753 0.1448709659139722 0
0.3406577065248707 0.1584842928580215 0
0.2305695310013133 0.2416702697819303 0
0.1884778951071238 0.2841357328767039 0
0.07392014879218289 0.4350117156544469 0
0.06090328807331286 0.4341643147603635 0
0.1129334856789321 0.4375252214269292 0
0.1258964429353125 0.4383863743138097 0
0.1331241096822796 0.427585575078943 0
0.1388569652047284 0.4392396850237736 0
0.1460772998145989 0.4284552069934018 0
0.1518064269341074 0.4401023105166496 0
0.1590235484409314 0.4293230241144098 0
0.164751121548712 0.4409579009069345 0
0.1719641170715544 0.4301873458408342 0
0.1776855269411975 0.4418167833101009 0
0.1848987331120731 0.4310472397471286 0
0.1906175343639878 0.4426749117469455 0
0.1978303000891994 0.4319076509475829 0
0.1921113022867691 0.4202754351699802 0
0.2050471494473324 0.421137976118813 0
0.1993270721904066 0.4094995246754498 0
0.2122679669817184 0.4103653361968297 0
0.2179842692110615 0.422005034941797 0
0.2252072309611233 0.4112316217011943 0
0.2194903347179639 0.3995912880161772 0
0.2324349370274006 0.4004595497375575 0
0.2381513540637285 0.4121028024938393 0
0.2453813094943508 0.4013292508325955 0
0.2511377707044424 0.4130148786157434 0
0.2583596461558442 0.4022235454719851 0
0.2526203761489589 0.390546985822439 0
0.2655807194678136 0.3914143267456182 0
0.2713365323029369 0.4031180465099651 0
0.2785555692785099 0.3922965167679829 0
0.2728102377448253 0.3806057991411131 0
0.2857981474778634 0.3814852711967188 0
0.2915301336955595 0.3931725651164993 0
0.2987843815717722 0.3823633806611492 0
0.2930472530901556 0.3706725575369837 0
0.3060458587035287 0.3715537097878118 0
0.3003049630067291 0.3598544268603833 0
0.3133130813518289 0.3607386524616093 0
0.3075744606218571 0.3490343333930982 0
0.3205822575203842 0.3499161568181329 0
0.3263217168393457 0.3616254170656827 0
0.3335937853490104 0.3507993882633385 0
0.3278524232540821 0.3390879730859939 0
0.3408678642297619 0.3399706247453348 0
0.3351240068553619 0.3282553345010035 0
0.3481433981626902 0.3291386829399772 0
0.3424014721362597 0.3174223817079608 0
0.3554211397447587 0.3183043689427484 0
0.3496765631733623 0.3065838017933693 0
0.3626989873283757 0.307465947197516 0
0.3684458083132253 0.319189743503107 0
0.3757260615981193 0.3083508650732293 0
0.3699771905383661 0.2966250940511922 0
0.3830064802562921 0.2975100687606847 0
0.3772571717769069 0.2857837582494578 0
0.3902874059022798 0.2866684347461941 0
0.384537670864214 0.2749416252222157 0
0.3975688615482059 0.275825520943211 0
0.4033196680301924 0.287553851147663 0
0.4106023362926702 0.2767090185868425 0
0.404851135794454 0.2649800957935162 0
0.4178852769963805 0.2658629014190904 0
0.4121336278528954 0.2541327993251338 0
0.4251695892985616 0.2550155079539905 0
0.4309221881097628 0.2667477101675162 0
0.4382070722334428 0.2558987444513905 0
0.4439607929545741 0.2676328239369367 0
0.4512465058289656 0.2567822735366381 0
0.4570013217166911 0.2685178411124071 0
0.4642879745715006 0.2576658646397861 0
0.4700432222898876 0.269402837600931 0
0.4773310784371317 0.2585495980173708 0
0.4830871089136264 0.2702876545457166 0
0.4903747350102085 0.2594336200395604 0
0.4961313623610628 0.2711725020482375 0
0.5034192040557839 0.2603177938430281 0
0.5091755912309559 0.2720571140107836 0
0.5164624343581224 0.2612030321452559 0
0.5222181317990447 0.2729400008839213 0
0.529502747487647 0.2620889128585127 0
0.5352568349111533 0.2738201109313187 0
0.5425385394290747 0.2629763625378116 0
0.548290322537486 0.2747021222845785 0
0.5555670306643363 0.2638453680939352 0
0.5613134967427706 0.2755771464325952 0
0.5685855182334274 0.2647285394081628 0
0.5743266633172346 0.2764549265083708 0
0.5815950532210733 0.2655972954658659 0
0.5873318255741492 0.2773284365487905 0
0.5945938214329697 0.2664794278976026 0
0.6003260611805799 0.2782038640176563 0
0.6075807043420706 0.2673999138767515 0
0.6133104653551859 0.2790904341367135 0
0.620560434717362 0.2682911311554615 0
0.6262849767937776 0.2799648610904909 0
0.6335297243017221 0.2691753380580992 0
0.639251315240579 0.2808404220478302 0
0.646492217401213 0.2700566260876436 0
0.6522100954607952 0.281717610231211 0
0.6594726317494548 0.2708984431104667 0
0.6651711676465704 0.282589451574479 0
0.6724502976798273 0.2717050542193596 0
0.6781350684281489 0.2834568152323536 0
0.6853921428192401 0.2726038603759036 0
0.6910957212105179 0.2843381618870301 0
0.6983381697959025 0.2735480025718376 0
0.7040565023114805 0.2852328734997649 0
0.7113030040590493 0.2744369154715233 0
0.7170272154210429 0.2861135726077713 0
0.7242755946601627 0.2753146979534332 0
0.7300024331086093 0.2869933985798069 0
0.7372528907982954 0.2761942580852059 0
0.7429809703056576 0.2878752549033557 0
0.7315246032607374 0.2645137760680409 0
0.7445042807335029 0.2653931005515443 0
0.7387968854390852 0.2537258191736582 0
0.7517602284382841 0.2545937180033561 0
0.7460534636547329 0.2429264623132454 0
0.7590145877466795 0.2437929587868996 0
0.7532854841634183 0.2321126195207337 0
0.7662644189263903 0.2329874301519759 0
0.7719960460107589 0.2446727876637329 0
0.7792506787569669 0.2338641124432275 0
0.7849853485087288 0.2455548298100457 0
0.6538307137011072 0.2590981156300005 0
0.7735155370257414 0.22217661481173 0
0.7865051669392186 0.223053791467947 0
0.7807945955056619 0.21138225208848 0
0.793763426827641 0.2122460013587459 0
0.6968134283919944 0.2960202128102534 0
0.7880540322484295 0.2005754864274856 0
0.8010188495303432 0.2014371328725129 0
0.7952836423625226 0.189752655609069 0
0.7823990777386916 0.1887860733037624 0
0.8082688446414268 0.1906240083109225 0
0.8140069423787606 0.2023142718160906 0
0.6018683838827968 0.2555865957907816 0
0.8212621925549379 0.1914970485837307 0
0.8269341649493561 0.2031653124756622 0
0.8155220756958599 0.1798067528453129 0
0.8285179615330289 0.1806791742397991 0
0.822776834104979 0.1689889762491842 0
0.835771678298087 0.1698602590731209 0
0.6449753369003797 0.2925024728367346 0
0.5498205202740535 0.2521174182741164 0
0.8300318218620082 0.1581720182763666 0
0.8430261947322288 0.1590444982062876 0
0.4194164880544076 0.2432845452816033 0
0.4715736968542747 0.2468186647384184 0
0.8372861258536615 0.1473624193915331 0
0.8243049530456994 0.1464828907114283 0
0.8502812428938324 0.1482330297878176 0
0.8560252811587821 0.1599223840968318 0
0.6060611455668322 0.2898928050211389 0
0.7357306195235683 0.2986717739129489 0
0.7487037418858484 0.2995548113091779 0
0.7414572878261644 0.3103473294383077 0
0.7544257798100533 0.3112293432169861 0
0.747179178585095 0.3220174179234814 0
0.7601438898108691 0.322900495541571 0
0.7529006292966929 0.3336824478032268 0
0.7658599341156069 0.3345638799007068 0
0.758623733795681 0.345341873851469 0
0.771574165517494 0.3462214945664338 0
0.7788168409045935 0.3354514553210166 0
0.7845216071415895 0.3471360242755152 0
0.7917737969619445 0.3363370859137222 0
0.7974820160677398 0.3480277474764956 0
0.8047359868262021 0.3372132467373941 0
0.8104558752606348 0.3488817570290078 0
0.8177050969762993 0.3380864333051688 0
0.8234275669105438 0.3497596752057078 0
0.8306807077683906 0.3389627290666282 0
0.8364078087854978 0.3506487109977487 0
0.8436652949660906 0.3398419334580263 0
0.8493963244541067 0.3515373368890063 0
0.7457379833707174 0.3445717019903514 0
0.8566594694547018 0.3407217943973708 0
0.8623916807896473 0.3524208246427617 0
0.7643369458418063 0.3570013648729223 0
0.7403809635976629 0.2311167928455072 0
0.5107075112705901 0.249467492997599 0
0.8509244696983949 0.3290246574671804 0
0.8032328430895419 0.3597505996239053 0
0.8632807596444139 0.1490976728728031 0
0.8639274562549559 0.3299032831441262 0
0.8690306051419669 0.1607977424804178 0
0.8551264343791727 0.3632367078949954 0
0.8681221411576647 0.3641230832589411 0
0.8575331303606885 0.137399979310418 0
0.8581870178931876 0.3181969659445605 0
0.8705344104893327 0.1382700824374328 0
0.8711994052237559 0.3190781447141992 0
0.8654554499631617 0.3073658394498552 0
0.8648004135035663 0.1265709663215189 0
0.8777921174637555 0.127445821960856 0
0.8784757609178429 0.3082470956592802 0
0.8727283742190517 0.2965276224970425 0
0.8608552288763216 0.3749334830212352 0
0.8738514682421099 0.3758225709896991 0
0.4627585646330981 0.2802575853656947 0
0.5670623850438031 0.2872864289870747 0
0.3814751986118234 0.3200325856363515 0
0.3045134177896925 0.3940504197938209 0
0.5279759723665644 0.2846680187672936 0
0.8857414318149275 0.2973997481240581 0
0.8800040862325835 0.28568114036282 0
0.8914560482958442 0.3090793293393459 0
0.872066465317372 0.1157222074639607 0
0.8850574763919339 0.1166014502463439 0
0.8907998890113282 0.128317540281694 0
0.866585746806767 0.3866305731779837 0
0.8795813929990905 0.3875207209637735 0
0.8868528690933806 0.3767078883619754 0
0.8925870635892557 0.3884197754231383 0
0.3393333779287034 0.3625118200399706 0
0.8930073341264462 0.2865443166051476 0
0.887279635074127 0.2748727196802331 0
0.8590839335834728 0.1148296837261342 0
0.4063808322652234 0.2424012000223067 0
0.4136632396145876 0.2315543648055618 0
0.8980553822866507 0.1174846525502285 0
0.8923164937226506 0.1057665774353415 0
0.9002942057829462 0.275702298078024 0
0.8945728015790797 0.263980891922081 0
0.8998639705790492 0.3775952646427003 0
0.8524407917240988 0.3064893953954365 0
0.3293900332859101 0.3165309438515475 0
0.3715074493979526 0.2740576605556523 0
0.9038058892673062 0.1291964240133781 0
0.8723131842518395 0.3983238078459239 0
0.8593299892873587 0.3974375129094305 0
0.8742587159500979 0.2740772639901011 0
0.2945628711383711 0.3481519023658644 0
0.4006292210605578 0.230672616887532 0
0.4079099141589646 0.2198257114854266 0
0.9056029977711626 0.3893204570582075 0
0.9053102391848628 0.1066504589307276 0
0.8995624178983281 0.09494634619916895 0
0.907579327014882 0.2648394250294214 0
0.9018815669394538 0.2531043255329224 0
0.7990169326333172 0.3255629459575106 0
0.9132659945614992 0.2764606060069005 0
0.9128867391207343 0.3784831783370083 0
0.865049993561807 0.4091209277327846 0
0.8520835528939756 0.4082355820051002 0
0.9125651692155554 0.0958161155441129 0
0.6926671395525512 0.2618045412454321 0
0.4209447866570796 0.2207081425257916 0
0.4151884221574964 0.2089795900588216 0
0.4282260828424621 0.2098615387434592 0
0.4224702316095572 0.1981318067343736 0
0.4355087708169542 0.1990140774024985 0
0.4297550110448935 0.1872832392702555 0
0.4427929108624553 0.1881655667096228 0
0.4167168409018221 0.1864011111485756 0
0.4240011698665982 0.1755527640866314 0
0.3948764249314201 0.2189433540707273 0
0.9148255235362344 0.2538641748869901 0
0.9091521744482548 0.242260772311827 0
0.8961008741582415 0.2413783994392123 0
0.9033905881333327 0.2305182111430635 0
0.9164413518583455 0.2313995102061194 0
0.9106786741460122 0.2196558968488967 0
0.9186254767102081 0.3902117096682353 0
0.911340775807707 0.4010479457163814 0
0.906811078008773 0.08412202201317259 0
0.8938103986518755 0.08325637941029063 0
0.9198187639456539 0.08498377010253988 0
0.8976290571332695 0.2187748826203433 0
0.9049155116999616 0.2079154476928573 0
0.9179672781309851 0.2087929288739522 0
0.8577933636493082 0.4199028663026167 0
0.8448416782421928 0.4190181954924974 0
0.9255782470173284 0.09668583751328752 0
0.9121996423078482 0.1970556925820552 0
0.9243606142111689 0.4019417703722403 0
0.9170745046406183 0.4127673414444502 0
0.4109647175920969 0.1746674479878218 0
0.4182463581944857 0.1638204844489317 0
0.7616864122250369 0.3004531598775813 0
0.9252538928396972 0.1979263597706659 0
0.9259213022761856 0.3793707637496282 0
0.9201731121236962 0.3676335088691068 0
0.9300908471355489 0.4136647234205179 0
0.9228087906589222 0.4244841782080739 0
0.9010568715719491 0.0724442461447064 0
0.8880777014974104 0.07157772220030373 0
0.839125720169636 0.4073574711923763 0
0.83189048303783 0.4181346456389091 0
0.9194859788927026 0.1861856203634815 0
0.8505533190870402 0.4306770902259723 0
0.863498053991097 0.4315652761979851 0
0.935819457134583 0.4253814228929868 0
0.9328336920183746 0.08584367571983953 0
0.9332162610842725 0.3685207489564493 0
0.9274632514953726 0.3567721948505489 0
0.9325452425476262 0.1870578645769624 0
0.8261755999179956 0.4064803274721738 0
0.8189391424008807 0.4172508462218294 0
0.8132313983727542 0.4056031180962002 0
0.8059991845453294 0.416366290907611 0
0.800294116931686 0.4047246291560128 0
0.793067626976978 0.4154873034982327 0
0.7987687170077873 0.4271223937546628 0
0.7858400941153624 0.4262695858177213 0
0.7801414614052963 0.4146154320235089 0
0.7729164279226444 0.4253968252578517 0
0.7672177965913622 0.4137422062375596 0
0.7599974069564659 0.424497385773871 0
0.754296520921879 0.4128614289178765 0
0.7470753557015375 0.4236171936731454 0
0.7413724716295367 0.4119824450890904 0
0.7341517118041625 0.42273742600842 0
0.7284467403900063 0.4111046927688093 0
0.7212258197052626 0.4218605014472059 0
0.7155225372252518 0.410229464855938 0
0.708299569496012 0.4209843201708576 0
0.7026008484007022 0.4093493664384214 0
0.695372527774895 0.4201086290874162 0
0.6896705193227353 0.4084671658181545 0
0.6824402582113447 0.4192333602860119 0
0.6767322697357155 0.4075879854828888 0
0.6839662042719103 0.3968173502761897 0
0.6710184569910524 0.3959361345792328 0
0.6782558731421304 0.3851643751917357 0
0.665300907594366 0.3842801412249737 0
0.6580642618002081 0.3950548982601809 0
0.6524250307752945 0.3833520841542556 0
0.6595985269527724 0.3726027020397405 0
0.6467776214118717 0.3716470683905508 0
0.645464223098704 0.3945113778823913 0
0.653896707471423 0.3609233585169512 0
0.6409865419627937 0.3600101474692182 0
0.7227565349665649 0.3994638443723058 0
0.6881461030094556 0.4308746285962534 0
0.6752135147918974 0.4299996327452754 0
0.6481701694993696 0.3492547744577828 0
0.6351968314580869 0.3483672462591443 0
0.6281084891729335 0.3594098964661645 0
0.661120197824283 0.3501492359462558 0
0.6222342051919019 0.3475247187914166 0
0.6149445180849872 0.3582888353875271 0
0.6092179963081404 0.3466248675877527 0
0.6019854809055982 0.3573943596148722 0
0.5962186001395547 0.3457200112264081 0
0.5890816124432793 0.3569645319441897 0
0.5832316671906845 0.3449157134204323 0
0.6081641796994647 0.3697869328764243 0
0.5759971855061834 0.3559198730974861 0
0.5701983596222949 0.3439251377211693 0
0.8246485955690706 0.4288986357488309 0
0.5758684552593691 0.2538330508662343 0
0.7342219743827123 0.3211340546282307 0
0.5018881035463304 0.2829107498634797 0
0.2972650829876077 0.4048602996628519 0
0.3102400200119148 0.4057357651497095 0
0.3029956087889963 0.4165394245751388 0
0.3159638067442794 0.4174167332597155 0
0.3087101590221594 0.428204791180578 0
0.3216779066911807 0.429087573619541 0
0.3289344036015345 0.4183001282455456 0
0.3346966681691003 0.4293779121791054 0
0.3419198362144369 0.4190819032924853 0
0.3476349917952367 0.4308667745265942 0
0.3549029994456381 0.420050455735808 0
0.2957494726144826 0.4273316853312489 0
0.809785418862278 0.1681186406299364 0
0.7679008378838856 0.2103527028306701 0
0.3875962480930357 0.2297891070363531 0
0.3818452426802699 0.2180602721081941 0
0.3745649290405911 0.2289032687457282 0
0.9270687181122486 0.07414050653284909 0
0.2439063794555403 0.4237890867613435 0
0.4312839830713849 0.1647042394753987 0
0.4255288642285853 0.1529724840149155 0
0.4385651320916489 0.153852846612697 0
0.4124915614202744 0.1520907463083264 0
0.4197732975640623 0.1412417311370567 0
0.4366748518104989 0.2784812610893206 0
0.9389693547261313 0.3802699749719678 0
0.6278318845609993 0.2574002393922444 0
0.3538843878150406 0.3408554892938359 0
0.6708846500154665 0.2942569449252685 0
0.4485469320404474 0.1998981768631886 0
0.4558320788580776 0.1890481222868656 0
0.9310235831309022 0.2096743396715538 0
0.7139957167426544 0.4326334934769735 0
0.4615867753685995 0.2007830115352882 0
0.4688726647621106 0.1899313214258865 0
0.4746281963666173 0.2016671537901383 0
0.4819145905758797 0.190814968001638 0
0.4761588126282928 0.1790785072650738 0
0.4892011573680202 0.1799619757077881 0
0.4949565023576091 0.1916984359162758 0
0.5022428044124906 0.1808462629271121 0
0.5079991998040764 0.1925813886936926 0
0.5152828136077493 0.1817306594858054 0
0.5210395701767867 0.1934637696829176 0
0.528321077767813 0.182614952831282 0
0.534074939479282 0.1943458151046439 0
0.5413560482951117 0.1835003888135077 0
0.547107870482181 0.1952239685840972 0
0.5543883436919984 0.1843845103154882 0
0.5601463672591463 0.1961007817631545 0
0.5674161499704401 0.1852670564038182 0
0.561667650129034 0.1735462904632077 0
0.574692130658494 0.1744371917534754 0
0.5804388968354858 0.1861524781071012 0
0.5877147726878462 0.1753169007461293 0
0.5934588130319502 0.1870320421559354 0
0.6007382807498871 0.1762087801265721 0
0.6064716060677089 0.1879158284432176 0
0.6137438064940388 0.1770890517804624 0
0.6080330484096841 0.1653923308932679 0
0.6210262996323453 0.1662672994942488 0
0.6267555422884517 0.1779728927880903 0
0.6340309819557586 0.167148362496555 0
0.6282955410340566 0.1554393337390595 0
0.641302046599868 0.1563250158939494 0
0.6470370140207634 0.1680341878917315 0
0.654310934620762 0.1572106499486333 0
0.6485752470129407 0.1455048504209778 0
0.6615823765552572 0.1463886043844399 0
0.6558496211360263 0.1346888648964651 0
0.6688470015785444 0.1355738953614748 0
0.6631201889003731 0.1238805317955977 0
0.6761094048748499 0.1247672696466756 0
0.6818366676012986 0.1364556099822962 0
0.6890954089687418 0.1256541196237834 0
0.6703849708392873 0.1130785183730472 0
0.6600427909420115 0.1689201685508231 0
0.6948201996989759 0.1373373832032732 0
0.7020756387522725 0.1265398092417869 0
0.7077976304988727 0.1382186740693868 0
0.7150511906289145 0.1274211203782546 0
0.7093293910978432 0.1157456366041269 0
0.7222968991128121 0.1166260753507131 0
0.7165772103236456 0.1049585931988025 0
0.7295395074207036 0.1058406441648488 0
0.7352607748709267 0.117504442405787 0
0.7424987813398013 0.1067199984166944 0
0.6574020572188046 0.1121881135274851 0
0.6646639823008084 0.101393422784772 0
0.7367838699253753 0.09506341040124508 0
0.7497328057023327 0.09594014028651718 0
0.7482127957520475 0.1183765228872277 0
0.5689505686065777 0.1627245526235217 0
0.6516833723283849 0.1005014884816548 0
0.6589437963355489 0.08970769337063861 0
0.7440243645643038 0.08429233095847152 0
0.7569626453202367 0.08516778644204731 0
0.7005460170898765 0.1490189521240551 0
0.7135238341926099 0.149898859349224 0
0.7062730151247676 0.1607009747635354 0
0.7192529594356756 0.1615816500311716 0
0.7120009244216321 0.172383199046371 0
0.4834457326057082 0.1682247631135854 0
0.5225679162689497 0.1708815818711348 0
0.7512543414751536 0.07352604250585601 0
0.7641829539124835 0.07440588851793778 0
0.7698986340097653 0.08604237919281441 0
0.777099660311921 0.07528176813918103 0
0.7382754243192544 0.07263450584166983 0
0.7828310973065696 0.08691715164351732 0
0.7900386455280677 0.07615213059220144 0
0.7957690316070559 0.08779152656269312 0
0.8029915901242894 0.07702367775819319 0
0.7885459785255554 0.09855967378221914 0
0.6459658590576945 0.08881459903252445 0
0.6386979174577452 0.09961369103713946 0
0.65322854754597 0.07802327813707077 0
0.6661959002399729 0.07891566770948683 0
0.7972343999239158 0.06537234886367252 0
0.8101695006604692 0.06622936949419697 0
0.8014903417304982 0.09943660253871375 0
0.599202857474313 0.1987405531967922 0
0.7942576436495747 0.1102142557526196 0
0.7249801704264414 0.1732640413977431 0
0.7177259830936282 0.1840850664170755 0
0.7322328037478241 0.1624637930106181 0
0.612209876684094 0.1996217679563451 0
0.652774518893217 0.1797376187910118 0
0.6657738130986444 0.1806215272377804 0
0.6585091652665975 0.1914355490360837 0
0.6715026294874296 0.1923217976578361 0
0.6642411120796686 0.2031287248306093 0
0.677228322144054 0.2040123356080376 0
0.8159220662189952 0.07788908940976222 0
0.8231399809055502 0.06712153279658381 0
0.7994938809149736 0.2239328480143719 0
0.8753847543864495 0.3533116087259512 0
0.8415172359499572 0.1815544827407239 0
0.2267162188707862 0.3888079258551344 0
0.9386033444989024 0.09755442711879767 0
0.2137615708149411 0.3879411730098524 0
0.2209922061307658 0.3771497649819017 0
0.3688147500604112 0.2171770784392748 0
0.3615347320921036 0.2280191538996494 0
0.3760947940256 0.2063310807199915 0
0.6604878861875891 0.06724314177997714 0
0.6734438700966625 0.0681306233455129 0
0.7398373310111998 0.4343850426675908 0
0.9400833444423248 0.07499788801659341 0
0.9343215631412507 0.0632967268462315 0
0.9267720396032102 0.1753844557307013 0
0.8918696510035633 0.207038162908599 0
0.884588489327591 0.2178918249187852 0
0.2035450555686258 0.4435341460320447 0
0.7915408078662975 0.4379151877852953 0
0.7656759802619792 0.4361467377408063 0
0.9285415831282944 0.4361941047802829 0
0.915488272117865 0.4352844794290677 0
0.7584827058095479 0.06276434986685819 0
0.6809198690792745 0.4416424542726036 0
0.6679830759847147 0.4407724119635453 0
0.5629267813110403 0.3548028992329905 0
0.5571763156846499 0.3430330266486603 0
0.3287342704400714 0.4413744441619818 0
0.5498919418657732 0.3538781462340134 0
0.5441432100047503 0.3421807157684101 0
0.536858233833663 0.3529907000957329 0
0.5311104977164885 0.3412567385038267 0
0.6329753738724102 0.08791707856827566 0
0.6257002818231896 0.0987281455511661 0
0.9398178725833988 0.1761843262684594 0
0.9340164500906889 0.1646141858437541 0
0.6475404910972646 0.06634967678946424 0
0.5238217945613184 0.3520969984856803 0
0.5180739212800707 0.3403579923705617 0
0.9415471657382402 0.4370926364897743 0
0.8953232518878576 0.060771822528319 0
0.8823413461361442 0.05991958745051115 0
0.8751107037671928 0.07070922409634781 0
0.8693837351265881 0.05905422071368482 0
0.5686724607638958 0.3645340769557379 0
0.3014681669275143 0.4389916009779008 0
0.2885211881999437 0.438114453983544 0
0.9405206914833077 0.3576680162057814 0
0.9347624533153376 0.3459065511935071 0
0.06666917976314352 0.4458563387501331 0
0.6699685302017027 0.2148178309851257 0
0.6829519306679848 0.2157001244722985 0
0.6569776870219897 0.2139447561418417 0
0.7744471321224955 0.4029913609277809 0
0.8288881172645191 0.07877915761466042 0
0.856256966569511 0.4423283861195107 0
0.8691963778896867 0.4432192324235115 0
0.6164042544781324 0.3358397405398529 0
0.7485956880863173 0.401225923652436 0
0.9431097654757032 0.4145614133594923 0
0.539833569764688 0.2060640026665498 0
0.5773534198490885 0.3331997080087444 0
0.5007173624833844 0.2034327651071081 0
0.7777271660193 0.2563650018441297 0
0.790720121763441 0.2572490935366802 0
0.6554031686904193 0.3384784696229103 0
0.6683668096202871 0.3393773786981207 0
0.3491716307972552 0.4083764074265623 0
0.362167179433733 0.4092625852887681 0
0.5383609799578081 0.3305195615637395 0
0.4067374204085345 0.1403611976387533 0
0.3994575391724787 0.1512080285340213 0
0.414017890992633 0.1295111380466133 0
0.5107831085719527 0.3512053767147746 0
0.5050293339865952 0.3395194804149071 0
0.4977403430022559 0.3503249881276439 0
0.4919884683029573 0.3386063432804253 0
0.4846971515998302 0.3494332171880723 0
0.4789425354499213 0.3377452303952216 0
0.4716527203138154 0.3485476192737942 0
0.4659013100028405 0.336806922268555 0
0.4586090961075055 0.3476495526731945 0
0.4528580796158591 0.3359077788182939 0
0.4455660634682991 0.3467558165661371 0
0.4398123694341012 0.3350690920894152 0
0.4325239762653207 0.3458747272044198 0
0.4382739539249554 0.3576049356123894 0
0.4252342465477932 0.3567159691499476 0
0.4266969457152443 0.3342170790766599 0
0.4309825023447736 0.3684508088905117 0
0.4179454483497799 0.3675589780482261 0
0.4121985057098009 0.35582663390447 0
0.4048991417943213 0.3666584838150163 0
0.4730463025109221 0.3260287895116527 0
0.3557852164030427 0.2162941610566468 0
0.348505683625578 0.2271354822259833 0
0.7379586083748134 0.1741448934361048 0
0.7451961189965467 0.1633307354051077 0
0.921703925103591 0.3450177075628258 0
0.9289998224127851 0.3341505527194075 0
0.9420635572848585 0.3350361615110721 0
0.9362984092566771 0.3232764339856218 0
0.2080289959971296 0.3762797035313735 0
0.2152602864534064 0.3655168600171398 0
0.2282343976673072 0.3663590716099561 0
0.9137128189345742 0.1744801749272674 0
0.6677413720463207 0.05647196404317018 0
0.6806865235394628 0.05735889488053433 0
0.6863888029257855 0.06901445522516467 0
0.6936244677531906 0.05824791381753189 0
0.5122318545045367 0.3287861890920974 0
0.4469460921037736 0.3242930826849901 0
0.9342729826474452 0.4479016439887389 0
0.05512729130221439 0.4224652550242032 0
0.945461048506236 0.187816678940585 0
0.6199725506646903 0.087016148266437 0
0.6126933128020948 0.09783374928732702 0
0.6184252838620039 0.109549339916286 0
0.6054114853826313 0.1086564941707286 0
0.6049442919529483 0.2104429610974311 0
0.8291786992024688 0.3614877208708152 0
0.8173891326931308 0.0554630297586185 0
0.1863829441742081 0.4086366652495366 0
0.4270558432814582 0.1303913464375493 0
0.9468606160975883 0.06422266627281181 0
0.8788320056205388 0.206159495592612 0
0.8715529602940453 0.2170084147319761 0
0.367897341118599 0.4209564269224433 0
0.3751714117265587 0.4101494852992208 0
0.369433308415689 0.398429746271234 0
0.9467347499576666 0.4484366801780929 0
0.9414602506933227 0.05245808571507521 0
0.4105377668721298 0.3784078268918377 0
0.05365927963034828 0.44500611229708 0
0.9471114367289786 0.1653219515777147 0
0.9413076708337513 0.1536795473775767 0
0.8072119517899572 0.111088507105444 0
0.8764370327615489 0.4324577787137331 0
0.8303553170351283 0.05635621026562798 0
0.9285603161509628 0.05161056089542779 0
0.07967150094411346 0.4467128087010316 0
0.6993312304238906 0.06990118285513955 0
0.7065602188859802 0.05913470632182979 0
0.6756965640755077 0.2265012526796253 0
0.6886753153786849 0.227384290520782 0
0.6959318631899014 0.2165858637572654 0
0.8821334656695166 0.4441103850066187 0
0.7999721887349172 0.1218687012203931 0
0.6179455214514863 0.211324192457653 0
0.7036156819411447 0.1040758469035546 0
0.83158240033011 0.1356188827691539 0
0.6740810941752604 0.3510410943545135 0
0.6813286713945035 0.3402653657973365 0
0.6870413498484167 0.3519288470884788 0
0.6942883401096912 0.3411522057305512 0
0.7000027809573975 0.3528035774692989 0
0.3542549469716871 0.2388600728394018 0
0.3412269781570496 0.2379767646441505 0
0.3469763678814396 0.2497045639543515 0
0.3339487663331364 0.2488175988220013 0
0.3396961156228493 0.2605453446751999 0
0.3266710799488223 0.2596575252367402 0
0.3324175366243795 0.2713788701094239 0
0.3193939262076848 0.2704950943689968 0
0.5919422471866138 0.2095633010749721 0
0.2523473112367132 0.2091082689578061 0
0.2393410436830402 0.2082514189820596 0
0.246588308583076 0.1973952149324249 0
0.2335660695358419 0.1965287131911253 0
0.2408253405228134 0.1856841984738539 0
0.2278117692508402 0.1848148450229132 0
0.2350648063478235 0.1739799633631854 0
0.2220613321926536 0.1731094274048951 0
0.2293087333851899 0.1622830183188925 0
0.2163076160834601 0.1614138877184629 0
0.2090629802414253 0.1722475984938455 0
0.2033070003761519 0.1605443196291462 0
0.1960599081061478 0.1713799566339359 0
0.1903153402735401 0.1596817932915437 0
0.1830540695119753 0.1705032356683303 0
0.1773132177444076 0.15880922257479 0
0.1700481820206182 0.1696311194817244 0
0.1642971564020725 0.1579327521960031 0
0.1570343232000681 0.1687631963224819 0
0.1512779845737516 0.1570538368948492 0
0.2235565005491164 0.1505921817771866 0
0.1440120110756514 0.1678942492826355 0
0.1715587907967742 0.1470997166326229 0
0.1382527859749484 0.1561730061526833 0
0.130982381228239 0.1670239299987953 0
0.1367442854205326 0.1787457922454002 0
0.1252316950261088 0.1552954955887775 0
0.1324956827849323 0.1444485311131236 0
0.1237077946789052 0.1778773105135242 0
0.1294739785549617 0.1896062419449089 0
0.1194753042658251 0.1435707959686107 0
0.1267399831010271 0.1327304454169345 0
0.1137125890585612 0.1318538674983477 0
0.1209814783042184 0.1210146228925376 0
0.1164301290770276 0.1887358246457298 0
0.1222013464141748 0.2004728405811243 0
0.1079599929582519 0.1201382806602272 0
0.1091497695119247 0.1995993116944279 0
0.1149233474677889 0.2113411521587734 0
0.1064646779211122 0.1427137101748555 0
0.1152225134966636 0.109295672376607 0
0.1282376374022071 0.1101756115311 0
0.1022005014790934 0.1084106395676286 0
0.101866191220298 0.2104668319761767 0
0.1076389009082283 0.2222089795189364 0
0.09610326474207892 0.1987280783073071 0
0.1352562821104833 0.2013607700308827 0
0.094584102827107 0.2213364224736528 0
0.1003561666911525 0.2330830575787431 0
0.1134129988945115 0.2339539362488765 0
0.1061309978846849 0.244827371761122 0
0.1224880005918435 0.09846957120271088 0
0.1354842346091066 0.09934801726580272 0
0.0930705896444331 0.2439566648116865 0
0.09884799891081741 0.2557035898545383 0
0.188831537949003 0.1822416961480499 0
0.08578411178611034 0.254833335458685 0
0.0915639695349148 0.2665843904707306 0
0.129750530293309 0.08766649099636115 0
0.142731159307721 0.08853979313684571 0
0.1191876750197392 0.2456965228076763 0
0.07849917887152197 0.2657150138417036 0
0.08427960005385304 0.2774652035622994 0
0.2365522769113739 0.1514585531886453 0
0.2308038474553227 0.1397754389503891 0
0.2437924597748855 0.1406394126167559 0
0.2380461045142295 0.1289618193291137 0
0.225069707609224 0.1280963157115138 0
0.2323058392170278 0.1172931670534936 0
0.2452771903275726 0.1181567649986756 0
0.2395371536419417 0.106491021318925 0
0.2265730674237348 0.105630067717425 0
0.2525049773863318 0.1073536250628555 0
0.2337975059920377 0.09483679575527593 0
0.2208443371115405 0.09397519594802839 0
0.2280676555367004 0.08319112771708748 0
0.2151182597571663 0.08232897262849778 0
0.2078936994534718 0.09311212698798499 0
0.2021698267878115 0.08146437419590291 0
0.0727150198944112 0.2539594010782668 0
0.09734268168074095 0.2783336666197781 0
0.09006009001873277 0.2892120040044668 0
0.07699488347240441 0.2883456725074781 0
0.0827771049855604 0.3000933330152588 0
0.1369955871412522 0.07686950547681989 0
0.1240287412639732 0.07599327879619164 0
0.2093955377207634 0.07068530324369587 0
0.1964502097963356 0.06982118628229558 0
0.0697097170994237 0.2992286275830678 0
0.07549485051214427 0.3109773231970004 0
0.103121915222342 0.2900807195613335 0
0.1949424066188885 0.09224723946415531 0
0.1484686331236701 0.1002147138177 0
0.2410127398597786 0.08404887615200918 0
0.2352882240240091 0.07241295504585293 0
0.2482243264091995 0.07326922559443766 0
0.2263665602751265 0.2073988101262909 0
0.06542527622516064 0.2648442432463833 0
0.2582483871441456 0.1190177307483302 0
0.2654697094633947 0.1082127203182915 0
0.09493534919075641 0.119265570608246 0
0.089177245918587 0.1075348728711164 0
0.08190206301617592 0.1183941671042941 0
0.07614426223082577 0.1066589834150591 0
0.08342298766831574 0.09580762869393433 0
0.06992573344119507 0.09515736755926607 0
0.07759269007032171 0.08412389029357548 0
0.06408846329280354 0.08347783531159561 0
0.07181579702754054 0.07242291134961731 0
0.06885617411147138 0.1175152731996491 0
0.07462352580755977 0.1292567843672401 0
0.0885618018939725 0.3118347950604787 0
0.08128160167193338 0.3226771980823755 0
0.0682137643213615 0.3218520230997554 0
0.07400034866007787 0.3335539380681595 0
0.05963881205536009 0.2530854602052016 0
0.06156484647932975 0.1283806306026132 0
0.06733760423005514 0.1401346155718216 0
0.131273379280644 0.06520280982813847 0
0.1442693001419295 0.06609989423082901 0
0.1183110850105489 0.06432929644947694 0
0.05562603128628357 0.1167258803921314 0
0.05879304593333778 0.07154067298924532 0
0.0661768666916851 0.0606513089831959 0
0.2036697082591271 0.05904873772140429 0
0.1907293021903584 0.05818300649616232 0
0.06093236216136033 0.3327339317735206 0
0.06671618715856625 0.3444838169769994 0
0.2425025085941159 0.06164009796791919 0
0.2554313682422211 0.06249542086552604 0
0.05514544453211623 0.3209937590570274 0
0.249545235143604 0.1523208639018278 0
0.09434479658654593 0.3235572915465056 0
0.05234526196592576 0.263977309748863 0
0.2712175794231904 0.1198756195235862 0
0.2784471723666003 0.1090695120542755 0
0.05314437560441948 0.05978251524274722 0
0.05426954064485462 0.1392563183870894 0
0.06004289979448363 0.151014845238552 0
0.1255497902414814 0.0535467147542493 0
0.1125943975104334 0.05267569638948363 0
0.05365010959073185 0.343629719901979 0
0.05938985328057733 0.3553486356970272 0
0.06043097720064006 0.04894297763134461 0
0.1835117674402253 0.06895297103281434 0
0.07342554278302765 0.04983670583975119 0
0.1777926039601045 0.05731515112760954 0
0.1397466219417218 0.1335743923319091 0
0.1975810829811145 0.1488595264858326 0
0.1104009857022467 0.2791985931996381 0
0.1161776707460965 0.2909430784863682 0
0.1234540073744154 0.2800715533846134 0
0.1264671667992417 0.2348264324564042 0
0.1322384534791196 0.2465738474910584 0
0.1395167106710675 0.2357019893829759 0
0.145285238574388 0.2474438272982696 0
0.1525607350029393 0.2365752922903239 0
0.1583274517396712 0.248303274089883 0
0.1656008096083576 0.2374444638090355 0
0.1598371034932993 0.2257192806056386 0
0.172871944656386 0.2265899534334247 0
0.1510551713750189 0.2591556088834137 0
0.2726837498181333 0.09741069998217933 0
0.2856614741595999 0.09825820910258506 0
0.2798967763021124 0.08661302692911743 0
0.2928795470455827 0.08745672688343972 0
0.2871342561136574 0.07581655752296473 0
0.3001091856131513 0.07666684792751277 0
0.2943810292680378 0.06501799128048089 0
0.3073306394371144 0.06587602303610104 0
0.3016002844070356 0.05423752900109313 0
0.3145455768967359 0.05509052507718151 0
0.288659544767801 0.05338222728589159 0
0.7258685972202764 0.2527958033655131 0
0.1671116668041671 0.214868153551351 0
0.1801427844657265 0.2157394510737498 0
0.3018335831662091 0.3373296999099238 0
0.2888250808458086 0.3364479535666654 0
0.2960933909143529 0.3256236441331862 0
0.2830858078549388 0.324743383778396 0
0.2903527311005578 0.3139161333182985 0
0.2758186523673207 0.3355670252494089 0
0.2700793603106916 0.3238639571293283 0
0.2628144666678355 0.3346861718406239 0
0.2570746768512977 0.3229896216641407 0
0.2498272220737111 0.3338338471309471 0
0.4339789028277803 0.2215923964547914 0
0.5559199838481268 0.1618240217442316 0
0.5632053552102994 0.1509930476318629 0
0.5501691172143266 0.1500958056856988 0
0.5574523557563076 0.1392520405396279 0
0.5704967778331794 0.1401693350287194 0
0.5645190193091314 0.1285604935932913 0
0.3058600418353616 0.08831713735937827 0
0.8249528001091684 0.3272801952741284 0
0.7834597749926329 0.2680617479323873 0
0.7964550069750841 0.2689445020399243 0
0.803717690841131 0.258128624063177 0
0.809453618266768 0.2698285441292134 0
0.8167189749679724 0.2590089950660185 0
0.8224328535206402 0.2706977018978471 0
0.8297208929446815 0.2598896612484189 0
0.8151681549066845 0.2815194445501469 0
0.7891922190126017 0.2797557400367964 0
0.8239848353035737 0.2481846593097694 0
0.8369943818308052 0.2490676538927333 0
0.110670611501007 0.1770057866102294 0
0.2006698851187624 0.1038998336949169 0
0.1876530790941701 0.1029993028447391 0
0.06693384331933744 0.2421946242306379 0
0.05385235797182936 0.2413198276603108 0
0.06115301795747458 0.2304250584544313 0
0.07311505572243499 0.1518914990730335 0
0.0658217444356507 0.1627730688875008 0
0.05274377241974088 0.1618995157876436 0
0.0585264497605974 0.173663896064913 0
0.6622709664861313 0.4291207332078338 0
0.655036758901665 0.4399027997902132 0
0.6912070906720647 0.386046872985722 0
0.3174992207827421 0.3949335321700257 0
0.9313378734148059 0.1084059890057583 0
0.9443108685999311 0.1092340279899446 0
0.7870169619882761 0.1209954644413494 0
0.792733474302334 0.132655433089959 0
0.6493220586842807 0.4282410025540594 0
0.6420806879140565 0.4390263894034309 0
0.636456997135616 0.4274268007448859 0
0.7797831046094421 0.1317771737506664 0
0.7854905335196698 0.1434429419733334 0
0.6111468940691531 0.1203755406284204 0
0.222534024598504 0.3547433614220677 0
0.1859047801921571 0.2274371285386397 0
0.2555838183921619 0.3455614200590141 0
0.399164926795517 0.3549365981036058 0
0.3918670245242497 0.3657654221524437 0
0.2643925980379767 0.3122077644539136 0
0.8354113737588644 0.2715762559480168 0
0.9493700472423489 0.3241613404415371 0
0.9436009368857414 0.3123956679112223 0
0.05148015636088699 0.08229350696011287 0
0.1116533666468097 0.3582652998916211 0
0.6749816999294247 0.04570824879292268 0
0.9305293678730759 0.3115134717443914 0
0.9378293982348556 0.3006297568313158 0
0.9509068703654582 0.3015135696712888 0
0.9451315002747414 0.2897431823644565 0
0.07687772387086123 0.3899236317426371 0
0.6620478615656826 0.04481754769667262 0
0.9539057894604803 0.4375452715886271 0
0.8861100370368911 0.1953104650028215 0
0.8965477648590618 0.1400347057854982 0
0.3937050233942218 0.1394823632594999 0
0.3864273718199831 0.1503272649041997 0
0.2942263772935365 0.4497574598111365 0
0.281294626285447 0.4488797805138677 0
0.3427568188555564 0.2154113285519828 0
0.350035504404205 0.2045700466980304 0
0.1186765404564529 0.4491757828250793 0
0.6736985727462941 0.4524121305587465 0
0.6866279089815486 0.4532805649015071 0
0.06384069389141522 0.3891121647694337 0
0.6478025773473406 0.4506904568456484 0
0.8766062406576294 0.0482734493046047 0
0.8636666810083111 0.04741184475573723 0
0.2497077634902766 0.05087405087431002 0
0.2367898815602789 0.05001811796937006 0
0.1440305565795613 0.4513311560237031 0
0.1979443652276897 0.04741958318351364 0
0.5444157756518233 0.138363736158875 0
0.0480652737265555 0.2295498812149119 0
0.05536707441601901 0.2186529922912483 0
0.9516371564605948 0.09840587544903692 0
0.04641510639160618 0.3544823639143685 0
0.04741611759323999 0.04806449310645722 0
0.0454694805810964 0.1723838169793222 0
0.04013802497744134 0.05889947745835405 0
0.3928245728454517 0.08206154710365088 0
0.1700886463392407 0.4527272530285919 0
0.515779027150323 0.3652273792385168 0
0.9357808532665002 0.04094226986647187 0
0.9479666751812548 0.04051940787449482 0
0.8246441064917411 0.04472964225150183 0
0.8117312217388326 0.04386520064629357 0
0.7008605943725896 0.04749350496643512 0
0.7137859298076794 0.04837926913850663 0
0.634842168278812 0.4498165100372981 0
0.1963385419002362 0.4542944543040812 0
0.2092618890017492 0.4551536309600775 0
0.05942940155770499 0.4566877344076453 0
0.04641442850502436 0.4558473460017302 0
0.04063993286152406 0.4441460648814805 0
0.8748939004978964 0.4548674858578201 0
0.8878232338502015 0.4557608154704594 0
0.3807786036114735 0.4215182340492344 0
0.3733462258822692 0.4334389858903128 0
0.3881635667134231 0.4109805431553907 0
0.9551400812312718 0.3359294851813535 0
0.6069613534036623 0.08611745398392451 0
0.4212872988685514 0.1188266901646643 0
0.4643988612694698 0.3588175997315109 0
0.9396273309235952 0.4593458808145228 0
0.9268907216717774 0.458613692080549 0
0.9541471070914558 0.1542723730716631 0
0.3861356922431106 0.3540540411140419 0
0.3788532931692505 0.3648845101775294 0
0.2915788920815798 0.1098019166190031 0
0.6756168284263114 0.3285827292464844 0
0.6106830801527167 0.2221408841629547 0
0.6236767542947604 0.2230215556314076 0
0.8075217354493498 0.3939581936111079 0
0.3202868023911668 0.06665640087401337 0
0.3274960567408012 0.05592999630083761 0
0.3217581923903518 0.04430107092329233 0
0.3347048839123188 0.04515367331823469 0
0.8334009484123897 0.3956961451775527 0
0.2755840212517633 0.4372441562519219 0
0.2682828091918996 0.4479755813773159 0
0.8621549045147638 0.06984201763881512 0
0.1627899069682117 0.1804702512090908 0
0.1533186240851173 0.4176705985997393 0
0.1557786754129843 0.08941686837874849 0
0.8678810651602362 0.08149846890697199 0
0.1053561836247536 0.06345177411030981 0
0.701653583543431 0.2282688187313588 0
0.7089094252487975 0.2174727418053042 0
0.3251409603119371 0.2822100236576712 0
0.3121176024306304 0.2813384793297865 0
0.3063711207408466 0.269612820091702 0
0.2990964748741731 0.2804568238476768 0
0.7047540660276052 0.1831918383515189 0
0.7409789641686956 0.1291687437714193 0
0.6932935594342696 0.159835668963765 0
0.3803162806293443 0.2406373881790234 0
0.4036793551238158 0.1855117623961376 0
0.9040622162749179 0.4118670776295242 0
0.2022871556940693 0.3646536345051564 0
0.1950522285246388 0.3754191532598519 0
0.4704022727612192 0.1673414072761662 0
0.4776886193832915 0.1564870851358435 0
0.4907331344449946 0.1573710577123691 0
0.484976304018353 0.1456325249810569 0
0.4980228189041134 0.1465276288995356 0
0.4719311682350005 0.1447485907125529 0
0.1934288972208315 0.114691385965386 0
0.180353631011659 0.113754584480539 0
0.4673414337678571 0.2125188831841527 0
0.5982418007950746 0.1195599030441577 0
0.772548947243517 0.1425640549042435 0
0.7782242224034437 0.1542890517130395 0
0.8312536267832538 0.2373638330295667 0
0.844241532276742 0.2382546006399254 0
0.6428481775766268 0.1337998925139975 0
0.6038845697917661 0.1312177206530693 0
0.0725343210339543 0.3560623985154004 0
0.1931699750660824 0.2166069065578939 0
0.0788934362492949 0.1636453389745376 0
0.7509312440687479 0.17502466903883 0
0.7436838455157562 0.1858243995769645 0
0.4792194846688618 0.1338925273383107 0
0.7072091263182396 0.3420448289536354 0
0.7129520837622207 0.3536909139189052 0
0.7013760948885823 0.3303237687419445 0
0.1989220701403259 0.2282863325102932 0
0.1292222882435518 0.2918030625716343 0
0.1219526766604533 0.3026749886774375 0
0.9532477694809336 0.4600110860986715 0
0.1713657368973878 0.2491696935572446 0
0.2440724566887553 0.3221066789079485 0
0.9573541584908369 0.1100144607801084 0
0.9159417308835187 0.333267136647914 0
0.9086501929541826 0.3441270442085802 0
0.3281999492099278 0.2370936593782961 0
0.05139272891651692 0.1843637205259406 0
0.06434458639415241 0.1853250026653966 0
0.8730692558394488 0.1944993701312899 0
0.8500056499353881 0.2499564342166287 0
0.4082595426514049 0.1178079826326095 0
0.04058164446321461 0.3427547872210813 0
0.9095605235828841 0.1409118093386122 0
0.2933512180283496 0.2687322861245741 0
0.2862022800529703 0.2796336972743902 0
0.6794120651432989 0.4640359196097791 0
0.9369596263956532 0.1199654320707345 0
0.922832251970868 0.03996877356561557 0
0.1198237442086286 0.04190209885275617 0
0.1328601831660657 0.04282333129091903 0
0.1068834224181338 0.04102889345604271 0
0.4661744474043295 0.133012747101064 0
0.0390578327503962 0.2416203501622129 0
0.06769148706056333 0.03815502778573188 0
0.4343260336750735 0.1197336365889649 0
0.0426520172986572 0.2178079414137351 0
0.2958698301939982 0.04260979230400369 0
0.2829064875931334 0.04176515160937216 0
0.6142456680682837 0.07530397074461653 0
0.5925434665044946 0.1081507520036699 0
0.9582152810678173 0.2906259857328385 0
0.9524358748734232 0.2788539543943808 0
0.3932620504780661 0.4221826798883913 0
0.5422378420651688 0.3639525236768804 0
0.9592153323846069 0.1656136816682682 0
0.2870025334240854 0.4605117936902567 0
0.2999224206731028 0.4613927203058576 0
0.9624519080991885 0.3250487153902125 0
0.03966213194395191 0.1609509951941348 0
0.2439900848942748 0.03926287441956364 0
0.2310749298092803 0.03840169737341043 0
0.7081146102321965 0.03639588073792988 0
0.7210546127509156 0.0369696496762924 0
0.2020608530743968 0.4659056411905649 0
0.6405749098719177 0.4614740013242922 0
0.03238301413270978 0.1714312633595742 0
0.3404464600772075 0.0567923634465132 0
0.4904734667090962 0.360809310088254 0
0.3845340218803699 0.3765670366678074 0
0.4010910174862352 0.4118090091991224 0
0.08071527165587594 0.039077524059006 0
0.3475601058526426 0.04604297368470828 0
0.8572067705934312 0.2390667918703321 0
0.8376138499704311 0.04561238468110945 0
0.6164174365559746 0.2338345727964755 0
0.6294239678266829 0.2347033212602603 0
0.6034240640287314 0.2329549168729492 0
0.2568994728219202 0.04011418068073264 0
0.7267091392081314 0.04914799267942413 0
0.7339703942652573 0.03778167502501226 0
0.7122876812084808 0.07081292644997078 0
0.8549231026995681 0.08062026479048912 0
0.6921019627306699 0.08067182501503981 0
0.6814201057250098 0.2381813348521562 0
0.6684448337174123 0.2372993254535034 0
0.09866242725284874 0.3574197914139005 0
0.1057207730784849 0.448323839534478 0
0.1114596741920236 0.4599630247403272 0
0.6923332513977182 0.4648553881030636 0
0.1364953473646716 0.2808938460561384 0
0.1242744276224367 0.4607230442803359 0
0.3178770477172134 0.2930600695082585 0
0.6995453152480215 0.4541503421657947 0
0.705246782112871 0.4657183674617282 0
0.712456531745664 0.4550280176623008 0
0.6309423447170299 0.2122093376526892 0
0.8433186785460209 0.4414410998290341 0
0.8490202332786954 0.4530830273084568 0
0.8360729053311999 0.452186442129988 0
0.3381642388981757 0.2830993411269017 0
0.7057089590661773 0.3644740267593029 0
0.7186650771825353 0.365350364594556 0
0.2368620659705509 0.3329793696459132 0
0.8478730097701141 0.3740509675815263 0
0.6951778133565487 0.03544016895141844 0
0.1891793373483673 0.4650350161094493 0
0.6776497139968831 0.1022873073998022 0
0.1984585956213268 0.3301545501364904 0
0.8044621241264689 0.4387611582434575 0
0.7972420081065266 0.4495178551026913 0
0.810152578943928 0.4503845880414137 0
0.802951195324613 0.4611384335404854 0
0.7900328040280297 0.4602560165025577 0
0.7957879108254269 0.4711918781026893 0
0.8159030921565353 0.4620413725022517 0
0.393273991638444 0.3432301860244152 0
0.1419322716759387 0.3942198228300468 0
0.1549154328901753 0.3950845607404996 0
0.1621240749913217 0.3843205861179197 0
0.1743812849443495 0.204020605326137 0
0.1613554077289228 0.203147823659868 0
0.7896094949730265 0.1780248866116694 0
0.09851509413413606 0.4591147518130446 0
0.6535282171690477 0.4623352040859924 0
0.2405534776187047 0.2876057939423282 0
0.2535012386827721 0.2885628181392664 0
0.3370069842198589 0.2036991562349052 0
0.6455023033316361 0.1905609821835808 0
0.2538430913446686 0.1865488318914483 0
0.8780258379254569 0.4100155875842786 0
0.7476816229598818 0.2201817053854327 0
0.3921785773419122 0.1620518820881441 0
0.3791498160146852 0.1611705049659462 0
0.3849003819019868 0.1728947196459688 0
0.3718721075256632 0.1720126113243582 0
0.371491442328061 0.3757489982661943 0
0.2164646090950826 0.4444001122156592 0
0.2221793590562677 0.4560145216641717 0
0.2293783030190919 0.4452628425641445 0
0.2350894867365009 0.4568751225759495 0
0.4803829589469829 0.2134034579243917 0
0.3600065501544438 0.2505965403583513 0
0.4440230683927884 0.3693429022634001 0
0.4367301056031229 0.3801906473603721 0
0.3741919434771636 0.3309170177220512 0
0.7945859399950895 0.3930866157291914 0
0.1819798593091055 0.09137614800345981 0
0.4163533420539305 0.2884396704114375 0
0.4090697735282507 0.2992849934929306 0
0.4221049467997693 0.300171305267092 0
0.4148233148577598 0.3109714767023692 0
0.96468315012687 0.0994516762201611 0
0.4454891200897609 0.2450505341592487 0
0.4500766316859972 0.1773147112901178 0
0.4400903058489809 0.1313029649727961 0
0.7704697948726378 0.2671728060904896 0
0.06845329450568116 0.2195379366251961 0
0.711416110538968 0.3761357077921972 0
0.7243732459487231 0.3770064556350036 0
0.731578944806872 0.3662526706578584 0
0.7373113441900324 0.377890821485259 0
0.6787775929295888 0.1814978624945577 0
0.33205767543287 0.3733367424171438 0
0.3450712834143812 0.3742239297753639 0
0.3524220911912204 0.3633482265037227 0
0.3033614703041589 0.3147957218819322 0
0.06392473774130186 0.2874777273627586 0
0.2567784079768063 0.1415010290803988 0
0.2625363746113129 0.1531803228496559 0
0.2697640635694261 0.1423586714700159 0
0.0566356730988154 0.2983628044315453 0
0.8894035912568976 0.4333625405721849 0
0.8144375252903628 0.1003087573241431 0
0.8201673021487859 0.1119611796706996 0
0.8273860969591207 0.1011785719823953 0
0.5371328317783794 0.1492085173432723 0
0.5313762612558813 0.1374777902858633 0
0.876914813684079 0.3307782099260751 0
0.1682000925820542 0.2941055209278425 0
0.819713406534234 0.214001602867113 0
0.2423159159024995 0.4461558790349916 0
0.2479989268442783 0.4577634000428118 0
0.8384152670927816 0.226491277618414 0
0.09067203943865226 0.08497345567585526 0
0.5240895742388515 0.1483292051733974 0
0.05658006029387247 0.3999203058326157 0
0.05079976043978113 0.3881875820937443 0
0.04352278873850085 0.3990607572851021 0
0.03773055203139714 0.3873821526671873 0
0.8331308250405465 0.1128780971969501 0
0.8941159630054067 0.3658793130710144 0
0.05084783619286382 0.2866047728353057 0
0.04355116016498811 0.2974991438761574 0
0.03775750636518727 0.2857345629862105 0
0.1705766257961259 0.06805033118025935 0
0.1648607392349565 0.05644178708030573 0
0.1720755408007511 0.04568157192399344 0
0.1591510818671839 0.04481324390768776 0
0.9589506122305114 0.08861915815242594 0
0.5183342536046797 0.1365923277397507 0
0.1861787498062575 0.1254862278147194 0
0.1991570685803671 0.1263602641971222 0
0.7740800528263829 0.1201083106286451 0
0.1349976068967376 0.3035442553591819 0
0.6168808675671151 0.1320785477418109 0
0.1730540739598467 0.1245368649082741 0
0.840379265697121 0.1021230214789295 0
0.9393711898385049 0.2779644093263984 0
0.9466585501626397 0.2670809391363362 0
0.9591306335932825 0.2681017264678039 0
0.9537652807252703 0.2561510424405913 0
0.9408614747626518 0.2552963143131085 0
0.9481395713642755 0.244409239176335 0
0.9601439479384302 0.2445634495125204 0
0.9550957183235216 0.2332727148995311 0
0.3377698043615038 0.3850325639324662 0
0.798447372399242 0.14437177311622 0
0.2102864990175838 0.2516344450705568 0
0.1972779314624311 0.2507454910368412 0
0.395496091273024 0.4001206969551091 0
0.4090226288217357 0.4013060530751696 0
0.9028949353990947 0.3324275060082543 0
0.9101898255684757 0.3215588886491984 0
0.3006248347774135 0.2578961825762602 0
0.7146106644596655 0.229140379414027 0
0.7218748086624092 0.2183507371861396 0
0.7072988953203858 0.2400737189363764 0
0.877381468453156 0.2287999722194338 0
0.1277055083551107 0.3143791846028129 0
0.3289631221270031 0.0335236810627994 0
0.7566385332633894 0.1866896326077082 0
0.7638506228502502 0.1758988042012142 0
0.9311737439583769 0.4696014745362745 0
0.189336543649338 0.3637613609889554 0
0.1059003796192352 0.3465816985233914 0
0.862984405535312 0.2508101604872017 0
0.9247564943953133 0.2997872954439796 0
0.6693224018123003 0.0340871611416339 0
0.1899871749117359 0.2615864039371582 0
0.656529410047563 0.03324351116159938 0
0.6491425981647772 0.04393182695355946 0
0.8708699565074165 0.03663205640263842 0
0.8838098795123415 0.03749954012033413 0
0.857884547535354 0.03575276035635788 0
0.7200460441034567 0.3429143137142789 0
0.8556342268068531 0.2616104625670259 0
0.9423417052457386 0.2326876956237988 0
0.9496848732177273 0.2217538583556863 0
0.9623740048231868 0.2223570703480481 0
0.8616350452171164 0.17151417206315 0
0.9569815896580871 0.2108526768692455 0
0.8803235229568724 0.183734351187996 0
0.09138310278136735 0.3682629167824276 0
0.3807282324971358 0.1386396091271387 0
0.3880121914379333 0.1277108366466786 0
0.231072841777618 0.3212278063283004 0
0.2239186150300518 0.3321459218647597 0
0.902242580618827 0.1516544077708575 0
0.3298553528950853 0.2145739348008242 0
0.2606927164429101 0.2776513306263702 0
0.3661213839154438 0.1602898585285268 0
0.3588449090324105 0.171130982837361 0
0.3645950303756065 0.1828603982563399 0
0.3515675172945227 0.1819715476530509 0
0.948658862654344 0.1426727394421635 0
0.9614123002710238 0.1433422138822441 0
0.4159921258436987 0.10727389031991 0
0.4025028429938342 0.1060500090072994 0
0.2877440905436159 0.2568915599157469 0
0.2663239460851151 0.2895464125052186 0
0.6276101051430798 0.4606083331469623 0
0.3160078482150379 0.0328187880999474 0
0.9355107434848629 0.1421197809786679 0
0.9639789645516823 0.3023894723775882 0
0.6014366287276013 0.07382893663106346 0
0.8805950859290606 0.4663639260403322 0
0.8676572082788498 0.4655895359570621 0
0.8935215507445644 0.4672366043982683 0
0.9007512983975683 0.4566529212830173 0
0.8417949660461623 0.4636867469484592 0
0.7181648705298447 0.4664358095178277 0
0.7253629331842262 0.4558798474636873 0
0.7310693627938997 0.4672792548502417 0
0.7382635395888214 0.4567476193884901 0
0.03045509011878422 0.3982076328149103 0
0.03629436398786934 0.4099193173433212 0
0.2901286177965545 0.03116585671144328 0
0.6437499980829661 0.03244061016869521 0
0.6362330161167719 0.04305865843960544 0
0.929448652824826 0.03011599616256094 0
0.3817171193327344 0.03496554477489919 0
0.2403503667465529 0.4682623772028803 0
0.8318640898692817 0.03406241156952292 0
0.03466187764759276 0.04704459817312789 0
0.0417219396563896 0.03632627998384774 0
0.03375678035604596 0.3537035229890723 0
0.1663539339458461 0.03420749449018717 0
0.1533314271687244 0.03328903390494342 0
0.1792882109657557 0.03495211365085379 0
0.6221461812097431 0.449101790034671 0
0.9065335455233794 0.4680129957365373 0
0.6309284032708955 0.03172781744109074 0
0.6232192693068372 0.04213778065220761 0
0.628409149813882 0.0534546177434026 0
0.9682240183013398 0.3368242741774095 0
0.9609056272051082 0.347713436791167 0
0.02833014318406912 0.03505754929818566 0
0.5246965886105874 0.123875799931847 0
0.02695343109084086 0.05819052201861702 0
0.03282517540780966 0.06978534258513355 0
0.2532258185430775 0.4689832771865858 0
0.7493834764193928 0.1974857317921246 0
0.7364330907206007 0.1966234374378466 0
0.4101956400999272 0.09626285805211748 0
0.6741672563241606 0.2489770900786179 0
0.196685012054518 0.3529659867792711 0
0.1614574090503989 0.1010823018617244 0
0.1542133834929685 0.1118887622080472 0
0.08643751094825797 0.05073574990249932 0
0.4472706005132205 0.1206597250076447 0
0.4416732890284675 0.1101914549932055 0
0.7439787919884068 0.4679894961315718 0
0.7511620797102305 0.4575951559966688 0
0.7568765309940904 0.4688321806363719 0
0.764089598553131 0.4584505043885406 0
0.2385397144690933 0.3103676907484367 0
0.7396621821594396 0.05001596022038496 0
0.7468419362084846 0.03925363650554298 0
0.8434035242250055 0.05727679916037462 0
0.8018028240626491 0.382292416774194 0
0.7888454046536943 0.3814351275411946 0
0.8147496606796227 0.3831861892148387 0
0.373113180890947 0.35316045740001 0
0.4279247657405072 0.3118371296939212 0
0.4351465982667134 0.3010453871013901 0
0.2756339386018623 0.05255646165630706 0
0.2625974343869197 0.4363646866325576 0
0.03374238320212031 0.4548296361177688 0
0.03924862093024256 0.4664358604695665 0
0.02748649566006039 0.4428080736430824 0
0.9704931487279798 0.1109758094462512 0
0.9156113588137753 0.05073552031075609 0
0.9098470065023072 0.03912004872799646 0
0.7161724947696986 0.2066520319171318 0
0.8606476139247066 0.09228177900351564 0
0.8186076103868787 0.1346540262986758 0
0.2755419796330486 0.1540463745276457 0
0.2827758935563485 0.1432086756729429 0
0.2682912909425686 0.16487320458037 0
0.2698626575821333 0.4256047861751067 0
0.2919221649871437 0.2913948302170662 0
0.2108903096875213 0.0482847225461239 0
0.2051392799336303 0.0372047053891221 0
0.7108623101102897 0.09329190962253134 0
0.2611580151740655 0.07412537249499704 0
0.1307297844844669 0.2691897352660906 0
0.114679593078424 0.3135356252386145 0
0.1204475639213936 0.3252121402008613 0
0.8933814682035583 0.1844855842500213 0
0.8875984475854466 0.1728611341106504 0
0.6855003400520959 0.3743851688690217 0
0.7394604775221846 0.1516351904614502 0
0.1337492063883397 0.2239642380548825 0
0.378787586820698 0.2632152632008454 0
0.8736108134608314 0.09316967174385296 0
0.5037765101654739 0.1582670531137622 0
0.4588870497504432 0.1438738654384813 0
0.5909716761088603 0.1303835718659281 0
0.596582875675984 0.142037141928343 0
0.4017870500810463 0.3101211911508195 0
0.4076170985374038 0.3217084719552618 0
0.8182390627870261 0.2364949418745105 0
0.193599413244077 0.3978566956258553 0
0.4730974140160999 0.2242518038241852 0
0.4861416159449678 0.2251363446731233 0
0.4600550652958065 0.2233673092911545 0
0.8956193661843083 0.3432897855677033 0
0.08617423089460374 0.1527584975675385 0
0.6565603843483115 0.4174595632365317 0
0.1806566674903189 0.3969968051688286 0
0.1734519328804555 0.4077921302709964 0
0.8892022740444521 0.1507566932061351 0
0.1189344195081626 0.3474961932839818 0
0.9239881587394541 0.1191724368639335 0
0.753930979909051 0.1300369568901463 0
0.7653305366287905 0.1533519436308445 0
0.235481332670088 0.3555530171855266 0
0.241204187526903 0.3672348164525781 0
0.2061813886786768 0.2174436163439628 0
0.2004044968844928 0.2056925108897301 0
0.3508518119743497 0.3858703883449014 0
0.09195520050620953 0.1645103649351412 0
0.08466039303841832 0.1753643657197444 0
0.03487264870909362 0.4324122513889913 0
0.2382611934769331 0.02791466647229535 0
0.2119262015656236 0.2291744321967886 0
0.7444277750821753 0.3670607171333594 0
0.7501848517464988 0.3787354750072687 0
0.0929040817863161 0.3458776604864546 0
0.15520916719983 0.2932843398617869 0
0.1625134777527108 0.2824357281503446 0
0.140729076569373 0.3151136550107375 0
0.06271816368935706 0.2078024792083986 0
0.07579761969282023 0.2087159959929227 0
0.1821682746104495 0.3745478775546716 0
0.1270380806917296 0.03148050064778793 0
0.3752038525443512 0.1267707263061809 0
0.3227490771498466 0.02215088218554168 0
0.915245043195111 0.1525086568285863 0
0.324202885257716 0.2026826359443259 0
0.07106862119818819 0.3783857058892974 0
0.0522065314109022 0.3660872102623076 0
0.9754302387410969 0.3257727392532843 0
0.9559075868182554 0.1318817296789354 0
0.2771868931271794 0.03031272477153002 0
0.5936335376808184 0.08323255663558024 0
0.7828297330884944 0.4703541946140497 0
0.64625534025585 0.4727368260099211 0
0.9685607973221928 0.1325963509794233 0
0.292163089667643 0.4713624772884867 0
0.0266657526513846 0.4657767498507502 0
0.406179473565482 0.425287490353687 0
0.02198163342011222 0.4310177339734561 0
0.8780916709859212 0.02587385393964403 0
0.4492786266204715 0.3805330021749116 0
0.4427420505036421 0.3903054086515703 0
0.4294334338405534 0.3910397905205532 0
0.9695658025424398 0.2107586101306183 0
0.9641152058103524 0.1998390717513228 0
0.9761584273877582 0.2229853688352861 0
0.4734622233235204 0.122151826446272 0
0.4861744587680498 0.1225313345463975 0
0.2791595200838836 0.4704907887347741 0
0.0310642870153604 0.2963377280295164 0
0.03636221570704029 0.3083394198745256 0
0.02530419452345611 0.2843919236849614 0
0.0320729827862733 0.2738862400956937 0
0.02040661147628015 0.06964594160340176 0
0.1042925086607084 0.4701492148128482 0
0.09131554027550914 0.4693850718059376 0
0.970593386323821 0.2902971800268536 0
0.6169353075259808 0.4589725572374569 0
0.02850891452284071 0.3424408627392265 0
0.0350721915217459 0.3310515155050304 0
0.07490575763051976 0.02805855760609671 0
0.062189774572739 0.02594499806424189 0
0.08802528461731368 0.02916377636237005 0
0.03233192914743482 0.478288649082182 0
0.6862339361965609 0.4779609356870845 0
0.6722039038055124 0.4747866191252866 0
0.1735733580746495 0.02284175022576065 0
0.7411377044550548 0.0277838790177504 0
0.7539942844795773 0.02928622767665273 0
0.7597216416768124 0.0403497998928643 0
0.7668927963045218 0.03013853510811487 0
0.7726166014737696 0.04125951329876737 0
0.7797909043420843 0.03101517600399969 0
0.7855371702372984 0.04216176808601779 0
0.7927925119637376 0.03142819222559651 0
0.7783537927973234 0.05280041265981555 0
0.02289888068976992 0.3067208198426772 0
0.02005875114919375 0.2729018296620547 0
0.976943425420896 0.1003256757747524 0
0.3053547632030994 0.4746326597667009 0
0.3127956977047805 0.4625439413400079 0
0.3185318714305764 0.4739046190327094 0
0.3253179975476826 0.4634148156117439 0
0.3322109042892599 0.4774533547097171 0
0.338620108289438 0.4630043251355948 0
0.02737951505350061 0.2612921888123399 0
0.02480120080396214 0.3872494632101041 0
0.03132129839007519 0.375119950402584 0
0.01979928948577431 0.3971857549597299 0
0.02423648880077395 0.158845365348727 0
0.03406599779285674 0.1487822353476752 0
0.02019117115943292 0.1710413172219611 0
0.6073903651315525 0.06255437597384406 0
0.7129755177868329 0.4772306343402328 0
0.8910006495977832 0.02706289520613664 0
0.7884257511050294 0.4821682277051915 0
0.7153546615814129 0.02458997079783121 0
0.2253777277658192 0.02679822065182541 0
0.6054110996528167 0.03446732584988171 0
0.3944596777759882 0.4647009716267371 0
0.3817793359893867 0.467970713530031 0
0.3844200517318132 0.4531595031805965 0
0.3717370594675029 0.4594283301845391 0
0.3894001183589559 0.4418885650086075 0
0.3695469197399441 0.472307859911102 0
0.3598375651819308 0.4638755488798444 0
0.3617689799656 0.4518841520036834 0
0.3576771564302481 0.4757345564990089 0
0.07180007353792289 0.01700027438746665 0
0.5921856800288148 0.4384744596607377 0
0.6052375652183875 0.438535676420149 0
0.5987544519289929 0.4270596444034715 0
0.6123849543565235 0.4275713128641428 0
0.6062555141881538 0.4162550702704239 0
0.6194728346214133 0.4166231187369418 0
0.6134578679374145 0.4051945428065929 0
0.600293953796506 0.4047963472949871 0
0.6074122518982267 0.3934428797777658 0
0.5943848032104753 0.3929106173031172 0
0.6203400431079453 0.3941983951457196 0
0.5876284567093003 0.4039050492719702 0
0.5816634569037187 0.392375417966064 0
0.5883186483850551 0.3811013909912328 0
0.5615452377348333 0.09386815114198618 0
0.5750182975411696 0.09540998607450063 0
0.56677419739227 0.106794287518395 0
0.4378225772086701 0.4089196227730961 0
0.5618980041613617 0.4088915660516966 0
0.5511896857581365 0.4003452876633061 0
0.547301337203542 0.3871474133775098 0
0.5359628561695035 0.382486545271486 0
0.5595508995686432 0.3887700845530756 0
0.55592666792304 0.3787477288704359 0
0.4380240602183003 0.09123153909969034 0
0.4175399071716617 0.07390815830864472 0
0.5247095862167022 0.1093921733224836 0
0.5057854128726847 0.3882683432365091 0
0.4997941327110121 0.3787554391087092 0
0.4867442695800442 0.378840087279564 0
0.5183959368876772 0.3895622683370202 0
0.5481064687884928 0.09958448162677247 0
0.5462494213834826 0.113780109025826 0
0.5830960347565026 0.4250844772627999 0
0.03637702447063662 0.02416253803764143 0
0.7870384361932564 0.01968420976178603 0
0.02443325479589131 0.1832514185559413 0
0.3763695927281144 0.0229615406932146 0
0.368102634436997 0.03446374446445927 0
0.577814003717225 0.3822000338922938 0
0.8019849822604677 0.02111867537260603 0
0.7367461416797456 0.4791320118093084 0
0.4069110524222743 0.06368700177836678 0
0.02556995946684809 0.08064746017685159 0
0.5835399634069017 0.07326258162712884 0
0.5923879532511287 0.06173165676349082 0
0.4061308746184334 0.4391333370101838 0
0.09709254830058905 0.4813601180269679 0
0.761260956627916 0.0184789912398069 0
0.9755429218537959 0.1442795044939568 0
0.6143794603254272 0.382465082124561 0
0.6271188682149715 0.3827132023335555 0
0.51187598017529 0.1247145961742444 0
0.4766699989982221 0.3905781320828463 0
0.4736839677522179 0.3785109836224537 0
0.8729254109979832 0.4771844597263336 0
0.5126588443517981 0.3776308161824671 0
0.5811933153825127 0.3696914667352793 0
0.3229984223073277 0.4861927317031418 0
0.1947280006530273 0.4768873140224628 0
0.2075589560065275 0.4775280123103637 0
0.181812035052701 0.4758974935685528 0
0.9742568102500129 0.3484729562520829 0
0.9667124527803073 0.3594720907361673 0
0.97977195738528 0.3603957782157031 0
0.9726249312024906 0.3717025088100613 0
0.9777343387426736 0.3842217840364807 0
0.9646653875157811 0.3823491422354101 0
0.969613471470127 0.3944986091929491 0
0.9569099891114721 0.3929723044415048 0
0.9619347197380534 0.4047712459156678 0
0.980276867498373 0.395235730927916 0
0.4250176034453217 0.09664493916458217 0
0.5793675276927959 0.107759532540856 0
0.6212240801870701 0.3710803821567249 0
0.9825732818358737 0.1112987634261203 0
0.4781100774476066 0.1100601460173736 0
0.6160254819817029 0.05221130929146478 0
0.4241957119697418 0.4027246124174667 0
0.3532896865177267 0.0576416501193257 0
0.3461741425374252 0.06840380197711149 0
0.6776426346130648 0.4865001189027229 0
0.2461054388386347 0.2994398980947898 0
0.1402127147432139 0.03255539660095194 0
0.4927771724000143 0.1113156986781219 0
0.1460041795552189 0.04390932870121683 0
0.1476290672773069 0.02102189339032851 0
0.1575365579702898 0.06712829361192924 0
0.3771227034406859 0.3874536024763571 0
0.4031750651070558 0.3892604091671863 0
0.6611605123142074 0.2481565306711858 0
0.6554653347087627 0.2364291496631834 0
0.6481443918201222 0.2473363838629783 0
0.9189225551075748 0.4686204649518536 0
0.1743673574690376 0.4869062216040833 0
0.1683598714153672 0.4759251181709669 0
0.1552062536916245 0.4764322040030804 0
0.1625726828848588 0.4644457442285516 0
0.1497223105954686 0.4637706531141857 0
0.3734739351319634 0.04668163095016542 0
0.4056194520549476 0.07716627695409933 0
0.913723818232282 0.4574893267553344 0
0.7986190170027656 0.04298572683770904 0
0.6201970833909156 0.4709107366129503 0
0.1688252919108038 0.09033939566566759 0
0.3493962126343786 0.4562003889869893 0
0.1423912075473535 0.4766484923472452 0
0.859961554026677 0.4760868798395721 0
0.852521066888775 0.4878028647114105 0
0.1672403081264286 0.1127952923362914 0
0.1599841332306965 0.1236033685638847 0
0.8258888253341441 0.12378678214432 0
0.8388470420242007 0.1247276264706491 0
0.8988391261160631 0.4783373451057982 0
0.7420626625168222 0.2083506810648331 0
0.2002768812469499 0.4886263047380373 0
0.844884353570418 0.03496607489184986 0
0.8090000812630151 0.3714570341697276 0
0.7622673556727289 0.1984811503762887 0
0.6091443150588645 0.2447137332607012 0
0.596151188014334 0.2438054270335855 0
0.5904259247175191 0.2320822247418566 0
0.6668032891236095 0.2599135435447457 0
0.6870581419236719 0.2499754043910375 0
0.7325022215302694 0.06091639752869188 0
0.3443765439792353 0.475677779454468 0
0.8968343575937421 0.03836467484178482 0
0.5831514269934939 0.2429233104019367 0
0.5774239491760111 0.2312004412008895 0
0.5701368640634401 0.2420649913355047 0
0.564419037733881 0.2303113132670166 0
0.5716865340719813 0.219488806383879 0
0.5586530267942689 0.2186217956382942 0
0.5513581171131292 0.2294894382670543 0
0.864392287401526 0.2280831106472579 0
0.8585662521184827 0.2162516081453099 0
0.8702069425001011 0.2398158205491901 0
0.8759127022336295 0.2514963642451146 0
0.1658069921543551 0.1353604289853378 0
0.7698735234360627 0.4694103805691174 0
0.7625210748230877 0.4808031608308594 0
0.6014206761641899 0.3806462048516185 0
0.7771312854270506 0.4593658437212486 0
0.8491606250509394 0.06894637289319172 0
0.7202092840640517 0.241005832880046 0
0.8419093868177194 0.07970325015839982 0
0.9083068506705922 0.06161787777978414 0
0.2683968819531474 0.06334019167985847 0
0.7583851612379513 0.4469140797832812 0
0.1686098139274173 0.1922821145063492 0
0.2813141661116259 0.1657369299732331 0
0.2568969057799539 0.4247077486052615 0
0.8288714191019251 0.4629447232723699 0
0.8341600916599086 0.4752554290149358 0
0.8216574846412892 0.4736825429861981 0
0.8087417012264491 0.4724091919842182 0
0.09275273526314254 0.4474849171297371 0
0.6978945840158843 0.0924015191536379 0
0.8231070100543403 0.4512843472065512 0
0.1881918415021037 0.025295738430756 0
0.1967671205163134 0.01830033307164969 0
0.1836188196199404 0.3520409484857612 0
0.2976197479558343 0.3030826862188418 0
0.3592156633937355 0.06924157934485053 0
0.155561659755291 0.1913748219281307 0
0.04946109976278007 0.02446834018954158 0
0.03182774462017257 0.01191985726245948 0
0.7300717212463108 0.3886590938455875 0
0.8219521855761891 0.3723264511784722 0
0.6424495636490855 0.2355722805428586 0
0.7104633863546781 0.1949289386697794 0
0.697488252990685 0.1940371716607143 0
0.7325895379947831 0.4451463685356212 0
0.2846675880857927 0.3022604703477271 0
0.2238377018621119 0.04915229636082846 0
0.01285051557340261 0.4661362271965234 0
0.9886829417345679 0.03297215830733574 0
0.9773533837139396 0.02642201493889806 0
0.9787453700290878 0.012168940112676 0
0.9663321682248032 0.0197397409901246 0
0.9666786083286876 0.03286704816298863 0
0.9543895159456435 0.0276493969296574 0
0.9450038538290697 0.01939783658320443 0
0.9885806775531949 0.4667611930922808 0
0.9772121199680854 0.4733332017522082 0
0.978723430801554 0.4877959897572941 0
0.9663074169305399 0.4802250046596892 0
0.9654431733943405 0.4667344248432033 0
0.9546937501544697 0.4736905035893779 0
0.9662773590584668 0.4531177098494628 0
0.9447052730828758 0.48109411731573 0
0.9773628287990539 0.4599705069233467 0
0.977940903334191 0.4466250255947061 0
0.01351081740611504 0.03367809336161512 0
0.850648142171432 0.04653562219629981 0
0.8521582243252805 0.02412878596304313 0
0.8650886179192651 0.02496091559614291 0
0.866358252098705 0.1039896924508165 0
0.8533826477662787 0.1030753674274381 0
0.1476263335190379 0.4059665041227047 0
0.1346559297528233 0.4050793704367924 0
0.1816486085730851 0.1931768989247708 0
0.3030487303864743 0.03223314195477883 0
0.1788521349827725 0.1362741011617913 0
0.143781750622782 0.269987807788825 0
0.7067653590841497 0.4433971568538739 0
0.6906308376654156 0.1031815867640426 0
0.5777709306959968 0.1292921189260913 0
0.5835598462233592 0.1411451421021477 0
0.5892892953379055 0.1528259240637199 0
0.2180682039000948 0.0375243997454848 0
0.2124067173864161 0.02784014605969629 0
0.6822259896479289 0.03489307131340191 0
0.6765825819827784 0.02325078793983457 0
0.6894533342527229 0.024008227230467 0
0.6836616239902096 0.01210391836245636 0
0.7024691214534931 0.02350966184313386 0
0.07245574008998884 0.4575133909046994 0
0.06520767373873804 0.4683431340308006 0
0.07830250984811993 0.4685938150339468 0
0.0709716676868023 0.4799859267741854 0
0.0561078974857922 0.4787065462014694 0
0.7093721821122638 0.01196561365418733 0
0.7283870366191129 0.0239994654302329 0
0.7373443854298312 0.01355079772157114 0
0.2166192376456234 0.05991723323992953 0
0.1483080009277738 0.2022535053581724 0
0.7713693106661166 0.4477866326839801 0
0.3106227584747682 0.3039288998294787 0
0.3200622663002057 0.4515246806757176 0
0.6594351120503914 0.475358052617345 0
0.08489733513571324 0.07327389054079331 0
0.1924651020774563 0.03662605191103896 0
0.909788273979421 0.4235825119776819 0
0.9024194929837321 0.4343237969085828 0
0.1386482260420219 0.05452567297495986 0
0.1249588635005786 0.2574467686780221 0
0.8546553349014414 0.4645089570623693 0
0.3518314911186228 0.4428278348947163 0
0.3399317396257884 0.4491921571923879 0
0.8983257433332692 0.4001422957910422 0
0.8910472339881603 0.4109647124679909 0
0.09643908628149822 0.09668645916661042 0
0.1037086213582439 0.08584592198802196 0
0.1094531218260963 0.09754623620310593 0
0.8303558428012991 0.4405426107343574 0
0.1172170120514839 0.4708805041736721 0
0.1295450126465398 0.473406799600347 0
0.1205372334307843 0.4821565927720887 0
0.2366505393725411 0.4345379258266361 0
0.9170546135651194 0.0286187553413482 0
0.904095258284258 0.02794231273367559 0
0.05191162729340337 0.4671676370422371 0
0.2740413559117441 0.1765761189652307 0
0.1339865482849873 0.121868065690296 0
0.2641160026866762 0.4139173985657498 0
0.277072971609538 0.4147976989962621 0
0.8536020253967149 0.3857460355483657 0
0.8406407191103296 0.3848911913780124 0
0.9774122790633692 0.03946213120800723 0
0.9772504365052264 0.05254149914267309 0
0.9666791304349707 0.04607454881582104 0
0.9664934584658167 0.05918529547776782 0
0.9772715985896347 0.06566617012457726 0
0.966359652224398 0.07111002617307846 0
0.9773062371561816 0.07957220028250556 0
0.9887574423448333 0.07241191805699182 0
0.7291271305606992 0.2075185214937962 0
0.3443446247921253 0.1928938788953343 0
0.3573262427465497 0.1937217947038248 0
0.2741510165554259 0.07497018542867692 0
0.2669109471377307 0.0857614977922124 0
0.1216690955072684 0.404209781370885 0
0.3703505453212121 0.1945823220905399 0
0.1140766047311901 0.03081637054390191 0
0.1214685047264769 0.01960710390413345 0
0.1011050271622739 0.03006472625402373 0
0.6719154639531831 0.09059873017902156 0
0.6984567695311172 0.375263228941651 0
0.7041606476930596 0.3869191097623603 0
0.6927506467544146 0.3635963645705254 0
0.6848928066135425 0.09149823093574039 0
0.6833718439632729 0.1139722340642415 0
0.09418877097609307 0.4250152449978797 0
0.1455083408017429 0.1453093835874003 0
0.284300771685475 0.4039878723042727 0
0.01073436412994361 0.3617122405627834 0
0.9886096500396178 0.1381497174789512 0
0.9773525773554281 0.1583641986939125 0
0.9884650383479689 0.1645745042360227 0
0.9778409346229564 0.1713131585062064 0
0.9777894015710089 0.1842818120919766 0
0.9663067325081138 0.1773755049986556 0
0.9013841936388183 0.3550279903174188 0
0.7786126401720463 0.4370338353115524 0
0.921319115433737 0.06244654170533084 0
0.6797921175965438 0.3627154118913639 0
0.9025779457804226 0.04995780258476742 0
0.8170528538332115 0.1572962582361155 0
0.8040514008633914 0.1564334192012964 0
0.7968270375043309 0.1671640186774735 0
0.6879261814331908 0.04652363378704077 0
0.01303415781685441 0.4414204922560405 0
0.8189279340490967 0.03336383434738827 0
0.8260533174540481 0.02199872837537559 0
0.8061998287177121 0.0326118789344656 0
0.8044149914305727 0.05460981368940532 0
0.7913608482515249 0.05374268094819057 0
0.05481856597439211 0.03698368612686084 0
0.1074113661009878 0.3243618932160641 0
0.7527580872114246 0.4352637249868799 0
0.8619466702360135 0.4539327707881217 0
0.1850491875370193 0.04669624638219533 0
0.6331922612823369 0.4711904739521527 0
0.9174809299227542 0.3106616863307071 0
0.9117060344116346 0.2989438888520033 0
0.1016246429003311 0.3126750298107476 0
0.3657576007346461 0.2623303654468717 0
0.3584756804556985 0.2731696613320017 0
0.07915641314840288 0.06155858142187531 0
0.09218542630419263 0.06243092191539482 0
0.01026068201767344 0.3357213944015934 0
0.5926993357900018 0.4162176874584481 0
0.1313796420980399 0.449999577056911 0
0.2511495806876952 0.02883248848593228 0
0.264071777900428 0.02964373622660543 0
0.2698877131815328 0.04101842799624711 0
0.9144190821983535 0.3558911620247915 0
0.2739198833668894 0.4594761240236934 0
0.2660396011074303 0.4695842258855498 0
0.2128501406104341 0.308610649569125 0
0.7455116288559414 0.06185863865421326 0
0.7253121390006287 0.07177018308412081 0
0.1500445030950588 0.07776253457992849 0
0.01139216780836938 0.1381629233896589 0
0.02208409412276208 0.1316563742765703 0
0.0226625367113153 0.1184579070911672 0
0.03481191920959009 0.1261880703838393 0
0.03406196336558265 0.1118249385365502 0
0.02268845409344694 0.1053951829731181 0
0.03417001373456807 0.09877235085707176 0
0.04721032709715128 0.1051678561985473 0
0.2274850828004828 0.4674417038724584 0
0.2147648925637469 0.4666691945214804 0
0.2223458545328762 0.07154947962351188 0
0.7238039232625835 0.09417215524445424 0
0.01132174539954184 0.09882194493707383 0
0.98891434730823 0.4276825992956109 0
0.9781541249228018 0.4211765392277806 0
0.2607764600369241 0.458482713065465 0
0.3953441894331616 0.1167991394284237 0
0.5237469723031772 0.2503543635132927 0
0.5179930308779765 0.2386217295922826 0
0.5310275356599432 0.2395066208448378 0
0.5252746082874329 0.2277768861633481 0
0.5122418957059215 0.2268924549173686 0
0.5195201766094791 0.21604557631656 0
0.5383056905066208 0.2286596374465026 0
0.5440684170349255 0.2403694656902369 0
0.5571086476598844 0.2412121920523796 0
0.1273959368708624 0.415907403260073 0
0.1854459286783883 0.3292529598836046 0
0.191148124709177 0.341046030677352 0
0.2039788858037409 0.3421676899637868 0
0.2205928337903549 0.1956393734415401 0
0.08039074866042234 0.1410031109396689 0
0.09921708541556007 0.1536041790233053 0
0.9894199275726876 0.296172283074772 0
0.01143098189553265 0.2039459140635402 0
0.02277890627889495 0.2105219933425378 0
0.02278490893676272 0.2236665108981336 0
0.01139934770932027 0.2302489670861503 0
0.02346769244737995 0.2374458441944504 0
0.01061613608132295 0.2435408792219953 0
0.0236529894757887 0.1977272598230443 0
0.03412063580613789 0.1925901018082043 0
0.1571619574803248 0.4522225029697693 0
0.6745823375930401 0.1472653639467712 0
0.6673126819548274 0.1580886515675637 0
0.6730430955969388 0.1697974478374654 0
0.6860420801914494 0.1706514753815349 0
0.746685619915229 0.1408208374530127 0
0.7337364359210699 0.1399641060328226 0
0.2467491006491862 0.09569492874241475 0
0.210563664120378 0.1497277101450359 0
0.2178117621740592 0.138908775253359 0
0.9811386354760323 0.336274819508533 0
0.7269264990283918 0.4334989346434845 0
0.2695876362625119 0.244235013006464 0
0.3088050770816057 0.04354847456004948 0
0.1563743523083871 0.3726178567796125 0
0.3730366449749459 0.2514827147322344 0
0.3860675045835154 0.2523697942778638 0
0.2480666236427281 0.174842586803789 0
0.01137760224339124 0.1118628595032938 0
0.5367841220314702 0.2512355239531347 0
0.8658052899822968 0.2053148486604891 0
0.8527695389798142 0.2045531598443635 0
0.8455783248372699 0.21559661851072 0
0.8600276891837317 0.1937279816375004 0
0.7264955136765467 0.1507729641271749 0
0.9006519934517268 0.1736697919018505 0
0.1833936547678576 0.4534434346887472 0
0.8421520103957496 0.3623597316389893 0
0.5800721279429754 0.2881568176942163 0
0.5728141319120662 0.2989920054939472 0
0.5598002696584622 0.2981222119968964 0
0.5655565750796496 0.3098305854805208 0
0.5858213925748033 0.2998482871632784 0
0.5525735695796083 0.3089447105459222 0
0.5467817864462532 0.2972501882443229 0
0.5396118155712342 0.3080799047175682 0
0.5584673517432692 0.3206603220785785 0
0.5714736728935552 0.3215102222023168 0
0.1046241519105052 0.2674479397072603 0
0.8853134093478453 0.3992311500126913 0
0.2193367220212 0.1164262904353012 0
0.9211496759983602 0.4469217944794555 0
0.2626595230484934 0.05173312229216354 0
0.2685538285862583 0.3463884729700834 0
0.261320905971023 0.3572589782353894 0
0.274285779475392 0.3580888597842572 0
0.2670729187645604 0.3689420894877963 0
0.2815543753679658 0.347269593165386 0
0.2873033979544526 0.3589733188593838 0
0.6194788976678161 0.1888001466266359 0
0.6324906610471583 0.1896826207380015 0
0.259604623461099 0.1982634971799438 0
0.7284896179987186 0.3094665443667678 0
0.7212955454284716 0.3202924363400316 0
0.7155160036409567 0.3085732301387504 0
0.9140622955287623 0.07330051762409945 0
0.219204363974885 0.2183300917016853 0
0.07422980841688959 0.2313168887633665 0
0.2971781993176922 0.2234303004080392 0
0.3027697622343934 0.2352356353605685 0
0.3099539227224031 0.2244949638277961 0
0.9890706791874582 0.2169914253603169 0
0.9886074259676774 0.230267482947028 0
0.9779154243347421 0.2372209705804327 0
0.9782094469485882 0.2501125072785019 0
0.9887702692641711 0.2566075064328097 0
0.9782588589517831 0.2632576013998925 0
0.2814142140377034 0.06417361273835936 0
0.6221318506693201 0.2456115346776381 0
0.6351263072851404 0.2465030030434456 0
0.2871581984029034 0.1774284672151192 0
0.2885910785961649 0.1548920595580825 0
0.2957960907397297 0.144042344660286 0
0.2900479800453651 0.1323487935010299 0
0.3030447726331223 0.1331680758839738 0
0.3162061606296411 0.133987126109475 0
0.3105360899585302 0.1220901462248044 0
0.3180016611401496 0.1114019527154774 0
0.3050367703420502 0.1102826676830088 0
0.3124149146184505 0.0996655506509049 0
0.3253749919170611 0.1007233099650347 0
0.319424094708801 0.0890424484825787 0
0.3016637104833365 0.1557178590596408 0
0.7554436033668146 0.1075874972631209 0
0.8162078752170656 0.360610539679606 0
0.7960298290208585 0.3705974087455884 0
0.7830637623181758 0.3697544165469865 0
0.7759224497057799 0.3805993038610361 0
0.770139144096693 0.3689407728011301 0
0.7902674444086824 0.3588562016148186 0
0.7050457917108919 0.08156729424379666 0
0.2275268276528643 0.2867470853589918 0
0.7762043912348617 0.2788698837707157 0
0.7819364464899765 0.2905617547640022 0
0.7949217015265779 0.2914466323978376 0
0.7876522897190263 0.3022445317603237 0
0.8006093613150549 0.3031197809836279 0
0.7632180011916825 0.2779721604456996 0
0.774672802625799 0.3013511037161215 0
0.7803853663209193 0.313034974000898 0
0.1874044106671507 0.2048813366295135 0
0.1946226212894627 0.193970455492369 0
0.2018357801387806 0.1830799912848966 0
0.7171205950971518 0.3877846858486758 0
0.8025494190065741 0.1789151604473973 0
0.7839489194683336 0.1660853448889296 0
0.3048759660732938 0.2922102981585181 0
0.3236359323042411 0.3048017464129408 0
0.7399966007361753 0.332870657105118 0
0.4194720450093418 0.3450070213560943 0
0.9882317859730987 0.3239160995865473 0
0.3527244620337092 0.2614354347750166 0
0.6844933160984923 0.1932071494332163 0
0.4976671818338051 0.2485831151062824 0
0.8669740836495869 0.2848657474352851 0
0.6190414987860936 0.2907641491025197 0
0.6117983760922823 0.301570424515389 0
0.624776675696608 0.3024384884725122 0
0.6176138390551122 0.3132784073255558 0
0.6305607200532182 0.3141231896618482 0
0.6045683026797607 0.3123872283682707 0
0.610518674845081 0.324139393766196 0
0.5974530958306918 0.3232312261937015 0
0.1206967120211775 0.2230860702394435 0
0.1279799208935167 0.2122228806481775 0
0.506489881030642 0.2151627447622788 0
0.4992065407493646 0.2260100293951441 0
0.811696744261139 0.4280061993162204 0
0.718561345246538 0.2636317725069549 0
0.7129120607516859 0.2519098870568995 0
0.6607575030292628 0.4515472833068717 0
0.6252136297396303 0.2005068958831546 0
0.6382229419317949 0.2013855366489027 0
0.6439435029085629 0.213096409279464 0
0.8564029353495066 0.05817781289301724 0
0.5628481508964543 0.2529536691884726 0
0.2495931493442374 0.4354448327896039 0
0.1467953843485158 0.2248417791081893 0
0.2107563819066586 0.4327703702634595 0
0.3656627134179585 0.3640962451124766 0
0.1380082103393924 0.2582995992342799 0
0.6241589907776949 0.1212554713440603 0
0.3979302409640153 0.1737799714994608 0
0.390648699059179 0.1846290148309103 0
0.3963996279453217 0.1963676275284366 0
0.4094345910499034 0.1972484826279926 0
0.2653718769259876 0.2099752561263572 0
0.272625810239 0.1991290826075998 0
0.9320536379975786 0.2888609493842137 0
0.2297468375946763 0.3438727783897346 0
0.5731815494413512 0.1969785443831809 0
0.9232307564463144 0.3224028548012772 0
0.1425163317364926 0.1904797138974992 0
0.8021829727430776 0.280637909689845 0
0.7097823048214613 0.2969029290479551 0
0.7025364938056931 0.307679546865845 0
0.6895677423465558 0.3067944895007496 0
0.6952871797546591 0.3184743281080974 0
0.7227580324190594 0.297786908109 0
0.1176792031177429 0.2683199399956211 0
0.1786239524129282 0.2382693317286955 0
0.7258011022094122 0.3546161603144105 0
0.609604068320587 0.1429135555080004 0
0.5149326781290666 0.2837917070564946 0
0.5076463342833126 0.2946462164078861 0
0.4946028560178456 0.2937645713923742 0
0.5003513959682082 0.3054945994064424 0
0.4873199487197711 0.3045630656351138 0
0.5134661474348913 0.3063700930885741 0
0.4815599185272587 0.2928717368142471 0
0.4742772929138051 0.3037047899933668 0
0.4932120327171379 0.3162677793371953 0
0.5206991683010689 0.2955229101123711 0
0.5266258583808107 0.3072293416466995 0
0.468517055497258 0.2919908895997227 0
0.46123243684168 0.3028535296278705 0
0.4554734637573977 0.2911087037262775 0
0.4481823536795999 0.3018919491759257 0
0.6397651702561642 0.1788561108148285 0
0.6838490525832008 0.2951318929370446 0
0.6766018422005384 0.305908455641289 0
0.6636414096456883 0.3050350723057781 0
0.6693496189599806 0.3167064618641573 0
0.6564396004987428 0.3158408541995693 0
0.3734294434976067 0.1494667469427079 0
0.8451811982345483 0.317321033485065 0
0.8394316175839005 0.3056145998847272 0
0.8466888704218851 0.2948119054316111 0
0.8337059961067823 0.2939647307297925 0
0.826445087570867 0.3047628822574469 0
0.4010127097196482 0.1286121096087631 0
0.9350788706167792 0.2436464711074465 0
0.6260927711629314 0.4055007754548016 0
0.7010707100023487 0.4317539485706891 0
0.07160563659649594 0.174509383206174 0
0.4236711976717381 0.3792972774851249 0
0.890356987872388 0.2296320368399489 0
0.6943441221332358 0.2391768737815323 0
0.760607575584948 0.2211501618135264 0
0.8376080210026735 0.4297944626641836 0
0.8597063615116833 0.2956658979924194 0
0.8539673753439718 0.2840498853486073 0
0.09964268780044283 0.05179871524319499 0
0.5888713881340061 0.2547041845760011 0
0.9335743264736386 0.266204597408579 0
0.1289217960946665 0.3933734882039726 0
0.4934315899641146 0.2142843591738765 0
0.6377549089630573 0.3032849387668936 0
0.8321859911264518 0.3164517020708484 0
0.8192204924447279 0.3156118476594068 0
0.04998543659256433 0.2070981741970011 0
0.03575464414282908 0.2055771163870005 0
0.3642271738760544 0.2848988820297881 0
0.3511949805326798 0.2840048109792304 0
0.07984207975375035 0.3451417076901698 0
0.3209839941589435 0.2479920418347476 0
0.48462152263567 0.2477021519750926 0
0.6668387000635396 0.3618214857159388 0
0.7234403030462071 0.1958134670632261 0
0.3569484215800828 0.2957391779559104 0
0.3439238437853413 0.2948408408856728 0
0.4876718667824314 0.2025501899855714 0
0.6902136700426008 0.2048890456713766 0
0.4599554299265276 0.3251125172416089 0
0.3933479171311665 0.2415219261376289 0
0.08694567457215874 0.435844368059432 0
0.3355610972083457 0.2263018019418043 0
0.5930715372898101 0.2890220967981176 0
0.1640749020150994 0.2599620238144358 0
0.6512327854233749 0.202258659686747 0
0.650133816204429 0.1229937163934445 0
0.6424338363414243 0.3375886078196121 0
0.8109787276086068 0.2473095396734469 0
0.4646457755598932 0.1556061619237917 0
0.3361521299403025 0.02275320531739125 0
0.3418799889497938 0.03437628380040381 0
0.348906274707025 0.02337842203488971 0
0.5356050330363764 0.1717701883405514 0
0.6320148063103537 0.291629063223698 0
0.5267959049374602 0.2051935370749637 0
0.3776226221627791 0.1837462101860831 0
0.4543012998837094 0.2116325051501468 0
0.3221125250776188 0.3273775791330326 0
0.631427554385896 0.1104252572459622 0
0.4888446758601787 0.2820247114509346 0
0.3891230211561743 0.2072165878828902 0
0.5786158556353979 0.3106595046756236 0
0.2387233356878747 0.4891948451897901 0
0.5861956923493388 0.1978575508794943 0
0.2805799141222954 0.2677104739743935 0
0.457361289708592 0.1664617452321155 0
0.09793877842629944 0.07414960164072243 0
0.4964880375994422 0.1691112573192357 0
0.4758017576202179 0.2811392358962078 0
0.3630678421601701 0.2054460806180513 0
0.319045667062789 0.3724393685667405 0
0.6627195544615507 0.2256226634738425 0
0.3672856806438526 0.2397498564590647 0
0.3136560234302894 0.258800125617536 0
0.2549987723579699 0.2658965900868848 0
0.5253353707896689 0.3296565158127986 0
0.1167781466297364 0.08678380941293157 0
0.4585292737146049 0.2459356142274519 0
0.3918186881825064 0.2640974297630328 0
0.3581646126112794 0.3750574920766516 0
0.6579294850966791 0.2933744661812915 0
0.6725477442335747 0.373494880822129 0
0.4497162660014792 0.2793683435024712 0
0.4166726340471592 0.3903393282595564 0
0.4631172917340483 0.1781959691293709 0
0.4774378678318579 0.3597934730331642 0
0.4324512040522946 0.2441677298797723 0
0.7307036668629078 0.1849592175548267 0
0.6355746197625073 0.1446207258017011 0
0.532555991161423 0.2169162351057689 0
0.4063513406846705 0.3441183161887307 0
0.2295699809330218 0.06078226645279983 0
0.3990999509682935 0.2532505408865804 0
0.7813149597267626 0.1093328242150824 0
0.09380153410038311 0.04031156421285614 0
0.0954679261551486 0.01852138789874311 0
0.5095286268551693 0.1700004370893294 0
0.6402597687941347 0.07712997541270147 0
0.6272539275603519 0.07620453984371095 0
0.6148529288719022 0.2565005246922631 0
0.4052114991142106 0.1629364268111177 0
0.3960374335932623 0.2983957384002225 0
0.1745849297504277 0.1020578375320703 0
0.1119055609650304 0.2565712204971053 0
0.07738375566217021 0.1861907539215331 0
0.3887559804836365 0.3092310060785386 0
0.4513225867785222 0.3584008674169 0
0.4266970055764266 0.2324377682446693 0
0.4236375710908273 0.2775943243028879 0
0.4922120550081541 0.1346557954748031 0
0.4470156855706364 0.2224787815266185 0
0.5386634103072501 0.1266261487041109 0
0.2130423638082299 0.009354882299789952 0
0.2387300533466639 0.01064239035657052 0
0.3945225831779146 0.3208366270945834 0
0.6963553033608801 0.1148624142129727 0
0.5028366844258382 0.3611816864263068 0
0.4370382436868083 0.1764342978375377 0
0.7031965154327269 0.2057609655802619 0
0.441262945663665 0.2107462460234505 0
0.5517118544875992 0.1272505459922439 0
0.08766415808228106 0.1301267011653662 0
0.846112827974375 0.1138843786359011 0
0.6969054511093444 0.3977006115954601 0
0.3611613364091522 0.3300216669879116 0
0.9535865539284063 0.3585711172286586 0
0.8463638258784008 0.396560656368473 0
0.8991497467113765 0.1961898314837295 0
0.8078854906028854 0.2923186423653826 0
0.2773628364799355 0.3130588358619886 0
0.4328093144041746 0.1421277680183473 0
0.7626711349616559 0.09680950731169347 0
0.5295717887855299 0.36382745899948 0
0.290394226494802 0.4893898716461802 0
0.2645572630591985 0.010600212400531 0
0.2645161290322582 0.4892550917203806 0
0.09584132720671534 0.3009492285136314 0
0.3333288928699715 0.1693702080924811 0
0.1892271646670113 0.08059420106851234 0
0.5540434847873054 0.2864130921863144 0
0.6408116766087408 0.2582995150635331 0
0.3148420091372333 0.3382117760539232 0
0.3466173503558169 0.3516743242019044 0
0.1410316770980845 0.213115087182494 0
0.8950852933917355 0.4450429965139372 0
0.6938458775674664 0.4425165158934536 0
0.7873649326387346 0.4038571547525618 0
0.2423059201852953 0.1631476302746138 0
0.2339530115006745 0.3780211850638781 0
0.04699730468683044 0.150046025722372 0
0.4567282256137819 0.3692585753824571 0
0.6875646651013809 0.1481435008545403 0
0.4293899697898196 0.2893243709404533 0
0.1517450141352668 0.05548637008448809 0
0.8173950067359259 0.4396448161958937 0
0.5486385532483644 0.1726605585133573 0
0.7502325122231243 0.2770796939505114 0
0.7574871060470424 0.2662804600800642 0
0.4021553335665468 0.2080968922757158 0
0.2510227287692915 0.1298279171910974 0
0.06235333658568998 0.1060128373220378 0
0.05660027918576199 0.09381613962664875 0
0.2378378692427904 0.2308121179924137 0
0.7979813385898014 0.2464346714234985 0
0.5049562569320317 0.2377372478010164 0
0.541015241457887 0.2855396768381575 0
0.5137603491736381 0.2043132969395868 0
0.9315655519475929 0.3911546162694128 0
0.7356690248751812 0.4003476753914934 0
0.3600386715217788 0.4316055380483168 0
0.6294553899994422 0.3367222667597058 0
0.6367225647786754 0.3259041397141997 0
0.08550218675916843 0.4581341258980662 0
0.8246899309707653 0.486567986523315 0
0.798637895647861 0.4900736607104796 0
0.4443217984062263 0.165582506526133 0
0.3478685094988618 0.1476817839082555 0
0.1540732067334606 0.2139909382442856 0
0.7280175563525035 0.1282929367044431 0
0.8087090287617591 0.08866281408823806 0
0.8510817755991584 0.01133761270702643 0
0.3843155199424495 0.09334602063809155 0
0.4516039148211859 0.1547303934447146 0
0.8426788963481138 0.2607454063890589 0
0.8129263825490844 0.1227788082183527 0
0.8707408114479818 0.4208005501981352 0
0.5988166827693844 0.3007053727961742 0
0.8895821702613562 0.04913114613838693 0
0.1089023047499023 0.3018102260693085 0
0.2598490483101408 0.3797593441186447 0
0.5976872955252781 0.221261100077091 0
0.8361428252164769 0.06803055381480644 0
0.7056234017189932 0.2627514656850217 0
0.2905236164258499 0.01068267250760807 0
0.3232155168571277 0.4066207304823719 0
0.4424305838842514 0.2902033359226397 0
0.09714604170552904 0.3799574111041406 0
0.7196827629633116 0.4442639697726568 0
0.6791465842323432 0.0797900588736894 0
0.6366973910049704 0.223891473082027 0
0.1791751410958166 0.4194168664815353 0
0.1957400025372856 0.2732936235824493 0
0.2232955828735987 0.2525085676255159 0
0.877802981939459 0.0100441940271378 0
0.08000451577775031 0.2430784170451311 0
0.7454992894590684 0.446008665226422 0
0.07121083218514629 0.2765961922976889 0
0.3304776347382992 0.3958285548109624 0
0.7756086987142434 0.09768190371336413 0
0.1033955813430869 0.1878696605102823 0
0.9038040434476509 0.01010661732778281 0
0.7647424881891172 0.255479622078112 0
0.7922412860428876 0.2347435557897954 0
0.0465585211804494 0.2522138718752238 0
0.8204597040182671 0.3948354558103011 0
0.8967598158319614 0.4226448579139864 0
0.8808456410973753 0.08237922364583872 0
0.7615377581486243 0.4021068171311356 0
0.929105346747698 0.009894977673698041 0
0.3091016457365635 0.3265018454902889 0
0.2065453250254553 0.3987219315865111 0
0.9237322196395641 0.220536758575134 0
0.5560161745278551 0.3668357520671429 0
0.7195262216068616 0.06002691253375736 0
0.9478298274080483 0.34680412801859 0
0.5998363387810552 0.09658354838455785 0
0.9288931456545249 0.4902071386932343 0
0.1412307426848941 0.111022279021159 0
0.1812172926689901 0.2949751220112198 0
0.06242449176922532 0.3101104426193215 0
0.03469141397079417 0.2280956549071525 0
0.02945713187743632 0.2488456983594552 0
0.6497200885804528 0.2247555921529018 0
0.08883822449661943 0.2096034608164725 0
0.2800619725179236 0.3698005107328252 0
0.9648914057163993 0.2792396644521428 0
0.1497764196927079 0.1796213374808731 0
0.1179682963779169 0.1661520305239367 0
0.7207665712399165 0.1390941858777628 0
0.6990280859666475 0.1715153852017698 0
0.834232050688494 0.1923540454472621 0
0.4602500781053514 0.1222095622329163 0
0.6548061747381021 0.0555786485738001 0
0.5337849737539697 0.2963816733877355 0
0.439733312966134 0.2333221572794209 0
0.08729719236894595 0.2322044025851263 0
0.2136174913101367 0.1047648613750215 0
0.3131762409260555 0.07741431011762434 0
0.8067456227278502 0.2131245818646966 0
0.7430106603516564 0.3895324753464081 0
0.3117757871955241 0.3832462939342772 0
0.9566776415074674 0.3132801112746973 0
0.2236911539485801 0.4336397291808155 0
0.3454455023612487 0.2722722438329624 0
0.2828057752494264 0.426462481251693 0
0.884173808930566 0.3199323666603494 0
0.6665058956573012 0.4634125348840035 0
0.4458468987037076 0.1430056151800342 0
0.8696503211972755 0.3416064233924718 0
0.4919168800425739 0.236852075227307 0
0.8487012047036426 0.1706881709929625 0
0.04791199024634463 0.3318829496949822 0
0.3833711368977976 0.1954883032531231 0
0.7310282110832451 0.08339892578290936 0
0.1110724842688144 0.07510842030154424 0
0.9890200547986174 0.2697590933094296 0
0.354775247972436 0.03481552803069249 0
0.5428885811102224 0.1609349901308131 0
0.2539578425457697 0.08490915790045961 0
0.938228754797896 0.1987479148438579 0
0.4990370568223688 0.1235693172298819 0
0.2309318211687625 0.4228843668176043 0
0.09997087800161597 0.4366732687944754 0
0.9458675258562947 0.0868793974049018 0
0.6451746843958271 0.489141591499744 0
0.6695024653107178 0.4183511514689546 0
0.3332348855373258 0.06749381591200987 0
0.3391775697433422 0.07912861398333954 0
0.04864658723610826 0.1276320431191411 0
0.1758079442854532 0.181348703717037 0
0.8811159528014016 0.3650103493572984 0
0.9886486842451871 0.05917675769010183 0
0.1762482995459271 0.07966016690406627 0
0.1827277780449473 0.2724312505910929 0
0.9071405101110097 0.36675173621034 0
0.284301231818526 0.1206689190303877 0
0.3549467334646264 0.01179844880226599 0
0.6451112447448284 0.01085734252858755 0
0.3806451612903227 0.4888254786608459 0
0.6193297626623119 0.01081198218084117 0
0.6193987905998023 0.489904552980553 0
0.1246701397249229 0.3591543795479529 0
0.8379317436505074 0.3281470418036461 0
0.1403663722874532 0.4167774430819423 0
0.9064302747502977 0.1853444492514009 0
0.7731093069378663 0.3237963539013313 0
0.8835257362035087 0.1391311738014639 0
0.6803064033119843 0.1589636847586068 0
0.767403926288424 0.3121275717090815 0
0.7525513119943816 0.05100845856055694 0
0.7581213602716574 0.1641579945090563 0
0.8052352543540742 0.2356218651724947 0
0.08989543867214522 0.3907934949139329 0
0.4527700927428927 0.2342066356983758 0
0.9183061073724774 0.107512659947886 0
0.2396676301353571 0.3896762287259058 0
0.5846859568006204 0.2203790433062787 0
0.3146331624233468 0.4399719823127421 0
0.8119807218455135 0.3264218306823735 0
0.7558832353997837 0.390446787434549 0
0.6444171149942711 0.1113053392579353 0
0.643778222611617 0.416700407164461 0
0.1585379172562333 0.1462131518837264 0
0.3163707275305435 0.3156561227665368 0
0.3071462051589493 0.4506488032607338 0
0.7773171782207402 0.3579850457796344 0
0.8216532585351242 0.08953503275463187 0
0.2597127211667578 0.09655710496640219 0
0.7689453245314805 0.289663023675222 0
0.465814434191291 0.235093212821848 0
0.751522400479693 0.3562178873578664 0
0.529850219671341 0.1600484634634876 0
0.755961160393805 0.2887663506935913 0
0.8865831640467049 0.09406387551726517 0
0.2553011253384607 0.1640095975623792 0
0.04936819574684737 0.3092399257616387 0
0.04157603137267196 0.138412249151642 0
0.2639927565194926 0.130680751659858 0
0.5528670997776595 0.2069295084238716 0
0.9371293689996467 0.402798049812033 0
0.4530865633876722 0.1323440799888228 0
0.1006932174484362 0.1309896953832645 0
0.3361913066614886 0.4074908943019712 0
0.4788609659217427 0.2359767203837594 0
0.3247709649289547 0.3841361759719359 0
0.05813823020526371 0.2757279708277325 0
0.6293765214040201 0.4383243020255938 0
0.1754821165239883 0.2832785649875968 0
0.2008117533928928 0.3870718857237623 0
0.5168137390032956 0.159164314201742 0
0.718013999833122 0.08248202183950271 0
0.7098444357486791 0.3985745138121936 0
0.3366697572165463 0.3057136216593846 0
0.06237788100488684 0.4116201155736133 0
0.8762186368175866 0.1499181676292737 0
0.9488223308210049 0.4262803043488065 0
0.9608040595960188 0.427076902511649 0
0.1319565014663451 0.3483580621134348 0
0.2900352499414762 0.4156686331398151 0
0.883692326624937 0.4217027300510894 0
0.6507077260743832 0.3041519521789171 0
0.9693015077092588 0.3142532747617881 0
0.04582931234821125 0.0706321902346449 0
0.5456059968628572 0.2177577709666894 0
0.04789122330467327 0.4333031822143719 0
0.2148304381110659 0.1839335584093681 0
0.9462629237065074 0.3693589502809718 0
0.7654534998659484 0.05190616876976467 0
0.7816590884676854 0.392227037064946 0
0.04934121409648179 0.4107684743321613 0
0.5789421733172443 0.2086792652425673 0
0.2975550132906087 0.1213884806400213 0
0.1662457461662225 0.4185615606842497 0
0.6213198343644817 0.06419991561703359 0
0.1878820282719896 0.386214710703606 0
0.8124772301811495 0.2248156342593452 0
0.5916208866569765 0.3115148243522933 0
0.4143044603464552 0.4134619284251394 0
0.5110621151008878 0.147430579006681 0
0.8254508040344239 0.2256801487063466 0
0.6637895555140384 0.406703709850168 0
0.2770165841553914 0.1315235718096368 0
0.2063888604275697 0.115555493108423 0
0.2048454637505503 0.1380573018422697 0
0.8445638658661874 0.1365024022074795 0
0.9110450354537976 0.1183498659744815 0
0.5053154104329081 0.1356955051108313 0
0.9546185304561712 0.0761489901928892 0
0.0450743012076219 0.2748377075265768 0
0.3597175350123587 0.3525005230135996 0
0.2668396892399348 0.1874266137001813 0
0.2718063049348816 0.3014207336717936 0
0.2515181997418213 0.3112987972961878 0
0.8793321108396996 0.1048855791429301 0
0.3309019633722425 0.2939542738751383 0
0.0815379708563429 0.2204549648381781 0
0.3162740748745768 0.01095864345080094 0
0.8346510105137304 0.09044803655059597 0
0.146982265775231 0.1227120913207104 0
0.2469007272644584 0.3788988247757528 0
0.7683763937187955 0.1084574990197142 0
0.7713477448541834 0.06364319340925209 0
0.5819901938824864 0.1636262506131575 0
0.2331972454362712 0.2985030920393192 0
0.3669322225596771 0.3417018169858437 0
0.5762553798160707 0.1519281122623597 0
0.2610638627366841 0.1757128255838998 0
0.04213693968552984 0.3201299295480091 0
0.6417876405936525 0.05464068476749906 0
0.8276888339299893 0.3840220630598368 0
0.08415413583125358 0.3791453414807817 0
0.670649983059288 0.01150474792680073 0
0.04014369738044271 0.2633653325414466 0
0.2121203839389333 0.1272191795075806 0
0.6371482533235719 0.1221160089405274 0
0.3803283294902858 0.3423828014935716 0
0.6510728131393848 0.4059920374345133 0
0.5659127917769419 0.207799783639158 0
0.9593070486515312 0.3703695154411699 0
0.8056756204388948 0.1336517243820136 0
0.1845989295222927 0.1479994175519724 0
0.8476488379031872 0.09137528656822805 0
0.09343401973706938 0.1418659823756665 0
0.1527610451933302 0.1344621361121615 0
0.8349142429974734 0.373189687617942 0
0.03863560284844841 0.08099454880084209 0
0.7271240845615516 0.3320808687071778 0
0.7611510374101635 0.1192406754698134 0
0.8113666942609129 0.1455816043484809 0
0.9167364956636519 0.1300187340259789 0
0.691763899034078 0.1823501470872187 0
0.888373997105034 0.3541703110929887 0
0.0297239136732434 0.3187915401519489 0
0.7860616296696423 0.3246961558747338 0
0.8518320264613817 0.1256582116558135 0
0.6298691570806123 0.1329381060314519 0
0.1918689049372258 0.1371728065089513 0
0.766854980269809 0.1308944242755529 0
0.4135648876876646 0.333317448518433 0
0.9224234058703855 0.1415866039158326 0
0.7842473397153924 0.06451705449160902 0
0.7083163452878595 0.3193752747059502 0
0.5061709066990392 0.3171920181635722 0
0.8826354539714942 0.3424623581925323 0
0.7933283194302788 0.3139002728993531 0
0.5740712877962796 0.4034684183448649 0
0.7596179549369046 0.1416805535590678 0
0.6884992831704004 0.3294796594466518 0
0.7843214760443444 0.4486458951845542 0
0.4410354004693397 0.3126731421415621 0
0.6225924607924899 0.1437622104720285 0
0.6344284687039612 0.06532990169563532 0
0.7911696278112894 0.1551938349183586 0
0.9888290185641053 0.1908062074338863 0
0.3696242593669514 0.1149485131577103 0
0.1122225645426554 0.1544410719378012 0
0.5950306036990988 0.164519316647622 0
0.3434815174944065 0.3967038213949319 0
0.6153261011561142 0.1545814698655776 0
0.6823227057431278 0.3175228009110287 0
0.6023164285025914 0.1537049031169526 0
0.3825079464225267 0.3992918452856338 0
0.3315148982142284 0.1918979908772842 0
0.6626483958863508 0.3277667015448936 0
0.364033625587288 0.3866388889287751 0
0.6496838291659477 0.3268792497710675 0
0.3565231789504535 0.3975469729425288 0
0.6797512193521452 0.2607773761900383 0
0.2985819521867267 0.09907759277456113 0
0.1537375558325456 0.3158715634101188 0
0.7687624955618193 0.3913645088088581 0
0.042113487059184 0.4216139009780268 0
0.7524020113785521 0.1524962091697566 0
0.1479753491997881 0.3042277943190365 0
0.3975101485019906 0.3774664360451212 0
0.3079391323462896 0.2471371642096133 0
0.295045753030986 0.2461584585419489 0
0.1049613443623589 0.1653140787239962 0
0.4492694224728881 0.09951302699943287 0
0.8062657037798442 0.3147727755868954 0
0.1605549677980437 0.4068766118608463 0
0.9044425435648995 0.3098787713580421 0
0.6435766746515745 0.3149539148710826 0
0.2541179060840277 0.3681111917993723 0
0.02240190149681553 0.4094590735343836 0
0.148324110456853 0.488371124671355 0
0.2483916648305288 0.3564181876370674 0
0.2076101901079723 0.194794920147606 0
0.09767826456348322 0.1761836856009461 0
0.9776749075999316 0.3025273519672171 0
0.9262831025283169 0.2772216999594777 0
0.2426488235886195 0.3447031033413672 0
0.1677808425968195 0.3961082025286059 0
0.2133933056185848 0.2065498871084692 0
0.6236696781613983 0.3250698042102062 0
0.9278655812067846 0.2544595005513408 0
0.2321544554469038 0.219148033755506 0
0.8898942887265995 0.3316139727046844 0
0.1749944354131646 0.3853576553936635 0
0.1422439894930038 0.2925606673075627 0
0.3726533420094679 0.4465376065767868 0
0.8987109612464868 0.2981980789161494 0
0.09039357616505123 0.1870425025617351 0
0.2248713629121826 0.2300028856951108 0
0.3309297341462242 0.112349084056358 0
0.2175958878924659 0.2408237221418542 0
0.813531403969629 0.3039543606173534 0
0.02940936931928617 0.4210165405541262 0
0.6033815283810924 0.3349503518698584 0
0.2046173702564121 0.2399514153307913 0
0.2552607826177932 0.4470311821571243 0
0.976557856218897 0.4071188377187545 0
0.1916298728268147 0.2390863191896928 0
0.6999839602334206 0.2509486485160499 0
0.08310695073863444 0.1978783725201623 0
0.1843230300845745 0.2499414804843168 0
0.1770535119961489 0.2607916434562685 0
0.7331325405271562 0.2419213534025907 0
0.89717524174758 0.3207484724533124 0
0.7274896283096476 0.2300706097665502 0
0.5903480503071556 0.3340457229393093 0
0.1697896000509549 0.2716107674447478 0
0.7710507747282995 0.1651391201487 0
0.7347694694345205 0.2192648412903765 0
0.8207910897736386 0.293144155123168 0
0.01198993147506827 0.05880803632039802 0
0.7630426797776049 0.3796410082931396 0
0.1567965133116683 0.2707937736265608 0
0.9081029751869238 0.4459525525615658 0
0.7695275051330273 0.1877803955750051 0
0.5844774968621442 0.3223602013953315 0
0.8326369664063009 0.2148026552000055 0
0.775157234030404 0.1995596767669486 0
0.7549839218396099 0.2093336888771459 0
0.8280615455719016 0.2823423447904291 0
0.8889733649309358 0.2521589366178286 0
0.9526916009226647 0.1767802739346734 0
0.8831869622000832 0.2404782786140915 0
0.8514000723867055 0.2272906679053266 0
0.7573409249274299 0.3678044093285423 0
0.1692563947663605 0.3735581144846351 0
0.8409961711847158 0.2832085490941388 0
0.1764541162687365 0.3627919339570319 0
0.3619489386251387 0.02287896813472992 0
0.9769333167310613 0.198644254011478 0
0.1495231277467775 0.2816454590973159 0
0.07006340564142738 0.1970055377173358 0
0.1707575008360995 0.3510073968000904 0
0.05736046730515276 0.1962998262426203 0
0.9671119413100147 0.4389448543036533 0
0.848312517526199 0.2724050729394833 0
0.905969797934691 0.2873447825638206 0
0.1261813263073037 0.3367526643576041 0
0.1465414115440037 0.326744287314841 0
0.5643757233692068 0.3323406409298645 0
0.955088085306947 0.05247685628239177 0
0.1334443746316139 0.3259638534203342 0
0.2096185648012313 0.3538643220798083 0
0.9189961945661196 0.2881380537737947 0
0.1631683256218651 0.07872626505343328 0
0.6638030295108478 0.02255553502551177 0
0.8612625131125301 0.2732623348351587 0
0.5513594278497647 0.3314425953818245 0
0.113177282380847 0.3359055884928978 0
0.1759010379680654 0.4645790099658099 0
0.3382231158419217 0.1015266971693578 0
0.7386647677862557 0.3554392286669349 0
0.8685766140000557 0.2624288021656934 0
0.3806451612903226 0.01096376583448883 0
0.5455019761743204 0.3197637221536418 0
0.2168590089461477 0.3430961147713266 0
0.8815726097016985 0.2632230279884917 0
0.5950273188300166 0.3692641478356028 0
0.5589711445176004 0.1169207479317324 0
0.7142278734313603 0.3311719151938364 0
0.9205656425535593 0.2655083339737849 0
0.1001361782884808 0.3350795522397911 0
0.5325053766347856 0.3188887367677994 0
0.08708322363854643 0.3342798789202019 0
0.7328950971279281 0.3437488217497119 0
0.2131636222992131 0.4889353105356197 0
0.4207784440742673 0.3226077772468724 0
0.08564664989461129 0.3567188938901013 0
0.3872711470856705 0.3315653340730599 0
0.3522086378472856 0.07999435475286887 0
0.9220067758542585 0.2429806578824832 0
0.07828982466394424 0.367587659348602 0
0.7767310658152713 0.1769524374548801 0
0.6998293113212793 0.4770348349785159 0
0.9293255642021818 0.2320936254781052 0
0.4003537534211583 0.3324320538117338 0
0.5193892524072887 0.3180204824285902 0
0.06525643475200404 0.366859397296555 0
0.4992005736283524 0.3279808838055329 0
0.4338656695895389 0.3234495504889034 0
0.3825035554415537 0.1158337155008896 0
0.4860740829922161 0.3269626666825507 0
0.4801276808198591 0.3152550132981128 0
0.9366534727516294 0.221186198500481 0
0.4670575139766626 0.3143266700114774 0
0.3972880346328397 0.09498059274638002 0
0.454005115820015 0.3134305111709531 0
0.3898306448004401 0.1051948507632839 0
0.9439422858439348 0.2102864989475419 0
0.8397935717656204 0.203902096501738 0
0.3900548650746207 0.3882969853310311 0
0.8470376242736626 0.1930582334064551 0
0.85426699274026 0.1822437319030888 0
0.2111731567799205 0.3313812166610393 0
0.3623568462225424 0.1259068663611037 0
0.8783904370536928 0.4886796054837104 0
0.9511610112401934 0.1993187235844852 0
0.0580437812022947 0.3776566523322702 0
0.8672914935083577 0.1830498402449042 0
0.218382345721983 0.3205550231532162 0
0.3679427731306117 0.1378272524836578 0
0.8745207341184846 0.1722762876893779 0
0.8817380353818454 0.1614556409773892 0
0.6340073463724021 0.3710416382737758 0
0.2256912037955117 0.3095587203134882 0
0.3606805891253528 0.1487211448587386 0
0.04492345022834038 0.376610324460204 0
0.3534304092422088 0.1596342967300415 0
0.2589412877202003 0.300412737360195 0
0.03943877789559186 0.3652283990031304 0
0.8948711066639334 0.1622940237993878 0
0.3461512308515485 0.1704395900139703 0
0.1740069203348213 0.009207205562724002 0
0.3388718164578568 0.1812949037483903 0
0.3290322580645161 0.01076781074117267 0
0.9282464357618969 0.153086926428159 0
0.6182097830855104 0.03200344918252734 0
0.01227832269828621 0.2834976394169982 0
0.3186649181738279 0.1907302601903592 0
0.9078904541317936 0.1631504248913802 0
0.2790912679542532 0.2905735976829903 0
0.3114447791254297 0.2016695275565551 0
0.282317434480619 0.244996426340738 0
0.2678135239683405 0.2667325904509823 0
0.9209766649006297 0.1639758251915323 0
0.3170878879987653 0.2136549240963455 0
0.3227599577466458 0.2255229513206039 0
0.2750273336950722 0.2558047949463076 0
0.2734506081043141 0.2786413504190575 0
0.3155049179639631 0.2363829809218536 0
0.951709433641021 0.3812682119779232 0
0.02338910494188767 0.02291571863844172 0
0.8395007272685433 0.02350608454806541 0
0.3262947372469686 0.07834043183093428 0
0.929660914199822 0.1307161013332094 0
0.9500014105260584 0.1206803601705411 0
0.05923828044574947 0.01231682220154146 0
0.9428022801254994 0.1313627585598378 0
0.9631060939769727 0.1213905763584371 0
0.9775579892422535 0.2778549292471674 0
0.3322803236619111 0.08992616668665881 0
0.9580518609746282 0.1885781926364112 0
0.3548387096774195 0.4893646380418291 0
0.6397632327987699 0.3830529429302402 0
0.3602197824314898 0.04689607504983923 0
0.9755300224678818 0.1220569377203483 0
0.9552588238574762 0.4152205482716932 0
0.9890953889195477 0.440672683415901 0
0.9442985392531711 0.3919399247378103 0
0.02212253816346332 0.1447369881869308 0
0.4494997081247619 0.400725667425219 0
0.9670950514573451 0.2565430018934616 0
0.01067933248224667 0.3100329125362598 0
0.6509700898010808 0.02191284677456795 0
0.02271926388437523 0.09295445173108613 0
0.2200432154430573 0.477971657131246 0
0.7091376006773965 0.4890715452706328 0
0.3097885455141707 0.02176127994312971 0
0.6329265616411254 0.3942498269933425 0
0.01961447903240715 0.0106086139904378 0
0.02223125020944167 0.3298515607925171 0
0.5857900334709806 0.1190494045417596 0
0.8470644105311678 0.4758518121691107 0
0.02026693182008016 0.4883131884548013 0
0.8860248034701734 0.4776852493015524 0
0.9416212494918004 0.03010177929158109 0
0.1604206326137154 0.02458409713217921 0
0.02077471583374185 0.3678407825862011 0
0.03245525606447081 0.4910854632395659 0
0.8258558247811318 0.00886955421073668 0
0.1368905261815666 0.462646620403788 0
0.4287766191300334 0.1089720760818199 0
0.0105684912505104 0.4274952304965145 0
0.9497735344059204 0.4037105810897002 0
0.6385089890969619 0.4055614110348009 0
0.2329474120115027 0.4785314534800217 0
0.6384176865615889 0.02135509691083542 0
0.01152627630901809 0.3876556686855566 0
0.9890326790568389 0.09964470968551564 0
0.2970574912856314 0.02137988843094868 0
0.7243476559812916 0.4756960967781065 0
0.9712101051737931 0.09000735596418369 0
0.5876544572830386 0.09568453384807721 0
0.9786462681458501 0.4341520651849259 0
0.9042233545800675 0.4891970531556891 0
0.631557173585175 0.416492302484076 0
0.02174025700746746 0.3541924357010452 0
0.04495227303589078 0.4758848342912602 0
0.6065735029563949 0.4635286788352904 0
0.8132138576575552 0.0240535276737979 0
0.1481531099996377 0.008824404120364671 0
0.5721988088464625 0.1180627641753543 0
0.6244727002141592 0.4274456580789474 0
0.9894717568029585 0.3868933800232127 0
0.2454977367858771 0.4790704654013829 0
0.01078856343609147 0.1783769853933201 0
0.01088019105906313 0.1639398992805223 0
0.5340701203491747 0.1156510023572603 0
0.4547624723110487 0.111525447955825 0
0.2839373012704085 0.02079943227856401 0
0.6248632130355936 0.0213687351039033 0
0.4185505992366233 0.4247569413970197 0
0.7358884023296648 0.4912170101410358 0
0.6173836021033441 0.4383263586183839 0
0.02183443625122333 0.04598513500265053 0
0.0598896049481209 0.4897584609436649 0
0.9113537123083788 0.478915614381569 0
0.5456142407104744 0.3753036591797643 0
0.798170569742287 0.01012705353242466 0
0.2709784910124707 0.02041100985617378 0
0.9659594461789394 0.154444156938716 0
0.1342990560018344 0.02324094162100407 0
0.04423610096917346 0.117194952914937 0
0.2584779487309061 0.4794469532761058 0
0.9434326030078573 0.4703947980819589 0
0.04565848259689853 0.1962040431416489 0
0.3134164901684905 0.4832268570394438 0
0.9673378478939849 0.416764123504925 0
0.4621265268423896 0.3788632366743793 0
0.7498136560804579 0.477061422986212 0
0.6110167542191564 0.4495778368028406 0
0.5707877010101354 0.3903270700828786 0
0.009114377359733528 0.07236842105263147 0
0.07135328171604194 0.4917340981103014 0
0.9911204965871769 0.3612572879234381 0
0.5252210421716568 0.3770233989628865 0
0.4156762700890072 0.08591277749829596 0
0.3961680349223014 0.4320115638487441 0
0.2579781929932488 0.02001891951443746 0
0.02103917655880616 0.4538388078100771 0
0.7867192205419472 0.008197156926672944 0
0.9666666038021123 0.2332887449226942 0
0.04366664702064921 0.09141576640520685 0
0.0383054953507504 0.1812443373957733 0
0.1221763723209234 0.008376958051777073 0
0.9229745516399457 0.4798444231207384 0
0.3854972980820635 0.4318103244278088 0
0.9671235672412604 0.008791461924072985 0
0.9671153111486172 0.49119811829973 0
0.02073205627574154 0.4757360815153163 0
0.08433038363706774 0.4776502068949389 0
0.2714054883547959 0.4799156590498634 0
0.7617693661995836 0.4917550209151531 0
0.3782313778607551 0.4786661988865596 0
0.03158625379510954 0.2171125164965463 0
0.009202153426525139 0.2695767045511157 0
0.2450158263745099 0.01960339573768277 0
0.4552331811526083 0.3897322813735194 0
0.6677245273128372 0.4837089815766487 0
0.3967607610542354 0.07068097863105688 0
0.773835328370975 0.02209828669057229 0
0.6258064516129032 0.4804757404686218 0
0.3303879042941161 0.4536824818783248 0
0.9794001987713508 0.1321705086247121 0
0.108244643352041 0.02194949227874718 0
0.9416326158211614 0.008963499947288317 0
0.9236659193373384 0.02025600300228481 0
0.9416912299037783 0.491277328826059 0
0.9802622984557364 0.3157894736842105 0
0.3641252385769076 0.4413256597219812 0
0.9897743451575574 0.4029376086493838 0
0.9917108877685978 0.3355263157894738 0
0.6088312811727434 0.009521725301537276 0
0.3911762277981983 0.4904487933596474 0
0.6088639568076484 0.4905632406526925 0
0.3911899719037597 0.009559335169948502 0
0.09677419354838768 0.491883191525935 0
0.5832374645848858 0.08598568430703929 0
0.7756898905098509 0.4784315283882351 0
0.03066483866579123 0.138568801949735 0
0.9686210930450836 0.1899138058153335 0
0.20016607516747 0.008471231164542542 0
0.2843578804248653 0.4803904013929565 0
0.3493601477876868 0.4665766184501705 0
0.9577867642144419 0.06507021348072742 0
0.9802649455647201 0.2106273068844243 0
0.2321121367613395 0.01911069815296393 0
0.199635663365523 0.02795185794479976 0
0.0194562119725476 0.2505120858615847 0
0.01883033067132567 0.4214619278148155 0
0.009944662103350377 0.4036907383125167 0
0.6390499508814754 0.4806727500245618 0
0.9107135287207295 0.01966088519922821 0
0.76170288442997 0.00789836318543119 0
0.4701594346121569 0.3680231207901796 0
0.9903919991843789 0.009674243901866164 0
0.9903919991843793 0.490325756098134 0
0.008912165823854401 0.008918067353573617 0
0.5560284688622809 0.1071663621527272 0
0.5822315026134308 0.4131336315549746 0
0.09677419354838651 0.007692144165448778 0
0.9697110897396368 0.270054173606918 0
0.1097754776229223 0.4787417199772294 0
0.009341219528796685 0.4905873738761808 0
0.3405925842697668 0.4384024254917394 0
0.6864901328073414 0.4906249085721568 0
0.4834045842058482 0.3683799547761761 0
0.2963820316206415 0.4811367807971981 0
0.7870967741935487 0.4924265601017181 0
0.03209897291979202 0.08895786031844191 0
0.8976690356353636 0.01923633468994729 0
0.219319086209912 0.01872387178067689 0
0.5669748499720134 0.3770009757086424 0
0.9584710607026325 0.03934793613073195 0
0.9810878272161065 0.2894772730802413 0
0.9342037557316529 0.4802422772460924 0
0.5357215539804666 0.3725187172180994 0
0.6511039390241324 0.4813863210577598 0
0.7486266630088049 0.02011385832525608 0
0.9570407259819462 0.4475201518453876 0
0.9341955794305217 0.02005596070013857 0
0.3317124964185411 0.4906323981921417 0
0.01944864652517564 0.3166805519580506 0
0.02099966850932 0.2939772527518361 0
0.08190510017073432 0.02064946704990742 0
0.02979308213803061 0.3629555488702331 0
0.4674310301492829 0.1144660314174467 0
0.1223219319982396 0.4924702529511312 0
0.5158845238467714 0.1150111533932899 0
0.4040896807085954 0.0872980494845268 0
0.3145482677270664 0.4915892399325403 0
0.4349976928666797 0.1015534062599399 0
0.8845374659203173 0.01857991588731683 0
0.8021500745994139 0.479911672777884 0
0.3800287552393147 0.4398219178815627 0
0.4133936780861467 0.4328547718807398 0
0.9697139246760041 0.1647322373390667 0
0.6696587676896529 0.4921713232665298 0
0.9660972867073914 0.08138160108559941 0
0.4354831657423497 0.3983838917696843 0
0.02049699017291146 0.3778663307896014 0
0.9928376162699826 0.1117997890289349 0
0.5056499467842583 0.3708748496469179 0
0.9710163723503777 0.4281664141575484 0
0.8720558095509361 0.01878487992443745 0
0.6138578965524841 0.04154193407358339 0
0.9807838729548344 0.09097876458543264 0
0.07109988390478156 0.007238096639113623 0
0.5285400711660047 0.3894557997582578 0
0.01809665336428234 0.34210089753131 0
0.4948171807360162 0.3698068878876546 0
0.5642627947141546 0.3986234001503386 0
0.814380614175511 0.4800202453700828 0
0.9704461023044253 0.2435605125480037 0
0.2068895044089775 0.01844038705352585 0
0.5925651020824971 0.07102770097292729 0
0.01662150485132213 0.07704703465558965 0
0.4683464760323476 0.386434064158403 0
0.03719413269060318 0.2538500486914798 0
0.01708701701875731 0.2627006627787702 0
$EndNodes
$Elements
21 6744 1 6744
0 1 15 1
1 1 
0 2 15 1
2 2 
0 3 15 1
3 3 
0 4 15 1
4 4 
0 5 15 1
5 5 
0 6 15 1
6 6 
0 7 15 1
7 7 
0 8 15 1
8 8 
0 11 15 1
9 9 
0 12 15 1
10 10 
1 1 1 31
11 1 11 
12 11 12 
13 12 13 
14 13 14 
15 14 15 
16 15 16 
17 16 17 
18 17 18 
19 18 19 
20 19 20 
21 20 21 
22 21 22 
23 22 23 
24 23 24 
25 24 25 
26 25 26 
27 26 27 
28 27 28 
29 28 29 
30 29 30 
31 30 31 
32 31 32 
33 32 33 
34 33 34 
35 34 35 
36 35 36 
37 36 37 
38 37 38 
39 38 39 
40 39 40 
41 40 2 
1 2 1 31
42 3 41 
43 41 42 
44 42 43 
45 43 44 
46 44 45 
47 45 46 
48 46 47 
49 47 48 
50 48 49 
51 49 50 
52 50 51 
53 51 52 
54 52 53 
55 53 54 
56 54 55 
57 55 56 
58 56 57 
59 57 58 
60 58 59 
61 59 60 
62 60 61 
63 61 62 
64 62 63 
65 63 64 
66 64 65 
67 65 66 
68 66 67 
69 67 68 
70 68 69 
71 69 70 
72 70 4 
1 3 1 38
73 4 71 
74 71 72 
75 72 73 
76 73 74 
77 74 75 
78 75 76 
79 76 77 
80 77 78 
81 78 79 
82 79 80 
83 80 81 
84 81 82 
85 82 83 
86 83 84 
87 84 85 
88 85 86 
89 86 87 
90 87 88 
91 88 89 
92 89 90 
93 90 91 
94 91 92 
95 92 93 
96 93 94 
97 94 95 
98 95 96 
99 96 97 
100 97 98 
101 98 99 
102 99 100 
103 100 101 
104 101 102 
105 102 103 
106 103 104 
107 104 105 
108 105 106 
109 106 107 
110 107 8 
1 4 1 31
111 8 108 
112 108 109 
113 109 110 
114 110 111 
115 111 112 
116 112 113 
117 113 114 
118 114 115 
119 115 116 
120 116 117 
121 117 118 
122 118 119 
123 119 120 
124 120 121 
125 121 122 
126 122 123 
127 123 124 
128 124 125 
129 125 126 
130 126 127 
131 127 128 
132 128 129 
133 129 130 
134 130 131 
135 131 132 
136 132 133 
137 133 134 
138 134 135 
139 135 136 
140 136 137 
141 137 7 
1 5 1 31
142 6 138 
143 138 139 
144 139 140 
145 140 141 
146 141 142 
147 142 143 
148 143 144 
149 144 145 
150 145 146 
151 146 147 
152 147 148 
153 148 149 
154 149 150 
155 150 151 
156 151 152 
157 152 153 
158 153 154 
159 154 155 
160 155 156 
161 156 157 
162 157 158 
163 158 159 
164 159 160 
165 160 161 
166 161 162 
167 162 163 
168 163 164 
169 164 165 
170 165 166 
171 166 167 
172 167 5 
1 6 1 38
173 5 168 
174 168 169 
175 169 170 
176 170 171 
177 171 172 
178 172 173 
179 173 174 
180 174 175 
181 175 176 
182 176 177 
183 177 178 
184 178 179 
185 179 180 
186 180 181 
187 181 182 
188 182 183 
189 183 184 
190 184 185 
191 185 186 
192 186 187 
193 187 188 
194 188 189 
195 189 190 
196 190 191 
197 191 192 
198 192 193 
199 193 194 
200 194 195 
201 195 196 
202 196 197 
203 197 198 
204 198 199 
205 199 200 
206 200 201 
207 201 202 
208 202 203 
209 203 204 
210 204 1 
1 7 1 12
211 2 205 
212 205 206 
213 206 207 
214 207 208 
215 208 209 
216 209 210 
217 210 211 
218 211 212 
219 212 213 
220 213 214 
221 214 215 
222 215 9 
1 8 1 12
223 7 216 
224 216 217 
225 217 218 
226 218 219 
227 219 220 
228 220 221 
229 221 222 
230 222 223 
231 223 224 
232 224 225 
233 225 226 
234 226 10 
1 9 1 12
235 9 227 
236 227 228 
237 228 229 
238 229 230 
239 230 231 
240 231 232 
241 232 233 
242 233 234 
243 234 235 
244 235 236 
245 236 237 
246 237 3 
1 10 1 12
247 10 238 
248 238 239 
249 239 240 
250 240 241 
251 241 242 
252 242 243 
253 243 244 
254 244 245 
255 245 246 
256 246 247 
257 247 248 
258 248 6 
2 1 2 6486
259 1936 1998 288 
260 345 1750 342 
261 3029 3223 1768 
262 2325 2744 1502 
263 1910 3131 264 
264 1502 2745 2325 
265 264 2112 1910 
266 2646 3244 1392 
267 1766 3223 2146 
268 1750 1990 342 
269 208 1995 289 
270 279 2149 2148 
271 2118 3155 1905 
272 271 2018 2017 
273 2128 3248 1880 
274 343 3207 2056 
275 289 1995 347 
276 2148 2694 279 
277 313 3168 1933 
278 2294 2674 1235 
279 1933 3215 313 
280 2148 3151 2694 
281 2694 3151 326 
282 3092 3175 278 
283 1953 1986 1955 
284 2106 2687 2107 
285 1380 2329 2051 
286 1937 3175 3092 
287 296 3330 1927 
288 2056 3207 1901 
289 1522 2176 1539 
290 303 3248 2128 
291 2029 2037 1891 
292 2146 3150 1766 
293 302 3223 3029 
294 278 3314 1908 
295 1908 3092 278 
296 1927 2078 296 
297 1945 1947 290 
298 2294 2675 2674 
299 2200 3189 2059 
300 1763 2877 2030 
301 1392 3244 2009 
302 280 2201 2200 
303 280 2200 2059 
304 308 3155 2118 
305 2106 3181 331 
306 334 1951 1948 
307 331 2687 2106 
308 2059 3189 2051 
309 2078 3161 296 
310 261 3188 2257 
311 2257 3208 261 
312 1940 2175 324 
313 1907 3187 3182 
314 323 3131 1910 
315 1975 3321 3240 
316 305 3187 1907 
317 1907 3206 305 
318 1910 3185 323 
319 3182 3258 1907 
320 1951 3161 2078 
321 1799 3248 2255 
322 1680 2597 2031 
323 1947 1999 290 
324 1734 1998 1936 
325 2051 2329 2050 
326 320 3199 1994 
327 1219 2675 1221 
328 1994 3221 320 
329 3196 3299 175 
330 288 2030 1936 
331 287 3239 3207 
332 271 2019 2018 
333 327 2049 2048 
334 308 2118 1987 
335 1932 3299 3196 
336 2803 3219 344 
337 1967 3307 1984 
338 1943 1945 290 
339 323 3185 2039 
340 100 3279 3212 
341 3207 3239 1901 
342 3212 3279 2024 
343 1985 2634 2625 
344 2039 3209 323 
345 1391 3068 2050 
346 1976 3321 1975 
347 324 2176 1940 
348 300 2006 1982 
349 1947 3246 1999 
350 343 3270 2804 
351 1872 2439 2339 
352 2026 3201 1509 
353 326 3151 2257 
354 119 2061 118 
355 2301 3015 294 
356 70 2131 69 
357 341 1944 1943 
358 331 3181 2061 
359 109 2138 108 
360 2146 3223 302 
361 2257 3188 326 
362 804 2010 807 
363 2176 2177 1911 
364 206 345 342 
365 344 1942 236 
366 341 1943 247 
367 2056 3270 343 
368 344 3219 3135 
369 220 1986 1953 
370 1967 1984 230 
371 215 2037 2029 
372 238 2006 300 
373 2328 2540 2327 
374 1948 3262 334 
375 1986 2275 1955 
376 2017 3243 271 
377 1987 2119 308 
378 2327 2540 2322 
379 3015 3279 294 
380 2177 3327 1911 
381 1799 2255 1882 
382 1890 2029 1891 
383 3234 3252 1486 
384 327 2048 2047 
385 1539 2176 1911 
386 1940 2176 1522 
387 2173 3224 2174 
388 2439 3280 2339 
389 2173 3242 3224 
390 155 2047 154 
391 1970 3169 241 
392 2010 3321 993 
393 1992 3321 2010 
394 1988 3227 1993 
395 2002 2240 310 
396 1989 2327 259 
397 344 3135 1942 
398 1988 3249 3227 
399 2142 3053 2145 
400 1991 3163 2780 
401 1773 2025 1726 
402 1763 2030 1762 
403 1979 3337 227 
404 1970 3348 3169 
405 1968 3201 2026 
406 348 2052 346 
407 320 3175 1937 
408 1969 3307 1967 
409 227 3337 299 
410 2030 2877 1936 
411 2749 3158 1900 
412 1734 3364 1998 
413 807 2010 993 
414 1928 2192 2058 
415 2328 3252 3234 
416 282 3230 2228 
417 1937 3199 320 
418 1394 3184 2134 
419 2228 3253 282 
420 70 3304 2131 
421 1564 2169 1521 
422 2138 3305 108 
423 1920 3171 311 
424 1888 3048 1887 
425 1905 3155 1952 
426 209 1995 208 
427 1990 3047 335 
428 2005 2784 299 
429 226 1983 225 
430 2031 2881 1680 
431 259 3214 1989 
432 2255 3248 303 
433 2625 3216 1985 
434 2134 3322 1394 
435 251 3238 2093 
436 1767 3337 1979 
437 1221 2675 1353 
438 2674 2675 1219 
439 310 2241 2002 
440 261 3208 1993 
441 192 3215 3214 
442 2093 3261 251 
443 2050 3068 2048 
444 1773 3245 2025 
445 2792 2840 2290 
446 305 3206 2174 
447 1979 3216 1767 
448 2132 2134 306 
449 307 2143 2141 
450 307 2141 2139 
451 2134 2135 306 
452 2052 3163 1991 
453 331 2061 119 
454 2031 2597 1886 
455 3158 3323 1900 
456 2039 3230 282 
457 2174 3224 305 
458 1966 3076 2094 
459 311 3332 1920 
460 2006 2007 1982 
461 1933 3168 1934 
462 1993 3227 261 
463 1897 3029 1768 
464 282 3209 2039 
465 1990 3072 342 
466 1935 3215 1933 
467 1923 3235 275 
468 806 2027 2003 
469 314 2017 2015 
470 1983 3357 225 
471 2664 3303 3237 
472 2982 3340 1977 
473 797 2027 800 
474 1928 3271 2192 
475 118 2061 281 
476 334 3161 1951 
477 1927 3330 2011 
478 2050 2329 1391 
479 1972 3360 1971 
480 275 3316 1923 
481 800 2027 806 
482 276 2169 2167 
483 154 2047 262 
484 1962 2094 1961 
485 288 3354 2030 
486 327 2047 155 
487 262 2014 2012 
488 3237 3303 2007 
489 3048 3294 1887 
490 444 2052 348 
491 1942 3354 288 
492 1999 3246 1881 
493 2142 2145 2144 
494 2646 3325 3244 
495 2137 2144 2136 
496 2003 2094 806 
497 47 2168 46 
498 2687 3361 2107 
499 2167 2168 276 
500 2169 2175 1940 
501 1985 3077 2634 
502 2173 3259 283 
503 327 2989 2049 
504 1989 2328 2327 
505 2390 2391 1889 
506 1479 2142 2140 
507 283 3242 2173 
508 1521 2169 1940 
509 2167 2169 1564 
510 1997 3364 1875 
511 1780 3340 2982 
512 2160 3210 3180 
513 2780 3047 1991 
514 1953 1954 287 
515 346 2052 1750 
516 322 3287 1939 
517 1978 1995 209 
518 804 3076 2010 
519 1977 2025 257 
520 267 1973 1972 
521 1975 3360 1972 
522 1984 1985 269 
523 1980 1983 226 
524 3150 3178 2119 
525 330 3273 2609 
526 1991 3047 1990 
527 2024 3279 3015 
528 2051 3189 1380 
529 1939 3317 322 
530 2010 3076 1966 
531 3214 3215 1935 
532 51 2177 50 
533 335 3072 1990 
534 2609 3309 330 
535 299 2784 2037 
536 1750 1991 1990 
537 822 2683 2191 
538 1875 3286 1997 
539 2008 3183 3114 
540 281 2060 2008 
541 317 3249 1988 
542 2140 2141 1479 
543 1987 3150 2119 
544 3169 3348 1885 
545 2012 2068 262 
546 1945 3343 1947 
547 1988 3269 317 
548 2066 3225 3203 
549 49 2175 48 
550 2391 2392 1889 
551 251 3221 1994 
552 1996 3173 293 
553 338 3150 2146 
554 1957 2275 1960 
555 2565 3047 2780 
556 2323 2744 2325 
557 3114 3183 329 
558 1981 2009 1980 
559 1994 3238 251 
560 2293 3251 2294 
561 219 1953 287 
562 207 345 206 
563 288 1998 234 
564 236 1942 235 
565 247 1943 246 
566 2015 2339 314 
567 233 1998 1997 
568 221 1986 220 
569 232 1997 256 
570 223 1972 1971 
571 222 1971 258 
572 210 1978 209 
573 245 1999 244 
574 211 1977 257 
575 267 1972 224 
576 231 1967 230 
577 229 1984 269 
578 242 1970 241 
579 10 1980 226 
580 214 2029 268 
581 9 2037 215 
582 239 2006 238 
583 228 1979 227 
584 2008 3114 281 
585 276 2168 47 
586 262 2047 2014 
587 286 3333 1952 
588 2049 2989 2059 
589 1307 2761 2410 
590 1961 2094 2003 
591 212 2982 1977 
592 297 2565 2563 
593 268 2982 213 
594 3203 3225 285 
595 1966 2094 1962 
596 1971 2949 258 
597 1995 3268 347 
598 2136 2144 301 
599 297 2800 2565 
600 1952 3356 286 
601 2019 2020 2018 
602 38 2800 37 
603 2140 2144 2137 
604 3162 3177 2004 
605 2049 2050 2048 
606 1008 3192 3165 
607 283 3259 2000 
608 334 3262 2802 
609 293 3365 1996 
610 1307 2410 2408 
611 2840 3288 2290 
612 3004 3343 1945 
613 1881 3344 1999 
614 13 2119 12 
615 1944 1945 1943 
616 789 3177 3162 
617 2168 2915 46 
618 308 2119 13 
619 444 2116 2032 
620 350 2116 444 
621 2000 3285 283 
622 249 3327 2177 
623 249 2177 51 
624 50 2177 324 
625 1757 2038 2036 
626 240 3169 270 
627 2036 2038 1499 
628 2142 3328 3053 
629 2408 2972 1307 
630 2563 3133 297 
631 1081 2597 2042 
632 1989 3214 1935 
633 2094 3076 806 
634 2042 2597 1680 
635 2968 2970 1850 
636 3180 3210 2026 
637 2736 3321 1976 
638 324 2175 49 
639 2407 2875 1419 
640 48 2175 276 
641 1590 3037 2527 
642 354 3088 352 
643 1595 2593 2468 
644 2468 2593 1624 
645 2183 3267 298 
646 1729 3127 1585 
647 2407 2972 2408 
648 1955 2275 1957 
649 2907 3123 449 
650 2088 3042 2351 
651 1960 2275 1964 
652 2036 2039 1757 
653 1084 3134 1732 
654 993 3321 2736 
655 2434 2956 2253 
656 1755 3205 1902 
657 1760 2054 2046 
658 2027 3122 2004 
659 797 3122 2027 
660 2447 2998 2450 
661 2046 2054 1415 
662 83 2242 82 
663 1908 3314 2034 
664 3149 3167 838 
665 1922 3197 2028 
666 2791 3159 3152 
667 3240 3321 1992 
668 2166 3064 2915 
669 2229 2608 1906 
670 1686 3017 2526 
671 2045 2654 2398 
672 1969 3210 3077 
673 1462 2956 2434 
674 352 2116 350 
675 2002 3272 2240 
676 1906 2608 1530 
677 1867 3133 2563 
678 1985 3216 269 
679 37 2800 297 
680 335 2800 38 
681 1687 2089 2087 
682 2087 2089 1532 
683 582 2045 2043 
684 217 3207 343 
685 2067 3037 1590 
686 3122 3162 2004 
687 582 2654 2045 
688 1458 2616 1322 
689 2013 2068 2012 
690 287 3207 218 
691 1993 2258 1918 
692 310 2242 2241 
693 1805 2064 1099 
694 2043 2075 582 
695 2965 3109 1679 
696 2286 3063 1434 
697 2025 3245 257 
698 2497 3095 2946 
699 1805 2698 2064 
700 2382 3078 2945 
701 2007 3315 1982 
702 559 2971 561 
703 2062 2616 1458 
704 2799 2875 2402 
705 2388 2980 387 
706 637 2829 2417 
707 2979 2980 2388 
708 324 2177 2176 
709 2450 2998 1006 
710 1665 2062 1458 
711 2038 2188 1499 
712 2351 3042 1642 
713 1785 2907 2035 
714 1235 3231 2294 
715 2035 2896 1785 
716 1665 2063 2062 
717 447 2315 2114 
718 2683 3278 2191 
719 1906 2609 2229 
720 2097 2458 1686 
721 1287 2458 2097 
722 2114 2315 1775 
723 2037 2784 1891 
724 1866 3099 1714 
725 1978 2053 1995 
726 1953 1955 1954 
727 1770 2302 2282 
728 317 3269 2001 
729 1973 1975 1972 
730 2417 2829 2415 
731 1980 2009 1983 
732 267 1974 1973 
733 2055 2258 1396 
734 1567 2316 2315 
735 2282 2302 2281 
736 1918 2258 2055 
737 1078 2970 2968 
738 2188 2667 1233 
739 2142 2144 2140 
740 2604 3094 2942 
741 2040 2286 1233 
742 1233 2667 2040 
743 1419 2972 2407 
744 3026 3091 1691 
745 2397 2398 839 
746 2398 2654 839 
747 2951 2963 2486 
748 1509 3180 2026 
749 2458 3017 1686 
750 2437 3083 2930 
751 1420 2963 2951 
752 244 3220 243 
753 932 2259 1070 
754 2038 2667 2188 
755 839 2613 2397 
756 2397 2613 2072 
757 352 3088 2116 
758 1750 2052 1991 
759 1649 2636 2065 
760 2025 3190 1726 
761 2784 2890 2623 
762 2054 2370 1415 
763 253 2392 2391 
764 314 3243 2017 
765 405 3118 3112 
766 2072 2613 594 
767 364 2404 362 
768 2091 2156 1136 
769 2685 2986 2969 
770 82 2242 310 
771 2370 3032 970 
772 2077 2284 921 
773 2468 2893 1792 
774 594 2073 2072 
775 2294 3251 2675 
776 265 2242 83 
777 1938 2204 2079 
778 2064 2065 1099 
779 2042 2978 1081 
780 2001 3302 317 
781 2893 2908 1792 
782 1786 2284 2077 
783 255 2881 2031 
784 1396 2259 2055 
785 2511 2967 2512 
786 1665 2091 2063 
787 2967 2969 2512 
788 332 3285 2000 
789 2079 2204 1802 
790 2593 2968 1850 
791 1604 2919 2908 
792 2075 2971 559 
793 1703 2147 2069 
794 2533 3079 2999 
795 2166 2915 2168 
796 1624 2893 2468 
797 2041 2965 1078 
798 260 2993 2320 
799 831 2465 2202 
800 1880 3258 2128 
801 1649 2065 2064 
802 1874 2279 2278 
803 2908 2919 1792 
804 265 2244 2243 
805 591 3036 3033 
806 153 2068 152 
807 2069 2147 1533 
808 2000 3311 332 
809 2403 2405 2404 
810 2172 2686 1899 
811 3033 3036 2071 
812 682 3075 3039 
813 1078 2968 2041 
814 262 2068 153 
815 1507 2279 1874 
816 2170 2686 2172 
817 2486 2945 1475 
818 2511 2963 1420 
819 1778 2531 2273 
820 2069 2148 1703 
821 1475 2951 2486 
822 1788 2463 2096 
823 1420 2967 2511 
824 557 2075 559 
825 2215 3059 2214 
826 2969 2986 2512 
827 1430 3014 1796 
828 545 2532 547 
829 2019 2021 2020 
830 641 2413 2070 
831 1676 2932 2252 
832 2218 2219 292 
833 1793 3098 3085 
834 253 2393 2392 
835 810 2082 2080 
836 1665 2156 2091 
837 582 2075 557 
838 2070 2414 641 
839 2057 2796 1606 
840 1540 2737 2285 
841 2098 2705 2096 
842 1530 2608 1778 
843 2405 2875 2407 
844 2032 3163 444 
845 1606 2616 2057 
846 1419 2875 2799 
847 2096 2705 1788 
848 1944 1946 1945 
849 1322 2616 1606 
850 1595 2968 2593 
851 625 2418 623 
852 2403 2875 2405 
853 2253 2956 2252 
854 2049 2051 2050 
855 2100 2371 1795 
856 2477 3062 2994 
857 2092 2095 1876 
858 3303 3315 2007 
859 292 2219 76 
860 1785 3123 2907 
861 1003 2705 2098 
862 1784 2095 2092 
863 3090 3096 1467 
864 249 3302 2001 
865 2070 2413 2121 
866 2121 2413 1069 
867 1978 3245 2053 
868 921 2285 2077 
869 2298 2854 2777 
870 1964 2949 1965 
871 2290 3231 2792 
872 1848 2997 2385 
873 2895 3127 1729 
874 1857 3043 3030 
875 3021 3023 638 
876 1533 2147 1788 
877 2047 2048 2014 
878 265 2243 2242 
879 3085 3098 1037 
880 2097 3023 3021 
881 2915 3064 295 
882 2281 2302 1430 
883 2040 3063 2286 
884 2923 2932 1676 
885 1774 2075 2043 
886 2260 2944 1919 
887 2104 2465 831 
888 1631 2729 2187 
889 2448 2998 2447 
890 2147 2463 1788 
891 1778 2608 2531 
892 763 2247 765 
893 2401 2403 453 
894 281 2061 2060 
895 482 2104 831 
896 1795 2396 2100 
897 1299 2995 1562 
898 2527 3037 826 
899 1590 3027 2067 
900 2415 2829 2418 
901 2448 2986 2685 
902 1802 2250 2079 
903 2402 2875 2403 
904 1228 3082 2543 
905 1070 2259 1396 
906 2020 2922 2018 
907 2252 2956 1676 
908 276 2175 2169 
909 2237 2927 2826 
910 931 2259 932 
911 1169 2430 2154 
912 1805 2932 2923 
913 2636 2938 2065 
914 2011 3330 143 
915 1917 2260 1919 
916 989 2701 2250 
917 1805 2923 2698 
918 2001 3327 249 
919 594 2532 2073 
920 1732 3134 2943 
921 810 2464 2082 
922 482 2208 2104 
923 1795 2279 1507 
924 2285 2737 2077 
925 1571 2108 1573 
926 362 2404 416 
927 1436 2580 2273 
928 3152 3159 2410 
929 453 2404 364 
930 483 2208 482 
931 1866 3119 3113 
932 3165 3192 2023 
933 2105 2107 1574 
934 2945 3078 1475 
935 76 2219 75 
936 641 2418 625 
937 2284 2813 971 
938 2685 2998 2448 
939 1169 2431 2430 
940 561 2971 705 
941 705 2971 2076 
942 2102 2793 2154 
943 1801 2248 2099 
944 2005 2890 2784 
945 330 3253 2228 
946 1919 2905 2871 
947 2100 2396 2223 
948 405 3112 1567 
949 2202 2465 1640 
950 1574 2111 2105 
951 2059 2989 280 
952 3113 3119 411 
953 2154 2793 1169 
954 447 3051 414 
955 2087 3042 2088 
956 2105 2111 1558 
957 2580 2778 2196 
958 676 2150 666 
959 1562 2478 1716 
960 1803 2632 2123 
961 2122 2398 1535 
962 2526 3017 2076 
963 1870 3096 3090 
964 3315 3359 1982 
965 2045 2398 2122 
966 2123 2632 2124 
967 676 2151 2150 
968 2450 3012 2451 
969 1891 2784 2623 
970 2223 2396 1280 
971 2090 3041 3039 
972 1795 2371 2279 
973 2871 2905 971 
974 937 2601 2547 
975 2152 2807 2153 
976 2054 3032 2370 
977 1089 2554 2109 
978 453 2411 2401 
979 3012 3024 2451 
980 2080 2532 810 
981 2110 2234 1542 
982 541 2464 543 
983 1905 2261 2118 
984 2813 2871 971 
985 2946 3095 1059 
986 547 2532 594 
987 1784 2180 2095 
988 1433 2807 2152 
989 2041 3109 2965 
990 1701 2149 1883 
991 2273 2531 1436 
992 2124 2632 2551 
993 1786 2813 2284 
994 2086 2311 2310 
995 2481 2750 2117 
996 299 3337 2005 
997 2102 2117 1432 
998 2089 3041 2090 
999 2013 3084 2068 
1000 1432 2793 2102 
1001 2160 2161 1305 
1002 810 2532 545 
1003 1790 2414 1789 
1004 2086 2312 2311 
1005 931 2944 2260 
1006 1827 2161 2160 
1007 2151 2636 1666 
1008 2187 2658 1631 
1009 399 2399 2103 
1010 2107 2108 1574 
1011 1789 2414 2070 
1012 3100 3101 2500 
1013 486 2208 483 
1014 1089 2686 2170 
1015 1042 3101 3100 
1016 967 2247 763 
1017 1436 2778 2580 
1018 2117 2750 1432 
1019 1574 2108 1571 
1020 2067 2220 1772 
1021 3023 3027 638 
1022 2315 2316 1775 
1023 2777 2854 2285 
1024 1046 2976 2814 
1025 2250 2701 2079 
1026 2127 2163 1520 
1027 1955 1956 1954 
1028 2302 3014 1430 
1029 2285 2854 1540 
1030 638 3027 1590 
1031 923 2944 931 
1032 1069 2928 2121 
1033 2101 2263 968 
1034 2103 2400 399 
1035 2099 2250 1801 
1036 1520 2163 1941 
1037 2115 2126 1810 
1038 2311 2312 602 
1039 2206 2399 450 
1040 1010 3034 3024 
1041 2114 3051 447 
1042 968 2180 2101 
1043 2263 2719 960 
1044 1973 1976 1975 
1045 1811 2163 2127 
1046 2111 2198 1558 
1047 1278 2223 1280 
1048 666 2897 667 
1049 2930 3083 1704 
1050 3008 3069 358 
1051 1919 2944 2905 
1052 3115 3160 1888 
1053 2055 2260 1917 
1054 2144 2145 301 
1055 2432 2855 2232 
1056 765 2247 968 
1057 486 2238 2209 
1058 2103 2399 2206 
1059 1006 3012 2450 
1060 2150 2897 666 
1061 486 2209 2208 
1062 2340 2711 845 
1063 2179 2481 2117 
1064 2220 2547 1772 
1065 2901 2925 1666 
1066 2228 3273 330 
1067 2826 2927 2091 
1068 75 2795 74 
1069 1160 2481 2179 
1070 2729 2863 2194 
1071 1812 2164 2163 
1072 264 2113 2112 
1073 2125 2340 960 
1074 2418 2829 623 
1075 1589 2368 2194 
1076 1621 2934 2441 
1077 2212 2214 2133 
1078 2180 2952 2095 
1079 457 2554 1089 
1080 2942 3094 1830 
1081 2219 2795 75 
1082 1276 2224 1278 
1083 2958 3099 1866 
1084 1944 1948 1946 
1085 931 2260 2259 
1086 2403 2404 453 
1087 2130 2131 340 
1088 685 2827 2436 
1089 2127 2178 1811 
1090 2198 2668 809 
1091 2462 2558 1001 
1092 1778 2273 2272 
1093 989 2250 2099 
1094 2292 2347 2299 
1095 1542 2419 2110 
1096 2123 2547 1803 
1097 2888 2938 647 
1098 2385 2997 1210 
1099 2153 2313 2225 
1100 960 2719 2125 
1101 337 2138 2137 
1102 2082 2464 2312 
1103 2071 3036 826 
1104 2248 2384 2099 
1105 1631 2863 2729 
1106 2244 2245 2243 
1107 430 3088 354 
1108 2461 2558 2462 
1109 2153 2807 2313 
1110 2356 2928 1069 
1111 1810 2435 2115 
1112 2434 3091 3026 
1113 2187 2729 2186 
1114 2021 2022 2020 
1115 1703 2149 1701 
1116 1136 2826 2091 
1117 2333 2811 1445 
1118 1278 2224 2223 
1119 304 2129 73 
1120 303 2128 170 
1121 2124 2551 2441 
1122 105 2136 301 
1123 202 2146 302 
1124 368 2411 366 
1125 792 2432 2120 
1126 2110 2419 1813 
1127 1562 2995 2478 
1128 1535 2713 2122 
1129 2101 2719 2263 
1130 2255 3191 1882 
1131 1154 2197 1165 
1132 543 2464 810 
1133 2375 2748 488 
1134 2856 2898 2549 
1135 2247 2952 2180 
1136 2280 2798 2246 
1137 2125 2711 2340 
1138 1583 2770 2183 
1139 2194 2368 2193 
1140 826 3037 2071 
1141 2547 2601 1772 
1142 2183 2770 1909 
1143 2148 2149 1703 
1144 2434 3026 1462 
1145 2374 2748 2375 
1146 937 2547 2123 
1147 676 2938 2636 
1148 332 3311 2201 
1149 2098 2901 1003 
1150 2210 2640 2211 
1151 1837 2926 2319 
1152 2310 2867 2086 
1153 2414 2418 641 
1154 2174 2205 2171 
1155 1415 2370 1061 
1156 2181 2435 1551 
1157 1253 2188 1232 
1158 1813 2854 2298 
1159 2165 2167 1564 
1160 1666 2636 1649 
1161 2171 2205 1402 
1162 1895 3136 1921 
1163 2076 3017 705 
1164 1566 2234 2159 
1165 265 2957 2244 
1166 1617 2432 2232 
1167 2130 2132 2131 
1168 2332 2811 2333 
1169 1269 2469 1267 
1170 1305 2909 1302 
1171 602 2464 541 
1172 1731 2342 2155 
1173 2118 2261 1754 
1174 2129 2212 2130 
1175 2252 2932 2251 
1176 2159 2234 2110 
1177 1115 3000 1210 
1178 2082 2312 2083 
1179 2179 2657 1160 
1180 1587 2558 2461 
1181 2098 2925 2901 
1182 2211 2640 1428 
1183 1259 2272 1237 
1184 2138 2139 2137 
1185 2682 2763 1007 
1186 2111 2668 2198 
1187 2158 2522 845 
1188 2312 2464 602 
1189 2120 2682 792 
1190 84 2957 265 
1191 1156 2197 1154 
1192 1790 2415 2414 
1193 2083 2312 2086 
1194 845 2711 2158 
1195 2130 2212 2133 
1196 2120 2763 2682 
1197 2129 2130 340 
1198 792 2855 2432 
1199 2009 3351 1392 
1200 2112 2185 1758 
1201 2196 2590 2197 
1202 2049 2059 2051 
1203 2462 2746 2713 
1204 2436 2827 2181 
1205 2713 2746 2122 
1206 2999 3079 716 
1207 2109 2686 1089 
1208 1440 2435 1442 
1209 2161 2909 1305 
1210 1587 2461 2379 
1211 1617 2232 2231 
1212 304 2212 2129 
1213 1577 2984 2152 
1214 1807 2885 2402 
1215 253 2394 2393 
1216 2060 2190 1736 
1217 186 2326 254 
1218 2018 2922 2016 
1219 2246 2798 1650 
1220 2417 3043 637 
1221 2019 2024 2021 
1222 2603 2867 2310 
1223 337 2137 2136 
1224 1124 2431 1126 
1225 2163 2164 1941 
1226 1081 2978 1041 
1227 2182 2821 976 
1228 2170 2171 1402 
1229 2196 2778 2590 
1230 1126 2431 1169 
1231 1687 3041 2089 
1232 1778 2272 1259 
1233 2400 2411 399 
1234 2234 2712 1542 
1235 970 2186 743 
1236 1801 2250 1802 
1237 2763 2823 1007 
1238 2401 2411 2400 
1239 1213 2831 1276 
1240 970 2187 2186 
1241 431 2534 2225 
1242 1371 2276 1550 
1243 1617 2231 1560 
1244 1007 2823 2731 
1245 2159 2235 1566 
1246 2991 2997 1849 
1247 1503 2261 1905 
1248 1578 2996 1577 
1249 1666 2925 2151 
1250 1499 2188 1253 
1251 2225 2534 2153 
1252 1225 2269 1246 
1253 366 2411 453 
1254 2230 2712 2234 
1255 2383 2484 2483 
1256 1642 3035 2351 
1257 2158 2659 2522 
1258 3072 3284 342 
1259 1276 2831 2224 
1260 72 340 71 
1261 169 339 168 
1262 107 337 106 
1263 204 338 203 
1264 72 2129 340 
1265 169 2128 339 
1266 337 2136 106 
1267 338 2146 203 
1268 2156 2924 1136 
1269 1663 2977 1861 
1270 2419 2854 1813 
1271 1863 2899 1616 
1272 976 2821 818 
1273 2231 2233 1560 
1274 399 2411 368 
1275 747 2528 809 
1276 2502 2757 2364 
1277 1564 2254 2165 
1278 1246 2269 2262 
1279 1257 2261 1503 
1280 2802 3262 341 
1281 998 2170 1402 
1282 2328 3234 2540 
1283 676 2636 2151 
1284 1987 2118 1754 
1285 2195 2197 1156 
1286 1551 2436 2181 
1287 1232 2188 1233 
1288 1263 2488 1265 
1289 1088 2248 1801 
1290 1238 2178 1200 
1291 1058 2254 1397 
1292 171 2255 303 
1293 1577 2996 2984 
1294 2065 2888 1099 
1295 813 2862 2238 
1296 1807 2400 1806 
1297 2157 2469 1275 
1298 2514 2806 2537 
1299 962 2248 1088 
1300 3139 3147 1494 
1301 809 2528 2198 
1302 2472 2776 2569 
1303 2178 2297 1200 
1304 2185 2265 1758 
1305 2115 2435 2181 
1306 1723 2222 2221 
1307 2441 2934 2124 
1308 2319 2926 1153 
1309 2097 3021 1287 
1310 1948 1949 1946 
1311 1136 2924 1129 
1312 1722 2222 1723 
1313 2170 2172 2171 
1314 1155 2207 1147 
1315 1569 2952 967 
1316 1821 2353 2335 
1317 2994 3062 700 
1318 748 2808 1054 
1319 689 2210 669 
1320 1160 2657 2453 
1321 1774 2971 2075 
1322 2022 3167 3149 
1323 2543 3082 1858 
1324 1821 2335 2334 
1325 2190 2264 1736 
1326 2476 2894 450 
1327 689 2640 2210 
1328 1401 2296 1523 
1329 346 1750 345 
1330 2430 2991 1849 
1331 2299 2347 197 
1332 1215 2195 1156 
1333 1523 2296 2013 
1334 1497 2203 1749 
1335 2300 2301 294 
1336 2172 2173 2171 
1337 1806 2400 2103 
1338 830 2384 2248 
1339 694 2193 672 
1340 2193 2368 672 
1341 862 2921 2842 
1342 2501 2757 2502 
1343 1811 2178 1238 
1344 102 2300 294 
1345 2436 2898 2856 
1346 1948 1951 1949 
1347 1308 2538 2537 
1348 441 2554 457 
1349 450 2894 2206 
1350 3039 3075 2090 
1351 1275 2469 1269 
1352 602 2348 2311 
1353 3140 3144 448 
1354 2178 2605 2297 
1355 187 2326 186 
1356 1220 2184 1643 
1357 1267 2469 2189 
1358 921 2777 2285 
1359 2202 2785 831 
1360 423 2343 445 
1361 1414 1415 1061 
1362 1414 1692 1415 
1363 460 2276 1371 
1364 2065 2938 2888 
1365 1001 2746 2462 
1366 2139 2141 2140 
1367 1442 2435 1810 
1368 2067 3027 2220 
1369 1239 2265 1381 
1370 1581 2434 2253 
1371 2242 2243 2241 
1372 1257 1259 1237 
1373 2542 2767 2271 
1374 248 341 247 
1375 217 343 216 
1376 237 344 236 
1377 206 342 205 
1378 1567 2315 2314 
1379 1155 2741 2207 
1380 957 2583 2226 
1381 743 2186 735 
1382 962 1088 1080 
1383 1445 2753 2333 
1384 1257 1503 1259 
1385 1815 2488 2189 
1386 1547 2199 1898 
1387 2227 2228 1865 
1388 1955 1957 1956 
1389 2542 2549 1559 
1390 1237 2272 1222 
1391 2133 2134 2132 
1392 930 2230 907 
1393 289 346 345 
1394 1356 2480 2267 
1395 464 2329 1380 
1396 1004 2264 1557 
1397 2814 2976 1845 
1398 2522 2659 793 
1399 2127 2605 2178 
1400 289 345 207 
1401 2253 2433 1581 
1402 1692 2046 1415 
1403 1578 3002 2996 
1404 1503 1904 1530 
1405 492 2377 494 
1406 1551 2435 1440 
1407 426 2534 431 
1408 1102 2249 1100 
1409 1397 2254 1564 
1410 973 2459 1331 
1411 309 2239 178 
1412 310 2240 81 
1413 1905 1952 1904 
1414 1400 2355 470 
1415 1532 3042 2087 
1416 2267 2480 1682 
1417 494 2377 691 
1418 1497 1749 1393 
1419 2021 2023 2022 
1420 90 2779 2394 
1421 225 3357 267 
1422 2246 2935 1836 
1423 1643 2580 2196 
1424 1088 1497 1393 
1425 2483 2487 2383 
1426 1722 2226 2222 
1427 2213 2214 2212 
1428 1149 2453 1152 
1429 438 2236 441 
1430 1088 1393 1080 
1431 1503 1530 1259 
1432 731 2528 747 
1433 452 2313 461 
1434 879 2331 889 
1435 1904 1906 1530 
1436 1372 2459 973 
1437 2575 3034 2366 
1438 2238 2862 2209 
1439 1061 2370 969 
1440 2194 2863 1589 
1441 1484 2280 2246 
1442 2233 2249 1102 
1443 235 1942 288 
1444 603 2251 608 
1445 1506 2342 1284 
1446 3024 3034 2451 
1447 2189 2469 1815 
1448 1054 2808 2354 
1449 445 2343 1578 
1450 490 2238 487 
1451 1682 3022 2985 
1452 246 1943 290 
1453 2379 2507 1587 
1454 2197 2590 1165 
1455 1601 2440 1107 
1456 1498 2227 1865 
1457 433 2225 437 
1458 2331 2332 889 
1459 1104 2233 1102 
1460 2155 2342 1506 
1461 2454 2535 1011 
1462 1892 2281 1515 
1463 1798 1907 1880 
1464 457 1089 998 
1465 825 2433 2253 
1466 2367 2488 1263 
1467 179 2274 309 
1468 1089 2170 998 
1469 2270 2440 1601 
1470 488 2703 2375 
1471 2289 2347 2292 
1472 2073 2532 2080 
1473 2099 2384 744 
1474 1005 2264 1004 
1475 3142 3147 1719 
1476 2236 2786 2554 
1477 272 2347 2289 
1478 1225 2650 2269 
1479 1233 2286 1198 
1480 272 2288 2287 
1481 1892 2282 2281 
1482 437 2313 452 
1483 874 2507 2379 
1484 767 2263 769 
1485 1265 2488 1815 
1486 1565 2355 1400 
1487 1766 1987 1754 
1488 1222 2184 1220 
1489 2256 2257 1752 
1490 2235 2629 887 
1491 1549 3049 3003 
1492 633 2356 631 
1493 1802 2203 1497 
1494 1375 1583 1524 
1495 1137 2237 1133 
1496 744 2384 724 
1497 1567 2314 404 
1498 2151 2925 1804 
1499 1426 2342 1731 
1500 2381 2487 612 
1501 1200 2297 1190 
1502 597 2433 825 
1503 1308 2822 2538 
1504 631 2356 1069 
1505 402 2283 405 
1506 1056 2254 1058 
1507 1079 1414 1061 
1508 74 304 73 
1509 171 303 170 
1510 105 301 104 
1511 202 302 201 
1512 1220 1643 1218 
1513 969 970 743 
1514 2377 2748 2374 
1515 74 2795 304 
1516 1802 2204 2203 
1517 2225 2313 437 
1518 1403 2205 1798 
1519 2226 2583 2222 
1520 2273 2580 2184 
1521 1147 2207 1145 
1522 897 2298 902 
1523 2537 2806 1308 
1524 830 2248 962 
1525 1260 2265 1239 
1526 2554 2786 2109 
1527 735 1448 723 
1528 273 3164 2028 
1529 809 2456 757 
1530 2303 2519 1714 
1531 1559 2767 2542 
1532 1764 2339 2015 
1533 1834 2535 2455 
1534 272 2287 195 
1535 1558 2198 1556 
1536 1560 2233 1104 
1537 888 2235 885 
1538 1898 2000 1899 
1539 968 2263 767 
1540 1250 1257 1237 
1541 188 2324 187 
1542 1515 2281 1368 
1543 1583 1877 1524 
1544 1047 2280 1484 
1545 2249 2546 1100 
1546 1754 2261 1387 
1547 1731 1867 1689 
1548 2306 2348 2304 
1549 669 2210 656 
1550 2344 2586 1446 
1551 1107 2440 1109 
1552 2324 2326 187 
1553 1198 2286 1173 
1554 2159 2629 2235 
1555 2506 2709 2505 
1556 709 2474 713 
1557 1872 2339 1764 
1558 2321 2322 315 
1559 696 725 724 
1560 404 2314 406 
1561 1807 2401 2400 
1562 1550 2199 1547 
1563 781 2637 778 
1564 1395 2256 1752 
1565 1583 2183 1877 
1566 809 2668 2456 
1567 2436 2856 685 
1568 831 2785 480 
1569 487 2238 486 
1570 2121 2928 2913 
1571 885 2235 887 
1572 667 2897 680 
1573 1381 2265 2185 
1574 1160 2453 1149 
1575 735 2186 1448 
1576 1540 2419 1090 
1577 2366 3058 2365 
1578 930 2712 2230 
1579 998 1402 1082 
1580 1557 2264 2190 
1581 1434 3063 2057 
1582 769 2263 960 
1583 725 744 724 
1584 460 1371 459 
1585 1178 2338 1181 
1586 452 459 451 
1587 2394 2779 2395 
1588 2200 2201 2199 
1589 1753 1754 1387 
1590 941 2332 1621 
1591 1601 2344 2270 
1592 745 989 744 
1593 1468 2429 1849 
1594 813 2238 490 
1595 2455 2535 2454 
1596 1675 2848 1622 
1597 1377 2463 2147 
1598 172 2255 171 
1599 77 292 76 
1600 174 291 173 
1601 433 437 436 
1602 1286 2396 1795 
1603 431 2225 433 
1604 1820 2233 2231 
1605 2272 2273 2184 
1606 2321 2327 2322 
1607 1134 2338 1178 
1608 3030 3043 2417 
1609 1371 1550 1547 
1610 1790 2416 2415 
1611 2428 2812 2427 
1612 1154 1155 1147 
1613 2166 2168 2167 
1614 1730 2266 2056 
1615 996 2738 2639 
1616 917 2284 971 
1617 1957 1958 1956 
1618 2383 2487 2381 
1619 1377 1701 1376 
1620 1697 2166 2165 
1621 420 2343 423 
1622 2429 2430 1849 
1623 2404 2405 416 
1624 1261 2927 2237 
1625 1566 2235 888 
1626 2877 2955 2612 
1627 2331 2811 2332 
1628 1426 1731 1689 
1629 437 452 451 
1630 725 745 744 
1631 994 1367 995 
1632 1801 1802 1497 
1633 1500 2227 1498 
1634 87 2391 2390 
1635 1154 1165 1155 
1636 723 2193 694 
1637 2337 2338 1134 
1638 1282 2396 1286 
1639 962 1080 1073 
1640 1550 2200 2199 
1641 437 451 436 
1642 92 2320 316 
1643 189 2321 315 
1644 2259 2260 2055 
1645 817 994 824 
1646 1123 2337 1134 
1647 992 1376 990 
1648 1643 2196 2195 
1649 1221 1222 1220 
1650 103 2300 102 
1651 992 2463 1377 
1652 1222 2272 2184 
1653 889 2332 941 
1654 1254 1498 1253 
1655 452 460 459 
1656 1794 2709 2506 
1657 73 2129 72 
1658 170 2128 169 
1659 203 2146 202 
1660 106 2136 105 
1661 1498 1865 1499 
1662 992 1377 1376 
1663 907 2230 901 
1664 102 294 101 
1665 199 293 198 
1666 293 2299 198 
1667 1218 2195 1215 
1668 2394 2395 2393 
1669 1803 2547 2220 
1670 1367 1515 1368 
1671 1446 2345 2344 
1672 745 990 989 
1673 1547 1898 1582 
1674 2304 2348 537 
1675 1243 2371 2100 
1676 1507 1746 1506 
1677 1405 2264 1005 
1678 1184 2336 1186 
1679 691 2377 2376 
1680 1601 2586 2344 
1681 738 2832 2427 
1682 742 743 735 
1683 1927 2011 1925 
1684 1165 1172 1166 
1685 1403 1798 1797 
1686 1597 2296 1401 
1687 1448 2194 2193 
1688 80 2240 273 
1689 177 2239 274 
1690 1197 2650 1225 
1691 1172 1198 1173 
1692 2357 2556 2361 
1693 994 995 824 
1694 688 689 669 
1695 86 2390 312 
1696 2446 2567 2536 
1697 1224 2318 1231 
1698 2311 2348 2306 
1699 1219 1220 1218 
1700 1286 1506 1284 
1701 272 2289 2288 
1702 817 824 815 
1703 1701 1883 1702 
1704 627 2413 641 
1705 734 735 723 
1706 1735 2008 1736 
1707 2473 2672 2574 
1708 1199 1232 1198 
1709 2088 2350 2349 
1710 2289 2290 2288 
1711 2935 2947 1836 
1712 1165 1166 1155 
1713 2166 2167 2165 
1714 1286 1507 1506 
1715 2237 2826 1133 
1716 2207 2902 1261 
1717 1368 2281 1430 
1718 688 702 689 
1719 968 2247 2180 
1720 1377 1703 1701 
1721 1406 1735 1405 
1722 2289 2291 2290 
1723 1367 1368 995 
1724 1507 1874 1746 
1725 464 1380 462 
1726 1145 1261 1141 
1727 656 1563 645 
1728 1503 1905 1904 
1729 350 444 348 
1730 1055 1355 1056 
1731 583 2527 826 
1732 2293 2294 2291 
1733 1282 1286 1284 
1734 2154 2430 2429 
1735 1760 2066 1737 
1736 1009 2603 2568 
1737 1516 1879 1515 
1738 875 2507 874 
1739 89 2394 253 
1740 1145 2207 1261 
1741 866 2577 2479 
1742 958 1055 959 
1743 1152 2453 2452 
1744 707 2474 709 
1745 702 730 703 
1746 1402 2205 1403 
1747 2332 2333 1621 
1748 702 703 689 
1749 423 445 425 
1750 1756 1910 1758 
1751 1397 1521 1398 
1752 2639 2738 1765 
1753 1173 2286 1434 
1754 1426 1689 1427 
1755 1090 2419 1542 
1756 94 2439 260 
1757 773 2340 845 
1758 2173 2174 2171 
1759 476 2785 2766 
1760 2210 2211 1563 
1761 652 676 666 
1762 1820 2249 2233 
1763 2026 3210 1969 
1764 1521 1940 1522 
1765 2569 2776 2226 
1766 1050 2480 1356 
1767 1879 1892 1515 
1768 470 2355 468 
1769 1540 2854 2419 
1770 1331 2459 1375 
1771 2088 2349 1075 
1772 219 287 218 
1773 235 288 234 
1774 246 290 245 
1775 208 289 207 
1776 392 2420 393 
1777 1004 1557 1556 
1778 816 817 815 
1779 1584 2420 392 
1780 939 2460 1097 
1781 1371 1547 1546 
1782 400 2283 402 
1783 1172 1173 1166 
1784 80 273 79 
1785 177 274 176 
1786 2184 2580 1643 
1787 884 885 883 
1788 599 2251 603 
1789 1589 2699 702 
1790 929 930 907 
1791 445 1577 1576 
1792 1908 2034 1909 
1793 1865 2036 1499 
1794 1055 1056 959 
1795 444 3163 2052 
1796 1697 2165 1355 
1797 1396 2256 1395 
1798 830 962 961 
1799 2426 2671 1615 
1800 1520 1854 1519 
1801 380 2341 381 
1802 1657 1756 1656 
1803 1381 1812 1811 
1804 2473 2776 2472 
1805 1548 1908 1495 
1806 1735 1736 1405 
1807 1236 1237 1222 
1808 417 421 420 
1809 1498 1499 1253 
1810 1194 2367 1263 
1811 778 2637 776 
1812 2405 2406 416 
1813 730 749 731 
1814 1379 1519 1378 
1815 958 959 930 
1816 988 1061 969 
1817 2549 2898 1559 
1818 1577 2152 1576 
1819 1232 1233 1198 
1820 656 2210 1563 
1821 1447 2471 736 
1822 751 969 743 
1823 1696 2477 1357 
1824 2529 2530 2443 
1825 874 2379 2378 
1826 2493 2501 2497 
1827 2236 2554 441 
1828 2832 2836 2426 
1829 461 462 460 
1830 347 348 346 
1831 468 1391 466 
1832 645 2356 633 
1833 1739 2106 2105 
1834 1242 1378 1243 
1835 1239 1381 1238 
1836 1521 1522 1398 
1837 1401 1523 1400 
1838 1254 1500 1498 
1839 1373 1548 1495 
1840 445 1576 425 
1841 884 888 885 
1842 266 2274 180 
1843 1397 1398 1091 
1844 901 1566 888 
1845 750 1004 749 
1846 854 2680 1011 
1847 1484 1836 1681 
1848 2405 2407 2406 
1849 1373 1495 1372 
1850 929 958 930 
1851 2536 2567 601 
1852 1557 1739 1558 
1853 1656 2265 1260 
1854 412 447 414 
1855 1058 1397 1091 
1856 1641 1751 1599 
1857 1208 1242 1209 
1858 1396 2258 2256 
1859 2407 2408 2406 
1860 1539 1911 1787 
1861 1201 1238 1200 
1862 896 2298 897 
1863 2372 2373 1346 
1864 2379 2461 2460 
1865 730 731 703 
1866 1070 1396 1395 
1867 1097 2460 1555 
1868 1004 1556 749 
1869 1150 1154 1147 
1870 1807 2402 2401 
1871 290 1999 245 
1872 1361 1697 1355 
1873 1756 1758 1656 
1874 913 2353 938 
1875 655 2529 2443 
1876 2008 2060 1736 
1877 696 724 704 
1878 259 2327 2321 
1879 2747 2899 1863 
1880 972 1373 1372 
1881 370 2399 399 
1882 1141 2237 1137 
1883 535 2304 537 
1884 603 608 607 
1885 1163 2452 1266 
1886 2459 2770 1583 
1887 2277 2278 1537 
1888 1266 2452 1822 
1889 1655 1656 1260 
1890 966 1400 470 
1891 545 546 544 
1892 902 908 903 
1893 1188 1189 1187 
1894 908 917 909 
1895 692 2553 827 
1896 597 825 599 
1897 882 884 883 
1898 82 310 81 
1899 179 309 178 
1900 894 896 895 
1901 917 971 918 
1902 545 547 546 
1903 547 548 546 
1904 463 464 462 
1905 1234 1253 1232 
1906 543 545 544 
1907 1395 1752 1533 
1908 1375 1524 1399 
1909 457 998 458 
1910 1910 2112 1758 
1911 967 2952 2247 
1912 441 457 442 
1913 938 2353 1821 
1914 2366 3034 1010 
1915 1446 2553 2345 
1916 2427 2812 738 
1917 1117 2317 1119 
1918 1282 1284 1283 
1919 1557 1558 1556 
1920 2501 2502 2497 
1921 1406 1737 1735 
1922 1280 1282 1281 
1923 1812 2163 1811 
1924 1523 2013 2012 
1925 1168 2617 2367 
1926 1739 2105 1558 
1927 1047 1484 1483 
1928 220 1953 219 
1929 1381 1811 1238 
1930 881 2331 879 
1931 991 992 990 
1932 966 1401 1400 
1933 194 2287 313 
1934 2295 2296 1597 
1935 1172 1199 1198 
1936 1523 2012 1565 
1937 1123 1134 1122 
1938 2298 2777 902 
1939 1500 2229 2227 
1940 921 2284 917 
1941 433 436 434 
1942 747 809 757 
1943 547 549 548 
1944 2670 2671 2426 
1945 1912 2001 1914 
1946 814 815 813 
1947 1519 2277 1537 
1948 1329 2523 1487 
1949 874 2378 871 
1950 691 2376 1291 
1951 1849 2997 1848 
1952 2186 2729 1448 
1953 1356 2267 1696 
1954 543 544 542 
1955 549 550 548 
1956 1190 2297 1189 
1957 1447 2472 2471 
1958 1189 1208 1207 
1959 1898 1899 1582 
1960 1285 2342 1426 
1961 1121 1122 1120 
1962 736 2614 737 
1963 1084 1732 1724 
1964 2003 2004 1963 
1965 2292 2293 2291 
1966 1781 1994 1742 
1967 1088 1801 1497 
1968 289 347 346 
1969 1284 2342 1285 
1970 541 543 542 
1971 2106 2107 2105 
1972 1740 1937 1553 
1973 1278 1280 1279 
1974 1599 2295 1597 
1975 2349 2352 1488 
1976 1297 2372 1346 
1977 1185 1187 1184 
1978 1144 1145 1141 
1979 431 433 432 
1980 897 902 899 
1981 2076 2971 1774 
1982 1963 2521 1959 
1983 402 405 404 
1984 639 2304 535 
1985 1837 2319 1851 
1986 2821 2828 994 
1987 1552 1553 1548 
1988 421 2343 420 
1989 2415 2418 2414 
1990 1573 1939 1876 
1991 1571 1573 1572 
1992 1484 1681 1483 
1993 2086 2867 2085 
1994 820 976 818 
1995 2474 2672 2473 
1996 1490 2519 2303 
1997 1181 1182 1180 
1998 378 2387 387 
1999 1146 1147 1145 
2000 1178 1180 1179 
2001 1242 1379 1378 
2002 406 2314 412 
2003 2887 2917 2338 
2004 539 541 540 
2005 551 552 550 
2006 465 466 464 
2007 1289 2429 1468 
2008 2906 2960 867 
2009 90 2394 89 
2010 549 551 550 
2011 965 2525 1687 
2012 1285 1426 1425 
2013 1011 2680 2454 
2014 2267 2268 1696 
2015 612 2487 568 
2016 1095 1405 1005 
2017 1854 2277 1519 
2018 618 2437 616 
2019 1100 2546 798 
2020 1276 1278 1277 
2021 634 2437 618 
2022 1427 2564 1531 
2023 2230 2234 1566 
2024 762 967 763 
2025 731 747 746 
2026 1387 2261 1257 
2027 1231 2318 1326 
2028 629 2413 627 
2029 1959 2521 1958 
2030 1672 2520 1706 
2031 2505 2596 658 
2032 2478 3074 1716 
2033 1070 1395 1087 
2034 2322 2323 315 
2035 533 2442 639 
2036 1182 1184 1183 
2037 541 542 540 
2038 747 757 756 
2039 1751 2295 1599 
2040 1379 1520 1519 
2041 3058 3066 2365 
2042 1119 1120 1118 
2043 1241 1467 1256 
2044 356 430 354 
2045 882 883 881 
2046 1641 1770 1751 
2047 759 762 761 
2048 468 2355 1391 
2049 2361 2575 2358 
2050 482 831 480 
2051 1701 1702 1376 
2052 1911 1912 1787 
2053 1367 1516 1515 
2054 1883 1938 1702 
2055 553 554 552 
2056 1520 1941 1854 
2057 825 2251 599 
2058 84 265 83 
2059 181 266 180 
2060 99 271 98 
2061 196 272 195 
2062 551 553 552 
2063 1192 1200 1190 
2064 670 688 669 
2065 462 2276 460 
2066 253 2391 88 
2067 397 449 400 
2068 260 2320 93 
2069 259 2321 190 
2070 727 2525 965 
2071 1326 1837 1469 
2072 750 1005 1004 
2073 1657 1757 1756 
2074 588 591 590 
2075 1098 1813 896 
2076 896 897 895 
2077 1368 1430 1429 
2078 1916 1988 1918 
2079 1056 1058 1057 
2080 2088 2351 2350 
2081 1571 1572 1569 
2082 438 441 440 
2083 908 921 917 
2084 1643 2195 1218 
2085 657 669 656 
2086 1516 1923 1879 
2087 762 763 761 
2088 1134 1178 1177 
2089 2314 2315 447 
2090 1813 2298 896 
2091 420 423 422 
2092 680 696 695 
2093 1484 2246 1836 
2094 901 2230 1566 
2095 911 2752 2353 
2096 1570 1571 1569 
2097 2505 2709 2596 
2098 1381 2185 1812 
2099 1961 1963 1959 
2100 1668 2533 1671 
2101 2096 2463 1431 
2102 1234 1254 1253 
2103 374 2476 450 
2104 730 750 749 
2105 923 931 925 
2106 2766 2785 2202 
2107 1378 2371 1243 
2108 1121 1123 1122 
2109 539 2348 602 
2110 469 470 468 
2111 1573 1876 1572 
2112 467 468 466 
2113 466 2329 464 
2114 1210 3000 2385 
2115 2444 2567 2446 
2116 1541 2096 1431 
2117 608 1805 1099 
2118 1189 1207 1187 
2119 1119 1121 1120 
2120 2092 2093 1783 
2121 1034 2438 1037 
2122 757 759 758 
2123 539 540 538 
2124 1554 1740 1553 
2125 583 826 585 
2126 537 539 538 
2127 537 2348 539 
2128 86 312 85 
2129 183 311 182 
2130 97 314 96 
2131 194 313 193 
2132 555 556 554 
2133 405 1567 404 
2134 2421 2426 1615 
2135 375 2387 378 
2136 1949 2058 1950 
2137 885 887 886 
2138 1182 2369 1185 
2139 1714 2519 1365 
2140 969 2370 970 
2141 1477 3003 1663 
2142 553 555 554 
2143 713 2474 1447 
2144 972 1372 973 
2145 1189 2297 1208 
2146 1075 2349 1074 
2147 1736 2264 1405 
2148 2213 2215 2214 
2149 2196 2197 2195 
2150 1171 2367 1194 
2151 1615 2725 1012 
2152 2408 2410 2409 
2153 1117 1119 1118 
2154 608 1099 607 
2155 1448 2193 723 
2156 1173 1434 1206 
2157 417 420 418 
2158 902 903 899 
2159 258 1986 221 
2160 894 895 893 
2161 1217 1218 1215 
2162 1201 1239 1238 
2163 1655 1657 1656 
2164 1568 1569 967 
2165 2471 2614 736 
2166 965 1074 964 
2167 2353 2752 2335 
2168 727 964 728 
2169 1225 1246 1226 
2170 981 2612 2611 
2171 449 2283 400 
2172 2457 2706 2458 
2173 1242 1243 1209 
2174 1434 2057 1776 
2175 1242 2605 1379 
2176 2809 2812 2428 
2177 726 2384 830 
2178 1557 2190 1739 
2179 450 2399 372 
2180 1117 1118 1116 
2181 562 2508 560 
2182 825 2252 2251 
2183 1837 1851 1469 
2184 1563 2356 645 
2185 1957 1959 1958 
2186 1758 2265 1656 
2187 2492 2501 2493 
2188 1326 2318 1837 
2189 506 2549 2548 
2190 592 2433 597 
2191 2424 2428 2427 
2192 722 723 694 
2193 1125 2337 1123 
2194 2387 2388 387 
2195 1519 1537 1378 
2196 423 425 424 
2197 727 965 964 
2198 1535 2398 2397 
2199 1228 2543 1241 
2200 891 894 893 
2201 1522 1539 1538 
2202 1058 1091 1090 
2203 533 639 535 
2204 754 2280 1047 
2205 943 2441 945 
2206 1422 1535 1534 
2207 726 830 752 
2208 908 909 903 
2209 1534 2397 2072 
2210 867 868 866 
2211 1671 2520 1672 
2212 1616 2386 1325 
2213 2452 2453 1822 
2214 1741 1742 1740 
2215 2387 2389 2388 
2216 1069 2413 629 
2217 2516 2530 2529 
2218 646 656 645 
2219 196 2347 272 
2220 1280 2396 1282 
2221 2380 2476 2475 
2222 765 968 767 
2223 2102 2154 1579 
2224 1178 1181 1180 
2225 1501 2844 2755 
2226 1530 1778 1259 
2227 1182 1185 1184 
2228 1213 1276 1249 
2229 412 414 413 
2230 1325 2386 1323 
2231 81 2240 80 
2232 178 2239 177 
2233 2485 2509 2508 
2234 1208 1209 1207 
2235 661 813 490 
2236 2568 2603 2309 
2237 87 2390 86 
2238 748 1054 963 
2239 2515 2518 2517 
2240 1397 1564 1521 
2241 941 943 942 
2242 89 253 88 
2243 92 316 91 
2244 94 260 93 
2245 186 254 185 
2246 189 315 188 
2247 191 259 190 
2248 2460 2461 1555 
2249 917 918 909 
2250 932 1070 947 
2251 2483 2484 587 
2252 927 929 907 
2253 414 417 415 
2254 621 637 620 
2255 1663 1861 1688 
2256 619 620 618 
2257 617 618 616 
2258 615 616 614 
2259 827 2553 1446 
2260 1309 2421 1615 
2261 1361 1699 1697 
2262 1357 2477 1359 
2263 1746 2155 1506 
2264 95 2439 94 
2265 1667 2533 1668 
2266 1288 1579 1289 
2267 1079 1479 1414 
2268 2350 2352 2349 
2269 1841 2810 1364 
2270 1074 1488 1363 
2271 2424 2427 2422 
2272 2503 2505 658 
2273 2367 2617 2488 
2274 647 652 649 
2275 1297 1346 1299 
2276 1263 1264 1204 
2277 941 942 940 
2278 889 941 940 
2279 613 614 612 
2280 1188 1190 1189 
2281 2003 2027 2004 
2282 769 960 771 
2283 906 907 901 
2284 2455 2773 1834 
2285 943 944 942 
2286 989 2099 744 
2287 180 2274 179 
2288 1605 2872 1790 
2289 759 761 760 
2290 564 2483 587 
2291 1862 1863 1616 
2292 1365 2519 1019 
2293 1194 1204 1195 
2294 719 727 721 
2295 1127 1262 1125 
2296 402 404 403 
2297 560 2508 841 
2298 1295 2372 1297 
2299 1535 2397 1534 
2300 741 2798 2280 
2301 2461 2462 1555 
2302 1097 1422 1421 
2303 1268 1270 1269 
2304 999 2585 1001 
2305 1210 2317 1117 
2306 393 2420 397 
2307 1968 2026 1969 
2308 1192 1201 1200 
2309 1490 2303 1727 
2310 1095 1406 1405 
2311 900 901 888 
2312 664 2443 690 
2313 1561 1618 1617 
2314 315 2324 188 
2315 1197 1225 1203 
2316 400 402 401 
2317 1752 2069 1533 
2318 939 1097 1068 
2319 1185 1188 1187 
2320 2012 2014 1565 
2321 2058 2192 2191 
2322 1672 1706 1674 
2323 1523 1565 1400 
2324 2087 2088 1075 
2325 965 1075 1074 
2326 928 2572 982 
2327 861 862 860 
2328 1214 2635 1216 
2329 1380 2276 462 
2330 627 641 625 
2331 1422 1534 1421 
2332 870 939 934 
2333 471 966 470 
2334 2297 2605 1208 
2335 816 818 817 
2336 397 400 398 
2337 1743 1781 1742 
2338 1194 1263 1204 
2339 537 538 536 
2340 461 463 462 
2341 894 1098 896 
2342 1561 1617 1560 
2343 1204 2702 2650 
2344 452 461 460 
2345 198 2299 197 
2346 1391 2329 466 
2347 911 2353 913 
2348 2378 2460 939 
2349 1713 1866 1714 
2350 1477 1663 1478 
2351 1074 2349 1488 
2352 2386 2718 1323 
2353 1355 2254 1056 
2354 1596 1597 1401 
2355 1356 1696 1357 
2356 535 537 536 
2357 616 811 614 
2358 1373 1552 1548 
2359 943 945 944 
2360 652 666 653 
2361 234 1998 233 
2362 1055 1361 1355 
2363 1270 1271 1269 
2364 1317 2422 2421 
2365 1988 1993 1918 
2366 1266 1267 1174 
2367 945 999 944 
2368 1199 1234 1232 
2369 1379 2605 2127 
2370 256 1968 1967 
2371 1254 2531 1500 
2372 1620 2120 1618 
2373 639 2305 2304 
2374 388 390 389 
2375 475 476 473 
2376 426 431 428 
2377 2379 2460 2378 
2378 1668 1671 1670 
2379 390 392 391 
2380 1547 1582 1546 
2381 1384 1616 1325 
2382 1261 2237 1141 
2383 1181 2369 1182 
2384 747 756 746 
2385 2537 2538 2518 
2386 870 934 868 
2387 939 1068 934 
2388 1288 1289 1274 
2389 1097 1421 1068 
2390 1317 2421 1309 
2391 373 448 375 
2392 2374 2375 2373 
2393 1265 1477 1264 
2394 445 1578 1577 
2395 1393 1394 1080 
2396 381 2341 385 
2397 1000 2551 1094 
2398 793 2659 972 
2399 1371 1546 459 
2400 2271 2767 2440 
2401 567 2457 571 
2402 1359 2477 1667 
2403 1266 1268 1267 
2404 1663 1688 1478 
2405 195 2287 194 
2406 1623 1675 1622 
2407 2514 2537 2515 
2408 412 2314 447 
2409 2423 2424 2422 
2410 570 612 568 
2411 616 2437 811 
2412 1158 2452 1163 
2413 1263 1265 1264 
2414 1621 2441 943 
2415 603 607 604 
2416 1163 1266 1174 
2417 575 638 577 
2418 2924 2940 1262 
2419 749 2528 731 
2420 1182 1183 1180 
2421 2376 2377 2374 
2422 1262 2337 1125 
2423 2231 2232 1332 
2424 757 758 756 
2425 640 2806 2514 
2426 257 1978 210 
2427 599 603 600 
2428 2475 2476 376 
2429 1265 1549 1477 
2430 565 2457 567 
2431 385 446 388 
2432 476 2467 473 
2433 375 378 376 
2434 591 1581 590 
2435 1047 1483 1048 
2436 1474 1561 1560 
2437 677 2553 692 
2438 1422 2713 1535 
2439 507 2548 510 
2440 1171 1194 1176 
2441 869 870 868 
2442 1168 2367 1171 
2443 1134 1177 1122 
2444 1359 1667 1511 
2445 1224 2635 2318 
2446 861 863 862 
2447 859 860 858 
2448 865 866 863 
2449 1961 2003 1963 
2450 931 932 925 
2451 887 891 890 
2452 1598 1599 1597 
2453 662 2492 536 
2454 970 3032 2187 
2455 597 599 598 
2456 385 388 386 
2457 885 886 883 
2458 1118 2346 1588 
2459 658 2582 2503 
2460 2198 2528 1556 
2461 1270 1272 1271 
2462 378 380 379 
2463 771 2340 773 
2464 1468 1849 1848 
2465 1272 2489 1480 
2466 1687 2087 1075 
2467 571 1287 573 
2468 233 1997 232 
2469 255 2031 1970 
2470 1268 1269 1267 
2471 731 746 703 
2472 1796 3014 2465 
2473 1039 1041 1040 
2474 835 1020 1019 
2475 960 2340 771 
2476 863 2479 862 
2477 2498 2582 2573 
2478 373 375 374 
2479 390 409 392 
2480 865 867 866 
2481 463 465 464 
2482 2357 2361 2358 
2483 1702 2701 1376 
2484 1184 1186 1183 
2485 2535 2550 1011 
2486 662 2501 2492 
2487 693 2672 707 
2488 1395 1533 1087 
2489 1074 1363 964 
2490 707 2672 2474 
2491 894 2629 1098 
2492 2545 2847 2773 
2493 698 718 717 
2494 667 680 679 
2495 873 874 871 
2496 814 816 815 
2497 2441 2551 945 
2498 2514 2515 684 
2499 1225 1226 1203 
2500 1543 1774 1544 
2501 798 2546 790 
2502 1163 1174 1164 
2503 2442 2678 639 
2504 1375 2459 1583 
2505 866 2479 863 
2506 536 2492 534 
2507 718 2525 719 
2508 1270 2466 1273 
2509 1041 1348 1347 
2510 889 940 878 
2511 1273 1288 1274 
2512 1050 1356 1352 
2513 879 889 878 
2514 1020 1365 1019 
2515 1908 1909 1495 
2516 1720 2513 1592 
2517 362 416 360 
2518 1968 1969 1967 
2519 757 2456 759 
2520 1552 1554 1553 
2521 88 2391 87 
2522 878 2507 875 
2523 2249 2595 2546 
2524 406 412 408 
2525 1039 1040 1036 
2526 763 765 764 
2527 2372 2376 2374 
2528 1131 1136 1129 
2529 93 2320 92 
2530 190 2321 189 
2531 1488 1711 1363 
2532 588 590 589 
2533 1140 1141 1137 
2534 1570 1574 1571 
2535 1284 1285 1283 
2536 1539 1787 1786 
2537 777 2522 793 
2538 1477 1478 1264 
2539 897 899 898 
2540 564 587 562 
2541 197 2347 196 
2542 1295 1297 1296 
2543 2523 2618 1487 
2544 1541 2098 2096 
2545 1774 2043 1544 
2546 773 845 775 
2547 1297 1299 1298 
2548 1568 1570 1569 
2549 945 1000 999 
2550 1000 1092 999 
2551 1299 1562 1481 
2552 2085 2867 2842 
2553 859 861 860 
2554 664 690 675 
2555 2416 2417 2415 
2556 762 1568 967 
2557 938 1821 1046 
2558 1139 2750 2481 
2559 619 621 620 
2560 1343 2470 1664 
2561 1309 1615 1012 
2562 1311 2561 1313 
2563 446 2588 388 
2564 982 2572 1066 
2565 945 2551 1000 
2566 585 588 586 
2567 1369 2555 1718 
2568 587 2508 562 
2569 1056 1057 959 
2570 1120 2346 1118 
2571 617 619 618 
2572 1528 1595 1418 
2573 1098 2110 1813 
2574 991 1431 992 
2575 1038 1039 1036 
2576 1143 2481 1160 
2577 1178 1179 1177 
2578 1782 1783 1781 
2579 877 879 878 
2580 1490 1727 1726 
2581 615 617 616 
2582 366 453 364 
2583 506 2548 507 
2584 223 1971 222 
2585 762 2456 1568 
2586 534 2492 812 
2587 1366 1713 1365 
2588 614 2381 612 
2589 825 2253 2252 
2590 738 2836 2832 
2591 877 878 875 
2592 795 798 790 
2593 1286 1795 1507 
2594 631 1069 629 
2595 2619 2628 660 
2596 2657 2691 2466 
2597 688 1589 702 
2598 745 991 990 
2599 2842 2921 2085 
2600 1618 2432 1617 
2601 1093 1543 1092 
2602 2402 2403 2401 
2603 1194 1195 1176 
2604 613 615 614 
2605 1686 2526 1437 
2606 2543 3086 1467 
2607 1528 2041 1595 
2608 1118 1588 1116 
2609 759 760 758 
2610 880 881 879 
2611 688 2368 1589 
2612 754 1047 997 
2613 2508 2509 841 
2614 1426 1427 1425 
2615 2310 2311 2306 
2616 719 2525 727 
2617 2120 2432 1618 
2618 1289 1468 1345 
2619 535 536 534 
2620 867 869 868 
2621 2305 2306 2304 
2622 737 2614 835 
2623 1124 1125 1123 
2624 1291 1295 1293 
2625 1115 1210 1117 
2626 1278 1279 1277 
2627 1101 1102 1100 
2628 1348 1528 1418 
2629 1474 1560 1104 
2630 393 397 395 
2631 510 2548 2541 
2632 543 810 545 
2633 1348 1418 1417 
2634 451 2236 436 
2635 370 399 368 
2636 941 1621 943 
2637 1543 1544 1092 
2638 1842 2805 1354 
2639 448 2387 375 
2640 495 2584 493 
2641 857 858 856 
2642 1326 1469 1327 
2643 609 647 642 
2644 1097 1555 1422 
2645 566 2483 564 
2646 539 602 541 
2647 1035 1036 1034 
2648 648 2514 684 
2649 1447 2473 2472 
2650 1158 1163 1162 
2651 1280 1281 1279 
2652 2684 2685 2560 
2653 1041 1347 1040 
2654 1384 1862 1616 
2655 1313 2561 1318 
2656 378 387 380 
2657 374 450 372 
2658 1815 2157 1549 
2659 1268 2466 1270 
2660 2503 2582 2498 
2661 372 2399 370 
2662 741 2280 754 
2663 467 469 468 
2664 1216 2635 1224 
2665 2289 2292 2291 
2666 2333 2934 1621 
2667 2488 2617 2189 
2668 1431 2463 992 
2669 465 467 466 
2670 1219 1221 1220 
2671 727 728 721 
2672 1020 1366 1365 
2673 1103 1104 1102 
2674 566 2487 2483 
2675 2372 2374 2373 
2676 1722 2569 2226 
2677 1329 1487 1486 
2678 1291 2376 1295 
2679 578 2527 583 
2680 2446 2448 2447 
2681 1606 2652 1205 
2682 2358 2575 2360 
2683 583 585 584 
2684 738 2812 615 
2685 349 350 348 
2686 2408 2409 2406 
2687 531 2442 533 
2688 1070 1087 947 
2689 835 1019 836 
2690 848 2550 1600 
2691 1250 1387 1257 
2692 1829 2628 2619 
2693 1713 1714 1365 
2694 1332 2637 781 
2695 1856 1857 1620 
2696 1021 2519 1490 
2697 1534 2072 1536 
2698 1282 1283 1281 
2699 1543 2526 2076 
2700 1276 1277 1249 
2701 655 2443 664 
2702 390 2588 409 
2703 620 634 618 
2704 887 890 886 
2705 2444 2446 2445 
2706 857 859 858 
2707 871 2378 870 
2708 990 2701 989 
2709 1152 2452 1158 
2710 1373 2659 1552 
2711 2484 2485 587 
2712 2446 2536 2448 
2713 1115 1117 1116 
2714 1000 1093 1092 
2715 570 613 612 
2716 1579 2429 1289 
2717 1580 2102 1579 
2718 1318 1831 1463 
2719 1554 1741 1740 
2720 880 882 881 
2721 860 1009 858 
2722 575 577 576 
2723 1440 1442 1441 
2724 1822 2466 1268 
2725 849 2550 848 
2726 796 2684 2560 
2727 1377 2147 1703 
2728 873 875 874 
2729 870 2378 939 
2730 1418 2468 1792 
2731 938 1046 1045 
2732 1366 2513 1713 
2733 891 893 892 
2734 2492 2493 812 
2735 1473 1474 1104 
2736 573 575 574 
2737 1098 2629 2159 
2738 636 645 633 
2739 1619 1620 1618 
2740 765 767 766 
2741 531 2545 2442 
2742 2650 2702 2269 
2743 1126 1127 1125 
2744 913 938 936 
2745 935 2607 926 
2746 1058 1090 1057 
2747 1266 1822 1268 
2748 1241 2543 1467 
2749 883 2330 881 
2750 1717 1841 1364 
2751 1015 1100 798 
2752 520 2606 677 
2753 2624 2633 2570 
2754 1363 2641 964 
2755 855 856 854 
2756 2165 2254 1355 
2757 1273 1274 1272 
2758 1036 2438 1034 
2759 1439 1440 1112 
2760 1289 1345 1274 
2761 1706 1707 1674 
2762 1640 1641 1599 
2763 823 2683 822 
2764 1496 1843 1334 
2765 1829 2615 1608 
2766 1034 1037 1033 
2767 759 2456 762 
2768 1032 1034 1033 
2769 1310 1317 1309 
2770 2154 2429 1579 
2771 1912 1914 1913 
2772 1021 1490 1412 
2773 510 2541 512 
2774 534 812 532 
2775 1585 2035 1584 
2776 1044 2555 1369 
2777 734 742 735 
2778 2152 2153 1576 
2779 1992 2010 1966 
2780 1442 1810 1494 
2781 1093 2526 1543 
2782 790 2546 787 
2783 1384 2539 1862 
2784 1348 1417 1347 
2785 1343 1664 1466 
2786 351 352 350 
2787 713 1447 736 
2788 347 349 348 
2789 1543 2076 1774 
2790 256 1967 231 
2791 436 2236 438 
2792 1009 2867 2603 
2793 544 659 542 
2794 1368 1429 995 
2795 918 920 919 
2796 942 2558 1587 
2797 1671 1672 1670 
2798 2179 2691 2657 
2799 1173 1206 1166 
2800 2307 2310 2306 
2801 718 719 717 
2802 1522 1538 1398 
2803 1272 1480 1271 
2804 1066 2470 1343 
2805 1439 1551 1440 
2806 1163 1164 1162 
2807 397 2420 449 
2808 1267 2189 1174 
2809 1688 1817 1816 
2810 568 2487 566 
2811 1318 2561 1831 
2812 1595 2468 1418 
2813 224 1972 223 
2814 2330 2331 881 
2815 381 382 379 
2816 2360 2366 2365 
2817 2546 2595 787 
2818 1029 2552 1042 
2819 547 594 549 
2820 571 573 572 
2821 1139 2481 1143 
2822 409 1584 392 
2823 388 2588 390 
2824 1592 2513 1366 
2825 592 597 595 
2826 713 736 714 
2827 2515 2537 2518 
2828 724 2384 726 
2829 1434 1776 1206 
2830 1187 2336 1184 
2831 1317 2482 2423 
2832 2548 2549 2542 
2833 1270 1273 1272 
2834 606 2545 529 
2835 425 2534 426 
2836 2402 2885 2799 
2837 1600 2550 2535 
2838 1442 1494 1493 
2839 1316 2482 1312 
2840 920 923 922 
2841 533 535 534 
2842 853 854 852 
2843 353 354 352 
2844 1437 2526 1093 
2845 1440 1441 1112 
2846 857 2566 859 
2847 1418 1792 1417 
2848 255 1970 242 
2849 546 2357 544 
2850 680 2837 696 
2851 1116 2380 1114 
2852 1295 2376 2372 
2853 571 2457 1287 
2854 1468 1848 1476 
2855 1594 1720 1592 
2856 1552 2659 2158 
2857 651 2529 655 
2858 915 2581 851 
2859 2380 2475 1114 
2860 1784 2092 1783 
2861 1741 1743 1742 
2862 811 2382 2381 
2863 725 2837 2730 
2864 1474 2490 1561 
2865 1032 1033 1031 
2866 2515 2517 2516 
2867 1451 2562 1452 
2868 771 773 772 
2869 855 857 856 
2870 1091 1540 1090 
2871 1094 1437 1093 
2872 1848 2385 1855 
2873 868 2577 866 
2874 1867 2563 1689 
2875 1562 1716 1715 
2876 1150 1156 1154 
2877 1271 1275 1269 
2878 2494 2573 812 
2879 1317 2423 2422 
2880 1600 2535 1834 
2881 854 1011 852 
2882 640 2514 648 
2883 1101 1103 1102 
2884 1561 2490 1619 
2885 1014 1015 798 
2886 1124 2869 2431 
2887 673 1622 498 
2888 1186 2831 1213 
2889 852 2550 849 
2890 2541 2542 2271 
2891 1108 2544 1485 
2892 409 2588 1719 
2893 938 1045 936 
2894 1013 1309 1012 
2895 300 1981 1980 
2896 869 871 870 
2897 1015 1101 1100 
2898 2721 2848 1675 
2899 1231 1326 1252 
2900 1111 1112 1110 
2901 1306 2160 1305 
2902 1271 2557 1275 
2903 795 2560 1014 
2904 1629 2885 1807 
2905 1885 1886 1603 
2906 2323 2325 2324 
2907 638 1590 577 
2908 999 1001 944 
2909 763 764 761 
2910 1667 1668 1511 
2911 469 471 470 
2912 942 1587 940 
2913 1466 2491 1828 
2914 686 2271 2270 
2915 1452 2562 1456 
2916 1143 1160 1149 
2917 1314 1316 1312 
2918 853 855 854 
2919 2423 2425 2424 
2920 1109 1110 1108 
2921 2271 2440 2270 
2922 1456 2562 1826 
2923 1019 2519 1021 
2924 827 828 715 
2925 1346 2995 1299 
2926 222 258 221 
2927 211 257 210 
2928 232 256 231 
2929 243 255 242 
2930 1591 1592 1366 
2931 546 2556 2357 
2932 851 2581 853 
2933 1886 2524 1603 
2934 783 1332 781 
2935 876 877 875 
2936 382 2475 379 
2937 1111 1439 1112 
2938 212 1977 211 
2939 1295 1296 1293 
2940 692 715 693 
2941 648 684 651 
2942 230 1984 229 
2943 1177 2661 1122 
2944 2226 2776 957 
2945 2498 2573 2494 
2946 677 2606 2553 
2947 479 480 477 
2948 827 829 828 
2949 1442 1493 1441 
2950 677 692 678 
2951 908 2777 921 
2952 1664 2491 1466 
2953 795 1014 798 
2954 1561 1619 1618 
2955 371 373 372 
2956 1000 1094 1093 
2957 773 775 774 
2958 1610 1829 1608 
2959 2524 2597 1081 
2960 1456 1826 1501 
2961 2541 2548 2542 
2962 379 2475 376 
2963 722 734 723 
2964 692 693 678 
2965 1430 1796 1429 
2966 784 2595 783 
2967 829 956 955 
2968 980 2589 1018 
2969 956 1044 1043 
2970 965 1687 1075 
2971 692 827 715 
2972 1455 1825 1453 
2973 1820 2231 1332 
2974 1030 1032 1031 
2975 1183 2673 1180 
2976 1684 1686 1437 
2977 864 865 863 
2978 498 2584 495 
2979 1107 1108 1106 
2980 1594 1721 1720 
2981 1304 1305 1302 
2982 966 2467 1596 
2983 1217 1219 1218 
2984 829 955 828 
2985 1108 1485 1106 
2986 1258 1260 1239 
2987 1265 1815 1549 
2988 1300 2633 2624 
2989 1110 2544 1108 
2990 956 1043 955 
2991 1044 1369 1043 
2992 1610 1830 1829 
2993 1914 1916 1915 
2994 673 1623 1622 
2995 1441 2587 1112 
2996 578 583 580 
2997 877 880 879 
2998 520 677 605 
2999 1623 1850 1675 
3000 1109 1111 1110 
3001 891 892 890 
3002 1369 1718 1586 
3003 2573 2582 530 
3004 1030 1031 1029 
3005 966 1596 1401 
3006 2504 2506 2505 
3007 512 2541 686 
3008 783 2595 1820 
3009 1438 1684 1437 
3010 1683 2587 1441 
3011 2457 2458 1287 
3012 737 835 833 
3013 709 713 711 
3014 2360 2575 2366 
3015 2484 2486 2485 
3016 2556 2700 2361 
3017 1730 2056 1901 
3018 1468 1476 1345 
3019 1105 1106 1044 
3020 385 2341 446 
3021 1241 1256 1255 
3022 1622 2584 498 
3023 1107 1109 1108 
3024 1336 2607 935 
3025 686 2541 2271 
3026 1684 2097 1686 
3027 887 2629 891 
3028 1965 1966 1962 
3029 1103 1473 1104 
3030 1297 1298 1296 
3031 2670 2836 570 
3032 381 385 383 
3033 812 2573 532 
3034 1796 2465 2104 
3035 544 2357 659 
3036 448 2389 2387 
3037 1600 1834 1833 
3038 1039 1081 1041 
3039 2692 2752 893 
3040 1593 1594 1592 
3041 1110 2587 2544 
3042 1011 2550 852 
3043 1694 1842 1354 
3044 936 937 914 
3045 2485 2508 587 
3046 1494 2578 1493 
3047 1094 1438 1437 
3048 300 1980 10 
3049 2189 2617 1174 
3050 1727 1773 1726 
3051 1039 2524 1081 
3052 2493 2497 2495 
3053 1033 1060 1031 
3054 2335 2752 2692 
3055 550 611 548 
3056 677 678 605 
3057 300 1982 1981 
3058 811 2381 614 
3059 686 2270 1823 
3060 877 2602 880 
3061 1299 1481 1298 
3062 2579 2598 1613 
3063 1341 1662 1336 
3064 1140 1144 1141 
3065 1835 2570 1459 
3066 1369 1586 1370 
3067 1815 2469 2157 
3068 1288 1580 1579 
3069 2671 2725 1615 
3070 1402 1403 1082 
3071 1020 1591 1366 
3072 858 2568 856 
3073 1144 1146 1145 
3074 1451 2598 2579 
3075 1066 2572 2470 
3076 793 972 794 
3077 375 376 374 
3078 1704 2490 1474 
3079 2309 2680 2568 
3080 913 936 914 
3081 1032 1035 1034 
3082 1743 1782 1781 
3083 845 2522 775 
3084 1105 1107 1106 
3085 856 2680 854 
3086 512 686 514 
3087 1046 1470 1045 
3088 1654 1655 1260 
3089 1256 1871 1386 
3090 384 1114 382 
3091 376 2476 374 
3092 787 2595 784 
3093 538 662 536 
3094 1438 1685 1684 
3095 827 1446 829 
3096 1120 2661 2346 
3097 2913 2928 2211 
3098 1848 1855 1476 
3099 1106 2555 1044 
3100 1274 2489 1272 
3101 1771 2067 1772 
3102 1820 2595 2249 
3103 956 1105 1044 
3104 1681 1682 1483 
3105 955 957 828 
3106 1453 2581 915 
3107 1035 1038 1036 
3108 1092 2585 999 
3109 851 852 849 
3110 1480 2557 1271 
3111 1586 2221 1370 
3112 555 557 556 
3113 1451 2579 2562 
3114 529 2545 531 
3115 409 1585 1584 
3116 471 2467 966 
3117 851 853 852 
3118 215 2029 214 
3119 299 2037 9 
3120 605 2600 521 
3121 2305 2307 2306 
3122 911 913 912 
3123 1029 1042 1027 
3124 351 353 352 
3125 1038 2524 1039 
3126 1228 1241 1240 
3127 1031 2552 1029 
3128 1828 2162 2161 
3129 2382 2383 2381 
3130 270 2006 239 
3131 1019 1021 836 
3132 355 356 354 
3133 1191 1192 1190 
3134 1473 1704 1474 
3135 1470 1691 1690 
3136 2307 2603 2310 
3137 791 795 790 
3138 1015 1420 1101 
3139 381 383 382 
3140 2375 2987 2373 
3141 1790 2872 2416 
3142 913 914 912 
3143 1369 1370 1043 
3144 788 790 787 
3145 1619 1856 1620 
3146 388 389 386 
3147 1916 1918 1917 
3148 502 2571 685 
3149 661 814 813 
3150 378 379 376 
3151 1310 2482 1317 
3152 897 898 895 
3153 552 2444 550 
3154 2504 2505 2503 
3155 1876 2095 1572 
3156 955 2583 957 
3157 1028 1029 1027 
3158 2653 2679 540 
3159 373 374 372 
3160 2270 2344 1823 
3161 556 601 554 
3162 304 2213 2212 
3163 1886 2597 2524 
3164 269 1979 228 
3165 1028 1030 1029 
3166 2130 2133 2132 
3167 385 386 383 
3168 1485 2555 1106 
3169 1356 1357 1352 
3170 1146 1150 1147 
3171 880 2602 1465 
3172 987 2589 980 
3173 956 2586 1105 
3174 1500 2608 2229 
3175 1490 1726 1412 
3176 2357 2358 659 
3177 1195 2650 1197 
3178 2222 2583 1370 
3179 390 391 389 
3180 1818 2641 1363 
3181 1446 2586 829 
3182 693 707 706 
3183 686 1823 514 
3184 724 726 704 
3185 713 714 711 
3186 1591 1593 1592 
3187 1208 2605 1242 
3188 1604 2638 508 
3189 801 1006 799 
3190 1690 1771 1471 
3191 1771 1772 1471 
3192 1084 1724 1416 
3193 475 477 476 
3194 380 381 379 
3195 1331 1375 1339 
3196 1370 2583 1043 
3197 1226 1228 1227 
3198 353 355 354 
3199 848 1459 846 
3200 624 625 623 
3201 229 269 228 
3202 52 249 51 
3203 238 300 10 
3204 127 251 126 
3205 214 268 213 
3206 149 250 148 
3207 30 252 29 
3208 240 270 239 
3209 227 299 9 
3210 225 267 224 
3211 1825 2581 1453 
3212 1115 1116 1114 
3213 1690 2071 1771 
3214 765 766 764 
3215 392 393 391 
3216 1040 2438 1036 
3217 349 351 350 
3218 670 2368 688 
3219 1447 2474 2473 
3220 420 422 418 
3221 1105 2586 1601 
3222 777 793 779 
3223 848 1600 1459 
3224 500 2571 502 
3225 1493 2578 1728 
3226 1833 1835 1459 
3227 400 401 398 
3228 1470 1690 1471 
3229 1539 1786 1538 
3230 984 1084 1083 
3231 847 848 846 
3232 2373 2990 1346 
3233 662 2757 2501 
3234 2221 2222 1370 
3235 1121 1124 1123 
3236 767 769 768 
3237 861 864 863 
3238 1851 1852 1469 
3239 1493 1728 1683 
3240 1803 2220 1685 
3241 1843 2818 1334 
3242 660 1604 508 
3243 502 685 504 
3244 1722 1723 1721 
3245 1023 1059 987 
3246 2493 2494 812 
3247 847 849 848 
3248 2079 2701 1702 
3249 736 737 714 
3250 1068 1113 934 
3251 1534 1536 1421 
3252 1111 1559 1439 
3253 733 2808 748 
3254 773 774 772 
3255 2499 2504 2503 
3256 402 403 401 
3257 404 406 403 
3258 412 413 408 
3259 775 777 776 
3260 937 2123 1443 
3261 560 841 558 
3262 2216 2217 2215 
3263 1195 1197 1196 
3264 916 2566 857 
3265 518 520 519 
3266 850 1451 915 
3267 846 2570 842 
3268 523 1612 525 
3269 1164 2617 1168 
3270 850 2598 1451 
3271 1459 2570 846 
3272 1718 1869 1586 
3273 872 873 871 
3274 828 2574 715 
3275 520 605 521 
3276 397 398 395 
3277 1438 1803 1685 
3278 1112 2587 1110 
3279 1829 2619 2615 
3280 1594 1722 1721 
3281 1562 1715 1481 
3282 1825 2610 2581 
3283 899 904 898 
3284 829 2586 956 
3285 1924 1925 1923 
3286 1047 1048 997 
3287 808 1010 805 
3288 1043 2583 955 
3289 1719 1729 1585 
3290 1385 1658 1611 
3291 1245 2661 1177 
3292 1105 1601 1107 
3293 1294 2126 2115 
3294 1738 1760 1737 
3295 1060 2552 1031 
3296 884 900 888 
3297 2499 2503 2498 
3298 1385 2787 1658 
3299 957 2574 828 
3300 414 415 413 
3301 936 2601 937 
3302 1291 1293 1292 
3303 2493 2495 2494 
3304 1508 2612 1064 
3305 835 836 833 
3306 2182 2828 2821 
3307 786 787 784 
3308 2509 2510 841 
3309 693 706 678 
3310 1466 1828 1827 
3311 532 2573 530 
3312 521 2600 523 
3313 533 534 532 
3314 1026 1028 1027 
3315 847 850 849 
3316 1724 1873 1725 
3317 1026 1027 1025 
3318 850 851 849 
3319 557 558 556 
3320 1609 1610 1608 
3321 899 2412 904 
3322 2043 2045 2044 
3323 2553 2606 2345 
3324 1456 1501 1472 
3325 524 837 522 
3326 531 533 532 
3327 2496 2499 2498 
3328 892 911 910 
3329 357 358 356 
3330 1454 1455 1453 
3331 855 916 857 
3332 764 2660 761 
3333 515 2592 518 
3334 528 2582 658 
3335 500 2655 2571 
3336 1688 1816 1478 
3337 1600 1833 1459 
3338 2345 2606 2592 
3339 1926 1927 1925 
3340 527 606 529 
3341 512 514 513 
3342 1607 1608 516 
3343 1064 2612 981 
3344 1076 2683 823 
3345 531 532 530 
3346 530 2582 528 
3347 775 2522 777 
3348 980 1018 978 
3349 2017 2018 2016 
3350 367 377 369 
3351 2496 2498 2494 
3352 2592 2606 518 
3353 1452 1453 915 
3354 515 518 517 
3355 529 531 530 
3356 707 709 708 
3357 923 925 924 
3358 1345 2489 1274 
3359 417 418 415 
3360 436 438 434 
3361 1711 1819 1818 
3362 1103 1475 1473 
3363 1593 2569 1594 
3364 2472 2569 1593 
3365 937 1443 914 
3366 528 658 526 
3367 1960 1961 1959 
3368 1197 1203 1202 
3369 1493 1683 1441 
3370 1028 1413 1030 
3371 903 2412 899 
3372 433 434 432 
3373 2495 2500 2496 
3374 1596 1598 1597 
3375 2453 2657 1822 
3376 1452 1456 1454 
3377 2562 2696 1826 
3378 657 670 669 
3379 1171 1176 1175 
3380 843 2598 847 
3381 1048 2480 1050 
3382 510 512 511 
3383 775 776 774 
3384 2495 2496 2494 
3385 2551 2632 1094 
3386 1613 2598 843 
3387 529 530 528 
3388 2015 2016 1765 
3389 489 490 487 
3390 2344 2345 1823 
3391 963 984 983 
3392 691 1291 1290 
3393 1059 2589 987 
3394 1221 1236 1222 
3395 929 985 958 
3396 622 623 621 
3397 383 384 382 
3398 1846 1847 1053 
3399 1417 1575 1347 
3400 1032 2620 1035 
3401 911 912 910 
3402 2454 2680 2309 
3403 3086 3090 1467 
3404 1470 1471 1045 
3405 1772 2601 1471 
3406 799 2684 796 
3407 1612 2591 525 
3408 2471 2472 1593 
3409 2570 2633 842 
3410 707 708 706 
3411 646 657 656 
3412 1327 2523 1329 
3413 355 357 356 
3414 518 2606 520 
3415 850 915 851 
3416 1179 1627 1245 
3417 882 2559 884 
3418 2123 2124 1443 
3419 2446 2447 2445 
3420 527 529 528 
3421 1343 1466 1460 
3422 1057 2712 959 
3423 760 1605 1423 
3424 1861 2977 2973 
3425 1243 2100 1814 
3426 1451 1452 915 
3427 1471 2601 1045 
3428 150 2576 149 
3429 149 2576 250 
3430 507 510 509 
3431 1024 1025 1023 
3432 1013 1310 1309 
3433 2509 2511 2510 
3434 1695 1705 1489 
3435 2043 2044 1544 
3436 523 2600 1612 
3437 933 1632 1085 
3438 818 2821 817 
3439 1383 1384 1325 
3440 1662 2607 1336 
3441 423 424 422 
3442 1705 2697 1489 
3443 728 733 729 
3444 873 876 875 
3445 1009 2568 858 
3446 1174 2617 1164 
3447 2150 2151 1804 
3448 1852 2618 2523 
3449 837 2622 522 
3450 1452 1454 1453 
3451 431 432 428 
3452 1580 2117 2102 
3453 1164 1168 1167 
3454 2545 2773 2442 
3455 733 748 739 
3456 1594 2569 1722 
3457 748 963 755 
3458 409 1719 1585 
3459 524 2596 837 
3460 514 515 513 
3461 1933 1934 1518 
3462 712 2631 1613 
3463 1591 2471 1593 
3464 847 2598 850 
3465 1024 1026 1025 
3466 2689 2696 2579 
3467 1456 1472 1454 
3468 520 521 519 
3469 880 1465 882 
3470 742 751 743 
3471 843 847 846 
3472 1124 1126 1125 
3473 527 2591 606 
3474 1304 1306 1305 
3475 1407 1408 1076 
3476 853 2610 855 
3477 527 528 526 
3478 715 2672 693 
3479 1168 1171 1170 
3480 512 513 511 
3481 357 359 358 
3482 1857 2763 1620 
3483 396 1678 1677 
3484 712 1613 843 
3485 972 973 794 
3486 1607 1609 1608 
3487 1782 1784 1783 
3488 29 2627 28 
3489 252 2627 29 
3490 1055 2756 1361 
3491 1435 1541 1431 
3492 492 2748 2377 
3493 1609 1793 1610 
3494 891 2629 894 
3495 494 691 496 
3496 1026 2599 1028 
3497 709 711 710 
3498 1823 2592 514 
3499 525 527 526 
3500 552 2567 2444 
3501 2308 2309 2307 
3502 1890 1891 1472 
3503 1326 1327 1252 
3504 558 2594 556 
3505 843 846 842 
3506 2323 2324 315 
3507 1094 2632 1438 
3508 590 2433 592 
3509 1212 2673 1183 
3510 1045 2601 936 
3511 518 519 517 
3512 1588 2380 1116 
3513 1501 1890 1472 
3514 525 526 524 
3515 1296 2643 1293 
3516 1024 1527 1026 
3517 1763 2955 2877 
3518 1605 1790 1789 
3519 658 2596 526 
3520 783 1820 1332 
3521 581 1012 579 
3522 2515 2516 684 
3523 1463 1642 1464 
3524 567 571 569 
3525 396 1677 394 
3526 2072 2073 1536 
3527 712 842 710 
3528 1035 2620 1602 
3529 523 525 524 
3530 1002 2660 764 
3531 365 2651 367 
3532 510 511 509 
3533 769 771 770 
3534 711 712 710 
3535 1830 2628 1829 
3536 678 2621 605 
3537 1028 2599 1413 
3538 1322 1606 1205 
3539 1186 1213 1212 
3540 1581 2433 590 
3541 567 568 566 
3542 2139 2140 2137 
3543 1949 1950 1946 
3544 1462 1845 1461 
3545 1318 1463 1319 
3546 864 905 865 
3547 1602 1603 1038 
3548 1022 1023 987 
3549 940 2507 878 
3550 709 710 708 
3551 1413 2620 1030 
3552 514 2592 515 
3553 1114 2475 382 
3554 569 570 568 
3555 2462 2713 1555 
3556 1609 1794 1793 
3557 523 524 522 
3558 876 2602 877 
3559 1635 1644 1636 
3560 1293 1294 1292 
3561 481 482 480 
3562 706 2621 678 
3563 1170 2718 1167 
3564 1030 2620 1032 
3565 835 2614 1020 
3566 1912 1913 1787 
3567 796 2560 795 
3568 2421 2832 2426 
3569 1835 2624 2570 
3570 521 523 522 
3571 728 2641 733 
3572 855 2610 916 
3573 2308 2455 2454 
3574 708 1300 706 
3575 2309 2603 2307 
3576 1544 2585 1092 
3577 1022 1024 1023 
3578 504 506 505 
3579 565 566 564 
3580 525 2591 527 
3581 2345 2592 1823 
3582 1817 2262 1816 
3583 425 426 424 
3584 563 564 562 
3585 561 562 560 
3586 647 649 642 
3587 513 2615 511 
3588 719 721 720 
3589 559 560 558 
3590 918 919 909 
3591 588 589 586 
3592 1504 1614 1072 
3593 737 833 832 
3594 1291 1292 1290 
3595 605 2621 2600 
3596 1647 1745 1744 
3597 485 486 483 
3598 920 2944 923 
3599 521 522 519 
3600 944 2558 942 
3601 1598 1640 1599 
3602 1158 1162 1161 
3603 515 516 513 
3604 590 592 589 
3605 2440 2767 1109 
3606 1349 2643 1296 
3607 1324 1325 1323 
3608 2363 2679 2653 
3609 599 600 598 
3610 526 2596 524 
3611 2566 2669 859 
3612 2581 2610 853 
3613 1438 2632 1803 
3614 1608 2615 516 
3615 1623 2593 1850 
3616 575 576 574 
3617 932 947 946 
3618 1884 1885 1603 
3619 1505 2539 1384 
3620 696 704 695 
3621 1764 1765 1410 
3622 573 574 572 
3623 920 922 919 
3624 712 843 842 
3625 148 2649 147 
3626 31 2648 30 
3627 30 2648 252 
3628 250 2649 148 
3629 454 2651 365 
3630 517 1607 516 
3631 1204 2650 1195 
3632 2305 2308 2307 
3633 1644 1659 1636 
3634 603 604 600 
3635 1051 1450 1449 
3636 607 609 604 
3637 551 839 553 
3638 1753 1766 1754 
3639 1021 1412 1072 
3640 585 586 584 
3641 1504 1780 1779 
3642 1454 2623 1455 
3643 2369 2760 1185 
3644 673 1624 1623 
3645 550 2444 611 
3646 1588 2910 2894 
3647 639 2678 2305 
3648 892 910 890 
3649 577 2527 578 
3650 1928 2078 1927 
3651 1590 2527 577 
3652 396 1698 1678 
3653 1679 2042 1680 
3654 1527 2599 1026 
3655 151 318 150 
3656 54 317 53 
3657 1294 2643 2126 
3658 1450 2878 1864 
3659 1450 1864 1693 
3660 515 517 516 
3661 986 1392 1022 
3662 2427 2832 2422 
3663 2308 2454 2309 
3664 1707 1710 1708 
3665 1921 1929 1896 
3666 1734 1936 1508 
3667 577 578 576 
3668 1828 2161 1827 
3669 507 508 505 
3670 502 504 503 
3671 581 1013 1012 
3672 506 507 505 
3673 737 832 714 
3674 767 768 766 
3675 1165 2590 1172 
3676 597 598 595 
3677 1379 2127 1520 
3678 571 572 569 
3679 904 1844 1444 
3680 986 987 980 
3681 509 660 508 
3682 1466 1827 1460 
3683 1627 1629 1628 
3684 1636 2625 1382 
3685 1300 2621 706 
3686 636 646 645 
3687 833 834 832 
3688 594 2613 549 
3689 771 772 770 
3690 583 584 580 
3691 1652 1894 1893 
3692 503 840 501 
3693 1040 2604 2438 
3694 680 695 679 
3695 507 509 508 
3696 1342 1461 1341 
3697 1091 2737 1540 
3698 549 2613 551 
3699 2325 2326 2324 
3700 884 2559 900 
3701 1347 2604 1040 
3702 964 2641 728 
3703 1632 1634 1633 
3704 2466 2691 1273 
3705 538 2679 662 
3706 1342 1462 1461 
3707 815 2862 813 
3708 613 738 615 
3709 652 653 649 
3710 1316 2642 2482 
3711 1504 1779 1614 
3712 1542 2712 1057 
3713 1302 2909 905 
3714 1035 1602 1038 
3715 1859 1860 1638 
3716 684 2529 651 
3717 2444 2445 611 
3718 1710 1888 1887 
3719 1891 2623 1472 
3720 1659 1767 1636 
3721 869 872 871 
3722 986 1022 987 
3723 389 455 386 
3724 1602 1884 1603 
3725 1659 2005 1767 
3726 1627 2841 1629 
3727 934 2577 868 
3728 698 717 716 
3729 1288 2691 1580 
3730 682 698 697 
3731 504 505 503 
3732 834 2696 2689 
3733 1303 1635 1382 
3734 1298 1349 1296 
3735 675 682 681 
3736 359 360 358 
3737 2442 2773 2678 
3738 1629 1807 1806 
3739 2511 2512 2510 
3740 2382 2945 2383 
3741 1122 2661 1120 
3742 125 322 124 
3743 28 321 27 
3744 1313 1318 1315 
3745 1672 1674 1673 
3746 1188 1191 1190 
3747 1311 1312 1310 
3748 565 2706 2457 
3749 1213 1249 1248 
3750 1020 2614 1591 
3751 1668 1670 1669 
3752 1624 2593 1623 
3753 711 2631 712 
3754 1264 2702 1204 
3755 2755 2844 1779 
3756 1575 2604 1347 
3757 1294 2115 1625 
3758 1207 2336 1187 
3759 1195 1196 1176 
3760 363 454 365 
3761 1555 2713 1422 
3762 516 2615 513 
3763 1556 2528 749 
3764 1603 2524 1038 
3765 2363 2757 2679 
3766 511 2619 509 
3767 2232 2637 1332 
3768 1312 2482 1310 
3769 714 2631 711 
3770 369 371 370 
3771 1152 1158 1157 
3772 1021 1072 836 
3773 1131 2826 1136 
3774 979 980 978 
3775 497 500 499 
3776 861 2669 864 
3777 691 1290 496 
3778 2016 2639 1765 
3779 1822 2657 2466 
3780 500 502 501 
3781 1412 1504 1072 
3782 1294 1625 1292 
3783 1472 2623 1454 
3784 519 2622 517 
3785 2730 2837 1824 
3786 517 2622 1607 
3787 1635 1636 1382 
3788 2115 2181 1625 
3789 1411 1508 1064 
3790 367 2651 377 
3791 556 2594 601 
3792 1591 2614 2471 
3793 979 986 980 
3794 1229 1323 1193 
3795 1537 2371 1378 
3796 384 1115 1114 
3797 1465 2559 882 
3798 1965 1992 1966 
3799 2585 2746 1001 
3800 1071 1840 1839 
3801 542 2653 540 
3802 1711 1818 1363 
3803 1236 1250 1237 
3804 1164 1167 1162 
3805 666 667 653 
3806 760 1423 758 
3807 912 1445 910 
3808 522 2622 519 
3809 2364 2757 2363 
3810 1877 2266 1524 
3811 1700 1747 1699 
3812 396 2715 1698 
3813 756 1428 746 
3814 751 988 969 
3815 1914 1915 1913 
3816 2615 2619 511 
3817 1226 1227 1203 
3818 441 442 440 
3819 554 2567 552 
3820 900 906 901 
3821 1024 2630 1527 
3822 2773 2847 1834 
3823 1641 2302 1770 
3824 619 622 621 
3825 761 2660 760 
3826 1409 1679 1529 
3827 703 2640 689 
3828 2666 2709 1794 
3829 1538 2737 1398 
3830 318 2576 150 
3831 561 705 563 
3832 2563 2565 2564 
3833 359 361 360 
3834 1303 1304 1302 
3835 626 627 625 
3836 2317 2869 1119 
3837 474 475 473 
3838 1149 1152 1151 
3839 509 2619 660 
3840 548 2556 546 
3841 1128 1129 1127 
3842 502 503 501 
3843 774 792 772 
3844 1143 1149 1148 
3845 1301 1302 905 
3846 361 363 362 
3847 1201 1258 1239 
3848 760 2660 1605 
3849 363 365 364 
3850 365 367 366 
3851 367 369 368 
3852 1776 2062 1777 
3853 1613 2689 2579 
3854 371 372 370 
3855 1022 2630 1024 
3856 988 1079 1061 
3857 1086 1095 1005 
3858 832 2631 714 
3859 972 2659 1373 
3860 1844 2334 1444 
3861 1313 1314 1312 
3862 664 675 674 
3863 1013 1311 1310 
3864 2083 2084 2081 
3865 2482 2642 2423 
3866 1469 2523 1327 
3867 842 2633 710 
3868 837 2666 2622 
3869 1337 1341 1336 
3870 2305 2678 2308 
3871 791 796 795 
3872 1293 2643 1294 
3873 977 1513 979 
3874 2334 2335 1444 
3875 2620 2664 1602 
3876 2577 2874 2479 
3877 710 2633 708 
3878 1715 1785 1481 
3879 1632 2830 1634 
3880 2561 2815 1831 
3881 1767 2625 1636 
3882 1546 2786 459 
3883 886 2330 883 
3884 708 2633 1300 
3885 1359 1511 1510 
3886 1001 2558 944 
3887 1614 2644 1072 
3888 841 2594 558 
3889 1311 2677 2561 
3890 1587 2507 940 
3891 833 2644 834 
3892 2987 2990 2373 
3893 2423 2642 2425 
3894 1657 2038 1757 
3895 1098 2159 2110 
3896 788 791 790 
3897 1392 2630 1022 
3898 497 498 495 
3899 1357 1359 1358 
3900 499 673 498 
3901 1179 2673 1627 
3902 1552 2158 1554 
3903 1895 1896 1653 
3904 1916 1917 1915 
3905 904 1444 898 
3906 622 624 623 
3907 1180 2673 1179 
3908 2251 2932 608 
3909 1463 1464 1319 
3910 506 2856 2549 
3911 1609 2666 1794 
3912 369 370 368 
3913 892 2752 911 
3914 2278 2279 1537 
3915 1329 1486 1388 
3916 1483 2480 1048 
3917 500 501 499 
3918 1066 1343 1067 
3919 864 1301 905 
3920 836 2644 833 
3921 1634 1666 1649 
3922 1605 1789 1423 
3923 906 927 907 
3924 361 362 360 
3925 491 661 490 
3926 2057 2616 1776 
3927 933 2693 1632 
3928 363 364 362 
3929 365 366 364 
3930 367 368 366 
3931 1303 1382 1304 
3932 499 2656 673 
3933 923 924 922 
3934 1311 1313 1312 
3935 2044 2585 1544 
3936 954 2662 951 
3937 476 2766 2467 
3938 1273 2691 1288 
3939 1570 2111 1574 
3940 2574 2776 2473 
3941 628 629 627 
3942 1126 1128 1127 
3943 1337 1342 1341 
3944 1602 2664 1884 
3945 28 2627 321 
3946 1096 1336 935 
3947 1315 1350 1314 
3948 1006 2684 799 
3949 2091 2927 2063 
3950 1179 1245 1177 
3951 766 1002 764 
3952 859 2669 861 
3953 2622 2666 1607 
3954 786 788 787 
3955 1318 1319 1315 
3956 819 820 818 
3957 1413 2664 2620 
3958 32 325 31 
3959 129 320 128 
3960 147 319 146 
3961 50 324 49 
3962 982 1066 1065 
3963 864 2669 1301 
3964 1139 1143 1142 
3965 772 2682 770 
3966 932 946 925 
3967 503 2638 840 
3968 1301 1303 1302 
3969 1457 1661 1660 
3970 1193 2718 1170 
3971 1068 2704 1113 
3972 2768 2862 824 
3973 501 2656 499 
3974 2568 2680 856 
3975 1525 1989 1935 
3976 2358 2360 2359 
3977 393 395 394 
3978 540 2679 538 
3979 1337 1676 1342 
3980 2045 2122 2044 
3981 473 2467 471 
3982 472 473 471 
3983 1285 1425 1424 
3984 2631 2689 1613 
3985 2574 2672 715 
3986 27 2626 26 
3987 837 2709 2666 
3988 1243 1814 1209 
3989 2058 2191 1950 
3990 508 2638 505 
3991 962 1073 961 
3992 1536 2704 1421 
3993 1383 1505 1384 
3994 895 2692 893 
3995 1689 2564 1427 
3996 1343 1460 1067 
3997 1607 2666 1609 
3998 1847 2662 1053 
3999 702 2699 730 
4000 497 499 498 
4001 1327 1329 1328 
4002 1304 2634 1306 
4003 1816 2702 1478 
4004 505 2638 503 
4005 1427 1531 1526 
4006 903 2645 2412 
4007 673 2656 1624 
4008 977 979 978 
4009 719 720 717 
4010 1241 1255 1240 
4011 1634 2901 1666 
4012 451 2786 2236 
4013 2360 2365 2362 
4014 1376 2701 990 
4015 494 496 495 
4016 1934 2663 1518 
4017 2696 2771 1826 
4018 1072 2644 836 
4019 1960 1962 1961 
4020 840 2656 501 
4021 1256 1386 1255 
4022 1918 2055 1917 
4023 2531 2608 1500 
4024 596 1639 593 
4025 1464 1489 1319 
4026 769 770 768 
4027 1632 1633 1085 
4028 1113 2577 934 
4029 986 2646 1392 
4030 655 664 663 
4031 1048 1050 1049 
4032 457 458 442 
4033 1957 1960 1959 
4034 1197 1202 1196 
4035 979 2646 986 
4036 2625 2634 1382 
4037 1191 1205 1192 
4038 782 783 781 
4039 1109 2767 1111 
4040 1819 2354 1818 
4041 1168 1170 1167 
4042 1532 1695 1489 
4043 728 729 721 
4044 557 559 558 
4045 1313 1315 1314 
4046 1421 2704 1068 
4047 1171 1175 1170 
4048 1186 1212 1183 
4049 1654 2040 1655 
4050 1228 1240 1227 
4051 1258 1654 1260 
4052 569 2670 570 
4053 1135 1139 1138 
4054 1324 1383 1325 
4055 1050 1352 1351 
4056 1495 2770 1372 
4057 496 497 495 
4058 1776 2616 2062 
4059 359 411 361 
4060 2782 2831 2336 
4061 644 1709 610 
4062 1382 2634 1304 
4063 832 2689 2631 
4064 91 2779 90 
4065 1464 1532 1489 
4066 2447 2450 2449 
4067 123 2688 122 
4068 455 2676 386 
4069 410 1638 407 
4070 1902 1903 1491 
4071 2308 2678 2455 
4072 1443 2753 914 
4073 651 655 654 
4074 1148 1320 1142 
4075 993 2736 974 
4076 1492 1717 1364 
4077 406 408 407 
4078 648 651 650 
4079 1017 1078 1077 
4080 1796 2104 1809 
4081 2101 2180 1784 
4082 410 1859 1638 
4083 977 978 975 
4084 1478 2702 1264 
4085 567 569 568 
4086 830 961 752 
4087 1545 1694 1354 
4088 561 563 562 
4089 998 1082 458 
4090 2510 2594 841 
4091 1448 2729 2194 
4092 1513 2646 979 
4093 559 561 560 
4094 565 567 566 
4095 563 565 564 
4096 974 2736 977 
4097 2083 2085 2084 
4098 1172 2590 1199 
4099 816 819 818 
4100 1408 2683 1076 
4101 1580 2691 2179 
4102 2162 2909 2161 
4103 383 2676 384 
4104 1505 2540 2539 
4105 1013 2677 1311 
4106 1096 1337 1336 
4107 1012 2725 579 
4108 419 3060 3057 
4109 994 2828 1367 
4110 1084 1416 1083 
4111 492 494 493 
4112 1090 1542 1057 
4113 640 648 643 
4114 1532 2089 1695 
4115 933 1085 935 
4116 705 2706 563 
4117 581 2677 1013 
4118 834 2689 832 
4119 2359 2653 659 
4120 386 2676 383 
4121 1229 1324 1323 
4122 57 261 56 
4123 154 262 153 
4124 1158 1161 1157 
4125 1672 1673 1670 
4126 1707 1708 1674 
4127 1677 2716 394 
4128 1516 1924 1923 
4129 1290 2655 496 
4130 2073 2080 2074 
4131 494 495 493 
4132 1450 1693 1449 
4133 1627 1628 1245 
4134 1741 2125 1743 
4135 553 2654 555 
4136 1435 1804 1541 
4137 2089 2090 1695 
4138 2600 2758 1612 
4139 991 1435 1431 
4140 2077 2737 1538 
4141 860 2842 1009 
4142 1668 1669 1511 
4143 1130 1131 1129 
4144 615 2812 617 
4145 463 1433 465 
4146 2579 2696 2562 
4147 478 479 477 
4148 1533 1788 1087 
4149 620 2834 634 
4150 659 2653 542 
4151 489 491 490 
4152 1661 2917 2887 
4153 1524 1730 1399 
4154 782 784 783 
4155 1130 1432 1132 
4156 733 739 729 
4157 1894 1920 1893 
4158 1798 1880 1797 
4159 393 394 391 
4160 1524 2266 1730 
4161 479 481 480 
4162 1679 1680 1529 
4163 480 2785 477 
4164 2083 2086 2085 
4165 910 2665 890 
4166 497 2655 500 
4167 959 2712 930 
4168 1852 2523 1469 
4169 973 1330 794 
4170 985 2756 958 
4171 984 1083 983 
4172 623 2829 621 
4173 1724 1725 1416 
4174 2358 2359 659 
4175 1277 1419 1249 
4176 3046 3051 2114 
4177 1576 2534 425 
4178 1580 2179 2117 
4179 1460 1509 1067 
4180 395 396 394 
4181 748 755 739 
4182 1152 1157 1151 
4183 1782 2101 1784 
4184 578 580 579 
4185 1149 1151 1148 
4186 963 983 755 
4187 1052 1053 954 
4188 551 2613 839 
4189 555 582 557 
4190 780 781 778 
4191 2073 2074 1536 
4192 2080 2082 2081 
4193 925 2693 924 
4194 349 1390 351 
4195 2516 2529 684 
4196 792 2682 772 
4197 754 997 996 
4198 1930 1931 1648 
4199 2015 2017 2016 
4200 2262 2269 1816 
4201 2201 3336 332 
4202 1085 1096 935 
4203 725 2730 745 
4204 770 1007 768 
4205 1143 1148 1142 
4206 401 456 398 
4207 909 2645 903 
4208 807 993 974 
4209 624 626 625 
4210 632 640 635 
4211 630 631 629 
4212 147 2649 319 
4213 146 2647 145 
4214 325 2648 31 
4215 33 2707 32 
4216 1764 2015 1765 
4217 687 1364 668 
4218 391 2716 389 
4219 2420 2907 449 
4220 2363 2653 2359 
4221 2678 2773 2455 
4222 1281 1307 1279 
4223 1629 1806 1628 
4224 1895 1921 1896 
4225 1344 1846 1053 
4226 1077 1407 1076 
4227 2655 2733 2571 
4228 1344 2478 1846 
4229 2456 2668 1568 
4230 429 1354 427 
4231 958 2756 1055 
4232 1196 2720 1176 
4233 2596 2709 837 
4234 1213 1248 1212 
4235 770 2682 1007 
4236 890 2665 886 
4237 804 805 803 
4238 750 1086 1005 
4239 1157 1159 1151 
4240 389 2716 455 
4241 1375 1399 1339 
4242 1833 2847 2833 
4243 1231 1252 1251 
4244 2758 2817 1612 
4245 2362 2363 2359 
4246 496 2655 497 
4247 682 697 681 
4248 698 716 697 
4249 2336 2831 1186 
4250 2082 2083 2081 
4251 807 808 805 
4252 353 435 355 
4253 2360 2362 2359 
4254 1234 1436 1254 
4255 1406 1738 1737 
4256 1436 2531 1254 
4257 586 948 584 
4258 1132 1133 1131 
4259 802 803 801 
4260 1634 1649 1633 
4261 2080 2081 2074 
4262 475 478 477 
4263 1470 2814 1691 
4264 800 806 802 
4265 675 681 674 
4266 661 1333 814 
4267 1710 1887 1708 
4268 974 975 808 
4269 1818 2808 2641 
4270 912 2753 1445 
4271 592 595 593 
4272 2074 2704 1536 
4273 1776 1777 1206 
4274 578 579 576 
4275 429 1712 1545 
4276 1789 2070 1791 
4277 1126 1169 1128 
4278 2447 2449 2445 
4279 1850 2961 1675 
4280 1099 2888 607 
4281 1357 1358 1352 
4282 2386 2759 2718 
4283 25 264 24 
4284 122 263 121 
4285 1066 1067 1065 
4286 2426 2836 2670 
4287 914 2753 912 
4288 1445 2811 2665 
4289 1625 2733 1292 
4290 919 2645 909 
4291 2100 2223 1814 
4292 933 935 926 
4293 1135 1137 1133 
4294 1166 2741 1155 
4295 1682 2480 1483 
4296 947 1003 946 
4297 1077 1409 1407 
4298 1324 1502 1383 
4299 1649 2064 1633 
4300 406 407 403 
4301 1551 2898 2436 
4302 2362 2364 2363 
4303 1285 1424 1283 
4304 601 2567 554 
4305 974 977 975 
4306 741 754 753 
4307 1873 1878 1725 
4308 753 838 740 
4309 924 933 926 
4310 793 794 779 
4311 469 472 471 
4312 1398 2737 1091 
4313 361 2690 363 
4314 1327 1328 1252 
4315 580 581 579 
4316 1138 1140 1137 
4317 1789 1791 1423 
4318 1175 1211 1193 
4319 777 778 776 
4320 1192 2652 1201 
4321 1938 2079 1702 
4322 2313 2807 461 
4323 2269 2702 1816 
4324 321 2626 27 
4325 1765 2738 1410 
4326 2335 2692 1444 
4327 746 2640 703 
4328 1214 1215 1156 
4329 492 493 491 
4330 1175 1193 1170 
4331 1329 1388 1328 
4332 1693 1775 1449 
4333 485 487 486 
4334 408 410 407 
4335 1445 2665 910 
4336 1048 1049 997 
4337 650 1637 643 
4338 572 2670 569 
4339 2103 2206 1808 
4340 1139 1142 1138 
4341 1211 1247 1229 
4342 1411 1734 1508 
4343 574 2671 572 
4344 1227 2743 1203 
4345 1176 2720 1175 
4346 1359 1510 1358 
4347 394 2716 391 
4348 156 327 155 
4349 59 326 58 
4350 2084 2820 2081 
4351 363 2690 454 
4352 1051 1449 1052 
4353 611 2556 548 
4354 1338 1838 1330 
4355 1323 2718 1193 
4356 572 2671 2670 
4357 1924 1926 1925 
4358 2062 2063 1777 
4359 472 474 473 
4360 1211 1229 1193 
4361 1693 2114 1775 
4362 1167 2759 1162 
4363 957 2776 2574 
4364 1292 2733 1290 
4365 1051 1052 954 
4366 1053 2662 954 
4367 1826 2844 1501 
4368 121 2687 120 
4369 756 2728 1428 
4370 1786 2077 1538 
4371 821 1016 823 
4372 1202 1630 1626 
4373 758 2728 756 
4374 2040 2667 1655 
4375 1444 2692 898 
4376 474 2734 475 
4377 1388 1518 1328 
4378 804 807 805 
4379 632 633 631 
4380 1374 1870 1360 
4381 609 642 610 
4382 1568 2668 1570 
4383 821 822 820 
4384 722 2681 734 
4385 351 2695 353 
4386 802 804 803 
4387 785 786 784 
4388 581 2726 2677 
4389 1455 2882 1825 
4390 886 2665 2330 
4391 1052 1344 1053 
4392 664 674 663 
4393 898 2692 895 
4394 1856 3043 1857 
4395 807 974 808 
4396 2450 2451 2449 
4397 946 2693 925 
4398 953 1051 954 
4399 1202 1626 1196 
4400 782 785 784 
4401 1128 1130 1129 
4402 995 2768 824 
4403 2781 2835 1635 
4404 1017 1076 823 
4405 1806 1808 1628 
4406 418 419 415 
4407 1135 1138 1137 
4408 1457 1660 1458 
4409 1205 2652 1192 
4410 1545 1858 1694 
4411 1620 2763 2120 
4412 893 2752 892 
4413 1787 2813 1786 
4414 981 2611 927 
4415 1169 2793 1128 
4416 624 699 626 
4417 1361 2756 1700 
4418 592 593 589 
4419 1262 2887 2337 
4420 1511 2749 1510 
4421 1630 1652 1651 
4422 2216 2218 2217 
4423 701 741 740 
4424 1132 1135 1133 
4425 1457 1458 1322 
4426 1409 1529 1512 
4427 1017 1077 1076 
4428 600 950 598 
4429 2902 2927 1261 
4430 1525 1933 1518 
4431 1335 1496 1334 
4432 1315 2697 1350 
4433 797 799 796 
4434 973 1331 1330 
4435 1224 1231 1230 
4436 663 665 654 
4437 1909 2770 1495 
4438 655 663 654 
4439 1130 1132 1131 
4440 1964 1965 1962 
4441 651 654 650 
4442 1660 2156 1665 
4443 617 2809 619 
4444 902 2777 908 
4445 2624 2758 1300 
4446 1652 1893 1653 
4447 429 1545 1354 
4448 1409 1512 1407 
4449 488 489 487 
4450 1303 2781 1635 
4451 1630 1651 1626 
4452 2771 2844 1826 
4453 2354 2808 1818 
4454 800 801 799 
4455 697 700 681 
4456 671 672 670 
4457 1655 2667 1657 
4458 648 650 643 
4459 1191 1321 1205 
4460 2380 2894 2476 
4461 2224 2831 2782 
4462 443 1360 439 
4463 1201 2652 1258 
4464 48 276 47 
4465 34 277 33 
4466 131 278 130 
4467 145 275 144 
4468 635 636 633 
4469 489 492 491 
4470 1290 2733 2655 
4471 120 331 119 
4472 23 323 22 
4473 1489 2697 1319 
4474 488 2748 489 
4475 721 2735 720 
4476 60 2694 59 
4477 1796 1809 1429 
4478 1372 2770 2459 
4479 595 596 593 
4480 1217 2674 1219 
4481 927 2611 929 
4482 1652 1653 1651 
4483 1660 1665 1458 
4484 1203 2743 1202 
4485 729 2735 721 
4486 1806 2103 1808 
4487 1936 2877 1508 
4488 1616 2899 2386 
4489 478 953 951 
4490 1050 1351 1049 
4491 1252 2663 1251 
4492 1492 1868 1717 
4493 2584 2764 493 
4494 576 2725 574 
4495 1917 1919 1915 
4496 928 981 927 
4497 924 2693 933 
4498 1388 1525 1518 
4499 426 428 427 
4500 1321 1457 1322 
4501 640 643 635 
4502 791 797 796 
4503 2679 2757 662 
4504 924 926 922 
4505 1510 1733 1358 
4506 410 2977 1859 
4507 1071 2714 1840 
4508 1428 2640 746 
4509 1321 1322 1205 
4510 1501 2755 1890 
4511 459 2786 451 
4512 628 1308 630 
4513 1411 1875 1734 
4514 1216 1224 1223 
4515 1300 2758 2621 
4516 481 483 482 
4517 671 1650 683 
4518 982 1065 1064 
4519 1319 2697 1315 
4520 1240 1244 1227 
4521 1887 1889 1708 
4522 2665 2811 2330 
4523 1065 1411 1064 
4524 484 2703 485 
4525 800 802 801 
4526 1625 2827 2733 
4527 780 782 781 
4528 2070 2121 1791 
4529 636 949 646 
4530 739 844 729 
4531 730 2699 750 
4532 1926 1928 1927 
4533 687 1492 1364 
4534 472 1071 474 
4535 2718 2759 1167 
4536 1893 1895 1653 
4537 1216 1217 1215 
4538 563 2706 565 
4539 626 628 627 
4540 1598 2202 1640 
4541 485 488 487 
4542 839 2654 553 
4543 1529 1881 1512 
4544 672 2368 670 
4545 1423 2728 758 
4546 2361 2880 2575 
4547 1351 1410 1049 
4548 982 1064 981 
4549 1111 2767 1559 
4550 1554 2711 1741 
4551 1162 2759 1161 
4552 766 2731 1002 
4553 1230 1235 1223 
4554 2318 2926 1837 
4555 395 2715 396 
4556 1570 2668 2111 
4557 2445 2700 611 
4558 574 2725 2671 
4559 609 610 604 
4560 2621 2758 2600 
4561 953 954 951 
4562 983 1063 755 
4563 1899 2686 1582 
4564 1386 1755 1491 
4565 555 2654 582 
4566 478 951 479 
4567 1185 2760 1188 
4568 977 2736 1513 
4569 997 2738 996 
4570 398 2715 395 
4571 1824 2150 1804 
4572 158 280 157 
4573 61 279 60 
4574 1626 2720 1196 
4575 768 2731 766 
4576 1352 2765 1351 
4577 819 821 820 
4578 1144 1153 1146 
4579 685 2856 504 
4580 628 630 629 
4581 683 694 672 
4582 821 823 822 
4583 2990 2995 1346 
4584 475 2734 478 
4585 316 2779 91 
4586 2153 2534 1576 
4587 1525 1935 1933 
4588 1071 1839 1832 
4589 489 2748 492 
4590 1361 1700 1699 
4591 1510 1900 1733 
4592 1333 2721 2708 
4593 928 982 981 
4594 1128 2793 1130 
4595 1071 1832 474 
4596 1612 2817 2591 
4597 667 679 668 
4598 1639 2883 2879 
4599 62 2717 61 
4600 411 2690 361 
4601 1087 2705 947 
4602 777 779 778 
4603 438 440 439 
4604 2279 2371 1537 
4605 1209 2782 1207 
4606 642 644 610 
4607 2817 2833 2591 
4608 1517 1764 1410 
4609 1085 2698 1096 
4610 2104 2208 1809 
4611 584 2726 580 
4612 2833 2847 606 
4613 570 2836 613 
4614 1960 1964 1962 
4615 1386 1491 1255 
4616 2158 2711 1554 
4617 118 281 117 
4618 21 282 20 
4619 1657 2667 2038 
4620 485 2703 488 
4621 2566 2781 2669 
4622 63 328 62 
4623 160 332 159 
4624 1743 2719 1782 
4625 1633 2698 1085 
4626 2623 2890 1455 
4627 1095 2658 1406 
4628 467 2714 469 
4629 1455 2890 2882 
4630 1652 2839 1894 
4631 1669 2749 1511 
4632 2109 2786 1546 
4633 432 2710 428 
4634 701 722 694 
4635 952 1334 732 
4636 785 789 786 
4637 1328 2663 1252 
4638 1231 1251 1230 
4639 579 2725 576 
4640 754 996 753 
4641 1416 1514 1083 
4642 1016 1017 823 
4643 2223 2224 1814 
4644 2624 2817 2758 
4645 1435 1824 1804 
4646 726 752 732 
4647 1148 2723 1320 
4648 632 635 633 
4649 64 2724 63 
4650 580 2726 581 
4651 838 2681 740 
4652 2209 2862 2768 
4653 1351 1517 1410 
4654 1482 3157 3154 
4655 797 800 799 
4656 443 1645 1374 
4657 116 329 115 
4658 19 330 18 
4659 1821 2976 1046 
4660 32 2707 325 
4661 319 2647 146 
4662 456 2715 398 
4663 2156 2940 2924 
4664 2761 3152 2410 
4665 1825 2853 2610 
4666 2564 2780 1531 
4667 1150 1214 1156 
4668 2566 2835 2781 
4669 1517 1872 1764 
4670 1320 2751 1142 
4671 630 632 631 
4672 1419 2799 1249 
4673 1049 2738 997 
4674 1769 1996 1897 
4675 2208 2209 1809 
4676 491 2764 661 
4677 162 283 161 
4678 65 284 64 
4679 922 2722 919 
4680 2044 2746 2585 
4681 1135 2750 1139 
4682 1639 2762 593 
4683 906 928 927 
4684 484 485 483 
4685 1244 2743 1227 
4686 814 2708 816 
4687 816 2708 819 
4688 611 2700 2556 
4689 1755 1902 1491 
4690 1838 2789 1330 
4691 1427 1526 1425 
4692 2661 2838 2346 
4693 657 671 670 
4694 1903 2775 1491 
4695 426 427 424 
4696 1007 2731 768 
4697 2607 2722 926 
4698 741 753 740 
4699 114 285 113 
4700 17 286 16 
4701 621 2829 637 
4702 2644 2771 834 
4703 2467 2766 1596 
4704 928 2824 2572 
4705 947 2705 1003 
4706 1834 2847 1833 
4707 1638 2742 407 
4708 1212 2841 2673 
4709 1175 2720 1211 
4710 1814 2782 1209 
4711 948 2726 584 
4712 1741 2711 2125 
4713 428 429 427 
4714 429 2710 1712 
4715 1207 2782 2336 
4716 661 2764 1333 
4717 443 1374 1360 
4718 1086 1631 1095 
4719 1432 2750 1132 
4720 2669 2781 1301 
4721 481 484 483 
4722 1051 2852 1450 
4723 1249 2799 1248 
4724 1614 2771 2644 
4725 2715 2797 1698 
4726 1878 2002 1725 
4727 2857 2873 1645 
4728 403 2742 401 
4729 2064 2698 1633 
4730 2232 2855 2637 
4731 667 668 653 
4732 1224 1230 1223 
4733 2449 2700 2445 
4734 1245 2838 2661 
4735 1188 2760 1191 
4736 2122 2746 2044 
4737 1138 2751 1140 
4738 1857 2823 2763 
4739 598 2754 595 
4740 477 2785 476 
4741 1358 2765 1352 
4742 1782 2719 2101 
4743 1159 2723 1151 
4744 1582 2109 1546 
4745 1229 2727 1324 
4746 609 2888 647 
4747 844 2735 729 
4748 461 2807 463 
4749 2571 2827 685 
4750 1301 2781 1303 
4751 2637 2855 776 
4752 589 2762 586 
4753 2125 2719 1743 
4754 2733 2827 2571 
4755 679 687 668 
4756 1333 2708 814 
4757 2814 3026 1691 
4758 1645 1647 1646 
4759 671 683 672 
4760 122 2688 263 
4761 1614 2844 2771 
4762 1390 2695 351 
4763 1788 2705 1087 
4764 1832 2734 474 
4765 493 2764 491 
4766 1151 2723 1148 
4767 1247 2727 1229 
4768 1709 2774 610 
4769 1216 1223 1217 
4770 1157 2747 1159 
4771 1383 2744 1505 
4772 401 2742 456 
4773 1214 1216 1215 
4774 1121 2869 1124 
4775 1463 2883 1642 
4776 952 1385 1335 
4777 834 2771 2696 
4778 1510 2749 1900 
4779 1248 2841 1212 
4780 1161 2747 1157 
4781 1841 2858 2810 
4782 1439 2898 1551 
4783 595 2754 596 
4784 2565 2780 2564 
4785 1206 2741 1166 
4786 2330 2811 2331 
4787 683 701 694 
4788 2726 2815 2677 
4789 1324 2727 1502 
4790 776 2855 774 
4791 586 2762 948 
4792 438 439 434 
4793 1202 2743 1630 
4794 701 740 722 
4795 817 2821 994 
4796 1142 2751 1138 
4797 1647 1744 1648 
4798 1791 2728 1423 
4799 2479 2921 862 
4800 1738 2054 1760 
4801 1645 1646 1374 
4802 779 780 778 
4803 2032 2033 1526 
4804 407 2742 403 
4805 1518 2663 1328 
4806 1929 2916 1896 
4807 1531 2032 1526 
4808 1589 2863 2699 
4809 2084 2874 2820 
4810 2213 2216 2215 
4811 745 2730 991 
4812 469 2714 472 
4813 2879 2883 1831 
4814 353 2695 435 
4815 478 2734 953 
4816 1425 2790 1424 
4817 619 2809 622 
4818 1502 2744 1383 
4819 1046 2814 1470 
4820 1067 2739 1065 
4821 919 2722 2645 
4822 740 2681 722 
4823 1596 2766 1598 
4824 1132 2750 1135 
4825 1647 2873 1745 
4826 1744 1930 1648 
4827 1385 1611 1482 
4828 428 2710 429 
4829 1824 2897 2150 
4830 726 732 704 
4831 1351 2765 1517 
4832 1628 2838 1245 
4833 1647 1648 1646 
4834 2563 2564 1689 
4835 1130 2793 1432 
4836 952 1335 1334 
4837 950 2754 598 
4838 1611 1922 1800 
4839 1622 2848 2584 
4840 1913 2813 1787 
4841 2591 2833 606 
4842 929 2611 985 
4843 1283 2761 1281 
4844 1835 2833 2817 
4845 2764 2848 1333 
4846 637 2834 620 
4847 2641 2808 733 
4848 918 2905 920 
4849 1244 2839 2743 
4850 1062 2873 2857 
4851 1367 2828 1516 
4852 991 2730 1435 
4853 1509 2739 1067 
4854 1924 2182 1926 
4855 1235 2674 1223 
4856 926 2722 922 
4857 2422 2832 2421 
4858 440 443 439 
4859 1065 2739 1411 
4860 66 2732 65 
4861 1223 2674 1217 
4862 2032 2116 2033 
4863 1411 2739 1875 
4864 604 2774 600 
4865 593 2762 589 
4866 1606 2796 2652 
4867 2662 2819 951 
4868 1842 2861 2805 
4869 1635 2835 1644 
4870 1410 2738 1049 
4871 636 2772 949 
4872 632 2806 640 
4873 2894 2910 2206 
4874 1637 2772 643 
4875 2743 2839 1630 
4876 1281 2761 1307 
4877 463 2807 1433 
4878 1611 1800 1482 
4879 113 2740 112 
4880 1922 2028 1800 
4881 1748 1761 1747 
4882 750 2699 1086 
4883 1331 1338 1330 
4884 1429 2768 995 
4885 696 2837 725 
4886 617 2812 2809 
4887 1835 2817 2624 
4888 1406 2658 1738 
4889 1191 2760 1321 
4890 1638 2851 2742 
4891 1733 2765 1358 
4892 650 2769 1637 
4893 263 2687 121 
4894 1385 1482 1335 
4895 635 2772 636 
4896 2742 2851 456 
4897 2741 2902 2207 
4898 1018 3073 3066 
4899 1777 2741 1206 
4900 1832 2852 2734 
4901 145 2647 275 
4902 277 2707 33 
4903 2224 2782 1814 
4904 1354 2805 427 
4905 1833 2833 1835 
4906 752 952 732 
4907 1364 2810 668 
4908 1860 2851 1638 
4909 2181 2827 1625 
4910 1331 1339 1338 
4911 1631 2658 1095 
4912 1744 1932 1930 
4913 600 2774 950 
4914 862 2842 860 
4915 1255 2775 1240 
4916 1516 2828 1924 
4917 2512 2864 2510 
4918 665 2769 654 
4919 1424 2761 1283 
4920 1330 2789 794 
4921 916 2835 2566 
4922 643 2772 635 
4923 948 2815 2726 
4924 613 2836 738 
4925 2584 2848 2764 
4926 1563 2928 2356 
4927 2590 2778 1199 
4928 1199 2778 1234 
4929 606 2847 2545 
4930 2081 2820 2074 
4931 59 2694 326 
4932 1339 1340 1338 
4933 456 2797 2715 
4934 610 2774 604 
4935 654 2769 650 
4936 120 2687 331 
4937 647 2938 652 
4938 472 2714 1071 
4939 794 2789 779 
4940 1598 2766 2202 
4941 2734 2852 953 
4942 2267 2985 2268 
4943 646 2794 657 
4944 1308 2806 630 
4945 2704 2820 1113 
4946 1799 1853 1404 
4947 755 2783 739 
4948 142 296 141 
4949 45 295 44 
4950 134 298 133 
4951 37 297 36 
4952 424 2805 422 
4953 2035 2907 1584 
4954 1389 1753 1387 
4955 1700 1748 1747 
4956 1850 2970 2961 
4957 946 2830 2693 
4958 1298 2896 1349 
4959 2677 2815 2561 
4960 951 2819 479 
4961 1240 2775 1244 
4962 1785 2896 1481 
4963 701 2798 741 
4964 1221 1353 1236 
4965 1211 2849 1247 
4966 2338 2917 1181 
4967 2559 2824 900 
4968 2016 2922 2639 
4969 1526 2790 1425 
4970 1338 2825 1838 
4971 1896 2892 1653 
4972 1214 2845 2635 
4973 739 2783 844 
4974 2835 2853 1644 
4975 1748 1763 1762 
4976 949 2794 646 
4977 44 2801 43 
4978 135 2788 134 
4979 653 2810 649 
4980 671 2794 1650 
4981 742 1008 751 
4982 2693 2830 1632 
4983 1650 2798 683 
4984 1063 2783 755 
4985 1730 1901 1759 
4986 779 2789 780 
4987 1003 2830 946 
4988 2663 2840 1251 
4989 1809 2768 1429 
4990 2643 2895 2126 
4991 905 2906 865 
4992 1457 2886 1661 
4993 1258 2796 1654 
4994 479 2819 481 
4995 2673 2841 1627 
4996 601 2864 2536 
4997 1230 2792 1235 
4998 628 2822 1308 
4999 1491 2775 1255 
5000 1435 2730 1824 
5001 2837 2897 1824 
5002 1779 2844 1614 
5003 43 333 42 
5004 136 336 135 
5005 39 335 38 
5006 140 334 139 
5007 1133 2826 1131 
5008 1799 1882 1853 
5009 821 2846 1016 
5010 279 2694 60 
5011 1639 2879 2762 
5012 2660 2872 1605 
5013 1626 2849 2720 
5014 1360 2816 439 
5015 1403 1797 1404 
5016 2656 2893 1624 
5017 2364 3081 2502 
5018 2074 2820 2704 
5019 2652 2796 1258 
5020 458 1062 442 
5021 699 2822 626 
5022 642 2858 644 
5023 916 2853 2835 
5024 2438 2942 1037 
5025 988 1362 1079 
5026 2720 2849 1211 
5027 1808 2838 1628 
5028 1934 2840 2663 
5029 1146 2845 1150 
5030 2820 2874 1113 
5031 1251 2792 1230 
5032 2033 2791 2790 
5033 1630 2839 1652 
5034 2911 2936 1894 
5035 630 2806 632 
5036 1604 2908 2638 
5037 657 2794 671 
5038 900 2824 906 
5039 434 2816 432 
5040 2346 2910 1588 
5041 1433 2876 465 
5042 2033 2790 1526 
5043 61 2717 279 
5044 2209 2768 1809 
5045 1389 1769 1768 
5046 1529 2881 1881 
5047 1825 2882 2853 
5048 2610 2853 916 
5049 427 2805 424 
5050 418 2861 419 
5051 906 2824 928 
5052 2369 2886 2760 
5053 432 2816 2710 
5054 1585 3127 2035 
5055 1153 2845 1146 
5056 824 2862 815 
5057 1428 2913 2211 
5058 1582 2686 2109 
5059 1769 1897 1768 
5060 2834 3070 634 
5061 504 2856 506 
5062 328 2717 62 
5063 2708 2846 819 
5064 1333 2848 2721 
5065 819 2846 821 
5066 1353 2929 2866 
5067 704 2818 695 
5068 774 2855 792 
5069 668 2810 653 
5070 442 2857 440 
5071 1417 2919 1575 
5072 1150 2845 1214 
5073 683 2798 701 
5074 1129 2924 1127 
5075 2162 2960 2906 
5076 2841 2885 1629 
5077 811 2930 2382 
5078 1662 2904 2607 
5079 2906 2909 2162 
5080 63 2724 328 
5081 2216 2219 2218 
5082 1334 2818 732 
5083 1651 2849 1626 
5084 2842 2867 1009 
5085 1234 2778 1436 
5086 961 2787 752 
5087 481 2819 484 
5088 1843 2889 2818 
5089 2162 2964 2960 
5090 2762 2879 948 
5091 1924 2828 2182 
5092 2937 2948 699 
5093 1919 2871 1915 
5094 2639 2870 996 
5095 46 2915 45 
5096 626 2822 628 
5097 443 2857 1645 
5098 284 2724 64 
5099 2681 2843 734 
5100 649 2858 642 
5101 1730 1759 1399 
5102 2830 2901 1634 
5103 904 2931 1844 
5104 2700 2880 2361 
5105 952 2787 1385 
5106 752 2787 952 
5107 2815 2879 1831 
5108 439 2816 434 
5109 2721 2846 2708 
5110 467 2876 2714 
5111 2765 2865 1517 
5112 1119 2869 1121 
5113 953 2852 1051 
5114 422 2861 418 
5115 2594 2864 601 
5116 2449 2880 2700 
5117 3061 3074 1344 
5118 782 2884 785 
5119 996 2870 753 
5120 2849 2892 1247 
5121 2688 3342 263 
5122 680 2897 2837 
5123 2714 2876 1840 
5124 1340 2825 1338 
5125 1251 2840 2792 
5126 734 2843 742 
5127 1733 2865 2765 
5128 985 2955 2912 
5129 753 2870 838 
5130 1399 2850 1339 
5131 3016 3019 2489 
5132 456 2851 2797 
5133 2759 2899 1161 
5134 1903 2936 2911 
5135 2886 2917 1661 
5136 1443 2934 2753 
5137 2213 2795 2216 
5138 465 2876 467 
5139 732 2818 704 
5140 1913 2871 2813 
5141 2810 2858 649 
5142 2805 2861 422 
5143 1461 2950 2941 
5144 679 2889 687 
5145 1748 1762 1761 
5146 1002 2872 2660 
5147 455 3009 3007 
5148 1915 2871 1913 
5149 1250 1389 1387 
5150 2337 2887 2338 
5151 2760 2886 1321 
5152 2662 2903 2819 
5153 2789 2884 780 
5154 1680 2881 1529 
5155 1838 2884 2789 
5156 2510 2864 2594 
5157 2838 2910 2346 
5158 440 2857 443 
5159 1062 2857 442 
5160 1804 2925 1541 
5161 1662 2931 2904 
5162 1403 1404 1082 
5163 65 2732 284 
5164 2283 3118 405 
5165 2486 2963 2485 
5166 1337 2923 1676 
5167 1644 2882 1659 
5168 1831 2883 1463 
5169 1113 2874 2577 
5170 1339 2850 1340 
5171 2874 2921 2479 
5172 2866 2929 1769 
5173 285 2740 113 
5174 2425 2948 2424 
5175 2889 2933 687 
5176 2497 2946 2495 
5177 2509 2963 2511 
5178 34 2900 277 
5179 1651 2892 2849 
5180 2484 2945 2486 
5181 1517 2865 1872 
5182 165 305 164 
5183 68 306 67 
5184 14 308 13 
5185 111 307 110 
5186 2882 2890 1659 
5187 35 2900 34 
5188 1828 2964 2162 
5189 2824 2918 2572 
5190 1461 2941 1341 
5191 2451 2880 2449 
5192 449 3123 2283 
5193 2853 2882 1644 
5194 304 2795 2213 
5195 1659 2890 2005 
5196 2093 3287 322 
5197 139 2802 138 
5198 42 2803 41 
5199 137 2804 136 
5200 1870 2914 1360 
5201 1588 2894 2380 
5202 742 2843 1008 
5203 1808 2910 2838 
5204 2386 2899 2759 
5205 1420 2951 1101 
5206 1389 1768 1753 
5207 1559 2898 1439 
5208 2698 2923 1096 
5209 1481 2896 1298 
5210 1508 2877 2612 
5211 2819 2903 484 
5212 1349 2895 2643 
5213 1797 1799 1404 
5214 2121 2913 1791 
5215 85 2957 84 
5216 1103 2951 1475 
5217 2559 2918 2824 
5218 607 2888 609 
5219 1153 2926 2845 
5220 1584 2907 2420 
5221 1777 2902 2741 
5222 1572 2952 1569 
5223 1645 2873 1647 
5224 2787 2891 1658 
5225 1321 2886 1457 
5226 695 2889 679 
5227 2572 2918 2470 
5228 1661 2940 1660 
5229 780 2884 782 
5230 948 2879 2815 
5231 2751 2981 2959 
5232 840 2908 2893 
5233 840 2893 2656 
5234 624 2937 699 
5235 2753 2934 2333 
5236 2409 3069 3008 
5237 1839 2878 1832 
5238 751 2859 988 
5239 1759 2850 1399 
5240 985 2912 2756 
5241 872 2962 873 
5242 2722 2904 2645 
5243 1248 2885 2841 
5244 1653 2892 1651 
5245 2931 2941 1844 
5246 971 2905 918 
5247 634 3083 2437 
5248 2799 2885 1248 
5249 2818 2889 695 
5250 1586 2966 2221 
5251 2834 3043 1856 
5252 3057 3060 1861 
5253 1153 2959 2319 
5254 1015 2967 1420 
5255 2884 2920 785 
5256 637 3043 2834 
5257 1086 2863 1631 
5258 865 2906 867 
5259 1236 2866 1250 
5260 867 2960 869 
5261 3130 3132 2651 
5262 2699 2863 1086 
5263 2369 2917 2886 
5264 1262 2940 2887 
5265 1073 2891 961 
5266 2852 2878 1450 
5267 3070 3083 634 
5268 2216 2795 2219 
5269 1082 2868 458 
5270 1003 2901 2830 
5271 2645 2904 2412 
5272 2607 2904 2722 
5273 2063 2902 1777 
5274 2912 2955 1763 
5275 2816 2914 2710 
5276 1676 2956 1342 
5277 2839 2911 1894 
5278 484 2903 2703 
5279 1853 2868 1404 
5280 1161 2899 2747 
5281 1567 3112 2316 
5282 1847 2903 2662 
5283 785 2920 789 
5284 3002 3044 1864 
5285 2638 2908 840 
5286 1360 2914 2816 
5287 2845 2926 2635 
5288 2383 2945 2484 
5289 1896 2916 2892 
5290 988 2859 1362 
5291 2918 2939 2470 
5292 2859 2860 1362 
5293 2685 2969 2560 
5294 295 2801 44 
5295 134 2788 298 
5296 1008 2859 751 
5297 905 2909 2906 
5298 1409 2965 1679 
5299 1078 2965 1077 
5300 1832 2878 2852 
5301 2612 2955 2611 
5302 2809 2937 622 
5303 2506 2953 1794 
5304 961 2891 2787 
5305 2728 2913 1428 
5306 3045 3054 2530 
5307 458 2868 1062 
5308 43 2801 333 
5309 336 2788 135 
5310 2470 2939 1664 
5311 1353 2866 1236 
5312 1903 2911 2775 
5313 2206 2910 1808 
5314 1389 2866 1769 
5315 1275 3031 2157 
5316 1492 2943 1868 
5317 1845 2950 1461 
5318 435 2958 355 
5319 2536 2986 2448 
5320 2775 2911 1244 
5321 2084 2921 2874 
5322 1181 2917 2369 
5323 2904 2931 2412 
5324 2919 3087 1575 
5325 3059 3322 2214 
5326 1465 2918 2559 
5327 1838 2920 2884 
5328 1792 2919 1417 
5329 2751 2959 1140 
5330 872 2964 2962 
5331 2587 2979 2544 
5332 1041 2978 1348 
5333 1843 2933 2889 
5334 1144 2959 1153 
5335 2985 3022 665 
5336 2477 2994 1667 
5337 1127 2924 1262 
5338 1496 3156 3153 
5339 2887 2940 1661 
5340 1244 2911 2839 
5341 1664 2954 2491 
5342 1650 2935 2246 
5343 1250 2866 1389 
5344 2085 2921 2084 
5345 2428 2937 2809 
5346 1096 2923 1337 
5347 1404 2868 1082 
5348 1791 2913 2728 
5349 2892 2916 1247 
5350 2502 3095 2497 
5351 2939 2954 1664 
5352 1247 2916 2727 
5353 3087 3094 1575 
5354 2710 2914 1712 
5355 2283 3123 3118 
5356 1976 3226 2736 
5357 1541 2925 2098 
5358 1017 2970 1078 
5359 2428 2948 2937 
5360 1748 2912 1763 
5361 2533 2999 1671 
5362 3274 3329 2732 
5363 2211 2928 1563 
5364 2756 2912 1700 
5365 2437 2930 811 
5366 2822 2983 2538 
5367 1465 2939 2918 
5368 1277 2972 1419 
5369 408 2973 410 
5370 3119 3124 411 
5371 1307 2972 1279 
5372 608 2932 1805 
5373 3124 3126 2690 
5374 2412 2931 904 
5375 2954 2962 2491 
5376 1932 3196 1930 
5377 2063 2927 2902 
5378 2124 2934 1443 
5379 1575 3094 2604 
5380 333 2803 42 
5381 136 2804 336 
5382 334 2802 139 
5383 2635 2926 2318 
5384 2825 2920 1838 
5385 652 2938 676 
5386 2041 2968 1595 
5387 2731 2974 1002 
5388 2930 3078 2382 
5389 45 2915 295 
5390 1769 2929 1996 
5391 298 3326 2183 
5392 2941 2950 1844 
5393 622 2937 624 
5394 1894 2936 1920 
5395 2684 2998 2685 
5396 687 2933 1492 
5397 3099 3106 2303 
5398 2602 2939 1465 
5399 2983 3010 2538 
5400 2823 2974 2731 
5401 1700 2912 1748 
5402 2152 2984 1433 
5403 1637 2947 2772 
5404 2873 2975 1745 
5405 1341 2941 1662 
5406 1714 3099 2303 
5407 3342 3361 263 
5408 3065 3071 690 
5409 2602 2954 2939 
5410 2960 2964 872 
5411 1660 2940 2156 
5412 2905 2944 920 
5413 2942 3085 1037 
5414 156 2989 327 
5415 949 2947 2935 
5416 2604 2942 2438 
5417 2651 3132 377 
5418 2485 2963 2509 
5419 2495 2946 2500 
5420 1662 2941 2931 
5421 949 2935 2794 
5422 3126 3130 454 
5423 280 2989 157 
5424 384 3000 1115 
5425 1982 3359 1981 
5426 3081 3095 2502 
5427 2424 2948 2428 
5428 2406 3008 416 
5429 984 3134 1084 
5430 411 3124 2690 
5431 1678 3013 1677 
5432 1744 2988 1932 
5433 2639 2922 2870 
5434 2690 3126 454 
5435 1101 2951 1103 
5436 1578 3044 3002 
5437 2794 2935 1650 
5438 2095 2952 1572 
5439 1794 2953 1793 
5440 312 2957 85 
5441 355 2958 357 
5442 1844 2950 2334 
5443 322 3261 2093 
5444 801 3012 1006 
5445 1342 2956 1462 
5446 421 3044 2343 
5447 2772 2947 949 
5448 876 2954 2602 
5449 3097 3100 2500 
5450 869 2960 872 
5451 2959 2981 2319 
5452 873 2962 876 
5453 416 3008 360 
5454 1287 3021 573 
5455 575 3021 638 
5456 2491 2964 1828 
5457 876 2962 2954 
5458 2319 2981 1851 
5459 1140 2959 1144 
5460 1345 3016 2489 
5461 2465 3014 1640 
5462 2846 2961 1016 
5463 1640 3014 1641 
5464 454 3130 2651 
5465 1663 3003 2977 
5466 1637 3001 2947 
5467 1077 2965 1409 
5468 663 3005 665 
5469 1010 3058 2366 
5470 2611 2955 985 
5471 1684 3023 2097 
5472 2069 3151 2148 
5473 1014 2967 1015 
5474 1836 3001 1681 
5475 1845 2976 2950 
5476 1869 2966 1586 
5477 421 3051 3046 
5478 1010 3024 805 
5479 2721 2961 2846 
5480 2525 3041 1687 
5481 2552 3103 1042 
5482 705 3017 2706 
5483 1733 2993 2865 
5484 1675 2961 2721 
5485 588 3036 591 
5486 1014 2969 2967 
5487 826 3036 585 
5488 2245 3040 1514 
5489 1042 3103 3101 
5490 2985 3005 2268 
5491 2961 2970 1016 
5492 2560 2969 1014 
5493 1681 3022 1682 
5494 201 3029 200 
5495 2425 3010 2983 
5496 2981 2992 1851 
5497 2716 3009 455 
5498 1869 3140 3137 
5499 2389 3148 2388 
5500 3031 3049 2157 
5501 2334 2976 1821 
5502 2552 3105 3103 
5503 2962 2964 2491 
5504 3003 3049 1859 
5505 1060 3105 2552 
5506 3007 3009 1855 
5507 699 2983 2822 
5508 1679 3109 2042 
5509 682 3039 698 
5510 1851 2992 1852 
5511 2975 3011 1745 
5512 1718 3145 3144 
5513 3145 3148 2389 
5514 1682 2985 2267 
5515 1279 2972 1277 
5516 1690 3033 2071 
5517 2303 3106 1727 
5518 1016 2970 1017 
5519 1852 3006 2618 
5520 2791 3088 430 
5521 2878 3002 1864 
5522 2071 3037 1771 
5523 338 3178 3150 
5524 2933 2943 1492 
5525 2974 3030 2416 
5526 2977 3003 1859 
5527 413 2973 408 
5528 2578 3147 3142 
5529 2883 3035 1642 
5530 2947 3001 1836 
5531 1842 3067 3056 
5532 2317 2997 2991 
5533 1728 3146 3141 
5534 1350 3038 1314 
5535 1348 2978 1528 
5536 1889 3294 2390 
5537 2516 3045 2530 
5538 1855 3013 1476 
5539 2868 2975 1062 
5540 2431 2991 2430 
5541 1683 2979 2587 
5542 1869 3144 3140 
5543 1549 3003 1477 
5544 2157 3049 1549 
5545 1728 2980 1683 
5546 414 3051 417 
5547 2973 2977 410 
5548 213 2982 212 
5549 1683 2980 2979 
5550 3006 3018 2618 
5551 2425 2983 2948 
5552 2953 3098 1793 
5553 157 2989 156 
5554 1853 2975 2868 
5555 1727 3104 1773 
5556 3142 3146 2578 
5557 2317 2991 2869 
5558 1678 3019 3016 
5559 1062 2975 2873 
5560 2946 3097 2500 
5561 1745 2988 1744 
5562 1433 2984 2876 
5563 1464 3042 1532 
5564 2950 2976 2334 
5565 1946 3004 1945 
5566 2355 3068 1391 
5567 1847 2990 2987 
5568 2048 3068 2014 
5569 983 3040 1063 
5570 1320 2981 2751 
5571 1320 2992 2981 
5572 1002 2974 2872 
5573 1514 3040 1083 
5574 2512 2986 2864 
5575 2872 2974 2416 
5576 2316 3061 1775 
5577 2578 3146 1728 
5578 1846 2990 1847 
5579 1860 3025 2851 
5580 2800 3047 2565 
5581 2984 2996 1840 
5582 2703 2987 2375 
5583 1862 3052 3050 
5584 1862 3050 1863 
5585 2658 3032 1738 
5586 1667 2994 2533 
5587 1699 3064 1697 
5588 2443 3065 690 
5589 808 3058 1010 
5590 2992 3006 1852 
5591 2676 3007 3000 
5592 1846 2995 2990 
5593 1881 3246 1512 
5594 1900 2993 1733 
5595 1696 3062 2477 
5596 1080 3059 1073 
5597 1210 2997 2317 
5598 1840 2996 1839 
5599 2864 2986 2536 
5600 2723 2992 1320 
5601 2876 2984 1840 
5602 2903 2987 2703 
5603 2478 2995 1846 
5604 3001 3022 1681 
5605 1678 3016 3013 
5606 2869 2991 2431 
5607 1847 2987 2903 
5608 2057 3063 2796 
5609 1853 3011 2975 
5610 1869 3137 2966 
5611 1705 3054 2697 
5612 1727 3106 3104 
5613 700 3055 681 
5614 596 3035 1639 
5615 419 3057 415 
5616 665 3005 2985 
5617 1052 3061 1344 
5618 3000 3007 2385 
5619 1018 3066 978 
5620 3019 3020 1480 
5621 2489 3019 1480 
5622 1671 2999 2520 
5623 1775 3061 1449 
5624 2823 3030 2974 
5625 1006 2998 2684 
5626 700 3062 3055 
5627 455 3007 2676 
5628 2676 3000 384 
5629 2187 3032 2658 
5630 358 3069 356 
5631 1480 3020 2557 
5632 2539 3052 1862 
5633 2996 3002 1839 
5634 1619 3070 1856 
5635 1745 3011 2988 
5636 2880 3034 2575 
5637 3056 3067 1817 
5638 675 3075 682 
5639 2948 2983 699 
5640 2385 3007 1855 
5641 1863 3018 2747 
5642 2538 3010 2518 
5643 2409 3008 2406 
5644 2520 3093 1706 
5645 2090 3071 1695 
5646 1711 3120 1819 
5647 2014 3068 1565 
5648 2021 3015 2023 
5649 674 3005 663 
5650 1226 3082 1228 
5651 2769 3001 1637 
5652 1473 3078 1704 
5653 2706 3017 2458 
5654 1706 3102 1707 
5655 1350 3054 3045 
5656 360 3008 358 
5657 1856 3070 2834 
5658 2642 3010 2425 
5659 1950 3004 1946 
5660 2723 3006 2992 
5661 3066 3073 2365 
5662 1159 3006 2723 
5663 2416 3030 2417 
5664 3120 3121 1819 
5665 2796 3063 1654 
5666 1693 3046 2114 
5667 1677 3009 2716 
5668 1710 3115 1888 
5669 2362 3073 2364 
5670 2024 3015 2021 
5671 1159 3018 3006 
5672 1707 3107 1710 
5673 591 3091 1581 
5674 802 3076 804 
5675 1860 3031 3025 
5676 3205 3358 1902 
5677 1641 3014 2302 
5678 2068 3084 152 
5679 803 3012 801 
5680 2506 3105 2953 
5681 2316 3074 3061 
5682 1610 3085 1830 
5683 1548 3092 1908 
5684 1839 3002 2878 
5685 1476 3016 1345 
5686 2518 3028 2517 
5687 1937 3092 1553 
5688 1728 3141 2980 
5689 697 3079 700 
5690 1882 3011 1853 
5691 1698 3020 3019 
5692 3028 3038 2517 
5693 1861 3060 1688 
5694 151 3084 318 
5695 3020 3025 2557 
5696 803 3024 3012 
5697 1810 3139 1494 
5698 1467 3096 1256 
5699 1698 3019 1678 
5700 573 3021 575 
5701 3089 3093 2520 
5702 2747 3018 1159 
5703 596 3108 3035 
5704 660 3087 1604 
5705 717 3089 716 
5706 1462 3026 1845 
5707 1858 3086 2543 
5708 3102 3107 1707 
5709 39 3072 335 
5710 1685 3023 1684 
5711 1545 3086 1858 
5712 1685 3027 3023 
5713 302 3029 201 
5714 3093 3102 1706 
5715 2033 3088 2791 
5716 2797 3020 1698 
5717 341 3282 2802 
5718 2804 3283 343 
5719 344 3281 2803 
5720 430 3159 2791 
5721 805 3024 803 
5722 2220 3027 1685 
5723 1704 3078 2930 
5724 1845 3026 2814 
5725 3005 3055 2268 
5726 413 3057 2973 
5727 3009 3013 1855 
5728 1033 3098 1060 
5729 2769 3022 3001 
5730 3010 3028 2518 
5731 1993 3208 2258 
5732 2642 3028 3010 
5733 665 3022 2769 
5734 1023 3097 1059 
5735 1316 3038 3028 
5736 2953 3105 1060 
5737 1042 3100 1027 
5738 1316 3028 2642 
5739 2350 3110 2352 
5740 2973 3057 1861 
5741 2500 3101 2496 
5742 2851 3025 2797 
5743 2557 3031 1275 
5744 1860 3049 3031 
5745 2979 3148 2544 
5746 3084 3174 318 
5747 2797 3025 3020 
5748 2966 3132 2221 
5749 2351 3108 2350 
5750 1857 3030 2823 
5751 585 3036 588 
5752 1830 3085 2942 
5753 1691 3033 1690 
5754 1604 3087 2919 
5755 1864 3046 1693 
5756 3039 3041 718 
5757 1842 3056 2861 
5758 3107 3115 1710 
5759 2994 3079 2533 
5760 1350 3045 3038 
5761 421 3046 3044 
5762 1771 3037 2067 
5763 3110 3111 2352 
5764 1488 3117 1711 
5765 2736 3226 1513 
5766 1738 3032 2054 
5767 698 3039 718 
5768 1314 3038 1316 
5769 674 3055 3005 
5770 1083 3040 983 
5771 718 3041 2525 
5772 1713 3119 1866 
5773 1705 3071 3065 
5774 2343 3044 1578 
5775 3013 3016 1476 
5776 1688 3060 1817 
5777 1841 3129 3121 
5778 1642 3042 1464 
5779 2090 3075 3071 
5780 1863 3050 3018 
5781 1639 3035 2883 
5782 2451 3034 2880 
5783 1895 3332 3136 
5784 359 3113 411 
5785 1747 3172 1699 
5786 1858 3082 3080 
5787 1709 3117 3111 
5788 1059 3097 2946 
5789 3108 3110 2350 
5790 2896 3127 1349 
5791 2517 3045 2516 
5792 2999 3089 2520 
5793 1060 3098 2953 
5794 700 3079 2994 
5795 1374 3116 1870 
5796 281 3114 117 
5797 335 3047 2800 
5798 116 3114 329 
5799 3025 3031 2557 
5800 3050 3052 1487 
5801 791 3122 797 
5802 1705 3065 3054 
5803 1859 3049 1860 
5804 1677 3013 3009 
5805 3112 3118 1716 
5806 1931 3125 1648 
5807 3197 3350 2028 
5808 2035 3127 2896 
5809 417 3051 421 
5810 2618 3050 1487 
5811 377 3132 2966 
5812 3018 3050 2618 
5813 329 3183 2066 
5814 716 3089 2999 
5815 1709 3111 2774 
5816 2257 3151 1752 
5817 3035 3108 2351 
5818 373 3140 448 
5819 184 3136 183 
5820 1870 3090 2914 
5821 387 3141 380 
5822 1386 3128 1755 
5823 1817 3067 2262 
5824 1487 3052 1486 
5825 377 3137 369 
5826 2555 3145 1718 
5827 2388 3148 2979 
5828 963 3143 984 
5829 2588 3142 1719 
5830 1394 3059 1080 
5831 2697 3054 1350 
5832 264 3131 24 
5833 2958 3113 357 
5834 2860 3053 1362 
5835 23 3131 323 
5836 415 3057 413 
5837 681 3055 674 
5838 2978 3109 1528 
5839 975 3058 808 
5840 3055 3062 2268 
5841 1858 3080 1694 
5842 2957 3048 2244 
5843 3033 3091 591 
5844 2861 3056 419 
5845 1866 3113 2958 
5846 1449 3061 1052 
5847 3117 3120 1711 
5848 2042 3109 2978 
5849 2268 3062 1696 
5850 312 3048 2957 
5851 975 3066 3058 
5852 1697 3064 2166 
5853 297 3133 36 
5854 2530 3065 2443 
5855 35 3133 2900 
5856 2217 3347 2891 
5857 3080 3082 1246 
5858 1654 3063 2040 
5859 1724 3156 1873 
5860 1694 3067 1842 
5861 2895 3139 2126 
5862 1565 3068 2355 
5863 40 3072 39 
5864 978 3066 975 
5865 1751 3194 2295 
5866 15 3155 14 
5867 356 3069 430 
5868 2490 3070 1619 
5869 1424 3152 2761 
5870 2993 3323 2320 
5871 2966 3137 377 
5872 1695 3071 1705 
5873 3073 3081 2364 
5874 1496 3153 1843 
5875 1841 3121 2858 
5876 3154 3157 1873 
5877 2900 3133 1867 
5878 1729 3139 2895 
5879 1729 3147 3139 
5880 2791 3152 2790 
5881 2262 3080 1246 
5882 1482 3154 1335 
5883 2365 3073 2362 
5884 690 3075 675 
5885 1691 3091 3033 
5886 2490 3083 3070 
5887 1344 3074 2478 
5888 3038 3045 2517 
5889 2980 3141 387 
5890 2145 3166 301 
5891 2779 3158 2395 
5892 2039 3185 1757 
5893 293 3173 2299 
5894 806 3076 802 
5895 2634 3077 1306 
5896 3044 3046 1864 
5897 1475 3078 1473 
5898 2134 3184 2135 
5899 3074 3112 1716 
5900 716 3079 697 
5901 2589 3081 1018 
5902 1246 3082 1226 
5903 1704 3083 2490 
5904 301 3166 104 
5905 2870 3149 838 
5906 3153 3156 1732 
5907 103 3166 2300 
5908 152 3084 151 
5909 1997 3286 256 
5910 1868 3143 3138 
5911 1793 3085 1610 
5912 2780 3163 1531 
5913 266 3179 2274 
5914 1998 3364 1997 
5915 2288 3168 2287 
5916 268 3217 2982 
5917 2628 3087 660 
5918 1712 3086 1545 
5919 1581 3091 2434 
5920 1712 3090 3086 
5921 2589 3095 3081 
5922 789 3162 786 
5923 2628 3094 3087 
5924 720 3089 717 
5925 1817 3060 3056 
5926 3054 3065 2530 
5927 1694 3080 3067 
5928 296 3161 141 
5929 2116 3088 2033 
5930 140 3161 334 
5931 3067 3080 2262 
5932 1553 3092 1548 
5933 1717 3129 1841 
5934 2292 3173 2293 
5935 2891 3347 1658 
5936 2933 3153 2943 
5937 3071 3075 690 
5938 181 3171 266 
5939 720 3093 3089 
5940 311 3171 182 
5941 3144 3145 2389 
5942 2013 3174 3084 
5943 1830 3094 2628 
5944 435 3106 3099 
5945 2914 3090 1712 
5946 2061 3181 2060 
5947 2735 3093 720 
5948 838 3167 2681 
5949 2295 3174 2296 
5950 1059 3095 2589 
5951 1256 3096 1871 
5952 2943 3153 1732 
5953 1868 3138 1717 
5954 1670 3170 1669 
5955 1037 3098 1033 
5956 1025 3097 1023 
5957 1731 3176 1867 
5958 2301 3236 3015 
5959 1025 3100 3097 
5960 1929 3297 2745 
5961 2060 3181 2190 
5962 1027 3100 1025 
5963 3056 3060 419 
5964 984 3143 3134 
5965 2036 3230 2039 
5966 435 3099 2958 
5967 2496 3101 2499 
5968 2735 3102 3093 
5969 1494 3147 2578 
5970 3101 3103 2499 
5971 2499 3103 2504 
5972 3103 3105 2504 
5973 2504 3105 2506 
5974 3121 3129 1819 
5975 844 3102 2735 
5976 1390 3104 2695 
5977 1718 3144 1869 
5978 2740 3324 3276 
5979 1717 3138 3129 
5980 2192 3271 976 
5981 844 3107 3102 
5982 1867 3176 2900 
5983 1870 3116 3096 
5984 3116 3125 1871 
5985 1528 3109 2041 
5986 2695 3106 435 
5987 3104 3106 2695 
5988 3111 3117 2352 
5989 1931 3128 3125 
5990 2754 3108 596 
5991 1008 3165 2859 
5992 2783 3107 844 
5993 2022 3149 2020 
5994 2004 3177 1963 
5995 950 3110 2754 
5996 950 3111 3110 
5997 2754 3110 3108 
5998 357 3113 359 
5999 117 3114 116 
6000 129 3175 320 
6001 2774 3111 950 
6002 278 3175 130 
6003 1739 3181 2106 
6004 2352 3117 1488 
6005 2988 3299 1932 
6006 1018 3081 3073 
6007 1749 3184 1393 
6008 1716 3118 1715 
6009 1735 3183 2008 
6010 2513 3119 1713 
6011 2241 3229 2002 
6012 1063 3115 2783 
6013 2783 3115 3107 
6014 2066 3183 1737 
6015 644 3121 3120 
6016 2513 3124 3119 
6017 644 3120 1709 
6018 1646 3116 1374 
6019 3118 3123 1715 
6020 1063 3160 3115 
6021 788 3122 791 
6022 1720 3124 2513 
6023 1715 3123 1785 
6024 2858 3121 644 
6025 1394 3322 3059 
6026 1460 3180 1509 
6027 1756 3185 1910 
6028 1720 3126 3124 
6029 1646 3125 3116 
6030 976 3313 2192 
6031 2160 3180 1827 
6032 1380 3189 2276 
6033 2020 3149 2922 
6034 1723 3132 3130 
6035 2316 3112 3074 
6036 1648 3125 1646 
6037 1721 3126 1720 
6038 2221 3132 1723 
6039 1871 3128 1386 
6040 291 3299 2988 
6041 1721 3130 3126 
6042 3138 3143 1054 
6043 2126 3139 1810 
6044 2066 3203 329 
6045 1819 3129 2354 
6046 1723 3130 1721 
6047 24 3131 23 
6048 1550 3189 2200 
6049 1349 3127 2895 
6050 36 3133 35 
6051 1709 3120 3117 
6052 183 3136 311 
6053 1902 3179 1903 
6054 1751 3213 3194 
6055 306 3256 2132 
6056 380 3141 2341 
6057 2943 3134 1868 
6058 2354 3138 1054 
6059 57 3188 261 
6060 369 3137 371 
6061 1762 3135 1761 
6062 326 3188 58 
6063 3137 3140 371 
6064 3141 3146 2341 
6065 371 3140 373 
6066 446 3142 2588 
6067 446 3146 3142 
6068 2139 3257 307 
6069 1054 3143 963 
6070 1485 3148 3145 
6071 2341 3146 446 
6072 448 3144 2389 
6073 2544 3148 1485 
6074 1485 3145 2555 
6075 1719 3147 1729 
6076 3129 3138 2354 
6077 1929 3368 3297 
6078 1504 3190 1780 
6079 1766 3150 1987 
6080 1726 3190 1412 
6081 1873 3156 3154 
6082 2300 3202 2301 
6083 3157 3164 1878 
6084 2028 3350 273 
6085 165 3187 305 
6086 172 3191 2255 
6087 291 3191 173 
6088 1752 3151 2069 
6089 2900 3176 277 
6090 2922 3149 2870 
6091 2790 3152 1424 
6092 3004 3278 1408 
6093 1335 3154 1496 
6094 2174 3206 2205 
6095 788 3162 3122 
6096 1732 3156 1724 
6097 3069 3159 430 
6098 3096 3116 1871 
6099 2119 3178 12 
6100 77 3197 292 
6101 1800 3157 1482 
6102 1761 3195 1747 
6103 1843 3153 2933 
6104 176 3196 175 
6105 14 3155 308 
6106 1747 3195 3172 
6107 1873 3157 1878 
6108 2410 3159 2409 
6109 316 3158 2779 
6110 2745 3297 2325 
6111 1798 3206 1907 
6112 280 3336 2201 
6113 1740 3199 1937 
6114 1994 3199 1742 
6115 1981 3351 2009 
6116 1800 3164 3157 
6117 1658 3200 1611 
6118 2609 3333 286 
6119 2843 3192 1008 
6120 143 3339 2011 
6121 263 3361 2687 
6122 3125 3128 1871 
6123 1900 3323 2993 
6124 2920 3193 789 
6125 3134 3143 1868 
6126 141 3161 140 
6127 3136 3332 311 
6128 2540 3263 2322 
6129 3040 3160 1063 
6130 1509 3201 2739 
6131 2256 3208 2257 
6132 329 3203 115 
6133 114 3203 285 
6134 786 3162 788 
6135 2034 3314 132 
6136 295 3172 2801 
6137 1531 3163 2032 
6138 2028 3164 1800 
6139 1749 3329 3184 
6140 307 3276 2143 
6141 2135 3274 306 
6142 1989 3252 2328 
6143 2141 3233 1479 
6144 12 3178 11 
6145 2290 3288 2288 
6146 1999 3344 244 
6147 1692 3254 2046 
6148 323 3209 22 
6149 1306 3210 2160 
6150 21 3209 282 
6151 2299 3173 2292 
6152 104 3166 103 
6153 2287 3168 313 
6154 2859 3165 2860 
6155 1770 3213 1751 
6156 3176 3198 277 
6157 2681 3167 2843 
6158 2395 3170 2393 
6159 1502 3367 2745 
6160 2409 3159 3069 
6161 244 3344 3220 
6162 2029 3335 268 
6163 2245 3160 3040 
6164 192 3214 191 
6165 241 3169 240 
6166 193 3215 192 
6167 3245 3338 2053 
6168 1673 3170 1670 
6169 271 3212 2019 
6170 1699 3172 3064 
6171 2745 3367 1929 
6172 339 3258 3182 
6173 182 3171 181 
6174 3237 3366 3266 
6175 1760 3225 2066 
6176 3266 3366 270 
6177 2023 3192 2022 
6178 184 3264 3136 
6179 127 3221 251 
6180 3064 3172 295 
6181 320 3221 128 
6182 1906 3333 2609 
6183 2540 3234 2539 
6184 1875 3364 1734 
6185 3154 3156 1496 
6186 2296 3174 2013 
6187 3029 3241 200 
6188 2392 3250 1889 
6189 100 3212 99 
6190 2172 3259 2173 
6191 2005 3337 1767 
6192 1761 3219 3195 
6193 2228 3230 1865 
6194 1768 3223 1753 
6195 2155 3176 1731 
6196 305 3224 164 
6197 130 3175 129 
6198 1390 3268 2053 
6199 261 3227 56 
6200 2282 3232 1770 
6201 1963 3177 2521 
6202 2002 3229 1725 
6203 1925 3235 1923 
6204 1416 3229 1514 
6205 1897 3241 3029 
6206 1479 3233 1414 
6207 167 3182 166 
6208 15 3356 3155 
6209 2190 3181 1739 
6210 1827 3180 1460 
6211 1781 3238 1994 
6212 1770 3232 3213 
6213 2093 3238 1783 
6214 199 3241 293 
6215 286 3309 2609 
6216 71 3304 4 
6217 8 3305 107 
6218 271 3243 98 
6219 97 3243 314 
6220 1737 3183 1735 
6221 4 3304 70 
6222 108 3305 8 
6223 1479 3328 2142 
6224 3169 3266 270 
6225 1903 3179 2936 
6226 1887 3294 1889 
6227 1812 3296 2164 
6228 2143 3324 3233 
6229 3233 3324 1692 
6230 2078 3292 1951 
6231 1393 3184 1394 
6232 341 3262 1944 
6233 162 3242 283 
6234 2239 3186 274 
6235 1757 3185 1756 
6236 2092 3287 2093 
6237 1514 3345 2245 
6238 2609 3273 2229 
6239 54 3249 317 
6240 1525 3252 1989 
6241 1674 3250 1673 
6242 2245 3345 2243 
6243 3196 3349 1930 
6244 2291 3231 2290 
6245 2295 3194 3174 
6246 3182 3187 166 
6247 1486 3252 1388 
6248 1889 3250 1708 
6249 277 3198 2707 
6250 1880 3248 1797 
6251 166 3187 165 
6252 337 3305 2138 
6253 2131 3304 340 
6254 2276 3189 1550 
6255 2000 3259 1899 
6256 3136 3264 1921 
6257 282 3253 20 
6258 19 3253 330 
6259 58 3188 57 
6260 2135 3329 3274 
6261 251 3261 126 
6262 3166 3202 2300 
6263 125 3261 322 
6264 254 3264 185 
6265 3170 3310 1669 
6266 1939 3287 1876 
6267 2227 3273 2228 
6268 789 3193 3177 
6269 1939 3342 2688 
6270 2112 3296 2185 
6271 1909 3267 2183 
6272 2688 3317 1939 
6273 2001 3269 1914 
6274 1916 3269 1988 
6275 2113 3296 2112 
6276 2155 3198 3176 
6277 3184 3329 2135 
6278 1 3306 204 
6279 2881 3220 1881 
6280 1412 3190 1504 
6281 976 3271 2182 
6282 349 3268 1390 
6283 2339 3280 314 
6284 11 3306 1 
6285 314 3280 96 
6286 95 3280 2439 
6287 101 3279 100 
6288 255 3220 2881 
6289 1964 3308 2949 
6290 2325 3297 2326 
6291 1951 3292 1949 
6292 1926 3271 1928 
6293 264 3290 2113 
6294 66 3274 2732 
6295 3172 3195 2801 
6296 2740 3276 112 
6297 1898 3311 2000 
6298 2626 3290 26 
6299 3155 3356 1952 
6300 25 3290 264 
6301 306 3274 67 
6302 160 3285 332 
6303 283 3285 161 
6304 111 3276 307 
6305 2191 3278 1950 
6306 2201 3311 2199 
6307 175 3299 174 
6308 3 3281 237 
6309 216 3283 7 
6310 6 3282 248 
6311 1952 3333 1904 
6312 2133 3322 2134 
6313 1780 3217 1779 
6314 52 3302 249 
6315 317 3302 53 
6316 1413 3303 2664 
6317 41 3281 3 
6318 7 3283 137 
6319 138 3282 6 
6320 3198 3218 2707 
6321 2022 3192 3167 
6322 205 3284 2 
6323 820 3313 976 
6324 273 3350 79 
6325 2239 3205 3186 
6326 1573 3342 1939 
6327 1912 3327 2001 
6328 2 3284 40 
6329 132 3314 131 
6330 322 3317 124 
6331 123 3317 2688 
6332 330 3309 18 
6333 1974 3226 1973 
6334 17 3309 286 
6335 1408 3343 3004 
6336 173 3191 172 
6337 2053 3338 1390 
6338 286 3356 16 
6339 2727 3367 1502 
6340 143 3330 142 
6341 1920 3332 1893 
6342 275 3339 144 
6343 2982 3217 1780 
6344 158 3336 280 
6345 332 3336 159 
6346 318 3194 2576 
6347 1929 3367 2916 
6348 1079 3328 1479 
6349 298 3346 133 
6350 2825 3193 2920 
6351 274 3196 176 
6352 2949 3240 1965 
6353 3193 3204 2521 
6354 2801 3195 333 
6355 312 3294 3048 
6356 2128 3258 339 
6357 78 3197 77 
6358 3052 3234 1486 
6359 266 3331 3179 
6360 2521 3204 1958 
6361 3011 3298 2988 
6362 3135 3219 1761 
6363 168 3312 5 
6364 1746 3198 2155 
6365 1742 3199 1740 
6366 1890 3335 2029 
6367 2825 3204 3193 
6368 1611 3200 1922 
6369 5 3312 167 
6370 2282 3260 3232 
6371 2739 3201 1875 
6372 2988 3298 291 
6373 1392 3351 2630 
6374 3276 3324 2143 
6375 3053 3328 1362 
6376 1779 3217 2755 
6377 3218 3228 325 
6378 1878 3272 2002 
6379 309 3205 2239 
6380 115 3203 114 
6381 3204 3211 1958 
6382 2395 3310 3170 
6383 2949 3308 258 
6384 2707 3218 325 
6385 1340 3204 2825 
6386 3194 3213 2576 
6387 2205 3206 1798 
6388 3135 3354 1942 
6389 2145 3202 3166 
6390 68 3256 306 
6391 307 3257 110 
6392 1892 3260 2282 
6393 3217 3335 2755 
6394 1958 3211 1956 
6395 2258 3208 2256 
6396 3174 3194 318 
6397 3053 3202 2145 
6398 218 3207 217 
6399 2046 3225 1760 
6400 1746 3218 3198 
6401 256 3286 1968 
6402 2993 3277 2865 
6403 3195 3219 333 
6404 3165 3236 2860 
6405 22 3209 21 
6406 3296 3363 2164 
6407 1340 3211 3204 
6408 2143 3233 2141 
6409 292 3355 2218 
6410 2131 3256 69 
6411 260 3277 2993 
6412 99 3212 271 
6413 109 3257 2138 
6414 316 3323 3158 
6415 3167 3192 2843 
6416 3177 3193 2521 
6417 269 3216 1979 
6418 3211 3222 1956 
6419 2053 3268 1995 
6420 1390 3338 3104 
6421 2850 3211 1340 
6422 2019 3212 2024 
6423 3236 3352 2860 
6424 3059 3293 1073 
6425 1892 3291 3260 
6426 2576 3213 250 
6427 191 3214 259 
6428 1956 3222 1954 
6429 313 3215 193 
6430 1874 3228 3218 
6431 1408 3278 2683 
6432 1886 3348 2031 
6433 1874 3218 1746 
6434 1767 3216 2625 
6435 3015 3236 2023 
6436 3077 3210 1306 
6437 3297 3368 254 
6438 3170 3362 2393 
6439 1407 3255 1408 
6440 268 3335 3217 
6441 1673 3362 3170 
6442 243 3220 255 
6443 333 3219 2803 
6444 2850 3222 3211 
6445 2293 3318 3251 
6446 2278 3228 1874 
6447 128 3221 127 
6448 3228 3247 2648 
6449 2244 3289 2245 
6450 2215 3293 3059 
6451 1954 3239 287 
6452 1879 3291 1892 
6453 2732 3275 284 
6454 164 3224 163 
6455 325 3228 2648 
6456 2626 3363 3290 
6457 1759 3222 2850 
6458 1753 3223 1766 
6459 3213 3232 250 
6460 2278 3247 3228 
6461 3179 3331 2936 
6462 1505 3263 2540 
6463 2323 3263 2744 
6464 279 3353 2149 
6465 1973 3226 1976 
6466 1512 3255 1407 
6467 3275 3301 284 
6468 2744 3263 1505 
6469 2294 3231 2291 
6470 56 3227 55 
6471 1902 3358 3179 
6472 1865 3230 2036 
6473 1879 3316 3291 
6474 1725 3229 1416 
6475 3224 3242 163 
6476 2023 3236 3165 
6477 1414 3233 1692 
6478 2675 3251 1353 
6479 1884 3266 1885 
6480 2792 3231 1235 
6481 1901 3239 1759 
6482 3077 3307 1969 
6483 342 3284 205 
6484 250 3232 2649 
6485 3301 3319 2724 
6486 248 3282 341 
6487 237 3281 344 
6488 343 3283 216 
6489 78 3350 3197 
6490 2011 3235 1925 
6491 3235 3339 275 
6492 3222 3239 1954 
6493 2539 3234 3052 
6494 1872 3277 2439 
6495 1692 3324 3254 
6496 309 3358 3205 
6497 3227 3249 55 
6498 1923 3316 1879 
6499 1931 3334 3128 
6500 69 3256 68 
6501 110 3257 109 
6502 2664 3237 1884 
6503 1783 3238 1781 
6504 2191 3313 822 
6505 274 3349 3196 
6506 1965 3240 1992 
6507 2245 3289 3160 
6508 284 3301 2724 
6509 2009 3244 1983 
6510 3267 3346 298 
6511 3244 3325 1974 
6512 2192 3313 2191 
6513 1968 3286 3201 
6514 163 3242 162 
6515 200 3241 199 
6516 132 3346 2034 
6517 1759 3239 3222 
6518 2031 3348 1970 
6519 2277 3247 2278 
6520 98 3243 97 
6521 285 3254 2740 
6522 1888 3289 3048 
6523 2058 3292 1928 
6524 3232 3260 2649 
6525 257 3245 1978 
6526 1899 3259 2172 
6527 2240 3272 273 
6528 2648 3247 252 
6529 1797 3248 1799 
6530 55 3249 54 
6531 1984 3307 1985 
6532 2891 3293 2217 
6533 1708 3250 1674 
6534 1986 3308 2275 
6535 258 3308 1986 
6536 1388 3252 1525 
6537 20 3253 19 
6538 1353 3251 2929 
6539 2218 3355 3200 
6540 2006 3366 2007 
6541 2132 3256 2131 
6542 2266 3270 2056 
6543 2138 3257 2139 
6544 3186 3334 1931 
6545 3179 3358 2274 
6546 2301 3352 3236 
6547 1907 3258 1880 
6548 1885 3266 3169 
6549 1073 3293 2891 
6550 1944 3262 1948 
6551 2865 3277 1872 
6552 2649 3260 319 
6553 2724 3319 328 
6554 2322 3263 2323 
6555 126 3261 125 
6556 252 3265 2627 
6557 1934 3288 2840 
6558 3247 3265 252 
6559 1928 3292 2078 
6560 2277 3265 3247 
6561 3319 3341 328 
6562 1977 3340 2025 
6563 185 3264 184 
6564 1854 3265 2277 
6565 1876 3287 2092 
6566 3171 3331 266 
6567 2266 3300 3270 
6568 3048 3289 2244 
6569 3265 3295 2627 
6570 2030 3354 1762 
6571 2034 3267 1909 
6572 347 3268 349 
6573 3205 3334 3186 
6574 1914 3269 1916 
6575 1930 3349 1931 
6576 2203 3275 1749 
6577 1877 3300 2266 
6578 3260 3291 319 
6579 3250 3362 1673 
6580 2229 3273 2227 
6581 2182 3271 1926 
6582 67 3274 66 
6583 112 3276 111 
6584 3229 3345 1514 
6585 1854 3295 3265 
6586 2439 3277 260 
6587 2804 3270 336 
6588 294 3279 101 
6589 2204 3319 3301 
6590 2288 3288 3168 
6591 273 3272 3164 
6592 3197 3355 292 
6593 96 3280 95 
6594 161 3285 160 
6595 2203 3301 3275 
6596 1938 3319 2204 
6597 1949 3292 2058 
6598 254 3368 3264 
6599 328 3341 2717 
6600 2803 3281 41 
6601 137 3283 2804 
6602 2802 3282 138 
6603 26 3290 25 
6604 2627 3295 321 
6605 2217 3293 2215 
6606 291 3298 3191 
6607 319 3291 2647 
6608 2390 3294 312 
6609 3341 3353 2717 
6610 1877 3326 3300 
6611 1941 3295 1854 
6612 1950 3278 3004 
6613 3270 3300 336 
6614 3160 3289 1888 
6615 2326 3297 254 
6616 339 3312 168 
6617 2183 3326 1877 
6618 2185 3296 1812 
6619 204 3306 338 
6620 340 3304 71 
6621 107 3305 337 
6622 174 3299 291 
6623 1669 3310 2749 
6624 2204 3301 2203 
6625 2218 3347 2217 
6626 3295 3320 321 
6627 53 3302 52 
6628 3251 3318 2929 
6629 3291 3316 2647 
6630 2599 3303 1413 
6631 1985 3307 3077 
6632 3241 3365 293 
6633 336 3300 2788 
6634 40 3284 3072 
6635 2275 3308 1964 
6636 2199 3311 1898 
6637 1941 3320 3295 
6638 3202 3352 2301 
6639 18 3309 17 
6640 2599 3315 3303 
6641 3173 3318 2293 
6642 3158 3310 2395 
6643 2214 3322 2133 
6644 2929 3318 1996 
6645 3168 3288 1934 
6646 3164 3272 1878 
6647 2717 3353 279 
6648 321 3320 2626 
6649 822 3313 820 
6650 1762 3354 3135 
6651 2164 3320 1941 
6652 1882 3298 3011 
6653 131 3314 278 
6654 124 3317 123 
6655 1527 3315 2599 
6656 2108 3361 3342 
6657 2108 3342 1573 
6658 2647 3316 275 
6659 3300 3326 2788 
6660 1938 3341 3319 
6661 2860 3352 3053 
6662 2320 3323 316 
6663 1513 3325 2646 
6664 1911 3327 1912 
6665 2149 3353 1883 
6666 1920 3331 3171 
6667 267 3357 1974 
6668 2788 3326 298 
6669 3190 3340 1780 
6670 1527 3359 3315 
6671 1904 3333 1906 
6672 1362 3328 1079 
6673 1658 3347 3200 
6674 142 3330 296 
6675 1883 3341 1938 
6676 1893 3332 1895 
6677 159 3336 158 
6678 2393 3362 2392 
6679 1883 3353 3341 
6680 1974 3325 3226 
6681 3128 3334 1755 
6682 2755 3335 1890 
6683 144 3339 143 
6684 2936 3331 1920 
6685 2243 3345 2241 
6686 3246 3255 1512 
6687 2107 3361 2108 
6688 2274 3358 309 
6689 133 3346 132 
6690 3237 3266 1884 
6691 1885 3348 1886 
6692 79 3350 78 
6693 1971 3360 2949 
6694 270 3366 2006 
6695 16 3356 15 
6696 2630 3359 1527 
6697 1931 3349 3186 
6698 1921 3368 1929 
6699 1996 3365 1897 
6700 2749 3310 3158 
6701 3225 3254 285 
6702 2916 3367 2727 
6703 2113 3363 3296 
6704 3178 3306 11 
6705 2949 3360 3240 
6706 1996 3318 3173 
6707 3104 3338 1773 
6708 3290 3363 2113 
6709 2046 3254 3225 
6710 1755 3334 3205 
6711 3182 3312 339 
6712 338 3306 3178 
6713 3201 3286 1875 
6714 1922 3355 3197 
6715 167 3312 3182 
6716 3191 3298 1882 
6717 1773 3338 3245 
6718 3320 3363 2626 
6719 3053 3352 3202 
6720 1947 3255 3246 
6721 2025 3340 3190 
6722 3200 3347 2218 
6723 2164 3363 3320 
6724 3255 3343 1408 
6725 3220 3344 1881 
6726 3226 3325 1513 
6727 3186 3349 274 
6728 2241 3345 3229 
6729 2011 3339 3235 
6730 3254 3324 2740 
6731 2392 3362 3250 
6732 3200 3355 1922 
6733 1974 3357 3244 
6734 3244 3357 1983 
6735 2732 3329 3275 
6736 1947 3343 3255 
6737 3275 3329 1749 
6738 3264 3368 1921 
6739 1897 3365 3241 
6740 3240 3360 1975 
6741 2007 3366 3237 
6742 2034 3346 3267 
6743 3351 3359 2630 
6744 1981 3359 3351 
$EndElements
