$MeshFormat
4.1 0 8
$EndMeshFormat
$Entities
10 10 1 0
1 0 0 0 0 
2 0.4 0 0 0 
3 0.6 0 0 0 
4 1 0 0 0 
5 0 0.5 0 0 
6 0.4 0.5 0 0 
7 0.6 0.5 0 0 
8 1 0.5 0 0 
11 0.5 0.1 0 0 
12 0.5 0.4 0 0 
1 -1.000000000028756e-07 -1e-07 -1e-07 0.4000001 1e-07 1e-07 0 2 1 -2 
2 0.5999999 -1e-07 -1e-07 1.0000001 1e-07 1e-07 0 2 3 -4 
3 0.9999999000000001 -9.999999997511999e-08 -1e-07 1.0000001 0.5000000999999999 1e-07 0 2 4 -8 
4 0.5999999 0.4999999 -1e-07 1.0000001 0.5000000999999999 1e-07 0 2 8 -7 
5 -1.000000000028756e-07 0.4999999 -1e-07 0.4000001 0.5000000999999999 1e-07 0 2 6 -5 
6 -1e-07 -9.999999997511999e-08 -1e-07 1e-07 0.5000000999999999 1e-07 0 2 5 -1 
7 0.3999999 -1.000000000098145e-07 -1e-07 0.5000000999999999 0.1000001 1e-07 0 2 2 -11 
8 0.4999999 0.3999999 -1e-07 0.6000000999999999 0.5000000999999999 1e-07 0 2 7 -12 
9 0.4999999 -9.999999997511999e-08 -1e-07 0.6000000999999999 0.1000001 1e-07 0 2 11 -3 
10 0.3999999 0.3999999 -1e-07 0.5000000999999999 0.5000000999999999 1e-07 0 2 12 -6 
1 -9.999999994736442e-08 -1.000000000306311e-07 -1e-07 1.0000001 0.5000000999999999 1e-07 0 10 1 7 9 2 3 4 8 10 5 6 
$EndEntities
$Nodes
21 1897 1 1897
0 1 0 1
1
0 0 0
0 2 0 1
2
0.4 0 0
0 3 0 1
3
0.6 0 0
0 4 0 1
4
1 0 0
0 5 0 1
5
0 0.5 0
0 6 0 1
6
0.4 0.5 0
0 7 0 1
7
0.6 0.5 0
0 8 0 1
8
1 0.5 0
0 11 0 1
9
0.5 0.1 0
0 12 0 1
10
0.5 0.4 0
1 1 0 22
11
12
13
14
15
16
17
18
19
20
21
22
23
24
25
26
27
28
29
30
31
32
0.01739130434782611 0 0
0.03478260869565222 0 0
0.05217391304347834 0 0
0.06956521739130447 0 0
0.08695652173913057 0 0
0.1043478260869566 0 0
0.1217391304347827 0 0
0.1391304347826088 0 0
0.1565217391304349 0 0
0.173913043478261 0 0
0.191304347826087 0 0
0.2086956521739131 0 0
0.2260869565217392 0 0
0.2434782608695653 0 0
0.2608695652173914 0 0
0.2782608695652175 0 0
0.2956521739130435 0 0
0.3130434782608696 0 0
0.3304347826086957 0 0
0.3478260869565218 0 0
0.3652173913043479 0 0
0.382608695652174 0 0
1 2 0 22
33
34
35
36
37
38
39
40
41
42
43
44
45
46
47
48
49
50
51
52
53
54
0.6173913043478261 0 0
0.6347826086956522 0 0
0.6521739130434783 0 0
0.6695652173913045 0 0
0.6869565217391306 0 0
0.7043478260869567 0 0
0.7217391304347827 0 0
0.7391304347826088 0 0
0.7565217391304349 0 0
0.773913043478261 0 0
0.7913043478260871 0 0
0.808695652173913 0 0
0.8260869565217392 0 0
0.8434782608695652 0 0
0.8608695652173913 0 0
0.8782608695652174 0 0
0.8956521739130435 0 0
0.9130434782608696 0 0
0.9304347826086957 0 0
0.9478260869565218 0 0
0.9652173913043478 0 0
0.982608695652174 0 0
1 3 0 27
55
56
57
58
59
60
61
62
63
64
65
66
67
68
69
70
71
72
73
74
75
76
77
78
79
80
81
1 0.01785714285714288 0
1 0.03571428571428577 0
1 0.05357142857142866 0
1 0.07142857142857155 0
1 0.0892857142857144 0
1 0.1071428571428573 0
1 0.1250000000000001 0
1 0.142857142857143 0
1 0.1607142857142858 0
1 0.1785714285714287 0
1 0.1964285714285715 0
1 0.2142857142857144 0
1 0.2321428571428572 0
1 0.2500000000000001 0
1 0.2678571428571429 0
1 0.2857142857142858 0
1 0.3035714285714287 0
1 0.3214285714285715 0
1 0.3392857142857144 0
1 0.3571428571428572 0
1 0.3750000000000001 0
1 0.3928571428571429 0
1 0.4107142857142858 0
1 0.4285714285714287 0
1 0.4464285714285715 0
1 0.4642857142857144 0
1 0.4821428571428572 0
1 4 0 22
82
83
84
85
86
87
88
89
90
91
92
93
94
95
96
97
98
99
100
101
102
103
0.9826086956521739 0.5 0
0.9652173913043478 0.5 0
0.9478260869565217 0.5 0
0.9304347826086955 0.5 0
0.9130434782608694 0.5 0
0.8956521739130434 0.5 0
0.8782608695652173 0.5 0
0.8608695652173912 0.5 0
0.8434782608695651 0.5 0
0.826086956521739 0.5 0
0.8086956521739129 0.5 0
0.7913043478260868 0.5 0
0.7739130434782608 0.5 0
0.7565217391304347 0.5 0
0.7391304347826086 0.5 0
0.7217391304347825 0.5 0
0.7043478260869565 0.5 0
0.6869565217391305 0.5 0
0.6695652173913043 0.5 0
0.6521739130434782 0.5 0
0.6347826086956521 0.5 0
0.6173913043478261 0.5 0
1 5 0 22
104
105
106
107
108
109
110
111
112
113
114
115
116
117
118
119
120
121
122
123
124
125
0.3826086956521739 0.5 0
0.3652173913043478 0.5 0
0.3478260869565217 0.5 0
0.3304347826086955 0.5 0
0.3130434782608694 0.5 0
0.2956521739130434 0.5 0
0.2782608695652173 0.5 0
0.2608695652173912 0.5 0
0.2434782608695651 0.5 0
0.226086956521739 0.5 0
0.208695652173913 0.5 0
0.1913043478260869 0.5 0
0.1739130434782608 0.5 0
0.1565217391304347 0.5 0
0.1391304347826087 0.5 0
0.1217391304347826 0.5 0
0.1043478260869565 0.5 0
0.08695652173913043 0.5 0
0.06956521739130428 0.5 0
0.05217391304347818 0.5 0
0.03478260869565214 0.5 0
0.01739130434782604 0.5 0
1 6 0 27
126
127
128
129
130
131
132
133
134
135
136
137
138
139
140
141
142
143
144
145
146
147
148
149
150
151
152
0 0.4821428571428571 0
0 0.4642857142857142 0
0 0.4464285714285713 0
0 0.4285714285714284 0
0 0.4107142857142856 0
0 0.3928571428571427 0
0 0.3749999999999999 0
0 0.357142857142857 0
0 0.3392857142857142 0
0 0.3214285714285713 0
0 0.3035714285714285 0
0 0.2857142857142856 0
0 0.2678571428571428 0
0 0.2499999999999999 0
0 0.2321428571428571 0
0 0.2142857142857142 0
0 0.1964285714285713 0
0 0.1785714285714285 0
0 0.1607142857142856 0
0 0.1428571428571428 0
0 0.1249999999999999 0
0 0.1071428571428571 0
0 0.08928571428571425 0
0 0.07142857142857134 0
0 0.05357142857142849 0
0 0.03571428571428564 0
0 0.01785714285714285 0
1 7 0 8
153
154
155
156
157
158
159
160
0.4015192246987792 0.01736481776669304 0
0.4060307379214092 0.03420201433256686 0
0.4133974596215562 0.05 0
0.4233955556881022 0.06427876096865391 0
0.4357212390313461 0.07660444431189778 0
0.45 0.08660254037844382 0
0.4657979856674331 0.0939692620785908 0
0.482635182233307 0.09848077530122078 0
1 8 0 8
161
162
163
164
165
166
167
168
0.5984807753012208 0.4826351822333069 0
0.5939692620785908 0.4657979856674331 0
0.5866025403784438 0.45 0
0.5766044443118977 0.435721239031346 0
0.5642787609686539 0.4233955556881022 0
0.5499999999999999 0.4133974596215562 0
0.5342020143325669 0.4060307379214092 0
0.517364817766693 0.4015192246987792 0
1 9 0 8
169
170
171
172
173
174
175
176
0.517364817766693 0.09848077530122082 0
0.5342020143325669 0.09396926207859084 0
0.55 0.08660254037844387 0
0.564278760968654 0.07660444431189777 0
0.5766044443118978 0.0642787609686539 0
0.5866025403784438 0.04999999999999997 0
0.5939692620785908 0.03420201433256686 0
0.5984807753012208 0.01736481776669304 0
1 10 0 8
177
178
179
180
181
182
183
184
0.4826351822333069 0.4015192246987792 0
0.4657979856674331 0.4060307379214092 0
0.45 0.4133974596215562 0
0.4357212390313461 0.4233955556881022 0
0.4233955556881022 0.4357212390313461 0
0.4133974596215562 0.45 0
0.4060307379214092 0.4657979856674331 0
0.4015192246987792 0.4826351822333069 0
2 1 0 1713
185
186
187
188
189
190
191
192
193
194
195
196
197
198
199
200
201
202
203
204
205
206
207
208
209
210
211
212
213
214
215
216
217
218
219
220
221
222
223
224
225
226
227
228
229
230
231
232
233
234
235
236
237
238
239
240
241
242
243
244
245
246
247
248
249
250
251
252
253
254
255
256
257
258
259
260
261
262
263
264
265
266
267
268
269
270
271
272
273
274
275
276
277
278
279
280
281
282
283
284
285
286
287
288
289
290
291
292
293
294
295
296
297
298
299
300
301
302
303
304
305
306
307
308
309
310
311
312
313
314
315
316
317
318
319
320
321
322
323
324
325
326
327
328
329
330
331
332
333
334
335
336
337
338
339
340
341
342
343
344
345
346
347
348
349
350
351
352
353
354
355
356
357
358
359
360
361
362
363
364
365
366
367
368
369
370
371
372
373
374
375
376
377
378
379
380
381
382
383
384
385
386
387
388
389
390
391
392
393
394
395
396
397
398
399
400
401
402
403
404
405
406
407
408
409
410
411
412
413
414
415
416
417
418
419
420
421
422
423
424
425
426
427
428
429
430
431
432
433
434
435
436
437
438
439
440
441
442
443
444
445
446
447
448
449
450
451
452
453
454
455
456
457
458
459
460
461
462
463
464
465
466
467
468
469
470
471
472
473
474
475
476
477
478
479
480
481
482
483
484
485
486
487
488
489
490
491
492
493
494
495
496
497
498
499
500
501
502
503
504
505
506
507
508
509
510
511
512
513
514
515
516
517
518
519
520
521
522
523
524
525
526
527
528
529
530
531
532
533
534
535
536
537
538
539
540
541
542
543
544
545
546
547
548
549
550
551
552
553
554
555
556
557
558
559
560
561
562
563
564
565
566
567
568
569
570
571
572
573
574
575
576
577
578
579
580
581
582
583
584
585
586
587
588
589
590
591
592
593
594
595
596
597
598
599
600
601
602
603
604
605
606
607
608
609
610
611
612
613
614
615
616
617
618
619
620
621
622
623
624
625
626
627
628
629
630
631
632
633
634
635
636
637
638
639
640
641
642
643
644
645
646
647
648
649
650
651
652
653
654
655
656
657
658
659
660
661
662
663
664
665
666
667
668
669
670
671
672
673
674
675
676
677
678
679
680
681
682
683
684
685
686
687
688
689
690
691
692
693
694
695
696
697
698
699
700
701
702
703
704
705
706
707
708
709
710
711
712
713
714
715
716
717
718
719
720
721
722
723
724
725
726
727
728
729
730
731
732
733
734
735
736
737
738
739
740
741
742
743
744
745
746
747
748
749
750
751
752
753
754
755
756
757
758
759
760
761
762
763
764
765
766
767
768
769
770
771
772
773
774
775
776
777
778
779
780
781
782
783
784
785
786
787
788
789
790
791
792
793
794
795
796
797
798
799
800
801
802
803
804
805
806
807
808
809
810
811
812
813
814
815
816
817
818
819
820
821
822
823
824
825
826
827
828
829
830
831
832
833
834
835
836
837
838
839
840
841
842
843
844
845
846
847
848
849
850
851
852
853
854
855
856
857
858
859
860
861
862
863
864
865
866
867
868
869
870
871
872
873
874
875
876
877
878
879
880
881
882
883
884
885
886
887
888
889
890
891
892
893
894
895
896
897
898
899
900
901
902
903
904
905
906
907
908
909
910
911
912
913
914
915
916
917
918
919
920
921
922
923
924
925
926
927
928
929
930
931
932
933
934
935
936
937
938
939
940
941
942
943
944
945
946
947
948
949
950
951
952
953
954
955
956
957
958
959
960
961
962
963
964
965
966
967
968
969
970
971
972
973
974
975
976
977
978
979
980
981
982
983
984
985
986
987
988
989
990
991
992
993
994
995
996
997
998
999
1000
1001
1002
1003
1004
1005
1006
1007
1008
1009
1010
1011
1012
1013
1014
1015
1016
1017
1018
1019
1020
1021
1022
1023
1024
1025
1026
1027
1028
1029
1030
1031
1032
1033
1034
1035
1036
1037
1038
1039
1040
1041
1042
1043
1044
1045
1046
1047
1048
1049
1050
1051
1052
1053
1054
1055
1056
1057
1058
1059
1060
1061
1062
1063
1064
1065
1066
1067
1068
1069
1070
1071
1072
1073
1074
1075
1076
1077
1078
1079
1080
1081
1082
1083
1084
1085
1086
1087
1088
1089
1090
1091
1092
1093
1094
1095
1096
1097
1098
1099
1100
1101
1102
1103
1104
1105
1106
1107
1108
1109
1110
1111
1112
1113
1114
1115
1116
1117
1118
1119
1120
1121
1122
1123
1124
1125
1126
1127
1128
1129
1130
1131
1132
1133
1134
1135
1136
1137
1138
1139
1140
1141
1142
1143
1144
1145
1146
1147
1148
1149
1150
1151
1152
1153
1154
1155
1156
1157
1158
1159
1160
1161
1162
1163
1164
1165
1166
1167
1168
1169
1170
1171
1172
1173
1174
1175
1176
1177
1178
1179
1180
1181
1182
1183
1184
1185
1186
1187
1188
1189
1190
1191
1192
1193
1194
1195
1196
1197
1198
1199
1200
1201
1202
1203
1204
1205
1206
1207
1208
1209
1210
1211
1212
1213
1214
1215
1216
1217
1218
1219
1220
1221
1222
1223
1224
1225
1226
1227
1228
1229
1230
1231
1232
1233
1234
1235
1236
1237
1238
1239
1240
1241
1242
1243
1244
1245
1246
1247
1248
1249
1250
1251
1252
1253
1254
1255
1256
1257
1258
1259
1260
1261
1262
1263
1264
1265
1266
1267
1268
1269
1270
1271
1272
1273
1274
1275
1276
1277
1278
1279
1280
1281
1282
1283
1284
1285
1286
1287
1288
1289
1290
1291
1292
1293
1294
1295
1296
1297
1298
1299
1300
1301
1302
1303
1304
1305
1306
1307
1308
1309
1310
1311
1312
1313
1314
1315
1316
1317
1318
1319
1320
1321
1322
1323
1324
1325
1326
1327
1328
1329
1330
1331
1332
1333
1334
1335
1336
1337
1338
1339
1340
1341
1342
1343
1344
1345
1346
1347
1348
1349
1350
1351
1352
1353
1354
1355
1356
1357
1358
1359
1360
1361
1362
1363
1364
1365
1366
1367
1368
1369
1370
1371
1372
1373
1374
1375
1376
1377
1378
1379
1380
1381
1382
1383
1384
1385
1386
1387
1388
1389
1390
1391
1392
1393
1394
1395
1396
1397
1398
1399
1400
1401
1402
1403
1404
1405
1406
1407
1408
1409
1410
1411
1412
1413
1414
1415
1416
1417
1418
1419
1420
1421
1422
1423
1424
1425
1426
1427
1428
1429
1430
1431
1432
1433
1434
1435
1436
1437
1438
1439
1440
1441
1442
1443
1444
1445
1446
1447
1448
1449
1450
1451
1452
1453
1454
1455
1456
1457
1458
1459
1460
1461
1462
1463
1464
1465
1466
1467
1468
1469
1470
1471
1472
1473
1474
1475
1476
1477
1478
1479
1480
1481
1482
1483
1484
1485
1486
1487
1488
1489
1490
1491
1492
1493
1494
1495
1496
1497
1498
1499
1500
1501
1502
1503
1504
1505
1506
1507
1508
1509
1510
1511
1512
1513
1514
1515
1516
1517
1518
1519
1520
1521
1522
1523
1524
1525
1526
1527
1528
1529
1530
1531
1532
1533
1534
1535
1536
1537
1538
1539
1540
1541
1542
1543
1544
1545
1546
1547
1548
1549
1550
1551
1552
1553
1554
1555
1556
1557
1558
1559
1560
1561
1562
1563
1564
1565
1566
1567
1568
1569
1570
1571
1572
1573
1574
1575
1576
1577
1578
1579
1580
1581
1582
1583
1584
1585
1586
1587
1588
1589
1590
1591
1592
1593
1594
1595
1596
1597
1598
1599
1600
1601
1602
1603
1604
1605
1606
1607
1608
1609
1610
1611
1612
1613
1614
1615
1616
1617
1618
1619
1620
1621
1622
1623
1624
1625
1626
1627
1628
1629
1630
1631
1632
1633
1634
1635
1636
1637
1638
1639
1640
1641
1642
1643
1644
1645
1646
1647
1648
1649
1650
1651
1652
1653
1654
1655
1656
1657
1658
1659
1660
1661
1662
1663
1664
1665
1666
1667
1668
1669
1670
1671
1672
1673
1674
1675
1676
1677
1678
1679
1680
1681
1682
1683
1684
1685
1686
1687
1688
1689
1690
1691
1692
1693
1694
1695
1696
1697
1698
1699
1700
1701
1702
1703
1704
1705
1706
1707
1708
1709
1710
1711
1712
1713
1714
1715
1716
1717
1718
1719
1720
1721
1722
1723
1724
1725
1726
1727
1728
1729
1730
1731
1732
1733
1734
1735
1736
1737
1738
1739
1740
1741
1742
1743
1744
1745
1746
1747
1748
1749
1750
1751
1752
1753
1754
1755
1756
1757
1758
1759
1760
1761
1762
1763
1764
1765
1766
1767
1768
1769
1770
1771
1772
1773
1774
1775
1776
1777
1778
1779
1780
1781
1782
1783
1784
1785
1786
1787
1788
1789
1790
1791
1792
1793
1794
1795
1796
1797
1798
1799
1800
1801
1802
1803
1804
1805
1806
1807
1808
1809
1810
1811
1812
1813
1814
1815
1816
1817
1818
1819
1820
1821
1822
1823
1824
1825
1826
1827
1828
1829
1830
1831
1832
1833
1834
1835
1836
1837
1838
1839
1840
1841
1842
1843
1844
1845
1846
1847
1848
1849
1850
1851
1852
1853
1854
1855
1856
1857
1858
1859
1860
1861
1862
1863
1864
1865
1866
1867
1868
1869
1870
1871
1872
1873
1874
1875
1876
1877
1878
1879
1880
1881
1882
1883
1884
1885
1886
1887
1888
1889
1890
1891
1892
1893
1894
1895
1896
1897
0.2508036002993923 0.01505190512049168 0
0.7478260869565218 0.01472474255756345 0
0.2521739130434782 0.4849386886298359 0
0.7457725201050702 0.4857020550140795 0
0.9845352606467064 0.2410714285714287 0
0.01555273519478317 0.2609222420576652 0
0.4357740456109013 0.09633787981317996 0
0.5646617841929435 0.09390805351859066 0
0.4193833829128704 0.418796770391167 0
0.5833911974184702 0.4195023070123348 0
0.9845352606467064 0.1696428571428572 0
0.01616882734963354 0.3303153994684443 0
0.01469116251148628 0.1676033089955342 0
0.9859689982326845 0.3292069285804438 0
0.1842029860551657 0.01430854533820033 0
0.1825666517904581 0.4854944192273183 0
0.8173913043478263 0.01488171690126422 0
0.817906795348041 0.4846029258478574 0
0.5296905011099369 0.3891935413555354 0
0.4703395456590007 0.3893056775137264 0
0.5105596107103157 0.1149873326060927 0
0.1130783466398879 0.4860167991077264 0
0.8869565217391304 0.01491074437372739 0
0.8882121452976153 0.4855180467277928 0
0.1133748165077609 0.01550299455640908 0
0.6782121771088625 0.01461266516589596 0
0.3235757261491822 0.01488419909508659 0
0.6791741739466906 0.4852337028457624 0
0.3218328019989674 0.4846009663076061 0
0.01784063785542883 0.3818825544676139 0
0.9860175771844579 0.1164247622792313 0
0.01506520913230613 0.1158787461106444 0
0.9845731158488373 0.3817674612706568 0
0.5939692620785908 0.06579798566743306 0
0.4703094988900631 0.1108064586444646 0
0.4043099492008571 0.06452141821678709 0
0.3937696370252491 0.4498425899604671 0
0.6033788878861067 0.4522433624146964 0
0.9835231511883415 0.06307300391888648 0
0.01641351067971936 0.4394680786069986 0
0.0156903519743527 0.06312243011841465 0
0.9864538724781808 0.4371410291320441 0
0.06063605704851099 0.4859848292062535 0
0.939688314480732 0.01590412807415903 0
0.06086956521739145 0.01506131137016417 0
0.9405870723366834 0.4856136446054956 0
0.01484624814622254 0.2948668258207297 0
0.01600334728230274 0.2227231281822855 0
0.9825242301973818 0.2931917551771658 0
0.9845352606467064 0.205357142857143 0
0.7130434782608697 0.01464606851997385 0
0.7813656174288913 0.4813126110751313 0
0.2191680374119257 0.01334017225811301 0
0.2869565217391303 0.4849386886298359 0
0.2887709572649577 0.01413434577354095 0
0.7826086956521738 0.01480329555221621 0
0.7109069070986588 0.4868212428998737 0
0.3565217391304348 0.01506131137016412 0
0.6434782608695653 0.01506131137016417 0
0.8521739130434783 0.01490981414218123 0
0.217382005049924 0.485422016407396 0
0.1477616817505374 0.4853835107438162 0
0.1470593292334094 0.01468207211925357 0
0.8533611761239817 0.4849979320991618 0
0.3557636471261107 0.4844277870948522 0
0.6438169209983952 0.4844858727896694 0
0.6112607734881301 0.02953763338667739 0
0.3880948636001182 0.02854807722232144 0
0.9849700059662105 0.02650151841569462 0
0.01540826426311698 0.4721513218549641 0
0.01468687059557616 0.02627609867536326 0
0.9835827712449159 0.4728855950351465 0
0.3937061532114858 0.04652359752043927 0
0.3862416439520223 0.06425920771299554 0
0.3952342721151591 0.08015356446415722 0
0.3777459325031088 0.07931767921864352 0
0.3859165439817757 0.09488683618539326 0
0.3683010142278297 0.09379088575832467 0
0.3763472938480687 0.1093485813774576 0
0.3588148654865363 0.108370484311332 0
0.3668560577256833 0.1239526679188956 0
0.3494468241088285 0.1230716975968987 0
0.3574253274119803 0.1386220444124911 0
0.3400249137193 0.1377172704186961 0
0.3479466628982762 0.1532833599803617 0
0.3305384915599336 0.1523751957206392 0
0.3384586809398574 0.1679529747326656 0
0.3209163930488099 0.1670111302794245 0
0.3289028417262808 0.1827620024004281 0
0.3113777224566838 0.1817074070109109 0
0.3193834403085118 0.1975574975648396 0
0.301970304370362 0.1964390215208897 0
0.3099276010590117 0.2121489513804381 0
0.2924391133439785 0.2111579858041682 0
0.3462751808758497 0.1837759031235565 0
0.3004223787678588 0.2267585488718181 0
0.2829220065597338 0.2258568137867198 0
0.2749370114691843 0.2102437446900813 0
0.2654120545657006 0.224962131280329 0
0.2574631170394245 0.2093303480986443 0
0.2733987869006782 0.2405776620446275 0
0.2558785171383423 0.2396846974437806 0
0.2638313789069011 0.2552841296868842 0
0.2463351322860885 0.254406690679952 0
0.2542886618764193 0.2700089423961106 0
0.2367943834139135 0.2691338102848541 0
0.2447817002667159 0.2847569635079071 0
0.2272641078727872 0.2838699949223307 0
0.2192632023001053 0.268234101259529 0
0.2623099458971415 0.2856545698383552 0
0.2096650845926937 0.2830554094874173 0
0.2016994714724508 0.2672816957929319 0
0.2351020998560628 0.2997608864295565 0
0.1921179312344812 0.2821182219379456 0
0.1841235063907035 0.2663600684911464 0
0.3178674873275902 0.2278510600480806 0
0.313009722046263 0.1513545267733988 0
0.1745513720958115 0.281201644971828 0
0.1825571402331123 0.2969037968513584 0
0.1665290173890314 0.2655074179986263 0
0.1649828407386592 0.2960024200930742 0
0.1730121164899414 0.3116848079785112 0
0.1760940882977522 0.2506381869391818 0
0.1585019840936669 0.2498032970250411 0
0.1680962329861239 0.2350185059043206 0
0.1504818809574177 0.2341137992256953 0
0.1600523224531856 0.2193011974956304 0
0.1554171949969378 0.3107940326363872 0
0.1634430198469149 0.3264722049262742 0
0.1458521106512998 0.3255871164000492 0
0.1538825090220565 0.3412600727774208 0
0.1714542967587324 0.3421433086071133 0
0.3747228289689212 0.1396835088799294 0
0.1424585247729006 0.2184087391254576 0
0.1520229022122376 0.2035947386193712 0
0.1378119854868445 0.3098950288063186 0
0.1619060385038768 0.3569129375384161 0
0.1794506621242761 0.3578045265363874 0
0.1443387230177444 0.3560399997145615 0
0.1344359269730602 0.2027017185431504 0
0.1440125842100361 0.1879038475107015 0
0.1329000988901257 0.2332253417187769 0
0.1264103560218661 0.1870021416966225 0
0.135997048129527 0.1722110336410212 0
0.1535877465729701 0.1731149391386576 0
0.1455814367232992 0.1574361753838656 0
0.1631435513178207 0.1583337898110121 0
0.1551542052198012 0.1426794434028889 0
0.172707729593818 0.143578482644634 0
0.1375966303663135 0.1417510863392871 0
0.3411836090129531 0.1071232406440389 0
0.1647169094201479 0.1279401523529012 0
0.1822429088837723 0.128832864824025 0
0.1699185710974921 0.3725468361406357 0
0.1874397317438208 0.3734371071356405 0
0.1742647863203813 0.1132153014501691 0
0.1917710962959448 0.1141180451079471 0
0.199752966856676 0.1297195100496835 0
0.2092783596608428 0.1150200566050059 0
0.2172501334648785 0.130613883247623 0
0.226768555101244 0.1159196639769609 0
0.17791599519723 0.3881652490366018 0
0.1954208707269798 0.3890461172883202 0
0.2049456124027316 0.3743341825807484 0
0.212921397177613 0.3899287419808652 0
0.222435127268195 0.3752527498364684 0
0.2304033436461817 0.3908163297641328 0
0.2399107253877918 0.3761655604780232 0
0.2478792596256648 0.3916993846665252 0
0.2573785302760581 0.3770381622745669 0
0.2653406038602713 0.3925848051160297 0
0.2748375802955367 0.377913817350897 0
0.2827948092537463 0.3934698367937562 0
0.2922901306244372 0.3788019955672308 0
0.3002601877613156 0.3943542531917943 0
0.3097468820471282 0.3796890950127931 0
0.3017947345303614 0.3641491740788454 0
0.3192469229153845 0.365032050133511 0
0.3271956719288407 0.3805803630362649 0
0.3366889511837964 0.3659185561456844 0
0.3287449817186598 0.3503650429843166 0
0.3461878903721946 0.3512526764325006 0
0.3382410905539356 0.3356970673551444 0
0.3556874249879995 0.3365870157561914 0
0.3477412552591558 0.3210320720710147 0
0.3651862499346789 0.3219248864028935 0
0.3731340653467474 0.3374798153710506 0
0.3826308533952475 0.3228209534616443 0
0.3746852285412413 0.3072659373849024 0
0.3921129034549017 0.3081711670289445 0
0.3841820718307825 0.2926118444746711 0
0.4016062454674774 0.2935170910052802 0
0.3936783773802486 0.2779579141488201 0
0.4111149317889416 0.2788572140856023 0
0.4190139849843031 0.2944606082525721 0
0.42854393941178 0.2797962804961237 0
0.4206206692226149 0.2641467486947256 0
0.4380436585701423 0.2651058648437687 0
0.4459799252976959 0.2807287193560259 0
0.4554684640310936 0.2660551787876341 0
0.4475414287870468 0.2503926522220205 0
0.4649560525806022 0.251365008764025 0
0.4728913566142738 0.266945621248069 0
0.4823654732297901 0.2522760513384482 0
0.4903081520531278 0.2678054601660899 0
0.4997634993561884 0.2530833953392622 0
0.5077201801566673 0.2686807252126281 0
0.5171857267762436 0.253957526219297 0
0.5251349693315527 0.2695675251310626 0
0.5346172606092268 0.2549362284287388 0
0.5425512496306438 0.2704804161900513 0
0.5520310635745446 0.2558505404945361 0
0.5599567041009161 0.2714250977457188 0
0.5694256865151103 0.2567655167095281 0
0.5773590620297804 0.2723308604435178 0
0.5868061108652478 0.2575667159795791 0
0.5947674257094028 0.2732100077530109 0
0.6042151638931411 0.2584396379022695 0
0.6121732808983098 0.274095101990293 0
0.621639030741746 0.2593108363282399 0
0.6295657869952359 0.274936454927324 0
0.6390352125839178 0.2601904092547677 0
0.6469552362462385 0.2758768913515625 0
0.6564227311843039 0.2612107131641723 0
0.6643476824309968 0.2768561318432869 0
0.6738268358069831 0.262035898303488 0
0.6817487121253107 0.277704108482512 0
0.6912361790879206 0.2629040013835982 0
0.6991652015408065 0.2785511324863433 0
0.7086569169328983 0.2638755481620929 0
0.7165980971042604 0.2794634481071182 0
0.7260998360480646 0.2647791902449469 0
0.734049143237653 0.2803619774594313 0
0.7435584788017857 0.2656813147894508 0
0.7515154894617917 0.2812609056588118 0
0.7356004285511641 0.2500993976291312 0
0.7530701767484682 0.2509980934020067 0
0.745110174560482 0.2354088348305087 0
0.7625932109494588 0.2363061348032379 0
0.6658952424973732 0.2466141893757395 0
0.7546275599383805 0.2207114050043239 0
0.7721173197930147 0.22160893877857 0
0.689666296170276 0.2932432570259896 0
0.7641438000680876 0.2060153605840284 0
0.7816408504287616 0.2069069796037637 0
0.7896236573397324 0.2225162664040075 0
0.7991601610841355 0.2077947014473067 0
0.8071395791565079 0.2234300430696883 0
0.7911730063145097 0.1921756961144725 0
0.8086964503620633 0.1930626780876913 0
0.7419982375734695 0.2959423001636664 0
0.7594725869571193 0.2968464655211742 0
0.7499505047921102 0.3115272153648471 0
0.7674230907500379 0.3124316904612069 0
0.6137053454968685 0.2435713628620097 0
0.8007085861038441 0.1774359550441056 0
0.8182374447998109 0.1783284469534994 0
0.7579018282525507 0.3271045143791099 0
0.775370682728971 0.3280129286379921 0
0.637483733027272 0.2904946725538281 0
0.561488605977396 0.2411194229974753 0
0.8102395686735659 0.1627050070348133 0
0.7927236148075634 0.1618158708716357 0
0.8277767443216801 0.1635864739061078 0
0.8357842862999407 0.1792303745456959 0
0.7466700985266359 0.2051174063327402 0
0.845335243570476 0.1644706408771708 0
0.7658506093925961 0.3426817832079928 0
0.7833032415686865 0.3436582891396399 0
0.7928372321423239 0.3289316601193504 0
0.8007770280063178 0.3445860223544855 0
0.8103174007433811 0.3298350610541858 0
0.8182836714872034 0.3454571372632111 0
0.8278210138552753 0.3307269170366576 0
0.8358092784479925 0.346407827580141 0
0.8453511221664209 0.3316295628782515 0
0.8533550433312742 0.1801336227136639 0
0.8533427182244797 0.3473060501022537 0
0.7483922770478105 0.3417742253130092 0
0.8373130027433446 0.1488380090227903 0
0.8548813110306166 0.1497047464603839 0
0.7563369788227221 0.3573419936608154 0
0.7388935114469378 0.3564407695263896 0
0.8628626745226284 0.3325479914066195 0
0.474429982671589 0.2366488833897784 0
0.8087745789573104 0.3603381552750677 0
0.5852878721084664 0.2879430859154368 0
0.8708624728739853 0.3482099988770195 0
0.8613268378060559 0.3629850378687272 0
0.8468600667816268 0.1340679288703698 0
0.8644293126793015 0.1349367177956783 0
0.8548992683894264 0.3168532275040996 0
0.8723726683188351 0.3177369162164017 0
0.8644617759031501 0.3020591442573038 0
0.7468315356577768 0.3719945379109143 0
0.7293958232994957 0.3710932719928955 0
0.8788433569560703 0.3639012853162961 0
0.4982393108250504 0.2834070715324392 0
0.8693058878880635 0.3786476267751658 0
0.8868399550322703 0.3795751257631112 0
0.8819997138627118 0.302922298087427 0
0.8740414927056326 0.2872438586200129 0
0.8564130952917497 0.1192890518258183 0
0.8388393046304163 0.1184536783681221 0
0.8739855292360272 0.1201589606058235 0
0.8820102700577341 0.135827450208256 0
0.8916672680365392 0.2881504596177049 0
0.8836469718583231 0.2724270701255593 0
0.737331550218199 0.3866426771287689 0
0.7199008455349298 0.3857373595498092 0
0.8915767871551064 0.1210278058373673 0
0.7119661820621161 0.3701951014384965 0
0.7024768162408664 0.3848355122983764 0
0.6945436743972735 0.3692985335633619 0
0.6850550962788269 0.3839323729839934 0
0.6771244867538255 0.3683994270271412 0
0.3905747752089618 0.3383743594844438 0
0.6676389288037237 0.3830315314058013 0
0.6597101379613071 0.36750382161525 0
0.8962814983919163 0.3647217093524387 0
0.8772710514484954 0.3943079833230027 0
0.8947601207514047 0.3952397224474686 0
0.8660085825855999 0.1044322587936522 0
0.8996135006260293 0.1367239334958543 0
0.859728332031254 0.3933824937544942 0
0.7547301845998937 0.3875615264376751 0
0.8995819704408992 0.3038236189342969 0
0.9012929297813248 0.2733370602269967 0
0.8932562375851438 0.2575937836076662 0
0.6929700493114487 0.3994683156786129 0
0.2013065250458475 0.09942201436559206 0
0.2347340898523351 0.1315042373167682 0
0.2442494817735967 0.1168111805532316 0
0.3446339776862589 0.3814744152801038 0
0.7452595894129791 0.4021902746451348 0
0.7626502368261523 0.4031094759942223 0
0.1775870134175829 0.2200654115561628 0
0.2033705829337975 0.4046535397072781 0
0.8564317027230293 0.2864932606312375 0
0.2733004954003223 0.4081386847506202 0
0.9091893206910202 0.1219031713549908 0
0.6502276484751632 0.3821335773042513 0
0.6423005207122765 0.3666064588879557 0
0.8676913285253582 0.4090265549410274 0
0.8501809891593362 0.4081097860871203 0
0.2252250040364633 0.1462053451248125 0
0.3762396857752863 0.277058253707382 0
0.2427028993585535 0.1470847212878469 0
0.1183877483892333 0.1713018174452832 0
0.1087916840779125 0.1861168572491511 0
0.1007506599174338 0.170371559716239 0
0.09114041705711678 0.1852251997914462 0
0.281269338358448 0.2562904795468673 0
0.2383400527244218 0.4064029581679764 0
0.2362855810892749 0.1012364506435403 0
0.2537468727332958 0.1021243502896036 0
0.335141730053356 0.3961327127553157 0
0.5266676514334815 0.2391099766406267 0
0.5504739179842328 0.2860451027085218 0
0.1282365477101384 0.3247218023894692 0
0.1201827781250927 0.3089947641248106 0
0.1105926068856472 0.3238486923920025 0
0.1025298232384806 0.3080954323093043 0
0.09293166224167304 0.3229499351481201 0
0.1009981374085943 0.3387067130340832 0
0.1567487078398015 0.1123115950055759 0
0.1662845016629393 0.09760011584897485 0
0.1487842380417007 0.09669274776954406 0
0.3857388744209826 0.2624018127660739 0
0.3207892064613478 0.3348327445995603 0
0.1604103565225711 0.3872899825463388 0
0.1683917956292486 0.4028891290766833 0
0.1509021185242029 0.4020164092415675 0
0.6581543892091635 0.3976623129691491 0
0.7276500220228368 0.234521343791576 0
0.2668637799018798 0.3623912472322613 0
0.9011486719153334 0.1061935457727103 0
0.7705509141276812 0.2519189444286901 0
0.776936074494146 0.2977580120819656 0
0.3600863225015666 0.07811227559315626 0
0.9108270761365209 0.2584452480573349 0
0.9028575028767725 0.2427358987202413 0
0.875582682902619 0.2568789111410797 0
0.08332827433336309 0.3378149362779972 0
0.0914014323120686 0.3535612354730124 0
0.08309036154026356 0.169461529629669 0
0.09271497746493512 0.1546136437059074 0
0.9187580472030283 0.1070744268695761 0
0.910706839062899 0.09136920686815417 0
0.9172487894025536 0.1376165997643898 0
0.9076505716408783 0.1524192492202656 0
0.0848561621750607 0.3071957964236352 0
0.09447121878943843 0.2923285594898755 0
0.2457663027150091 0.08654780848614047 0
0.2632409229609691 0.0874566325718662 0
0.3525754343521977 0.3970231671881838 0
0.3430937483103917 0.4116713519711688 0
0.07504523727860818 0.1536986253977961 0
0.0847374415498891 0.1388949945976601 0
0.9187214739214895 0.2739440467634457 0
0.07346512266830979 0.1843204021510862 0
0.08152455251567486 0.200095724815628 0
0.1583197818468452 0.08199726753137254 0
0.1408297565953862 0.08108805873882569 0
0.1588823991797408 0.4176022486264298 0
0.1413873976786357 0.4167266085830778 0
0.07678110061289228 0.2914261942002624 0
0.08641255416277277 0.2765456868035021 0
0.7531892312463995 0.4177280679819479 0
0.7705828836850774 0.4186441646303291 0
0.9205458012969359 0.2436592037094477 0
0.9124906796161882 0.2278921696522846 0
0.2711973852105214 0.1030079783000943 0
0.2806864445842853 0.08834407809082823 0
0.07372350818878382 0.3526776886863238 0
0.08179895653823982 0.3683983797184417 0
0.2144660326834815 0.3596923596257353 0
0.6517813636872476 0.3519781685994386 0
0.634373805641801 0.3510812555424669 0
0.6248918219442005 0.3657074399604986 0
0.6169670075201565 0.3501836491570252 0
0.6074861465387543 0.3648086585999619 0
0.5995611655432125 0.3492852914506563 0
0.5903003158295865 0.3637975541888613 0
0.5821924073933451 0.3483680180788686 0
0.7040260021979134 0.3546542530024361 0
0.2383487613805396 0.2387823874496559 0
0.1312890412154973 0.09578838541356238 0
0.1233233606418286 0.08014254900863571 0
0.6407444904099208 0.3967605871278331 0
0.6486674234719243 0.4122868128103254 0
0.894730159025954 0.227257900657267 0
0.9283002656443451 0.09224469126741736 0
0.9202452923183155 0.0765589363743937 0
0.9026806269824923 0.075685362436482 0
0.9254133798623305 0.1533001786174855 0
0.8581362610987625 0.4237293754833272 0
0.8406485474563115 0.4228018863683317 0
0.8756338726660484 0.4246575350984451 0
0.2939972719258653 0.1808478237513085 0
0.3682948813943966 0.2615014684484127 0
0.3777977131474752 0.2468440937122997 0
0.1333978710070481 0.4011697285865 0
0.1238801868096099 0.4158619693336871 0
0.2727351529591608 0.0727998356366438 0
0.2901637367468894 0.07368990463954295 0
0.9043725671142242 0.2123169163881207 0
0.9221058149097274 0.2130653996870704 0
0.1318825813882542 0.4314494432282765 0
0.1143833873279342 0.4305884613119923 0
0.2332454333698872 0.1619211554414196 0
0.2886420181464791 0.1038927643514177 0
0.8326916040806152 0.4072038158822447 0
0.8231216763737468 0.4217905206778715 0
0.6090438541087697 0.3346621608729614 0
0.1711459498004101 0.1739577168051338 0
0.8022418532129094 0.1470969686239143 0
0.7847197796919234 0.1462242258472552 0
0.7942526591577733 0.1315010029775867 0
0.7767419533436255 0.1306342330652427 0
0.7862730769033175 0.1159179672603273 0
0.7687966248041895 0.1150428753644139 0
0.7592594926203124 0.1297354769146105 0
0.7513316105167088 0.1141601088903622 0
0.741828348140219 0.128825509378405 0
0.7338856120759554 0.113274988861845 0
0.7243962471237273 0.1279355490075876 0
0.7164539749670739 0.112326486621476 0
0.706967360035316 0.1270332806925076 0
0.6990283197414436 0.1114294266903907 0
0.6895445922564409 0.1261380575945269 0
0.6816047814345498 0.1106071193813232 0
0.6721260560841122 0.1252611626998659 0
0.6800644576173036 0.140789694553946 0
0.6626486663858208 0.139904027604304 0
0.6705861717003666 0.1554304281095072 0
0.6531721507927627 0.1545414283015768 0
0.6452358741819965 0.1390143016321425 0
0.6357598826955303 0.1536539573313953 0
0.7608783705315836 0.09942176915859924 0
0.6436961831515299 0.1691759761057329 0
0.626285655208366 0.1682878812387305 0
0.6910789551395411 0.09598107744205076 0
0.6736626130260706 0.09509730709554154 0
0.618349148138038 0.1527668038066301 0
0.6088757262990023 0.1674003041384433 0
0.7259857641929139 0.09765483849279272 0
0.6880014013806355 0.1563204984880867 0
0.678523372578601 0.1709609573366387 0
0.6009394213713267 0.151879666231154 0
0.5914665634302871 0.1665131408262907 0
0.6104156556147891 0.1372396973420328 0
0.5835303164961417 0.1509927727502945 0
0.5740573806737763 0.165626204342014 0
0.5661211484915029 0.1501058324001907 0
0.5566483693579088 0.16473901016499 0
0.683463404949832 0.08016461906892458 0
0.6658862830496177 0.0794730924442888 0
0.5994034214414472 0.1820340015508689 0
0.6342213716961025 0.1838091012416827 0
0.7323254960823778 0.1435136569663884 0
0.5645845480989276 0.180259532605009 0
0.547175700723924 0.1793722983664025 0
0.5392385878754156 0.1638518104868447 0
0.5297656460246817 0.1784858417917719 0
0.6959447007296601 0.171851779261752 0
0.6864647180585827 0.1864973115514824 0
0.5218279108753188 0.1629644825992584 0
0.5123545187800308 0.177599326486901 0
0.5044166364265891 0.1620773606411356 0
0.4949427042117059 0.176713185697776 0
0.4870043225513504 0.1611902052409168 0
0.4775298667163811 0.1758270314435616 0
0.4695905951246234 0.1603023887595787 0
0.4601156151550745 0.1749407531531954 0
0.4521764051354435 0.1594155388648756 0
0.4426990713857732 0.1740556971133347 0
0.4347569395933837 0.1585257596981815 0
0.4252779049917163 0.173170375454874 0
0.4332220904291558 0.1887029726303707 0
0.4157963920411989 0.1878171730836508 0
0.5028835855673996 0.1922336617090021 0
0.4237431694314466 0.2033545371724322 0
0.4063126774348383 0.2024676606039547 0
0.7561714180967803 0.1904277484051597 0
0.1905177787671198 0.3126662203314815 0
0.73577607740999 0.416822662324142 0
0.3810824979108443 0.3530277374861971 0
0.3985172007788287 0.3539219827941681 0
0.3890201595633488 0.3685802470821888 0
0.4064589791871022 0.369427808118326 0
0.4159455515517364 0.3548119801738733 0
0.7324819077713294 0.3106148043659272 0
0.6562800046540853 0.09419257850895291 0
0.6483491059739084 0.07867078824261092 0
0.638854653566911 0.09331637480201266 0
0.2791561771942075 0.1185577228317324 0
0.3587926932793144 0.2761591923376064 0
0.81984304723346 0.3151316554745475 0
0.7801326606934489 0.4041658542449536 0
0.9121889878566576 0.06091983256167011 0
0.9297677911011579 0.06176418526434974 0
0.1489440313037088 0.264604796242609 0
0.8437885793605666 0.1949053697556595 0
0.1137785007392987 0.09485333058185391 0
0.1058023572573409 0.07921102077147552 0
0.1063696059335356 0.4149877107350267 0
0.09686632967670394 0.4297368995976151 0
0.06717902730581998 0.3062975558875972 0
0.0687031652788454 0.2756446878477042 0
0.07834040694930994 0.260754978519315 0
0.3938148726177919 0.1106824052738806 0
0.3983892443761589 0.1869435421256544 0
0.3888820065129901 0.2015847358362255 0
0.09624981988226411 0.09391591515299322 0
0.08826233630184654 0.0783042947467979 0
0.07868941311974326 0.09301978836411079 0
0.07069823922247914 0.07738549850570381 0
0.08883525664054093 0.4141623350616146 0
0.07932009154293312 0.4288894140681961 0
0.07154829968139154 0.4135011648062381 0
0.06716462575583954 0.1380009062045171 0
0.8946334028494292 0.06006772927551171 0
0.761118189378532 0.4332614039513561 0
0.7785071140840161 0.4341772479690064 0
0.08027480377629898 0.06264526392853742 0
0.3605169407776667 0.4125600694149777 0
0.3510340020741251 0.427200926012133 0
0.3336186632382447 0.4263147570091957 0
0.9349366308438787 0.1384844212089973 0
0.1328754987491976 0.06547905967947795 0
0.06382480480256703 0.199191704458101 0
0.6579263104822617 0.06398500313956365 0
0.6312631556414048 0.4113854992929418 0
0.6391884888761113 0.4269076714339693 0
0.6565870559554743 0.4278086742135234 0
0.08735077742574571 0.4444979300507204 0
0.0698079346991855 0.4436478354513271 0
0.0627147320051667 0.06171807765981327 0
0.0641211747675009 0.3675462904243995 0
0.0610993065788783 0.09217138617444495 0
0.4238854873517323 0.3703114087527682 0
0.4333792844809775 0.355720647438811 0
0.5726752414189359 0.3630115334131426 0
0.564756247650128 0.3474855492657368 0
0.8311019006194447 0.4374656924278569 0
0.8660900725030309 0.4393408918527042 0
0.883580500199544 0.4402797688377229 0
0.06061525462449552 0.2598994883862369 0
0.3415560768429373 0.4418376866094561 0
0.3241028064269678 0.4409913346239913 0
0.5551121885164101 0.1948924509858608 0
0.2507542138143524 0.1629338281296641 0
0.4680555880174442 0.190466237810767 0
0.4142612794833561 0.2180057456680904 0
0.350843637117049 0.2605991548493264 0
0.3413367088440844 0.2752652973270968 0
0.6438542909958792 0.3364548217770598 0
0.6612607063915249 0.3373519454692731 0
0.5742381807142775 0.3328601427535704 0
0.556826411800096 0.3319650818294677 0
0.5473446173674695 0.346589784330343 0
0.5394189628194805 0.3310656105016662 0
0.5299594565476546 0.3452357062186593 0
0.522014359226467 0.3300896235226477 0
0.5125547951875253 0.3442481694551128 0
0.5046065664996853 0.3291615587725488 0
0.4951218445689625 0.3437855925360401 0
0.4871920602062028 0.3283288136305997 0
0.4254340090166049 0.3401770065121309 0
0.7038683716372813 0.18739956869138 0
0.6943969214389332 0.2020350671370248 0
0.6769773319372066 0.2011455590500218 0
0.4777054385683966 0.342970869793486 0
0.469777353107963 0.3274646742038025 0
0.2157068070648472 0.160932274757411 0
0.2238147214931362 0.1767639963521035 0
0.4173355622733071 0.1576382887316485 0
0.4268151219837538 0.1429944362716067 0
0.09952566279839636 0.3692356678392048 0
0.1040984673425311 0.2774535018475113 0
0.07192395727867235 0.2149381527162785 0
0.0896023040075784 0.2158666339770852 0
0.8613586040549852 0.1958232326175841 0
0.8517947427311361 0.210593143537582 0
0.8708194341659496 0.1809762709536983 0
0.6404123487273481 0.06315876125593717 0
0.05602954871330984 0.3517822217017074 0
0.9140330388681583 0.1974477634284871 0
0.9317325241171071 0.1982490371395881 0
0.9398132010990838 0.2139659987582682 0
0.3963450723367653 0.3837061414484767 0
0.05738010680671685 0.152802946864296 0
0.5989981968551618 0.3789257788644083 0
0.942471881058127 0.1538914831228509 0
0.3762762218001832 0.05018783209983424 0
0.5313016636329373 0.1483306175524336 0
0.5755939669971307 0.1354726781668599 0
0.2822166120548835 0.05815822838577933 0
0.2996348906797988 0.05904421130934917 0
0.2648020292840728 0.05727029183698393 0
0.3075830777914457 0.07456982977068788 0
0.3170500233366238 0.05992686486897569 0
0.6471109038739918 0.4424245255670148 0
0.6645056617252453 0.4433243996387091 0
0.50151318845797 0.3598527311483021 0
0.1223954147437334 0.4461640774584446 0
0.1398655937745167 0.4470210964414361 0
0.7690460328508779 0.4487917758653295 0
0.7516425759523997 0.4478837945225714 0
0.7864508139699571 0.4496969642570181 0
0.05097328196288381 0.2747640680424387 0
0.05421095824784189 0.2139652785296434 0
0.04609320870370848 0.1982654862821032 0
0.04952938822822583 0.1370709293461791 0
0.3582547433767692 0.4425372782276679 0
0.9519920365874253 0.1389550889246212 0
0.9486903307684658 0.1996272337384631 0
0.2967704605664816 0.1195505350094373 0
0.2873112375587933 0.1342444205100651 0
0.3333859334375163 0.2596986428997897 0
0.3239023541251272 0.274391472730925 0
0.3249956153646182 0.0754454043737231 0
0.3344612423640511 0.06080786077830569 0
0.6849109899543181 0.2166782415116548 0
0.6674919321181444 0.215885524866366 0
0.4316909523332726 0.218891880575759 0
0.6533338325744278 0.3218296942004303 0
0.6707325747798875 0.3227193298627503 0
0.8851324257837736 0.07480258420609084 0
0.877128478363622 0.05919795042707776 0
0.8676234796709417 0.07391246010474936 0
0.8596381637214845 0.05832158039097551 0
0.8501324943324825 0.07302570702300309 0
0.8421588757239038 0.05745138035725267 0
0.8326610076946177 0.07214012535351516 0
0.8246921014432198 0.05657984957117543 0
0.815202546554596 0.07125635898850435 0
0.8072398488186736 0.05570812742600445 0
0.7977571623590707 0.07037422657761017 0
0.7897997393538565 0.05483674307833036 0
0.7803233100304174 0.06949322002316358 0
0.7723707098511883 0.0539648234579255 0
0.8057115479657729 0.08592578416693286 0
0.7628995430116521 0.06861344480888859 0
0.7549508971134391 0.05309313392321552 0
0.7454841676102912 0.06773472344578957 0
0.7375388085189152 0.05222022241331331 0
0.728075179363071 0.06685690950856257 0
0.7201307767214082 0.05134731207069554 0
0.5314821638486772 0.3154883968287664 0
0.566308244104693 0.3173405591007866 0
0.4792642035352256 0.3128266312893518 0
0.4618560552342455 0.3119272487043748 0
0.8152166664411886 0.4062690636194281 0
0.8247375722293829 0.3916144384440559 0
0.9216224687938588 0.04608935283620391 0
0.9392815701042311 0.04698090458629106 0
0.9473577849985255 0.06263093455554511 0
0.7751969304527107 0.1609625091789813 0
0.1763727578627888 0.4184814377034451 0
0.1758017386543267 0.08289902765767909 0
0.1678462364710309 0.06731773285388359 0
0.1853090323467864 0.06821653015716123 0
0.1773634597174384 0.05265092581431047 0
0.1948103998258048 0.05355353311877326 0
0.8037538181397348 0.116799693320675 0
0.2027575069383039 0.06910762563305423 0
0.2123050513575261 0.05442605410036078 0
0.1668551197728033 0.4331798217724712 0
0.1843321802137863 0.4340500602201252 0
0.1748036282599455 0.4487527771023995 0
0.1922739252075793 0.4496165863051262 0
0.2017811491350146 0.4349425342680129 0
0.209733696625416 0.4504868623321401 0
0.2192138886398047 0.4358305749400349 0
0.2271594108464966 0.4513634305762871 0
0.2366370802864128 0.4367172086805332 0
0.2445828630006379 0.452219845343041 0
0.2540541665076462 0.4375991588533689 0
0.2619970505366034 0.4530957483413819 0
0.2715470015250162 0.4384468960750881 0
0.1023453060012372 0.1398091760052539 0
0.1601115808507299 0.05187631808311022 0
0.1889778638638823 0.3431052530123635 0
0.3161989888960722 0.4254359976264528 0
0.3067336555238996 0.4400674966248056 0
0.6739822175511175 0.4287106934218229 0
0.6818996018988315 0.4442255731529339 0
0.7309433693384449 0.340875611683547 0
0.3952416327324401 0.2477441098275288 0
0.2669577447199434 0.1946280371005841 0
0.6359332068927391 0.3208825154969346 0
0.5725208170875579 0.1957796967168263 0
0.5837117832046594 0.3182396292246231 0
0.5581849768629428 0.1345856143416424 0
0.3061052558667714 0.1047892895456982 0
0.7007180239118571 0.2482729124462949 0
0.6913763461509479 0.4296144039729627 0
0.6993167605003668 0.4451488915158531 0
0.8931275064869753 0.4255968243811375 0
0.9010840453714013 0.4412265560947006 0
0.9106428146470809 0.4265066608340247 0
0.9186137390302132 0.4421752429412973 0
0.9281954871943852 0.4274127996502949 0
0.936185166729059 0.4431298981265177 0
0.9458087596971823 0.4283514295802366 0
0.9377957387075553 0.4126073982491416 0
0.9554494693778728 0.4135472734878428 0
0.9474200906035999 0.3977807409627273 0
0.9090304512490537 0.4568786926469587 0
0.3318359280643219 0.2899388695970395 0
0.3143652959090646 0.2890562762379403 0
0.7133678066589795 0.1727531885879999 0
0.2111994325686191 0.2523358936448403 0
0.7976061020128908 0.2381597602331632 0
0.8151328845928847 0.239074014525976 0
0.8055908226621893 0.2538174903832442 0
0.8231359245849594 0.2547221737284868 0
0.8135725738632045 0.2694653828367166 0
0.9444189435469703 0.1235525259137332 0
0.206194404097256 0.1756790611839672 0
0.214259752951471 0.191403241357112 0
0.1297821413445003 0.2941704565305646 0
0.4784954671353551 0.1439457609994136 0
0.1217016488793222 0.1104518087862423 0
0.7118081759051798 0.2030057101133183 0
0.8326827263507304 0.2399863863185867 0
0.7960191289980501 0.2685015688959544 0
0.3429125595365073 0.2450367486887142 0
0.1966663805423123 0.1904126740931561 0
0.2046558799628527 0.2060266111202284 0
0.2222476066951232 0.2070014080338239 0
0.8072890585826371 0.3906901721483143 0
0.308352918079687 0.2425226425321173 0
0.9297944135186595 0.3968794095876802 0
0.9393869930503793 0.382019439409535 0
0.8039547067393064 0.2840975904671729 0
0.4094133449315284 0.1421184777852836 0
0.3999377552991248 0.1566805816830842 0
0.4188945058371964 0.127477174552983 0
0.435928673166236 0.1285406648516177 0
0.8215110545196249 0.2850782761417465 0
0.3809291441332882 0.1860365202622645 0
0.371475104395861 0.2005524781642049 0
0.8406710825441336 0.2556153975785381 0
0.8502395420580996 0.2408556454765524 0
0.2795139712103316 0.4537992780162734 0
0.8691365480522792 0.04360980595553063 0
0.04643044271764352 0.3662058563422645 0
0.054371031087105 0.3804175918763931 0
0.0722883036780208 0.04707065867712279 0
0.08982440992358259 0.04793316197299491 0
0.05472397417506586 0.04613666300745076 0
0.6498803499775174 0.04853228697226636 0
0.6674465316137096 0.04930865974690032 0
0.9563348292644189 0.04809365294445708 0
0.9535934693740207 0.4441865107810278 0
0.441305205683837 0.3712460870722387 0
0.4318914634890395 0.3838062983552464 0
0.8740426695564183 0.4547377999947219 0
0.8565423557075598 0.4539317515815717 0
0.8341630798834154 0.04204332100273764 0
0.3090926755186486 0.044623234168612 0
0.6220995463771729 0.4258501038122517 0
0.6140257535858014 0.4105332192482712 0
0.7992688698940935 0.04048129033158934 0
0.07820169135102228 0.459064481107807 0
0.9569512663965123 0.2147132106356708 0
0.9475784027608913 0.2295858759540459 0
0.06073713866057934 0.4578402313094589 0
0.05225448410090666 0.4427881327358328 0
0.3144679658205189 0.120762691670485 0
0.7106697979232995 0.06597956051375148 0
0.7027535407597972 0.05048899434264284 0
0.09548201856380178 0.4595056101898793 0
0.2742593102162828 0.04300852059191715 0
0.0427972016025801 0.4571417572388097 0
0.563042628766705 0.2105176473659739 0
0.5804505403146309 0.2114241233646779 0
0.545638901861624 0.2095429131992322 0
0.2494642684265806 0.1937238537688622 0
0.3320615291350171 0.4561988836401819 0
0.2126553146362908 0.2216566502003873 0
0.4222025648219737 0.2336330199438342 0
0.3873165711203307 0.2319830256317817 0
0.3698707185106114 0.2311262539846282 0
0.8405542599093967 0.08783608552918354 0
0.7644197174600573 0.03885208050142053 0
0.6627991075777525 0.307199071348025 0
0.08221069798888853 0.03215346712139727 0
0.2202453331827238 0.07001428245566907 0
0.229775075069503 0.05535534014584542 0
0.4713383702681998 0.2972578221235269 0
0.1304012668044478 0.4613971351419515 0
0.7387066104865913 0.1894817467375285 0
0.7482119923388941 0.1748402461330014 0
0.2987084395914028 0.4245743794293596 0
0.7087707107925628 0.4305158812317867 0
0.7167626322978696 0.4460668331787253 0
0.3700025059639198 0.3979179399646193 0
0.3752266946175964 0.4116164121646946 0
0.3065095414465393 0.2733582915995215 0
0.2969285058065897 0.2881581247431202 0
0.3048555758646124 0.3037342743832889 0
0.2873890624007963 0.3028630063736931 0
0.2953377516884368 0.3184277175721446 0
0.277881516578233 0.3175610288686078 0
0.2858442316225643 0.333108583551551 0
0.2683588814548383 0.3322152478058523 0
0.2604644722135766 0.3165516504327214 0
0.2508488186335774 0.3313466313784471 0
0.3715714638548776 0.3677029137305864 0
0.6467847527071937 0.1088412382850474 0
0.6293740255056162 0.107951956005955 0
0.6214397565168925 0.09243349864414438 0
0.611964086418509 0.1070677215713717 0
0.03829172515794571 0.3511740158802813 0
0.04611420774841418 0.3339781304362631 0
0.6516318780228818 0.1847012462170147 0
0.6421556622748021 0.1993320767828614 0
0.624748769517891 0.1984413685852744 0
0.6326809329595585 0.2139610900655237 0
0.6152760043499497 0.2130713940585443 0
0.6786696637472407 0.3382478531832952 0
0.6881257508696704 0.3235632728613954 0
0.7959654591347174 0.4351769719430988 0
0.8038458301988005 0.450675005469775 0
0.2696940718723558 0.1332646544512774 0
0.2776611853233174 0.1489349694798221 0
0.4603029924993244 0.3420633941650383 0
0.4679124850517843 0.3583599322207398 0
0.1982044073971489 0.1600504233983727 0
0.834204810583832 0.209677093328522 0
0.04553888188666366 0.06057919371657045 0
0.6550536764113424 0.4574969430949385 0
0.6379481124892333 0.4560369738011112 0
0.09444575696329899 0.124129620629119 0
0.09827833202937758 0.3995054230721772 0
0.069086330630799 0.1077084172619634 0
0.05148017838699775 0.1069854841434532 0
0.04344083104693569 0.09123534694071314 0
0.25684236233504 0.04233925391212365 0
0.9217958844776124 0.3811833010935374 0
0.9313905784400716 0.3662866521536357 0
0.9490355017063445 0.3671712679682919 0
0.9409788868184121 0.3513912836146526 0
0.9233307150275369 0.3505065971659187 0
0.9329159723981584 0.3356139329293252 0
0.9152260473584157 0.3347988439119955 0
0.9248671061135036 0.3200146693784605 0
0.9425497442910202 0.3207656955708716 0
0.9345211181565349 0.3051533344340767 0
0.9521849177938095 0.3058482216653061 0
0.9441947898173537 0.2901351821429352 0
0.9586708408121039 0.3523035119179549 0
0.07998803744286065 0.2306369221177064 0
0.09766997243272807 0.2315700142084828 0
0.1072462725351668 0.2166993025032553 0
0.03991713310392775 0.1517729063435102 0
0.04799188002588867 0.1675154985238873 0
0.8693277946518674 0.2114627343124618 0
0.5369053895074434 0.3601023013442113 0
0.8962878647073265 0.1969428299675251 0
0.6042919437305342 0.09274157909766673 0
0.5952531112879786 0.1069087396642301 0
0.7296005969546102 0.0372167361019744 0
0.9059467411849422 0.1823135502968413 0
0.9333677984784798 0.1688570344485475 0
0.951961856854731 0.1701329324443891 0
0.6898702305803468 0.4591684430477003 0
0.6332479943021075 0.04758823052555725 0
0.6240827316446796 0.06221582365059525 0
0.2002533823038233 0.4651393372892886 0
0.03713794507250351 0.04508503335263239 0
0.04355263569051721 0.2586082399198932 0
0.05254098960642511 0.2440270886821567 0
0.2043088055100878 0.03928633925003833 0
0.03578560363710259 0.2428696674846879 0
0.2351124685611214 0.466883743654282 0
0.9441573185358225 0.4585754172194465 0
0.1694248996542101 0.03708984061957168 0
0.659427648844268 0.03454930303528753 0
0.5680341526576027 0.1205050954554678 0
0.5522762011715427 0.1200166892660585 0
0.9601193711415221 0.4592657803487153 0
0.03191770074406669 0.2719414666291607 0
0.04160449488597923 0.2888799781846654 0
0.03261967819645889 0.1362735105246699 0
0.959809740466917 0.3213141786871438 0
0.6040160210977535 0.423951637706129 0
0.269938422832085 0.468634728303426 0
0.08694148177250732 0.4727381489421257 0
0.7595593996695968 0.4634056654550406 0
0.7421906703427137 0.4620320952779175 0
0.4119490754280325 0.08145107540440283 0
0.4042327028284827 0.4319791965554248 0
0.4027356659395641 0.4116146324342162 0
0.3862131595546067 0.4344040147941411 0
0.4162895297943363 0.4025659252579638 0
0.3888555590223372 0.4683754419331825 0
0.6120082254177488 0.4710476556015831 0
0.5800766043757142 0.08397117845821461 0
0.5683600069211826 0.4069002786163919 0
0.5824088188457204 0.4034459097683529 0
0.5743382070963802 0.3919325704149829 0
0.4537170356400665 0.1043778601883425 0
0.4600017666896045 0.1204294173849386 0
0.490611247080409 0.1166209255360719 0
0.5026313815754734 0.1300768290361924 0
0.5098551452357063 0.3854212484979382 0
0.4881727160721357 0.3848189682705672 0
0.147857778747867 0.4622057950124551 0
0.3784347138891295 0.4557538543355886 0
0.5466815634512268 0.3927852355008608 0
0.9647520566287477 0.3993523171923933 0
0.9720629338579574 0.4150795250493665 0
0.528470789643903 0.110701631888956 0
0.3697958431097945 0.03219385838462119 0
0.6025887951560769 0.0480615476799659 0
0.7941227416217098 0.4653480257886863 0
0.961104109673163 0.1242825809512468 0
0.9535945214017656 0.1085577267589346 0
0.9691532869908914 0.1415612031076541 0
0.9688147197206356 0.3700865412245723 0
0.9735831225207807 0.3542406601058841 0
0.9625125521387927 0.2911871364477819 0
0.9539436694571166 0.275140124304261 0
0.9715115815640962 0.2760221437866025 0
0.9629941916620499 0.2605633535410476 0
0.9456812098804521 0.2594936376858265 0
0.09936013655526044 0.03320850730225747 0
0.1070507076861298 0.04895899997532493 0
0.4550217424457993 0.3942130462976576 0
0.03333170987830542 0.2137914378933159 0
0.02875209140311935 0.1944007935715738 0
0.1518421550941317 0.03760154465794585 0
0.02867584941965245 0.3658045628791616 0
0.9673976303135565 0.2306763053177845 0
0.04768913790075241 0.03038182265434597 0
0.1177382025021249 0.03476629597182301 0
0.677089996825271 0.03640396886952654 0
0.4313933518972954 0.408460355030645 0
0.03137251555300147 0.1069830847057285 0
0.0277578233471007 0.0905972455709329 0
0.01802681846744336 0.3495826994672504 0
0.3704599571576724 0.4729101107535075 0
0.5255438303803717 0.3730419614944502 0
0.9823693475345106 0.2598537140999253 0
0.8112334088949091 0.4671595020005865 0
0.8637509179449814 0.4694992931086728 0
0.1302551804232358 0.02250757581885277 0
0.4272378861454127 0.1130942593433817 0
0.9485071346612144 0.03202809009007188 0
0.02373112641606495 0.1512337114038234 0
0.9644849921272514 0.06362696206695914 0
0.955408762788867 0.07836713497395353 0
0.973247229471857 0.0795909784301434 0
0.4783370866479799 0.1273198707773722 0
0.03463730227271289 0.4419098759165953 0
0.04606925784156879 0.4280762835448025 0
0.2639814312609663 0.02873461988742604 0
0.9682535893266382 0.03320723790805444 0
0.02557062472058508 0.4564175489355939 0
0.1340436068614104 0.03839946178446996 0
0.9572342600346193 0.01577281466923619 0
0.6932697595362655 0.06510290393125731 0
0.7010706273415458 0.08073961660833107 0
0.7359679000797913 0.08243261303589522 0
0.9699804307864992 0.3072495437599801 0
0.770803985309534 0.08420083288630734 0
0.09520207911277218 0.01584089843245687 0
0.258974490065924 0.1790164017332294 0
0.7958145028194823 0.1011683506801745 0
0.3424462467643217 0.07658223499338809 0
0.3518542843726651 0.06218386803331807 0
0.3436854158508567 0.04616493779127062 0
0.332955518816397 0.09103273185968522 0
0.8134241962108021 0.1018605807351676 0
0.4015765608498308 0.1263918192896512 0
0.230207834926514 0.222612065588688 0
0.6232028971293787 0.2286474019157501 0
0.6406109447962431 0.2294791203865994 0
0.6057738542768252 0.2277883213634928 0
0.5962222932471237 0.2425032894232428 0
0.5535652713316748 0.2253714970960401 0
0.6754269087567286 0.2313849715899807 0
0.9307992247763124 0.03105870933250565 0
0.9130350846200661 0.03041321642625772 0
0.536160611750102 0.2243769864253674 0
0.5282291594195878 0.2086783379205225 0
0.5187267443939554 0.22338901661629 0
0.2952843525715181 0.1499576210727227 0
0.2857608896391208 0.1649380068064071 0
0.5091912753809641 0.2380757342711839 0
0.5013076205188256 0.2224684406605014 0
0.2889179307532673 0.2725695047663326 0
0.6928529521892927 0.2322189044454302 0
0.4396224568595377 0.2346098542628438 0
0.4491080497958841 0.2198945690889208 0
0.2429868589582383 0.315557686455398 0
0.233351539476368 0.3304570921705196 0
0.2413468589743257 0.3460393824406431 0
0.2254668678842297 0.3146864000455319 0
0.2159221753484372 0.3294788710220978 0
0.2890645872056062 0.439284489290297 0
0.2970081016225445 0.4546501581242844 0
0.2175512339813823 0.2989260148675785 0
0.9669503695158432 0.1984673031566599 0
0.3146039565391064 0.4552640120755695 0
0.3049403275539614 0.4704737690635354 0
0.8167779132799274 0.3759926594657369 0
0.8342623469012402 0.3768945593127901 0
0.7993187911267765 0.3751334134716345 0
0.7911933819435368 0.3595746809766144 0
0.7817462184413688 0.3740193711883478 0
0.2207173803715499 0.2375497809331898 0
0.2031729274385793 0.236562416490611 0
0.3793868988411296 0.2162875891068378 0
0.3619393898478143 0.2154383555910175 0
0.3540970322978844 0.1995900187991607 0
0.3446145368542242 0.2145626047366264 0
0.2414001553740661 0.1778480363870987 0
0.2635566501143169 0.4229457166468318 0
0.2473118851884784 0.05643682950662651 0
0.5757923629493921 0.302691248947032 0
0.5932096065606467 0.3035853516738905 0
0.6027419337139269 0.288964748781538 0
0.6106126315968444 0.3044821245533137 0
0.8755910500579094 0.0895891980905707 0
0.5583816821885367 0.3017724941335829 0
0.7976934075471631 0.4051995504653965 0
0.2286950609718284 0.4211799302313901 0
0.4887527378654687 0.2981264609840641 0
0.8262839079410256 0.361205221144722 0
0.4578873687731379 0.3752497731139599 0
0.2282487080546544 0.08561318323085676 0
0.4539182888308365 0.2963679962960198 0
0.4444053445166635 0.310993560927356 0
0.1871008180557609 0.2051533702980047 0
0.7342296732927148 0.4469002654458138 0
0.7247942556939568 0.4611541135084122 0
0.7073352347701691 0.4597382938775347 0
0.6970047814844407 0.4746252511348745 0
0.9846554598319754 0.04373775215033002 0
0.985745452963158 0.4549102361235267 0
0.01836285092896295 0.04468649851397363 0
0.7656803658771247 0.1757236545949559 0
0.1129489421371716 0.4604123627415188 0
0.8213146568777794 0.1175883828121303 0
0.2394297357115725 0.04139851088209476 0
0.2218769457881565 0.0406955593819599 0
0.2326404412737363 0.02566943233922137 0
0.3877129706267523 0.4002919986310348 0
0.905753578877968 0.3497608451550265 0
0.8976644874192223 0.3340948256572631 0
0.1573398912015131 0.4478184298581506 0
0.1652829647307569 0.4634468626475585 0
0.18276997048209 0.4638894221631787 0
0.7576950732655665 0.1600932370086254 0
0.7402511890832064 0.1592098179313697 0
0.03413899465983994 0.4714592833614949 0
0.2811043946155285 0.4237632679523364 0
0.1858843042334064 0.403769960752613 0
0.1090676577546547 0.3544348977289309 0
0.1172132263442832 0.3701028350642819 0
0.1267091514490378 0.3552929372984622 0
0.1348321364302168 0.3708782040865925 0
0.1186513952155018 0.3395653871967826 0
0.8516425666218622 0.04286317298501061 0
0.09783917996920716 0.06359833586109359 0
0.1149985176034617 0.06465047514510078 0
0.2377100514664097 0.07092259542505611 0
0.8484304405705844 0.1036090185267328 0
0.8309542509815804 0.1026931906403322 0
0.7262668038852691 0.43143072703075 0
0.7183196606700913 0.4159087146639605 0
0.9840237099431868 0.1880502168468615 0
0.9682913241366611 0.1793518648128199 0
0.9688636091540037 0.1615760799542995 0
0.01544805099383428 0.3125666912897411 0
0.03047263038886133 0.3226713394846406 0
0.8864768594098389 0.04459224094924363 0
0.1103668851020571 0.1555385642679057 0
0.6758327178507951 0.06461811289882038 0
0.1809752901468738 0.3274121775979827 0
0.0152479385434342 0.4198054909276552 0
0.01580772371294026 0.4014683835594467 0
0.03193472090435706 0.393981916525839 0
0.03018551426457877 0.40982574897864 0
0.04461217087668562 0.4031046911891992 0
0.9265987066578989 0.4573094883420152 0
0.9159725934705709 0.4716971133495171 0
0.8985179836165915 0.4709957576612174 0
0.9845414457716184 0.2232249986648847 0
0.0149495405251453 0.2780254783406121 0
0.4634061572245285 0.2816958259380158 0
0.2176735112239856 0.4660171826171523 0
0.848591305064136 0.4383889327396107 0
0.8389021326264656 0.4535064208576387 0
0.2558184643097699 0.4072749269034639 0
0.7831882888131279 0.1765715767127909 0
0.585358093722039 0.1211135421167357 0
0.01799357923338091 0.2419444318572804 0
0.7672243729210799 0.1453331989468759 0
0.8167013656584715 0.04159332393549175 0
0.1868398356632694 0.03844382959935386 0
0.9830088211697052 0.09645976372977183 0
0.1837815639358017 0.09850548979252818 0
0.3082192836418954 0.4099026007733405 0
0.7818461650969923 0.04009124173688933 0
0.1199928012286196 0.140806069985774 0
0.6198935999047539 0.1225966563733413 0
0.5883621295570348 0.2270267312421871 0
0.7371443618411369 0.2198124609938461 0
0.7196714465874023 0.2189446119621178 0
0.1049197235563159 0.4452801230773465 0
0.220832970201174 0.4055460023936494 0
0.291667190850473 0.04399429615289349 0
0.2993374351977109 0.02956074461250086 0
0.3794530918305957 0.3834301095992607 0
0.161582706914977 0.1887559421120586 0
0.8913770219902315 0.4555675042394169 0
0.7470211926935604 0.03857834999374626 0
0.2527806835047776 0.3003762700268058 0
0.7085244805392337 0.09645740238634753 0
0.9847323306047429 0.1517133567008019 0
0.8851316208433393 0.2421528248915825 0
0.2764266852741597 0.1798790268930072 0
0.4047631446427691 0.2327880496959547 0
0.412706897406663 0.2483898541848307 0
0.7783486247541702 0.1002902383856108 0
0.7245417895323318 0.2950424510595649 0
0.7150306658245424 0.3097166420200059 0
0.7229881484921109 0.3253014329249208 0
0.7404430059490594 0.3261996340052268 0
0.7135033714232699 0.3399812803263019 0
0.7769541322821326 0.4643114105321542 0
0.8007714272155918 0.4830705107853769 0
0.8284912078543174 0.4686083798117255 0
0.4428624137597352 0.3410884161771709 0
0.6834625727656116 0.414095288517623 0
0.1506127658564579 0.06656153280737331 0
0.727836957250681 0.4012922227828003 0
0.4364489434429123 0.2953966395243256 0
0.4269602700652786 0.3100429986024134 0
0.2907312683773685 0.4090338371485345 0
0.149368830499244 0.4322996080849736 0
0.3264645320376904 0.04554189639875028 0
0.3340552570345719 0.0306014421731334 0
0.0960536752507884 0.2616885735644645 0
0.1137537980169406 0.2626993893788041 0
0.1217572322358566 0.278443776781384 0
0.8659983037323751 0.2717431380402451 0
0.3485267342324493 0.4570802268993234 0
0.3400186855449453 0.4719775757901585 0
0.09921293505860879 0.200992184419221 0
0.712206318351829 0.03666242727155145 0
0.6946177657887326 0.03732457090725091 0
0.7103930641408633 0.4003744465922638 0
0.210754309838581 0.08469561351409097 0
0.8468914751491623 0.3013129191158172 0
0.8197624883966714 0.1479772609061271 0
0.303324703007015 0.3339624230517894 0
0.7434325451185484 0.09853801384072364 0
0.2187848329405572 0.1003232487790439 0
0.6414940966624711 0.03112112464204875 0
0.5978561273929346 0.2122555663985244 0
0.2908760270854248 0.2415112174526211 0
0.2986705619623926 0.2575274290810451 0
0.6724675185667419 0.4580645834118882 0
0.6625143695747595 0.4734268802585377 0
0.3708361923397386 0.4272036159275903 0
0.35585200744597 0.1688642488596217 0
0.1362784061776298 0.3404112192961242 0
0.4411670085458015 0.2042588492036811 0
0.4585880974257701 0.2051460951927171 0
0.4665250633357947 0.2208032427704064 0
0.4759922153931988 0.2061224561773209 0
0.4433227066492138 0.1443500652373551 0
0.5678742011167311 0.2870786263383333 0
0.540942137853214 0.3007003032543847 0
0.1471826463009709 0.127029681597821 0
0.721454709961363 0.3555400479950111 0
0.1938347263553325 0.4193653411936213 0
0.6454073847988546 0.3062812301214615 0
0.6548785024563033 0.2915883204926168 0
0.6280186730859093 0.3051973399701972 0
0.6110484214985877 0.07628648039984595 0
0.5899279732339053 0.1966991957400779 0
0.1523924221758447 0.3716860525065785 0
0.7642367304722959 0.3729537035737213 0
0.714907413068528 0.1425913815293018 0
0.1936471959449019 0.2514991331120355 0
0.400050610125442 0.3237427399422747 0
0.4031835638253152 0.2632496089512636 0
0.6264508823914358 0.3355509151429084 0
0.4597992096057392 0.1454445486682581 0
0.6328181357599959 0.3812331807055398 0
0.630199161391126 0.4411802617843373 0
0.7437154389679069 0.4323543672145614 0
0.3572418854797228 0.3063714209758985 0
0.5156457550955149 0.2843164883540318 0
0.6547148077318865 0.1243707000088642 0
0.1279870916565083 0.1565074578438562 0
0.3541310988255074 0.3668112898951744 0
0.6168131322935293 0.1829212260544295 0
0.5440884107794043 0.2401274420137974 0
0.5709543336779742 0.2264143763888257 0
0.5819934506609836 0.1811519619635145 0
0.2981201259512226 0.08923368712549332 0
0.5916441485720023 0.333759774817139 0
0.6278263710485532 0.1381239160280449 0
0.6026479856391048 0.1218809693529677 0
0.4960406395299498 0.1465678710101604 0
0.5132639174764033 0.1471376717602065 0
0.5234823558836215 0.1294350690932667 0
0.3636339852644509 0.3521419137114443 0
0.5930809066400886 0.1364298876600074 0
0.6155758450744829 0.380248167535466 0
0.6070048030934371 0.3945671061637519 0
0.6311299122611085 0.2442417304049932 0
0.6484973450206869 0.2456441158032216 0
0.6579913613022139 0.2308605854659978 0
0.6641955026063163 0.1097283509965992 0
0.5487119640701326 0.1492187230364064 0
0.7626232493230967 0.4853549578514654 0
0.2347826086956523 0.4849386886298361 0
0.727679101485569 0.4860139741975553 0
0.6611093460167348 0.1700684924695582 0
0.5407761584680658 0.1336985138006437 0
0.4080030214346712 0.3392887162567694 0
0.4840783241653283 0.3581385697737149 0
0.6309101923726459 0.0778059200128787 0
0.4966779012615172 0.3137079291707323 0
0.5061572122864479 0.2990384963980591 0
0.5547906676977911 0.3616761154494978 0
0.6235720305941738 0.3957879600123007 0
0.6073438495983671 0.1975546995715768 0
0.7304347826086957 0.01448946732603815 0
0.6955525961835917 0.01417624305304438 0
0.3032874768722375 0.1659373567614654 0
0.3051192161663581 0.1354949500295731 0
0.6500824011912227 0.2149573124803073 0
0.3653065601456073 0.1542214827291242 0
0.3731221732600764 0.1700267616551551 0
0.5488932671024496 0.3163887409414424 0
0.5377023794209895 0.1940151153384692 0
0.6755577012391514 0.3985638308210071 0
0.601125858872032 0.3191283548588216 0
0.485470698916137 0.1913718574603658 0
0.4570305056717424 0.2356190350829991 0
0.6690463198542667 0.1856009187468788 0
0.5140856981703498 0.3146395102213471 0
0.7070975290540095 0.2941598689084571 0
0.6976082705533899 0.3088660174851431 0
0.1969629543939465 0.3587633418790187 0
0.3620612620855596 0.382393305942988 0
0.5202929291599961 0.1931275511007773 0
0.686609403438928 0.3537703045728604 0
0.6974828936608072 0.1416808538345182 0
0.3223278486029839 0.3046121041226766 0
0.3237168412087855 0.1059981441314284 0
0.3504800194930893 0.09248962326253179 0
0.2552610574290166 0.07190566557721953 0
0.626086956521739 0.4849386886298359 0
0.6373049051799999 0.1234831280555659 0
0.7736662882663986 0.1913035026691952 0
0.66918841264669 0.3528754116641307 0
0.396820429672569 0.2171861344238075 0
0.4506412451598366 0.1895951008506777 0
0.6264940139334134 0.01675951451526664 0
0.6608695652173913 0.01506131137016409 0
0.8835734902825714 0.1053036298402459 0
0.4078833413359775 0.1722875193287532 0
0.3603562336354583 0.2459154074833546 0
0.5108100454417428 0.2077942633218101 0
0.07227459305473388 0.3827474833732425 0
0.7652173913043478 0.01460888744527544 0
0.1999545337549389 0.4858839796678346 0
0.8310801043523263 0.2703538144685268 0
0.6595642542330873 0.200270439690575 0
0.4808226808084415 0.2825397103320341 0
0.284333528173122 0.3632765360595961 0
0.6660685600320737 0.4131879354589085 0
0.618530851157955 0.3199839018158561 0
0.7183822915733092 0.0816868234242801 0
0.5330483167326575 0.2851905589606321 0
0.6833283447253971 0.2470579648656824 0
0.3667390658171679 0.2917133687736725 0
0.8230846348861276 0.08695202090227264 0
0.7689780161746143 0.282169964158108 0
0.7533804479695431 0.08331391012396475 0
0.7882357255971453 0.08508286625298217 0
0.2617067752100842 0.1176912405379647 0
0.7737778601068677 0.3583716369578552 0
0.2844479043104536 0.1955307487372812 0
0.7848791937599606 0.3133480120004766 0
0.3177130957718923 0.3952381267445339 0
0.2461146466566163 0.4220809876490917 0
0.8 0.01459563072071812 0
0.1669243697026689 0.0139819733644346 0
0.2021896553374624 0.01403919713385313 0
0.430122945944663 0.2493796656920039 0
0.8580567178544858 0.08873412134464864 0
0.3256642516519754 0.4107825911466679 0
0.8347826086956522 0.01475368513030179 0
0.1650954634200688 0.4860372806568746 0
0.1932851127932745 0.08380771685335098 0
0.8899310974811534 0.1514393880838255 0
0.9202342713881242 0.4117368183483143 0
0.7008820673052543 0.4149961751095349 0
0.8931388506808298 0.09049058786904235 0
0.8517702416605379 0.3777620943068674 0
0.718157970382835 0.2492030844433399 0
0.1569639401137271 0.2803078670879521 0
0.9043464271468227 0.01504296154722562 0
0.1302272736465618 0.4862631075471905 0
0.8695652173913044 0.01472625382840387 0
0.2077358795481964 0.145318288664793 0
0.3155308647956825 0.09008224515661972 0
0.4933932307886373 0.207015375945787 0
0.7880509270958235 0.2528499366027052 0
0.3319368376100126 0.1219007288678233 0
0.9218912186489163 0.01540316923002466 0
0.07525959315266667 0.322061274159551 0
0.1409401561993841 0.2488951499793215 0
0.8117651806675945 0.1323694035337915 0
0.2288190709223243 0.2535152947176271 0
0.2479060156696827 0.2239525965097985 0
0.2522092573343827 0.1323812623372947 0
0.6960821987128547 0.3391110992098438 0
0.3524696058787562 0.2302723478572792 0
0.8629035380918921 0.165358020828735 0
0.9268204112990899 0.122775687625032 0
0.3492912968118408 0.2908212742545849 0
0.6722685546347209 0.2924830283086624 0
0.7610224512939441 0.2665879167691739 0
0.8422285143437276 0.3924945312979288 0
0.705422156505497 0.1572147702570754 0
0.2112880630394919 0.4202529871223311 0
0.7800903552197669 0.237226663541729 0
0.9300281234671559 0.228725992993132 0
0.9505300384508355 0.3364702012219045 0
0.1121312103045898 0.2932536832551734 0
0.8851938889824438 0.4099584317691635 0
0.1473901185154985 0.2950982082537716 0
0.05912188411969133 0.2904005483878939 0
0.3397908403536739 0.3054872976905486 0
0.9569564870337166 0.3831408394382299 0
0.8262282865095782 0.1939625843862886 0
0.8437992218302219 0.3620934650525836 0
0.7055564009793064 0.3244232908046018 0
0.9091138563458545 0.2889173595116146 0
0.4838997649126811 0.2219866776749049 0
0.8724326517657144 0.1505850877772996 0
0.1392324314320491 0.1114010011158262 0
0.8293091166829054 0.1332157772522219 0
0.06546177561260597 0.1685371869194242 0
0.06534380552441543 0.3365822274363916 0
0.8023428152222047 0.3142751055794734 0
0.1158678385371591 0.4003482914449289 0
0.2601892472469042 0.1481194758377472 0
0.3302850452684737 0.3201552333381561 0
0.8373636766173604 0.3160423896163715 0
0.1806677116302463 0.1592005385208141 0
0.9575538494151632 0.4858495856275629 0
0.6201113728329792 0.2896067221189538 0
0.7307611345746605 0.1737884118951592 0
0.8166792577888624 0.2087000622676108 0
0.5235549729986607 0.2999350235141664 0
0.1902281954315647 0.1444270088510115 0
0.2682428530038203 0.1640123232496743 0
0.1168329518898639 0.2017972013546704 0
0.7292274655733488 0.2041773867059229 0
0.3128200218154783 0.319287416177936 0
0.7102242237531617 0.2335908755520511 0
0.7228391993288749 0.1581785378612157 0
0.7023116633578653 0.2176047848459727 0
0.936295645860969 0.1078924689766692 0
0.4506082917081327 0.3572880416979931 0
0.9040496837154426 0.04533611653530437 0
0.9622538338002506 0.4290058912604394 0
0.4523813013015896 0.3265311621487364 0
0.06213689778782777 0.4282455203990115 0
0.3112883186997213 0.349497369702557 0
0.4349171949201401 0.3255959450317372 0
0.05314858175157078 0.07643512952717751 0
0.3739130434782609 0.01500633986925765 0
0.2588374849812343 0.3468693381801565 0
0.6802000924309495 0.3080123294819943 0
0.1393721052512579 0.2793818817006998 0
0.9378269304869709 0.0774526063101636 0
0.4174804324746219 0.3246719719417894 0
0.4918182056184554 0.2374906743414512 0
0.1886753600802911 0.1748042946166557 0
0.1120692633297851 0.1251312871243641 0
0.05580479761970558 0.1833997802780864 0
0.1248564910397419 0.217549894269402 0
0.749763995352127 0.1444518161910459 0
0.2938289311472246 0.348634074608939 0
0.5788609643439414 0.2420294301634925 0
0.03288326252081331 0.07416788053134249 0
0.03924255297103796 0.1813443125736828 0
0.2493806402289611 0.3615308659094367 0
0.9027008347785743 0.4108742688264658 0
0.7785049354165872 0.2675215879141384 0
0.05008593891902946 0.3047733489145321 0
0.1695771516785382 0.2044106845642513 0
0.2000650195710468 0.2979146085249442 0
0.05771867053579938 0.3209491099035378 0
0.8803056488036529 0.1661562158861384 0
0.4095374077620041 0.309101096128879 0
0.1296292369228434 0.1260951558248858 0
0.8246475612809689 0.2243557115630318 0
0.142887478671481 0.3864579154253719 0
0.1152969319335845 0.2323815759723789 0
0.9699795131550828 0.3368757373814613 0
0.2763444728801439 0.347749171239726 0
0.786443337869619 0.2831185763719518 0
0.8422235180684039 0.2252692556652647 0
0.411034529301981 0.1119969155521069 0
0.7943974314666382 0.2987161825391237 0
0.1951276171687288 0.2208801661631493 0
0.2525356677586668 0.4676269779219634 0
0.0900965582771901 0.3839186077328359 0
0.945822937120036 0.09306699506348226 0
0.384234023594834 0.1252248828404903 0
0.8597374715489018 0.226139666073008 0
0.1856208458756116 0.2357773033609102 0
0.1791247278453816 0.1895824470815434 0
0.1313641828273796 0.2636637457397847 0
0.392042982986769 0.1408961681166996 0
0.1984786467148818 0.3284478553368411 0
0.2319329502229378 0.3606544320198225 0
0.7896959668453334 0.3896264649874679 0
0.8787116983620034 0.1964672074510065 0
0.207994761779652 0.3137241833983091 0
0.2239369709276168 0.3450885859563086 0
0.7880988720995727 0.4196883294618811 0
0.6853630900401104 0.05000103340715184 0
0.390530906846158 0.1714058145976812 0
0.8459717331588263 0.469483733991961 0
0.8055755877366391 0.4207228360462318 0
0.7212899274726734 0.1884343354552181 0
0.363649006341499 0.1846584465212967 0
0.8211553208362304 0.4522712634462163 0
0.1041585005687658 0.1094883610272296 0
0.2064689786239778 0.3441276381609684 0
0.3367554785375008 0.1987231680778722 0
0.1233370627381716 0.2479912430350996 0
0.2700581971670889 0.3018233290493168 0
0.3351305915187691 0.2294690978642923 0
0.2795439214100731 0.2869787157115966 0
0.414553638337408 0.3862836378008845 0
0.9122977202446839 0.3960926713448453 0
0.271672147039838 0.2709230370105193 0
0.03200847985600286 0.3040985351963059 0
0.8118825587865091 0.2996640931966433 0
0.3256126289861153 0.2441536939717965 0
0.1253482698440949 0.3856357959942006 0
0.3160723230062297 0.2586086954691992 0
0.7721986663130822 0.3885727327377313 0
0.9043133793515155 0.3803841259760917 0
0.5424790742217314 0.3755279218903929 0
0.8293798453121745 0.300569113559474 0
0.2400137166228802 0.2082831974724355 0
0.2320043859517406 0.1926141730323097 0
0.8134609624832632 0.4363503816685084 0
0.963511496537298 0.09388734209375516 0
0.9138109390944367 0.3654738718161081 0
0.322516191153731 0.1366008939134359 0
0.1077216479717503 0.3847911035246049 0
0.07804747082151298 0.01493810554804081 0
0.07030841955262229 0.2452131805526455 0
0.1057169995492835 0.2470838084886132 0
0.888257783791236 0.3490969540130712 0
0.08663379254246661 0.1085542337089316 0
0.8955584123318838 0.02993554991574793 0
0.8802667911448343 0.3334125272733102 0
0.08061570371144239 0.3985318124584206 0
0.06234730107186587 0.2296041027045503 0
0.8389433507172779 0.2858183114232229 0
0.08801291852959886 0.2461579129085379 0
0.9828082448214988 0.400760705098253 0
0.9361774077247518 0.2745831180958098 0
0.07693523600261576 0.12326600700278 0
0.8485075990044064 0.2710561942071361 0
0.04454807377781322 0.2285688325517804 0
0.05947165101776891 0.1223417914033115 0
0.327279855934268 0.2133853966120249 0
0.402884660171864 0.09632749026986942 0
0.8580749311778999 0.2562872960704607 0
0.8898028540726406 0.3185347119374116 0
0.3523460825338839 0.03145396870701014 0
0.06514821293463136 0.03138757121470492 0
0.9072830414230202 0.31934598224939 0
0.3826105345844428 0.155485719610279 0
0.04188264820000276 0.1213739620592186 0
0.86761316906244 0.2415317181494519 0
0.9169536892924404 0.304511487090969 0
0.2696398584794604 0.4877024211126196 0
0.9266137225430708 0.2895407546731418 0
0.8771700610412505 0.2267688851080892 0
0.8867666908171041 0.2118694123140784 0
0.9280942041429792 0.2590611220527981 0
0.9160400569950449 0.1678683493657043 0
0.8881773903248671 0.1815910746276924 0
0.8710768593495946 0.4848836203561346 0
0.4750016210148897 0.3730303869274447 0
0.8782608695652167 0.02946934638883281 0
0.9376348411201088 0.2441873101976755 0
0.5778064232053025 0.1038745834860604 0
0.8975787402977848 0.1668707042363507 0
0.9552685638261093 0.2451671728330722 0
0.04312012816780786 0.4858682693977768 0
0.3399788247245848 0.01480829994556804 0
0.9236274243970471 0.1832309695270192 0
0.01549476575706588 0.1350792034091737 0
0.06045608088720905 0.3973485528032256 0
0.5972986277057459 0.4072997679820638 0
0.9406550299610945 0.1844499733505153 0
0.01392009231374752 0.1870239378294679 0
0.9734283021949119 0.4859250056530194 0
0.04314795986831937 0.01434964166133662 0
0.02653373931154723 0.01447777369653827 0
0.2876714689916106 0.466499324427471 0
0.860755277626839 0.02905048258465004 0
0.3605502753641124 0.04744024277349912 0
0.8811629329592388 0.4702003370146594 0
0.5469018079748803 0.1048083463588294 0
0.9858418268368561 0.1339285714285715 0
0.3161455753374601 0.02975450000373611 0
0.9855350473663107 0.3647438809901881 0
0.9712576556214418 0.4449696268904598 0
0.3691004552646674 0.06401044602847883 0
0.835882688312745 0.4846154952917843 0
0.1420976014548324 0.05173846709782903 0
0.01515130402201265 0.2053235592755467 0
0.5817532710961627 0.3776390401787899 0
0.8433276462476123 0.02865903051386792 0
0.3044850606931944 0.4880026848001955 0
0.9742903915966659 0.01469262567804092 0
0.03142925381735578 0.1660382568449404 0
0.985473564305533 0.3125282869115355 0
0.3055904915157048 0.0143203511980077 0
0.62123544939714 0.4550624617524335 0
0.9051871770954962 0.4861249485335083 0
0.02622939412877295 0.4861351748845354 0
0.01490284919558998 0.08071045427651191 0
0.09525331731748643 0.4863127326714485 0
0.9703978028789166 0.1102138577231092 0
0.1243147783354901 0.05062186726584028 0
0.385440203111941 0.4852636301587304 0
0.8258436095011485 0.02829357779177877 0
0.3226914601543995 0.4677030413754103 0
0.5932162040109504 0.4358798850843461 0
0.6261254253066818 0.03406190339827669 0
0.03115737589580814 0.02957452626872265 0
0.6123575450267082 0.4390279520923657 0
0.4994348458833014 0.374075267118383 0
0.05199412541820092 0.4718632735218606 0
0.4190593471585773 0.09727742980483756 0
0.6303220588349895 0.4700378223461645 0
0.02981484182245969 0.3375443169473759 0
0.2812635903636159 0.02863192260391456 0
0.5616931971434735 0.3796849380872539 0
0.9233173745477099 0.4856663242885412 0
0.8084975074339308 0.02785887333150883 0
0.3391752008470481 0.4882012658385234 0
0.06918025881436657 0.4723611464575091 0
0.0129491572963174 0.3660714285714285 0
0.9872810318591977 0.2765278083270244 0
0.03094572721811123 0.4255688288303178 0
0.0144792118655544 0.09948938614396516 0
0.645931027661744 0.4682968984580843 0
0.05556443328730837 0.4138786637882896 0
0.2701229307946815 0.01341332338021908 0
0.519482412066949 0.3586553918865943 0
0.7910223802592418 0.02745872561553273 0
0.03693025792673338 0.3787598201256676 0
0.07808880901388437 0.4862328095462227 0
0.9871000578810922 0.4197414876035112 0
0.9342437486024429 0.4711104420756148 0
0.03012334975733849 0.05854906645607408 0
0.9705129987965866 0.2474663948726517 0
0.1041322595707991 0.4729750237648453 0
0.02950539319681117 0.2296940414617356 0
0.6614489189909255 0.4886292911787939 0
0.3749764325059818 0.4423025090670483 0
0.3642483524557777 0.4575683598694702 0
0.2487395141761415 0.0306387444282715 0
0.7736937372917945 0.02701145051089976 0
0.5958637102158624 0.08243306768790412 0
0.608901374886635 0.0614330164539105 0
0.9722875659121517 0.2143934783867155 0
0.9879558403659807 0.07996760635861755 0
0.6181302481472868 0.04530301392183356 0
0.1215587810127473 0.4733963791330766 0
0.9504781955898918 0.472261467357143 0
0.3558034753033911 0.4687928120814624 0
0.6802062148305958 0.4701037721397526 0
0.7562180934148151 0.02663231323251269 0
0.4424368953697178 0.115418776551127 0
0.9711860125106626 0.05035903837363007 0
0.2344354592752718 0.01081230194356519 0
0.9568885341290356 0.153223357510763 0
0.6115776223591076 0.4871763744785645 0
0.6120272611443145 0.01313780603426831 0
0.3884325371580127 0.01278727206651398 0
0.1388558362800641 0.4736147164852051 0
0.5617625946874544 0.1082582126900934 0
0.7388066471771643 0.02620090960443716 0
0.6956780420711753 0.4893360393761021 0
0.2131697753102584 0.0276648750657737 0
0.02738055906579889 0.2868509069646888 0
0.9665658560272625 0.47320855890218 0
0.4020910478750127 0.3971838282528303 0
0.01098378313802872 0.4553571428571428 0
0.1563905921756076 0.4741510135120376 0
0.9742424493893433 0.3214349350641129 0
0.3892381470531911 0.4203915457953082 0
0.02791038497083714 0.1225255986822211 0
0.9871860640988637 0.4871978163479601 0
0.01172238285098992 0.01172220304580887 0
0.02909722418584881 0.2557119731054459 0
0.9713304064617938 0.386704365306606 0
0.7214066082400209 0.02572097071501653 0
0.489508619958841 0.1337726813079164 0
0.5906583585630785 0.09398582967881519 0
0.9863742484006852 0.3455235830602832 0
0.7160094085822782 0.4722442724285306 0
0.1954982068506397 0.02747459565110366 0
0.1738568326066149 0.4746175642928243 0
0.04422143659229411 0.3180806557151434 0
0.01201415600235783 0.4878705290383299 0
0.9874584072960051 0.01267418307526016 0
0.1440586680415238 0.02782782212945831 0
0.5910559926138705 0.3921579048281967 0
0.7037768244870291 0.02568679935441676 0
0.1913137796691528 0.4750284423069387 0
0.733729274159302 0.4726247485582927 0
0.9550927716483242 0.1864620818732882 0
0.1783153818039125 0.02733471568611273 0
0.4449594955762791 0.3839332709306657 0
0.5380933217855023 0.120126574917777 0
0.686287691668798 0.02546846419100235 0
0.370575433533421 0.4880994437716879 0
0.9750982136646857 0.1255561990540791 0
0.02538408625644961 0.1784460599415059 0
0.2087773614205941 0.4755400489247359 0
0.4658090378155761 0.1333110455155894 0
0.4253248486861906 0.08381050926981401 0
0.9764049430157906 0.4272140211959721 0
0.7507820691496829 0.4726969186163303 0
0.1600581038914528 0.02665577609647207 0
0.4499391885306001 0.1315431967900862 0
0.669010165451345 0.02498957447879729 0
0.9739489639323056 0.4623292401161695 0
0.5599059549509195 0.3964492545381809 0
0.2262010359701404 0.4758165041377858 0
0.1304027635717487 0.009466648527460042 0
0.04194554041450843 0.4155870294779542 0
0.4266902019702282 0.3957913750310734 0
0.009976986763961915 0.1516386817297335 0
0.7677936885166873 0.4727518886557478 0
0.5111658844048597 0.3702093200291336 0
0.04453350254507521 0.389841652453543 0
0.2434782608695649 0.4760973445933123 0
0.3819682704303954 0.03936334130680405 0
0.4399927092297736 0.3966003008778073 0
0.4878465553216256 0.3706109768803454 0
0.6521739130434785 0.02384173424090708 0
$EndNodes
$Elements
21 3802 1 3802
0 1 15 1
1 1 
0 2 15 1
2 2 
0 3 15 1
3 3 
0 4 15 1
4 4 
0 5 15 1
5 5 
0 6 15 1
6 6 
0 7 15 1
7 7 
0 8 15 1
8 8 
0 11 15 1
9 9 
0 12 15 1
10 10 
1 1 1 23
11 1 11 
12 11 12 
13 12 13 
14 13 14 
15 14 15 
16 15 16 
17 16 17 
18 17 18 
19 18 19 
20 19 20 
21 20 21 
22 21 22 
23 22 23 
24 23 24 
25 24 25 
26 25 26 
27 26 27 
28 27 28 
29 28 29 
30 29 30 
31 30 31 
32 31 32 
33 32 2 
1 2 1 23
34 3 33 
35 33 34 
36 34 35 
37 35 36 
38 36 37 
39 37 38 
40 38 39 
41 39 40 
42 40 41 
43 41 42 
44 42 43 
45 43 44 
46 44 45 
47 45 46 
48 46 47 
49 47 48 
50 48 49 
51 49 50 
52 50 51 
53 51 52 
54 52 53 
55 53 54 
56 54 4 
1 3 1 28
57 4 55 
58 55 56 
59 56 57 
60 57 58 
61 58 59 
62 59 60 
63 60 61 
64 61 62 
65 62 63 
66 63 64 
67 64 65 
68 65 66 
69 66 67 
70 67 68 
71 68 69 
72 69 70 
73 70 71 
74 71 72 
75 72 73 
76 73 74 
77 74 75 
78 75 76 
79 76 77 
80 77 78 
81 78 79 
82 79 80 
83 80 81 
84 81 8 
1 4 1 23
85 8 82 
86 82 83 
87 83 84 
88 84 85 
89 85 86 
90 86 87 
91 87 88 
92 88 89 
93 89 90 
94 90 91 
95 91 92 
96 92 93 
97 93 94 
98 94 95 
99 95 96 
100 96 97 
101 97 98 
102 98 99 
103 99 100 
104 100 101 
105 101 102 
106 102 103 
107 103 7 
1 5 1 23
108 6 104 
109 104 105 
110 105 106 
111 106 107 
112 107 108 
113 108 109 
114 109 110 
115 110 111 
116 111 112 
117 112 113 
118 113 114 
119 114 115 
120 115 116 
121 116 117 
122 117 118 
123 118 119 
124 119 120 
125 120 121 
126 121 122 
127 122 123 
128 123 124 
129 124 125 
130 125 5 
1 6 1 28
131 5 126 
132 126 127 
133 127 128 
134 128 129 
135 129 130 
136 130 131 
137 131 132 
138 132 133 
139 133 134 
140 134 135 
141 135 136 
142 136 137 
143 137 138 
144 138 139 
145 139 140 
146 140 141 
147 141 142 
148 142 143 
149 143 144 
150 144 145 
151 145 146 
152 146 147 
153 147 148 
154 148 149 
155 149 150 
156 150 151 
157 151 152 
158 152 1 
1 7 1 9
159 2 153 
160 153 154 
161 154 155 
162 155 156 
163 156 157 
164 157 158 
165 158 159 
166 159 160 
167 160 9 
1 8 1 9
168 7 161 
169 161 162 
170 162 163 
171 163 164 
172 164 165 
173 165 166 
174 166 167 
175 167 168 
176 168 10 
1 9 1 9
177 9 169 
178 169 170 
179 170 171 
180 171 172 
181 172 173 
182 173 174 
183 174 175 
184 175 176 
185 176 3 
1 10 1 9
186 10 177 
187 177 178 
188 178 179 
189 179 180 
190 180 181 
191 181 182 
192 182 183 
193 183 184 
194 184 6 
2 1 2 3608
195 6 1778 184 
196 1172 1689 203 
197 1151 1153 233 
198 104 1778 6 
199 1115 1781 194 
200 236 1362 1145 
201 187 1649 1116 
202 1116 1726 187 
203 1131 1828 191 
204 194 1745 1115 
205 232 1763 1159 
206 1391 1496 243 
207 134 1170 133 
208 1391 1782 1496 
209 205 1441 1134 
210 1087 1689 1172 
211 1627 1774 225 
212 1142 1441 205 
213 220 258 257 
214 221 1123 1121 
215 220 257 155 
216 221 1121 182 
217 218 1127 173 
218 160 1133 219 
219 158 1131 191 
220 10 1136 1135 
221 238 1726 1116 
222 1148 1351 1304 
223 1116 1751 238 
224 1260 1605 1056 
225 196 1170 134 
226 221 1814 1123 
227 1133 1183 219 
228 1138 1814 221 
229 170 1755 1142 
230 218 1818 1127 
231 209 1165 1156 
232 217 1851 1149 
233 1149 1758 217 
234 225 1809 1627 
235 1332 1694 1182 
236 1145 1363 236 
237 1162 1805 214 
238 238 1751 1235 
239 1755 1870 1142 
240 1364 1671 1324 
241 1235 1766 238 
242 1758 1855 74 
243 191 1828 1177 
244 1156 1196 209 
245 1490 1832 1126 
246 1150 1855 1758 
247 1764 1863 1130 
248 1126 1788 1490 
249 233 1194 1151 
250 1111 1320 190 
251 1130 1863 1129 
252 1136 1785 1135 
253 1134 1441 1440 
254 1397 1846 1123 
255 1781 1784 222 
256 1122 1846 1278 
257 1757 1770 211 
258 1790 1802 239 
259 1344 1770 1757 
260 1186 1802 1790 
261 1277 1830 185 
262 185 1816 1277 
263 68 1173 189 
264 1413 1818 218 
265 1689 1791 1139 
266 1159 1812 232 
267 1791 1884 1139 
268 190 1850 1111 
269 1163 1319 189 
270 250 1800 1396 
271 69 1173 68 
272 1396 1813 250 
273 218 1819 1413 
274 1304 1831 1148 
275 1271 1783 1099 
276 1719 1741 242 
277 213 1780 1380 
278 1143 1613 252 
279 1026 1846 1397 
280 1380 1794 213 
281 1184 1188 224 
282 1374 1741 1719 
283 253 1269 1187 
284 1235 1780 213 
285 1115 1784 1781 
286 213 1766 1235 
287 1159 1763 1160 
288 1015 1720 1698 
289 1233 1303 1302 
290 1153 1797 233 
291 1124 1167 193 
292 93 1363 92 
293 1127 1737 192 
294 248 1761 1667 
295 1099 1809 1271 
296 1774 1799 148 
297 1056 1734 1260 
298 242 1613 1143 
299 1667 1761 1364 
300 1043 1789 1306 
301 1753 1760 1200 
302 1698 1720 229 
303 214 1796 1162 
304 983 1605 1260 
305 1174 1671 1364 
306 1015 1196 1156 
307 202 1363 1174 
308 1143 1719 242 
309 1306 1859 1043 
310 1278 1846 1026 
311 52 1190 228 
312 219 1183 1132 
313 1302 1303 195 
314 1187 1767 253 
315 1015 1698 1196 
316 1233 1302 234 
317 1490 1788 250 
318 1127 1854 1737 
319 1182 1821 1332 
320 216 1799 1168 
321 212 1826 1268 
322 1788 1800 250 
323 223 1182 1180 
324 1324 1667 1364 
325 1268 1838 212 
326 214 1805 1313 
327 53 1190 52 
328 211 1741 1374 
329 1303 1304 195 
330 1496 1782 251 
331 1764 1791 768 
332 755 1777 1762 
333 1125 1138 221 
334 228 1190 1178 
335 1128 1129 194 
336 1135 1172 203 
337 1134 1440 1439 
338 1374 1757 211 
339 1183 1876 1132 
340 156 1120 220 
341 236 1890 1362 
342 1170 1796 133 
343 156 1877 1120 
344 229 1720 1164 
345 121 1806 1775 
346 1169 1799 1774 
347 203 1689 1139 
348 1317 1808 1792 
349 1174 1364 202 
350 1332 1776 1694 
351 1269 1829 1187 
352 249 1794 1380 
353 1814 1815 840 
354 1175 1754 1733 
355 1278 1842 1122 
356 236 1363 93 
357 92 1363 202 
358 1164 1749 229 
359 1188 1843 224 
360 209 1176 1165 
361 820 1760 1753 
362 1792 1808 230 
363 1140 1851 1709 
364 1190 1767 1187 
365 1304 1351 195 
366 183 1125 221 
367 251 1144 175 
368 174 1144 218 
369 155 257 154 
370 165 1128 194 
371 162 1126 161 
372 182 1121 181 
373 173 1127 172 
374 167 1139 166 
375 193 1167 180 
376 170 1142 169 
377 9 1133 160 
378 177 1136 10 
379 168 1135 203 
380 159 1131 158 
381 1733 1754 208 
382 179 1158 178 
383 1169 1774 1627 
384 1139 1884 166 
385 1613 1834 252 
386 1124 1888 1167 
387 1178 1212 228 
388 1174 1363 1145 
389 251 1833 1496 
390 1126 1832 161 
391 189 1810 1163 
392 255 1783 1271 
393 1109 1870 1755 
394 248 1667 1175 
395 1747 1763 142 
396 258 820 257 
397 220 259 258 
398 1380 1825 249 
399 1749 1783 1750 
400 843 1467 844 
401 1199 1200 564 
402 192 1755 171 
403 1130 1791 1764 
404 1094 1304 1303 
405 1175 1733 248 
406 1138 1815 1814 
407 1140 1709 1141 
408 1762 1777 1189 
409 179 1895 1158 
410 335 1487 1202 
411 1164 1783 1749 
412 259 1716 261 
413 335 1548 1487 
414 1487 1548 997 
415 239 1770 1344 
416 1103 1850 1328 
417 1123 1846 1121 
418 1775 1806 1117 
419 1142 1870 1441 
420 163 1781 222 
421 194 1781 164 
422 184 1778 1125 
423 681 1192 667 
424 1191 1192 681 
425 1548 1696 997 
426 1344 1790 239 
427 624 1353 1218 
428 1245 1670 969 
429 1168 1799 1169 
430 1188 1286 254 
431 1221 1394 1027 
432 537 1394 1221 
433 279 1674 273 
434 264 1488 262 
435 1078 1194 1114 
436 1151 1194 1078 
437 1709 1851 217 
438 16 1196 15 
439 1168 1847 216 
440 1193 1389 671 
441 564 1488 1199 
442 671 1511 1193 
443 1202 1488 335 
444 209 1196 16 
445 820 1753 1143 
446 1389 1517 664 
447 1731 1738 575 
448 404 1446 406 
449 757 1309 682 
450 439 1208 1206 
451 995 1795 1786 
452 1193 1517 1389 
453 1195 1356 664 
454 1197 1247 777 
455 801 1692 947 
456 664 1517 1195 
457 777 1247 635 
458 1200 1760 564 
459 980 1665 1309 
460 1448 1468 850 
461 297 1349 1225 
462 1356 1518 1198 
463 1225 1349 1035 
464 223 1821 1182 
465 279 1670 1245 
466 1271 1809 225 
467 1195 1518 1356 
468 631 1729 1088 
469 1213 1549 1212 
470 1245 1674 279 
471 1212 1549 228 
472 445 1432 1210 
473 1173 1810 189 
474 997 1467 843 
475 1210 1432 1214 
476 1225 1228 297 
477 1198 1518 868 
478 868 1203 1198 
479 1214 1432 542 
480 844 1467 1217 
481 1004 1433 1003 
482 542 1216 1214 
483 635 1247 801 
484 301 1466 1217 
485 868 1515 1203 
486 1819 1822 1097 
487 410 1513 412 
488 681 1309 1191 
489 1228 1232 297 
490 1203 1515 1299 
491 400 1209 402 
492 1192 1350 667 
493 1125 1171 1138 
494 1218 1466 624 
495 1128 1130 1129 
496 1054 1597 1587 
497 997 1696 1467 
498 1350 1511 671 
499 1179 1768 197 
500 274 1466 272 
501 1546 1579 1403 
502 439 1209 1208 
503 1129 1745 194 
504 1163 1820 1319 
505 1241 1553 939 
506 469 1476 1402 
507 251 1822 1144 
508 1402 1476 1224 
509 166 1884 1128 
510 390 1219 392 
511 1120 1716 259 
512 1247 1692 801 
513 1123 1814 1397 
514 939 1242 1241 
515 1223 1528 1009 
516 385 1528 1223 
517 157 1877 156 
518 1205 1554 611 
519 542 1219 1216 
520 611 1241 1205 
521 906 1230 972 
522 1666 1722 964 
523 1353 1597 1218 
524 1160 1763 1747 
525 882 1212 1178 
526 881 1212 882 
527 611 1553 1241 
528 1632 1682 1112 
529 1204 1657 1652 
530 402 1209 439 
531 1176 1189 1165 
532 262 1488 564 
533 1652 1657 317 
534 777 1597 1197 
535 1079 1727 1710 
536 335 1488 264 
537 381 1420 1355 
538 1338 1626 1433 
539 1287 1371 1022 
540 1166 1665 980 
541 1177 1787 191 
542 654 1350 652 
543 455 1239 453 
544 294 1681 1678 
545 1243 1494 1010 
546 1416 1520 1240 
547 1678 1681 1221 
548 980 1309 757 
549 911 1234 1231 
550 745 1744 1705 
551 1011 1243 1010 
552 682 1309 681 
553 1677 1684 300 
554 1446 1447 406 
555 392 1219 542 
556 1102 1276 893 
557 300 1684 959 
558 1541 1549 1213 
559 439 1446 404 
560 1207 1468 1448 
561 1298 1299 1012 
562 959 1686 1394 
563 1786 1795 227 
564 1011 1244 1243 
565 1206 1446 439 
566 1207 1448 1447 
567 241 1856 1453 
568 1192 1511 1350 
569 1210 1433 445 
570 1207 1447 1446 
571 1299 1515 1012 
572 1230 1231 972 
573 1217 1467 301 
574 424 1448 1211 
575 1211 1448 850 
576 1007 1234 775 
577 1011 1557 1244 
578 1684 1686 959 
579 1209 1626 1338 
580 1213 1703 1541 
581 1244 1557 1246 
582 1338 1433 1004 
583 1211 1513 424 
584 1236 1238 470 
585 292 1232 295 
586 1298 1529 507 
587 220 1120 259 
588 259 260 258 
589 1003 1433 1210 
590 299 1418 296 
591 1383 1665 1166 
592 1199 1488 1202 
593 409 1411 407 
594 939 1418 1242 
595 736 1646 1204 
596 297 1232 292 
597 911 1231 1230 
598 1240 1520 1239 
599 1012 1529 1298 
600 411 1561 409 
601 424 1513 410 
602 409 1561 1411 
603 917 1510 1412 
604 471 1251 1250 
605 1204 1652 736 
606 969 1670 968 
607 1220 1619 1579 
608 1217 1466 1218 
609 1219 1619 1220 
610 272 1466 301 
611 412 1513 922 
612 1587 1597 777 
613 1512 1595 1427 
614 922 1513 1222 
615 1222 1601 922 
616 399 1405 397 
617 1220 1579 1546 
618 906 1287 1230 
619 624 1466 274 
620 470 1259 1236 
621 1218 1597 1054 
622 403 1252 401 
623 1856 1866 1453 
624 273 1674 275 
625 881 1213 1212 
626 275 1715 277 
627 1601 1603 1340 
628 775 1234 911 
629 1354 1355 915 
630 1222 1603 1601 
631 294 1676 1349 
632 1224 1476 1223 
633 1403 1579 1402 
634 1009 1528 1355 
635 1285 1624 1284 
636 470 1239 455 
637 1406 1471 875 
638 1427 1460 482 
639 294 1678 1676 
640 1223 1476 385 
641 1121 1846 1122 
642 951 1599 1340 
643 1355 1420 915 
644 507 1529 1254 
645 1402 1579 469 
646 482 1460 1258 
647 1230 1287 1022 
648 1254 1498 507 
649 1010 1354 915 
650 1427 1595 1460 
651 1297 1489 578 
652 1018 1507 1258 
653 1258 1507 482 
654 1470 1666 968 
655 471 1252 1251 
656 261 1716 736 
657 249 1825 1171 
658 968 1670 1470 
659 400 1626 1209 
660 1010 1494 1354 
661 1557 1677 1246 
662 387 1321 384 
663 667 1350 654 
664 1606 1703 1213 
665 1221 1681 537 
666 724 1687 1660 
667 1255 1406 543 
668 1238 1239 470 
669 1328 1850 190 
670 196 1789 1170 
671 1261 1385 1016 
672 652 1350 671 
673 1324 1671 770 
674 1261 1390 1385 
675 1262 1369 383 
676 1249 1297 1017 
677 804 1697 1650 
678 383 1369 380 
679 1317 1772 1318 
680 1248 1325 524 
681 1017 1275 1249 
682 524 1287 1248 
683 1394 1686 1027 
684 401 1252 471 
685 1599 1669 1020 
686 924 1267 1095 
687 685 1624 1285 
688 1355 1528 381 
689 1253 1592 1412 
690 1089 1818 1413 
691 893 1276 1017 
692 390 1619 1219 
693 1328 1812 1103 
694 524 1371 1287 
695 444 1411 1410 
696 1239 1520 453 
697 323 1415 1292 
698 1197 1597 1353 
699 459 1259 457 
700 1274 1299 488 
701 407 1411 444 
702 1072 1695 1279 
703 1677 1715 1246 
704 1203 1299 1274 
705 1325 1524 538 
706 1410 1412 444 
707 1255 1471 1406 
708 730 1296 613 
709 1252 1592 1253 
710 642 1329 644 
711 1265 1266 1024 
712 296 1418 939 
713 1340 1603 951 
714 1172 1803 1087 
715 947 1692 957 
716 1232 1662 1634 
717 1358 1577 1480 
718 1480 1577 1050 
719 323 1292 1291 
720 1250 1405 471 
721 917 1412 1410 
722 457 1259 470 
723 307 1418 299 
724 459 1576 1259 
725 1412 1510 1253 
726 1248 1524 1325 
727 1254 1537 1498 
728 1232 1634 295 
729 1257 1342 538 
730 471 1405 399 
731 521 1633 1264 
732 543 1405 1255 
733 957 1691 1205 
734 397 1405 543 
735 725 1606 881 
736 1349 1676 1035 
737 56 1269 253 
738 256 1270 80 
739 1249 1489 1297 
740 462 1576 459 
741 1088 1729 1661 
742 1267 1268 1095 
743 427 1561 411 
744 1664 1668 1051 
745 1016 1297 1261 
746 1406 1595 1512 
747 957 1692 1691 
748 1498 1537 561 
749 1309 1665 1191 
750 538 1524 1257 
751 770 1693 638 
752 1024 1300 1265 
753 384 1321 383 
754 613 1296 755 
755 1385 1390 515 
756 1024 1267 924 
757 1263 1611 1370 
758 488 1582 1274 
759 1000 1341 1273 
760 881 1606 1213 
761 383 1321 1262 
762 380 1369 379 
763 1261 1297 578 
764 1219 1220 1216 
765 150 1271 225 
766 1342 1565 522 
767 1098 1283 897 
768 1266 1267 1024 
769 761 1341 1000 
770 474 1582 488 
771 938 1602 1593 
772 301 1696 270 
773 1321 1507 1018 
774 212 1813 1396 
775 1209 1338 1208 
776 644 1329 647 
777 1234 1235 1231 
778 1365 1605 767 
779 1291 1399 323 
780 1263 1370 1369 
781 1279 1695 504 
782 403 1592 1252 
783 724 1660 1256 
784 387 1507 1321 
785 896 1282 1281 
786 1660 1687 1240 
787 1092 1738 1731 
788 311 1633 521 
789 1470 1722 1666 
790 1593 1602 1285 
791 884 1326 1272 
792 1023 1301 1300 
793 1196 1698 15 
794 1293 1399 1291 
795 896 1281 894 
796 1257 1565 1342 
797 1284 1624 1329 
798 1480 1615 427 
799 884 1329 642 
800 1295 1296 730 
801 1333 1533 515 
802 1272 1284 884 
803 1242 1654 1648 
804 896 1283 1282 
805 295 1634 298 
806 875 1595 1406 
807 1228 1662 1232 
808 1278 1345 816 
809 1023 1300 1024 
810 977 1295 750 
811 544 1293 546 
812 427 1615 1561 
813 214 1313 1312 
814 897 1283 896 
815 816 1345 714 
816 1157 1295 977 
817 1236 1259 1237 
818 259 261 260 
819 1316 1317 935 
820 334 1429 1336 
821 1259 1576 1237 
822 1301 1536 1384 
823 772 1347 985 
824 1336 1429 1308 
825 56 253 55 
826 127 254 126 
827 81 256 80 
828 152 255 151 
829 1281 1372 894 
830 622 1323 770 
831 255 1271 151 
832 1178 1190 1187 
833 214 1312 131 
834 951 1669 1599 
835 1340 1599 1339 
836 928 1316 935 
837 1632 1859 1682 
838 732 1341 761 
839 1334 1371 359 
840 522 1409 1288 
841 129 1311 224 
842 948 1569 1377 
843 986 1324 1323 
844 1323 1324 770 
845 1050 1615 1480 
846 223 1269 57 
847 79 1270 226 
848 1279 1701 1280 
849 1238 1240 1239 
850 433 1492 1326 
851 714 1345 1037 
852 1547 1566 940 
853 1037 1482 1430 
854 379 1637 376 
855 914 1361 1359 
856 1022 1371 1334 
857 515 1533 1385 
858 415 1479 413 
859 1312 1314 1311 
860 341 1333 515 
861 1377 1569 805 
862 208 1754 1318 
863 522 1288 347 
864 1256 1668 1664 
865 546 1293 549 
866 313 1310 316 
867 316 1310 909 
868 1289 1290 804 
869 1252 1253 1251 
870 1317 1318 935 
871 1023 1536 1301 
872 1285 1602 685 
873 1305 1306 196 
874 561 1537 573 
875 1055 1605 1365 
876 987 1294 859 
877 1808 1824 230 
878 976 977 750 
879 621 1323 622 
880 1313 1315 1314 
881 135 1305 196 
882 761 1000 992 
883 1359 1360 914 
884 569 1289 804 
885 573 619 618 
886 1345 1482 1037 
887 234 1302 65 
888 1179 1743 1113 
889 1031 1600 1388 
890 1326 1492 1272 
891 544 1399 1293 
892 463 1360 442 
893 1000 1117 992 
894 1650 1697 1063 
895 1313 1314 1312 
896 1017 1276 1275 
897 976 1015 977 
898 914 1408 1361 
899 619 725 618 
900 926 1347 772 
901 522 1565 1409 
902 1157 1296 1295 
903 1105 1316 930 
904 619 747 725 
905 347 1288 346 
906 66 1319 234 
907 137 1320 231 
908 930 1316 928 
909 1009 1355 1354 
910 750 1295 740 
911 473 1576 462 
912 1256 1664 724 
913 57 1269 56 
914 80 1270 79 
915 1104 1322 901 
916 340 1333 341 
917 1015 1156 977 
918 991 1330 863 
919 1361 1408 610 
920 535 1308 533 
921 1017 1297 1016 
922 1393 1394 537 
923 413 1479 427 
924 536 1381 586 
925 509 1563 1538 
926 130 1312 1311 
927 890 1331 1102 
928 1220 1501 1216 
929 139 1328 190 
930 215 1332 60 
931 1013 1335 867 
932 562 1566 1547 
933 505 509 483 
934 129 224 128 
935 58 223 57 
936 79 226 78 
937 150 225 149 
938 1264 1648 521 
939 1357 1479 415 
940 1300 1301 711 
941 914 1360 463 
942 763 976 750 
943 859 1294 857 
944 1291 1292 1290 
945 285 1393 537 
946 761 992 762 
947 633 1372 832 
948 640 1346 329 
949 1090 1438 1327 
950 921 1545 1487 
951 887 1367 908 
952 1406 1512 543 
953 832 1372 1281 
954 559 1340 1339 
955 538 1342 351 
956 559 1339 422 
957 1002 1286 1188 
958 857 973 855 
959 515 1390 343 
960 587 1367 887 
961 1648 1654 521 
962 1300 1425 1265 
963 359 1523 1334 
964 567 1352 513 
965 1308 1429 533 
966 857 1294 973 
967 1343 1344 988 
968 487 1298 507 
969 130 1311 129 
970 569 804 600 
971 1710 1727 584 
972 1396 1826 212 
973 505 528 509 
974 534 1381 536 
975 711 1425 1300 
976 950 1638 1621 
977 1284 1329 884 
978 982 1105 930 
979 523 1378 486 
980 1004 1392 1338 
981 1358 1480 1479 
982 854 855 747 
983 329 1346 325 
984 1430 1442 1037 
985 1337 1437 676 
986 61 215 60 
987 132 214 131 
988 571 1308 535 
989 832 1019 831 
990 1388 1600 554 
991 1072 1279 1074 
992 528 529 509 
993 1346 1655 1633 
994 1658 1673 909 
995 414 1539 416 
996 1289 1291 1290 
997 507 1498 489 
998 1248 1287 906 
999 824 1343 988 
1000 549 1289 569 
1001 725 881 726 
1002 583 1062 907 
1003 1091 1348 872 
1004 863 1330 861 
1005 76 217 75 
1006 147 216 146 
1007 1375 1376 805 
1008 664 1356 646 
1009 151 1271 150 
1010 1744 1892 975 
1011 985 1175 986 
1012 306 1310 313 
1013 894 1372 589 
1014 621 622 529 
1015 1437 1491 662 
1016 583 907 571 
1017 313 316 315 
1018 474 488 487 
1019 676 1438 1337 
1020 1099 1164 978 
1021 64 1302 195 
1022 417 1357 415 
1023 488 1299 1298 
1024 1276 1277 1275 
1025 633 832 831 
1026 195 1351 63 
1027 1279 1280 1074 
1028 528 621 529 
1029 856 857 855 
1030 231 1305 136 
1031 351 1342 349 
1032 909 1481 322 
1033 1487 1545 1202 
1034 772 985 771 
1035 1337 1491 1437 
1036 832 1137 1019 
1037 1315 1892 1744 
1038 1701 1704 1280 
1039 901 1322 899 
1040 493 1368 494 
1041 442 1360 437 
1042 316 322 321 
1043 524 1325 355 
1044 1338 1392 1208 
1045 1156 1165 1157 
1046 316 321 315 
1047 985 986 771 
1048 778 1403 1401 
1049 959 1394 1393 
1050 889 1331 890 
1051 1373 1374 1201 
1052 303 710 306 
1053 928 935 926 
1054 867 1335 865 
1055 907 1308 571 
1056 1145 1362 835 
1057 360 1523 359 
1058 907 1336 1308 
1059 1237 1576 1538 
1060 433 1326 440 
1061 592 1375 805 
1062 1376 1377 805 
1063 447 1326 884 
1064 778 1475 1403 
1065 64 195 63 
1066 135 196 134 
1067 330 332 331 
1068 1400 1495 1401 
1069 671 1389 650 
1070 587 887 886 
1071 853 1615 1050 
1072 1368 1384 494 
1073 882 1178 981 
1074 332 336 333 
1075 328 329 325 
1076 885 894 589 
1077 1359 1577 1358 
1078 332 333 331 
1079 622 638 637 
1080 189 1319 67 
1081 190 1320 138 
1082 325 1346 319 
1083 633 831 634 
1084 861 1330 987 
1085 488 1298 487 
1086 330 331 329 
1087 807 1083 1082 
1088 513 1352 566 
1089 895 1409 898 
1090 440 447 446 
1091 566 1352 616 
1092 322 338 321 
1093 556 885 589 
1094 573 618 617 
1095 858 859 857 
1096 646 1356 645 
1097 848 1373 1201 
1098 464 1582 474 
1099 322 339 338 
1100 624 1521 1353 
1101 336 340 337 
1102 895 896 894 
1103 311 521 309 
1104 887 889 888 
1105 339 346 338 
1106 623 771 621 
1107 1058 1575 728 
1108 587 886 551 
1109 885 895 894 
1110 742 750 740 
1111 1366 1473 514 
1112 349 1342 522 
1113 339 347 346 
1114 232 1328 140 
1115 650 1389 648 
1116 861 987 859 
1117 328 330 329 
1118 336 337 333 
1119 1041 1438 1090 
1120 1379 1380 1007 
1121 1634 1662 710 
1122 895 897 896 
1123 710 1310 306 
1124 887 888 886 
1125 885 1409 895 
1126 66 234 65 
1127 137 231 136 
1128 1369 1370 379 
1129 619 854 747 
1130 899 1322 1098 
1131 422 1339 425 
1132 353 1325 538 
1133 340 341 337 
1134 355 1325 353 
1135 552 587 551 
1136 348 349 347 
1137 357 1371 524 
1138 131 1312 130 
1139 899 1098 897 
1140 860 861 859 
1141 435 1357 417 
1142 850 1506 797 
1143 889 890 888 
1144 922 1539 414 
1145 486 1378 492 
1146 740 1295 730 
1147 341 515 343 
1148 60 1332 59 
1149 1453 1866 188 
1150 890 1102 893 
1151 539 578 540 
1152 855 1307 747 
1153 447 642 641 
1154 865 1335 991 
1155 645 1356 1198 
1156 556 589 557 
1157 349 522 347 
1158 476 1589 1386 
1159 561 573 572 
1160 903 1104 901 
1161 622 770 638 
1162 1106 1331 889 
1163 1401 1495 778 
1164 440 1326 447 
1165 448 1387 464 
1166 1384 1536 514 
1167 1318 1347 935 
1168 755 1367 588 
1169 497 1384 514 
1170 944 953 942 
1171 1538 1563 1237 
1172 478 1386 523 
1173 622 637 529 
1174 484 505 483 
1175 862 863 861 
1176 590 1372 633 
1177 732 761 744 
1178 874 1382 1091 
1179 935 1347 926 
1180 908 1106 889 
1181 854 856 855 
1182 519 1368 493 
1183 865 991 863 
1184 1337 1438 1041 
1185 366 1442 1430 
1186 586 1381 807 
1187 291 1349 297 
1188 927 1535 929 
1189 588 1367 587 
1190 1067 1186 1001 
1191 341 343 342 
1192 631 1088 813 
1193 872 1348 870 
1194 774 1379 1007 
1195 642 644 643 
1196 71 233 70 
1197 73 198 72 
1198 68 189 67 
1199 139 190 138 
1200 141 232 140 
1201 144 197 143 
1202 644 646 645 
1203 350 351 349 
1204 278 1521 276 
1205 1611 1618 1370 
1206 492 1378 567 
1207 717 1358 1357 
1208 825 1001 823 
1209 1301 1384 1368 
1210 539 540 517 
1211 566 616 596 
1212 1370 1637 379 
1213 578 579 540 
1214 649 650 648 
1215 870 1013 867 
1216 613 755 588 
1217 648 1389 664 
1218 1152 1155 1154 
1219 629 823 630 
1220 467 1408 914 
1221 1038 1449 1428 
1222 823 1343 824 
1223 447 884 642 
1224 644 645 643 
1225 864 865 863 
1226 767 1605 983 
1227 285 537 287 
1228 447 641 446 
1229 972 1116 905 
1230 345 539 517 
1231 406 1447 408 
1232 1072 1074 1073 
1233 425 450 428 
1234 452 463 442 
1235 735 1375 592 
1236 870 1348 1013 
1237 856 858 857 
1238 752 1397 840 
1239 346 556 555 
1240 973 1307 855 
1241 1395 1396 1060 
1242 647 648 646 
1243 1281 1282 1137 
1244 879 1256 958 
1245 1253 1474 1251 
1246 550 551 340 
1247 771 1323 621 
1248 420 559 422 
1249 346 1288 556 
1250 866 867 865 
1251 136 1305 135 
1252 898 899 897 
1253 579 629 598 
1254 1468 1506 850 
1255 452 466 463 
1256 648 664 646 
1257 764 1502 975 
1258 425 1339 450 
1259 289 294 291 
1260 944 962 953 
1261 1301 1368 711 
1262 549 1293 1289 
1263 929 1535 932 
1264 316 909 322 
1265 638 879 637 
1266 829 1395 1060 
1267 900 901 899 
1268 590 633 628 
1269 352 353 351 
1270 437 717 435 
1271 642 643 641 
1272 651 652 650 
1273 494 1384 497 
1274 647 649 648 
1275 592 805 577 
1276 357 524 355 
1277 833 1118 834 
1278 589 1372 590 
1279 979 1391 1107 
1280 343 345 344 
1281 649 651 650 
1282 1428 1449 657 
1283 717 1357 435 
1284 450 1020 709 
1285 65 1302 64 
1286 313 315 314 
1287 833 834 748 
1288 551 1333 340 
1289 1419 1456 501 
1290 483 1538 473 
1291 552 588 587 
1292 261 262 260 
1293 348 350 349 
1294 629 630 598 
1295 353 538 351 
1296 902 903 901 
1297 333 1596 1590 
1298 825 1067 1001 
1299 890 893 892 
1300 63 1351 62 
1301 1438 1443 1327 
1302 826 1435 630 
1303 908 1161 1106 
1304 874 1091 872 
1305 676 1443 1438 
1306 1608 1611 1263 
1307 67 1319 66 
1308 138 1320 137 
1309 1118 1119 834 
1310 869 870 867 
1311 1019 1273 831 
1312 634 1341 732 
1313 807 1082 1081 
1314 834 1425 748 
1315 751 1397 752 
1316 824 988 827 
1317 823 824 630 
1318 774 1007 775 
1319 629 825 823 
1320 858 860 859 
1321 277 300 280 
1322 807 1381 1083 
1323 1021 1285 1284 
1324 623 772 771 
1325 327 328 325 
1326 339 348 347 
1327 1001 1343 823 
1328 331 640 329 
1329 359 1371 357 
1330 945 1604 1147 
1331 539 1390 1261 
1332 827 1373 848 
1333 1156 1157 977 
1334 717 1359 1358 
1335 487 507 489 
1336 324 325 319 
1337 474 487 475 
1338 481 483 473 
1339 1381 1598 1083 
1340 580 581 541 
1341 860 862 861 
1342 1430 1482 518 
1343 1197 1353 916 
1344 809 1058 728 
1345 354 355 353 
1346 1467 1696 301 
1347 492 567 513 
1348 893 1017 1016 
1349 960 1068 961 
1350 630 1435 598 
1351 306 313 312 
1352 69 1797 1173 
1353 651 653 652 
1354 1004 1414 1392 
1355 466 467 463 
1356 593 1425 711 
1357 318 319 311 
1358 464 474 465 
1359 506 1570 505 
1360 887 908 889 
1361 518 580 541 
1362 140 1328 139 
1363 276 1521 624 
1364 600 1502 764 
1365 1265 1425 834 
1366 999 1382 874 
1367 518 541 363 
1368 514 1473 499 
1369 478 523 486 
1370 751 752 581 
1371 1069 1072 1071 
1372 528 623 621 
1373 904 905 903 
1374 840 1379 774 
1375 593 711 519 
1376 429 1492 433 
1377 683 1463 1414 
1378 343 344 342 
1379 988 1373 827 
1380 1474 1510 639 
1381 645 1198 891 
1382 1031 1388 1033 
1383 644 647 646 
1384 1088 1092 813 
1385 594 748 593 
1386 408 1447 424 
1387 345 517 516 
1388 589 590 557 
1389 466 479 467 
1390 520 593 519 
1391 1473 1509 558 
1392 479 493 480 
1393 539 1261 578 
1394 871 872 870 
1395 1034 1643 1614 
1396 579 598 597 
1397 752 774 753 
1398 979 1107 980 
1399 1222 1513 1211 
1400 350 352 351 
1401 586 807 806 
1402 862 864 863 
1403 651 1417 653 
1404 999 1383 1382 
1405 1052 1145 835 
1406 704 1495 1400 
1407 281 1393 285 
1408 616 631 596 
1409 629 1489 825 
1410 550 552 551 
1411 294 1349 291 
1412 443 452 442 
1413 450 709 428 
1414 749 833 748 
1415 580 751 581 
1416 341 342 337 
1417 1026 1397 751 
1418 1255 1405 1250 
1419 849 850 797 
1420 476 1386 478 
1421 848 1201 1200 
1422 343 1390 345 
1423 438 442 437 
1424 271 1398 279 
1425 1205 1691 1554 
1426 457 470 455 
1427 1020 1021 709 
1428 704 1400 707 
1429 1410 1411 1014 
1430 310 311 309 
1431 662 1491 1428 
1432 702 1404 700 
1433 345 1390 539 
1434 873 874 872 
1435 356 357 355 
1436 1107 1166 980 
1437 1251 1474 919 
1438 154 257 252 
1439 752 840 774 
1440 303 306 305 
1441 906 972 905 
1442 758 1462 614 
1443 1479 1480 427 
1444 668 681 667 
1445 653 654 652 
1446 774 775 753 
1447 979 980 757 
1448 864 866 865 
1449 1404 1422 700 
1450 1445 1462 990 
1451 1220 1546 1501 
1452 364 1430 518 
1453 372 1419 501 
1454 510 519 493 
1455 824 827 826 
1456 1006 1197 916 
1457 829 1060 828 
1458 370 371 368 
1459 436 437 435 
1460 479 480 467 
1461 852 1410 1014 
1462 495 561 525 
1463 352 354 353 
1464 556 1288 885 
1465 924 1095 913 
1466 336 550 340 
1467 1096 1391 979 
1468 915 1420 553 
1469 501 713 712 
1470 326 1641 1623 
1471 713 715 714 
1472 1097 1458 1413 
1473 636 921 843 
1474 760 828 759 
1475 358 359 357 
1476 652 671 650 
1477 760 829 828 
1478 556 557 555 
1479 494 497 496 
1480 364 518 363 
1481 541 1530 1523 
1482 715 816 714 
1483 374 1419 372 
1484 549 569 568 
1485 849 1211 850 
1486 866 869 867 
1487 712 1442 371 
1488 811 979 757 
1489 913 1395 829 
1490 895 898 897 
1491 493 494 480 
1492 713 714 712 
1493 372 501 371 
1494 300 959 280 
1495 835 1362 833 
1496 886 1333 551 
1497 711 1368 519 
1498 932 960 934 
1499 1025 1026 751 
1500 752 753 581 
1501 497 498 496 
1502 271 279 273 
1503 1037 1442 712 
1504 1414 1434 683 
1505 184 1125 183 
1506 998 999 874 
1507 176 251 175 
1508 154 252 153 
1509 615 760 759 
1510 698 1422 949 
1511 499 500 498 
1512 626 915 553 
1513 317 1469 267 
1514 656 668 667 
1515 827 848 847 
1516 284 916 282 
1517 378 380 379 
1518 370 372 371 
1519 416 1539 420 
1520 716 766 715 
1521 362 363 360 
1522 291 297 292 
1523 501 712 371 
1524 267 1469 269 
1525 378 379 376 
1526 467 914 463 
1527 636 1435 921 
1528 222 1126 162 
1529 346 555 338 
1530 747 1606 725 
1531 440 446 441 
1532 1253 1510 1474 
1533 848 1200 1199 
1534 1414 1463 1392 
1535 653 655 654 
1536 497 499 498 
1537 345 516 344 
1538 497 514 499 
1539 578 1489 579 
1540 1031 1033 1032 
1541 558 615 614 
1542 569 600 599 
1543 796 797 691 
1544 990 1462 758 
1545 1036 1227 1226 
1546 656 667 654 
1547 1095 1395 913 
1548 898 900 899 
1549 825 1489 1249 
1550 719 757 682 
1551 489 1498 495 
1552 764 975 974 
1553 582 583 571 
1554 890 892 888 
1555 668 682 681 
1556 965 966 803 
1557 900 902 901 
1558 986 1323 771 
1559 869 871 870 
1560 832 1281 1137 
1561 767 983 766 
1562 396 1432 445 
1563 713 716 715 
1564 1119 1266 1265 
1565 965 1177 966 
1566 527 1423 604 
1567 163 222 162 
1568 183 221 182 
1569 494 496 480 
1570 851 1224 1223 
1571 375 376 374 
1572 918 1434 1414 
1573 1050 1577 1556 
1574 748 1425 593 
1575 433 440 434 
1576 833 1362 1118 
1577 879 958 880 
1578 918 1414 1004 
1579 287 289 288 
1580 394 1432 396 
1581 1047 1206 1048 
1582 1366 1509 1473 
1583 803 1404 702 
1584 453 1520 452 
1585 381 382 380 
1586 615 759 758 
1587 700 1422 698 
1588 174 218 173 
1589 156 220 155 
1590 759 1424 989 
1591 437 1360 717 
1592 1353 1521 916 
1593 797 1477 691 
1594 366 1430 364 
1595 1454 1477 1044 
1596 382 383 380 
1597 1400 1401 1224 
1598 1046 1431 684 
1599 289 291 290 
1600 1288 1409 885 
1601 655 656 654 
1602 719 1458 811 
1603 368 1442 366 
1604 382 384 383 
1605 782 1421 917 
1606 396 398 397 
1607 716 767 766 
1608 579 597 540 
1609 902 904 903 
1610 398 400 399 
1611 1052 1174 1145 
1612 502 503 500 
1613 398 399 397 
1614 499 502 500 
1615 377 378 376 
1616 448 464 451 
1617 958 1238 1236 
1618 400 401 399 
1619 614 1462 1423 
1620 396 397 395 
1621 394 396 395 
1622 373 374 372 
1623 639 1421 605 
1624 378 1420 381 
1625 983 984 766 
1626 673 1477 1454 
1627 558 614 526 
1628 707 1400 851 
1629 472 473 462 
1630 603 782 602 
1631 520 594 593 
1632 719 811 757 
1633 917 1410 852 
1634 400 402 401 
1635 1417 1485 653 
1636 1401 1403 1402 
1637 1401 1402 1224 
1638 1206 1208 1048 
1639 963 965 803 
1640 402 403 401 
1641 683 1434 675 
1642 269 1398 271 
1643 1428 1491 1038 
1644 354 356 355 
1645 443 453 452 
1646 1431 1463 683 
1647 1025 1278 1026 
1648 796 849 797 
1649 282 1521 278 
1650 684 1431 666 
1651 394 395 393 
1652 851 1223 1009 
1653 782 917 852 
1654 502 558 526 
1655 655 657 656 
1656 181 1121 193 
1657 657 1449 656 
1658 942 1547 940 
1659 527 602 503 
1660 811 1096 979 
1661 378 381 380 
1662 1250 1251 919 
1663 479 510 493 
1664 893 1016 892 
1665 607 1436 639 
1666 480 1408 467 
1667 811 1458 1097 
1668 392 394 393 
1669 285 287 286 
1670 529 1563 509 
1671 500 1493 1484 
1672 805 1569 577 
1673 402 404 403 
1674 626 1010 915 
1675 404 405 403 
1676 1423 1444 604 
1677 510 520 519 
1678 660 661 659 
1679 658 659 657 
1680 386 388 387 
1681 1047 1048 1046 
1682 388 389 387 
1683 526 1423 527 
1684 707 851 779 
1685 498 610 496 
1686 718 719 682 
1687 633 634 628 
1688 580 1025 751 
1689 962 1644 953 
1690 665 684 666 
1691 388 390 389 
1692 526 527 503 
1693 385 386 384 
1694 392 393 391 
1695 1029 1031 1030 
1696 918 1004 1003 
1697 390 391 389 
1698 527 603 602 
1699 386 387 384 
1700 603 1421 782 
1701 262 564 260 
1702 871 873 872 
1703 749 835 833 
1704 358 360 359 
1705 390 392 391 
1706 1519 1555 517 
1707 873 998 874 
1708 598 636 597 
1709 966 1404 803 
1710 692 1440 821 
1711 369 370 368 
1712 356 358 357 
1713 851 1400 1224 
1714 502 526 503 
1715 438 443 442 
1716 391 1427 482 
1717 308 309 307 
1718 606 1444 818 
1719 615 758 614 
1720 609 1436 607 
1721 802 803 702 
1722 1045 1047 1046 
1723 165 194 164 
1724 181 193 180 
1725 1060 1061 828 
1726 362 364 363 
1727 912 913 829 
1728 852 1014 853 
1729 661 665 663 
1730 604 605 603 
1731 658 660 659 
1732 685 1417 651 
1733 1419 1637 1618 
1734 1457 1734 1056 
1735 1440 1441 821 
1736 1439 1440 694 
1737 1089 1413 1040 
1738 382 385 384 
1739 542 1432 394 
1740 957 1205 1008 
1741 605 1421 603 
1742 943 944 942 
1743 172 1127 192 
1744 604 1444 606 
1745 876 1250 919 
1746 830 1457 792 
1747 1413 1458 1040 
1748 1045 1046 684 
1749 661 662 659 
1750 386 469 388 
1751 949 1439 696 
1752 670 683 675 
1753 466 1416 479 
1754 373 375 374 
1755 963 1204 965 
1756 923 924 913 
1757 375 377 376 
1758 659 1428 657 
1759 694 1440 692 
1760 614 1423 526 
1761 392 542 394 
1762 391 482 389 
1763 404 406 405 
1764 377 1420 378 
1765 1039 1040 720 
1766 1444 1445 818 
1767 393 1427 391 
1768 406 407 405 
1769 655 658 657 
1770 675 1434 678 
1771 775 911 910 
1772 604 606 605 
1773 367 368 366 
1774 945 1147 1146 
1775 425 428 426 
1776 495 1498 561 
1777 401 471 399 
1778 876 919 784 
1779 175 1144 174 
1780 696 1439 694 
1781 661 663 662 
1782 782 852 783 
1783 397 543 395 
1784 298 303 302 
1785 793 1459 791 
1786 921 997 843 
1787 1441 1455 821 
1788 1006 1247 1197 
1789 1041 1089 1040 
1790 824 826 630 
1791 784 1436 609 
1792 665 666 663 
1793 396 445 398 
1794 686 918 776 
1795 698 949 696 
1796 718 720 719 
1797 794 1365 767 
1798 663 1437 662 
1799 606 607 605 
1800 807 1081 806 
1801 607 639 605 
1802 918 1003 776 
1803 527 604 603 
1804 904 906 905 
1805 851 1009 779 
1806 1018 1258 877 
1807 1621 1638 1336 
1808 1327 1443 822 
1809 166 1128 165 
1810 1047 1207 1206 
1811 827 847 826 
1812 371 1442 368 
1813 408 409 407 
1814 686 1434 918 
1815 639 1510 1421 
1816 822 1443 677 
1817 759 989 758 
1818 666 670 669 
1819 406 408 407 
1820 911 1230 1022 
1821 1023 1024 924 
1822 678 1434 686 
1823 877 1459 793 
1824 674 676 669 
1825 649 685 651 
1826 670 1431 683 
1827 919 1436 784 
1828 1207 1446 1206 
1829 674 1443 676 
1830 998 1191 999 
1831 668 718 682 
1832 670 674 669 
1833 798 1056 1055 
1834 436 438 437 
1835 769 784 609 
1836 1039 1041 1040 
1837 919 1474 1436 
1838 1119 1265 834 
1839 821 1450 688 
1840 692 821 688 
1841 720 1458 719 
1842 670 675 674 
1843 1249 1275 1067 
1844 365 366 364 
1845 402 439 404 
1846 1108 1327 822 
1847 677 1443 674 
1848 413 427 411 
1849 594 749 748 
1850 989 1115 990 
1851 790 830 792 
1852 848 1199 847 
1853 1258 1460 1459 
1854 203 1139 167 
1855 370 1426 373 
1856 798 1457 1056 
1857 792 1457 798 
1858 598 1435 636 
1859 675 677 674 
1860 714 1037 712 
1861 479 1416 510 
1862 662 1428 659 
1863 673 1454 660 
1864 407 444 405 
1865 1021 1284 1272 
1866 666 1431 670 
1867 679 822 677 
1868 678 686 680 
1869 666 669 663 
1870 920 1108 822 
1871 172 192 171 
1872 158 191 157 
1873 570 571 535 
1874 768 1461 769 
1875 785 876 784 
1876 1003 1210 1005 
1877 1444 1462 1445 
1878 782 783 602 
1879 269 1469 1398 
1880 686 776 687 
1881 606 608 607 
1882 160 219 159 
1883 1258 1459 877 
1884 920 1109 1108 
1885 679 920 822 
1886 821 1455 1450 
1887 1038 1039 720 
1888 1074 1075 1073 
1889 498 1484 610 
1890 717 1360 1359 
1891 168 203 167 
1892 178 204 177 
1893 169 205 9 
1894 112 187 111 
1895 25 185 24 
1896 96 188 95 
1897 41 186 40 
1898 678 679 677 
1899 675 678 677 
1900 606 818 608 
1901 1033 1034 1032 
1902 786 1087 788 
1903 169 1142 205 
1904 679 1450 920 
1905 205 1133 9 
1906 716 794 767 
1907 937 1486 1029 
1908 204 1136 177 
1909 370 373 372 
1910 936 1486 937 
1911 802 963 803 
1912 676 1437 669 
1913 1460 1478 1459 
1914 920 1455 1109 
1915 10 1135 168 
1916 678 680 679 
1917 680 1450 679 
1918 219 1131 159 
1919 419 435 417 
1920 553 1420 377 
1921 422 425 423 
1922 769 1461 786 
1923 1433 1626 445 
1924 1046 1463 1431 
1925 1040 1458 720 
1926 1450 1455 920 
1927 693 694 692 
1928 688 1450 680 
1929 1041 1090 1089 
1930 608 609 607 
1931 546 549 548 
1932 669 1437 663 
1933 769 785 784 
1934 1484 1493 1049 
1935 789 875 787 
1936 686 687 680 
1937 876 1255 1250 
1938 760 912 829 
1939 1044 1045 684 
1940 369 1426 370 
1941 786 1461 1087 
1942 501 1456 713 
1943 205 1134 1133 
1944 689 692 688 
1945 695 696 694 
1946 687 688 680 
1947 768 769 609 
1948 1003 1005 776 
1949 1208 1392 1048 
1950 697 698 696 
1951 941 942 940 
1952 1039 1337 1041 
1953 788 790 789 
1954 660 1454 661 
1955 385 1476 386 
1956 661 1454 665 
1957 608 768 609 
1958 186 1464 40 
1959 40 1464 39 
1960 718 1038 720 
1961 97 1453 96 
1962 96 1453 188 
1963 790 792 791 
1964 1423 1462 1444 
1965 261 263 262 
1966 937 1029 1028 
1967 989 990 758 
1968 645 891 643 
1969 1121 1122 193 
1970 1198 1203 891 
1971 420 422 421 
1972 687 689 688 
1973 1358 1479 1357 
1974 363 1523 360 
1975 689 693 692 
1976 786 788 787 
1977 386 1476 469 
1978 947 957 956 
1979 693 695 694 
1980 625 626 553 
1981 1031 1032 1030 
1982 875 1471 787 
1983 665 1044 684 
1984 284 1006 916 
1985 1210 1214 1005 
1986 367 369 368 
1987 1475 1546 1403 
1988 429 433 431 
1989 1523 1530 1334 
1990 790 791 789 
1991 788 789 787 
1992 769 786 785 
1993 699 700 698 
1994 693 706 695 
1995 811 1097 1096 
1996 1005 1472 776 
1997 27 239 26 
1998 39 235 38 
1999 1469 1470 1398 
2000 503 1493 500 
2001 786 787 785 
2002 785 1471 876 
2003 110 238 109 
2004 98 241 97 
2005 178 1158 204 
2006 1262 1321 1018 
2007 695 697 696 
2008 776 1472 687 
2009 878 1018 877 
2010 1045 1468 1047 
2011 265 317 267 
2012 1048 1463 1046 
2013 828 1424 759 
2014 718 1449 1038 
2015 1436 1474 639 
2016 219 1132 1131 
2017 558 1509 615 
2018 792 798 793 
2019 261 736 263 
2020 502 1473 558 
2021 180 1167 179 
2022 879 880 637 
2023 1214 1216 1215 
2024 1214 1215 1005 
2025 799 877 793 
2026 792 793 791 
2027 707 779 708 
2028 365 367 366 
2029 393 1512 1427 
2030 1215 1472 1005 
2031 781 936 846 
2032 499 1473 502 
2033 697 778 699 
2034 789 1478 875 
2035 668 1449 718 
2036 697 699 698 
2037 656 1449 668 
2038 1435 1545 921 
2039 886 1533 1333 
2040 716 1456 794 
2041 39 1464 235 
2042 38 1465 37 
2043 543 1512 395 
2044 500 1484 498 
2045 516 532 530 
2046 876 1471 1255 
2047 531 553 377 
2048 330 334 332 
2049 754 1559 945 
2050 798 1055 799 
2051 1459 1478 791 
2052 361 362 360 
2053 241 1453 97 
2054 653 1485 655 
2055 787 1471 785 
2056 1072 1073 1071 
2057 1412 1592 444 
2058 912 923 913 
2059 277 280 278 
2060 852 853 783 
2061 878 1263 1262 
2062 1038 1491 1039 
2063 691 1477 673 
2064 704 707 705 
2065 389 1507 387 
2066 1158 1260 204 
2067 1392 1463 1048 
2068 1044 1506 1045 
2069 713 1456 716 
2070 878 1262 1018 
2071 687 1472 689 
2072 693 1483 706 
2073 799 878 877 
2074 336 1407 550 
2075 922 1601 1539 
2076 791 1478 789 
2077 738 1243 969 
2078 775 910 753 
2079 579 1489 629 
2080 783 1493 602 
2081 798 799 793 
2082 701 702 700 
2083 37 210 36 
2084 29 211 28 
2085 362 365 364 
2086 332 1407 336 
2087 496 1408 480 
2088 703 802 702 
2089 610 1556 1361 
2090 1472 1483 689 
2091 665 1454 1044 
2092 602 1493 503 
2093 321 323 315 
2094 1215 1483 1472 
2095 100 212 99 
2096 108 213 107 
2097 923 1023 924 
2098 1025 1345 1278 
2099 706 1475 695 
2100 304 307 299 
2101 1009 1354 779 
2102 532 777 635 
2103 754 945 841 
2104 672 673 660 
2105 697 1475 778 
2106 797 1506 1477 
2107 559 1601 1340 
2108 725 726 618 
2109 689 1483 693 
2110 655 1485 658 
2111 795 796 691 
2112 695 1475 697 
2113 690 691 673 
2114 1447 1448 424 
2115 1039 1491 1337 
2116 235 1465 38 
2117 701 704 703 
2118 1263 1369 1262 
2119 1029 1030 1028 
2120 514 1536 1366 
2121 42 1503 41 
2122 41 1503 186 
2123 113 1452 112 
2124 112 1452 187 
2125 348 601 350 
2126 958 1236 880 
2127 1062 1621 907 
2128 188 1451 95 
2129 95 1451 94 
2130 532 1587 777 
2131 518 1482 580 
2132 281 285 283 
2133 845 954 780 
2134 636 843 721 
2135 802 964 963 
2136 1061 1424 828 
2137 631 813 632 
2138 779 1494 708 
2139 1068 1069 961 
2140 699 701 700 
2141 1477 1506 1044 
2142 1047 1468 1207 
2143 734 735 592 
2144 1053 1555 1519 
2145 313 314 312 
2146 707 708 705 
2147 375 531 377 
2148 626 1011 1010 
2149 658 672 660 
2150 1205 1241 1008 
2151 921 1487 997 
2152 1021 1272 709 
2153 321 1415 323 
2154 1289 1293 1291 
2155 825 1249 1067 
2156 263 265 264 
2157 704 705 703 
2158 844 1217 1054 
2159 1122 1124 193 
2160 322 1481 339 
2161 1049 1493 783 
2162 708 737 705 
2163 36 1497 35 
2164 381 1528 382 
2165 760 1509 912 
2166 482 1507 389 
2167 944 967 962 
2168 853 1049 783 
2169 892 1533 888 
2170 615 1509 760 
2171 581 1530 541 
2172 1421 1510 917 
2173 849 1222 1211 
2174 358 361 360 
2175 998 1192 1191 
2176 106 249 105 
2177 102 250 101 
2178 610 1408 496 
2179 738 968 737 
2180 703 1499 802 
2181 37 1465 210 
2182 419 436 435 
2183 708 738 737 
2184 641 1387 446 
2185 701 703 702 
2186 1216 1501 1215 
2187 1354 1494 779 
2188 911 1022 910 
2189 936 1573 1486 
2190 778 1495 699 
2191 738 1494 1243 
2192 1215 1501 1483 
2193 959 1393 280 
2194 1556 1577 1361 
2195 625 1500 626 
2196 1050 1556 1049 
2197 1483 1501 706 
2198 281 282 278 
2199 1045 1506 1468 
2200 516 530 344 
2201 936 937 846 
2202 591 592 577 
2203 763 978 976 
2204 452 1520 466 
2205 738 969 968 
2206 531 625 553 
2207 1051 1052 835 
2208 957 1008 956 
2209 992 995 762 
2210 283 284 282 
2211 395 1512 393 
2212 310 318 311 
2213 324 327 325 
2214 266 335 264 
2215 761 762 744 
2216 1244 1245 969 
2217 280 1393 281 
2218 318 324 319 
2219 802 1499 964 
2220 561 572 525 
2221 1034 1036 1035 
2222 853 1050 1049 
2223 272 301 270 
2224 580 1482 1025 
2225 881 882 726 
2226 365 554 367 
2227 1426 1514 373 
2228 31 242 30 
2229 35 243 34 
2230 306 312 305 
2231 566 596 595 
2232 1243 1244 969 
2233 354 560 356 
2234 1049 1556 1484 
2235 708 1494 738 
2236 1199 1202 847 
2237 742 763 750 
2238 328 1429 330 
2239 373 1514 375 
2240 103 1490 102 
2241 831 1341 634 
2242 1100 1101 773 
2243 982 1110 1105 
2244 701 1495 704 
2245 484 506 505 
2246 705 1499 703 
2247 1036 1226 1225 
2248 912 1366 923 
2249 862 868 864 
2250 531 722 625 
2251 954 1500 780 
2252 722 781 780 
2253 916 1521 282 
2254 303 305 302 
2255 871 1193 873 
2256 263 264 262 
2257 540 1519 517 
2258 808 809 728 
2259 34 1496 33 
2260 532 635 530 
2261 545 1569 948 
2262 1025 1482 1345 
2263 114 245 113 
2264 43 240 42 
2265 658 1485 672 
2266 210 1497 36 
2267 275 277 276 
2268 520 724 594 
2269 287 288 286 
2270 265 267 266 
2271 866 1195 869 
2272 23 237 22 
2273 94 236 93 
2274 481 484 483 
2275 273 275 274 
2276 1133 1853 1183 
2277 912 1509 1366 
2278 699 1495 701 
2279 454 455 453 
2280 267 269 268 
2281 269 271 270 
2282 271 273 272 
2283 636 721 597 
2284 706 1546 1475 
2285 331 1590 640 
2286 487 489 475 
2287 1590 1596 1057 
2288 722 780 625 
2289 626 1500 1011 
2290 474 475 465 
2291 416 420 418 
2292 781 845 780 
2293 289 290 288 
2294 836 1112 1111 
2295 781 846 845 
2296 737 1499 705 
2297 285 286 283 
2298 296 939 293 
2299 672 690 673 
2300 291 292 290 
2301 276 624 274 
2302 432 940 430 
2303 1034 1035 1032 
2304 690 795 691 
2305 960 961 934 
2306 375 1514 531 
2307 466 1520 1416 
2308 308 310 309 
2309 1244 1246 1245 
2310 690 938 795 
2311 937 1028 1027 
2312 446 1387 448 
2313 464 465 451 
2314 843 844 721 
2315 937 1027 846 
2316 472 481 473 
2317 280 281 278 
2318 795 951 796 
2319 382 1528 385 
2320 513 566 565 
2321 327 533 328 
2322 941 943 942 
2323 541 1523 363 
2324 858 1012 860 
2325 1385 1533 892 
2326 1217 1218 1054 
2327 1152 1154 1153 
2328 904 1248 906 
2329 780 1500 625 
2330 573 1537 619 
2331 612 613 588 
2332 1028 1221 1027 
2333 304 308 307 
2334 946 1057 800 
2335 408 410 409 
2336 281 283 282 
2337 412 922 414 
2338 339 1481 348 
2339 440 441 434 
2340 781 1560 936 
2341 334 1407 332 
2342 492 513 512 
2343 516 1555 532 
2344 356 1508 358 
2345 348 1481 601 
2346 569 599 568 
2347 1339 1599 450 
2348 446 448 441 
2349 826 1545 1435 
2350 428 429 426 
2351 549 568 548 
2352 1036 1225 1035 
2353 1079 1152 1151 
2354 576 577 547 
2355 900 1257 902 
2356 486 492 491 
2357 888 1533 886 
2358 873 1511 998 
2359 753 1530 581 
2360 35 1497 243 
2361 245 1452 113 
2362 44 1525 43 
2363 115 1504 114 
2364 240 1503 42 
2365 443 454 453 
2366 729 730 613 
2367 433 434 431 
2368 509 1538 483 
2369 993 994 815 
2370 749 1051 835 
2371 420 1539 559 
2372 531 1514 722 
2373 1226 1229 1228 
2374 844 1053 721 
2375 338 1415 321 
2376 408 424 410 
2377 1022 1334 910 
2378 22 1527 21 
2379 94 1451 236 
2380 854 1254 856 
2381 265 266 264 
2382 358 1508 361 
2383 1016 1385 892 
2384 102 1490 250 
2385 586 806 756 
2386 410 411 409 
2387 573 617 572 
2388 910 1530 753 
2389 570 582 571 
2390 998 1511 1192 
2391 436 563 438 
2392 422 423 421 
2393 953 1547 942 
2394 425 426 423 
2395 943 1505 944 
2396 932 1535 960 
2397 709 1492 428 
2398 844 1054 1053 
2399 1020 1593 1021 
2400 1256 1660 958 
2401 428 1492 429 
2402 420 421 418 
2403 416 417 415 
2404 1241 1242 1008 
2405 819 1093 620 
2406 710 1658 1310 
2407 1426 1560 1514 
2408 582 746 583 
2409 1484 1556 610 
2410 1077 1079 1078 
2411 478 486 485 
2412 600 764 599 
2413 533 1429 328 
2414 461 728 449 
2415 432 941 940 
2416 847 1545 826 
2417 631 632 596 
2418 1552 1582 1387 
2419 590 628 627 
2420 314 1399 544 
2421 925 926 772 
2422 412 413 411 
2423 508 1534 490 
2424 414 415 413 
2425 634 732 731 
2426 560 1508 356 
2427 597 1519 540 
2428 1365 1611 1608 
2429 1226 1228 1225 
2430 574 575 508 
2431 891 1552 643 
2432 243 1496 34 
2433 947 956 955 
2434 554 1600 1588 
2435 869 1517 871 
2436 277 278 276 
2437 330 1429 334 
2438 923 1536 1023 
2439 1193 1511 873 
2440 267 268 266 
2441 635 800 530 
2442 275 276 274 
2443 1411 1561 1014 
2444 419 1516 436 
2445 273 274 272 
2446 739 740 730 
2447 269 270 268 
2448 288 611 286 
2449 536 586 585 
2450 1366 1536 923 
2451 271 272 270 
2452 1178 1187 981 
2453 1042 1043 812 
2454 545 948 320 
2455 864 1518 866 
2456 970 1505 943 
2457 456 457 455 
2458 304 727 308 
2459 734 773 735 
2460 45 201 44 
2461 116 200 115 
2462 1272 1492 709 
2463 1075 1077 1076 
2464 315 1399 314 
2465 591 734 592 
2466 1274 1582 1552 
2467 1415 1640 1292 
2468 808 1086 809 
2469 504 1695 1688 
2470 801 947 946 
2471 635 801 800 
2472 344 1544 342 
2473 92 202 91 
2474 21 199 20 
2475 836 1572 1112 
2476 1538 1576 473 
2477 575 1534 508 
2478 1501 1546 706 
2479 266 1548 335 
2480 1365 1608 1055 
2481 643 1552 641 
2482 952 970 943 
2483 1514 1560 722 
2484 552 612 588 
2485 476 478 477 
2486 1202 1545 847 
2487 1573 1588 1486 
2488 438 1522 443 
2489 405 1592 403 
2490 1029 1600 1031 
2491 46 1531 45 
2492 117 1532 116 
2493 721 1519 597 
2494 1334 1530 910 
2495 817 1085 1084 
2496 871 1517 1193 
2497 945 1146 841 
2498 1409 1565 898 
2499 860 1515 862 
2500 1100 1103 1101 
2501 418 419 417 
2502 517 1555 516 
2503 641 1552 1387 
2504 20 1526 19 
2505 423 562 421 
2506 941 952 943 
2507 813 814 632 
2508 547 1569 545 
2509 1195 1517 869 
2510 866 1518 1195 
2511 940 1566 430 
2512 868 1518 864 
2513 956 1264 955 
2514 530 1544 344 
2515 902 1524 904 
2516 118 246 117 
2517 47 244 46 
2518 947 955 946 
2519 1417 1564 1485 
2520 576 591 577 
2521 944 1505 967 
2522 292 295 293 
2523 460 476 468 
2524 90 248 89 
2525 19 247 18 
2526 461 810 808 
2527 555 1415 338 
2528 1361 1577 1359 
2529 436 1516 563 
2530 1203 1274 891 
2531 314 544 320 
2532 801 946 800 
2533 1273 1341 831 
2534 461 808 728 
2535 862 1515 868 
2536 119 1542 118 
2537 48 1543 47 
2538 295 298 296 
2539 43 1525 240 
2540 114 1504 245 
2541 1058 1594 1575 
2542 1069 1071 1070 
2543 927 928 926 
2544 298 302 299 
2545 1485 1564 672 
2546 690 1564 938 
2547 237 1527 22 
2548 590 627 557 
2549 292 293 290 
2550 1500 1557 1011 
2551 410 412 411 
2552 898 1565 900 
2553 1054 1587 1053 
2554 952 971 970 
2555 939 1553 293 
2556 566 595 565 
2557 302 304 299 
2558 416 418 417 
2559 49 207 48 
2560 120 206 119 
2561 1633 1655 1264 
2562 1564 1602 938 
2563 412 414 413 
2564 298 299 296 
2565 544 546 545 
2566 904 1524 1248 
2567 1053 1519 721 
2568 337 1596 333 
2569 414 416 415 
2570 637 1563 529 
2571 429 431 430 
2572 1236 1237 880 
2573 17 209 16 
2574 88 208 87 
2575 576 733 591 
2576 295 296 293 
2577 806 837 756 
2578 513 565 512 
2579 361 1625 1610 
2580 458 459 457 
2581 546 548 547 
2582 993 1163 994 
2583 722 1560 781 
2584 492 512 491 
2585 1154 1173 1153 
2586 1012 1515 860 
2587 962 1647 1644 
2588 283 1554 284 
2589 734 836 773 
2590 1057 1544 800 
2591 429 430 426 
2592 1152 1153 1151 
2593 310 326 318 
2594 454 456 455 
2595 1257 1524 902 
2596 456 723 458 
2597 486 491 485 
2598 505 1570 528 
2599 305 1540 302 
2600 1623 1641 1083 
2601 1560 1573 936 
2602 1053 1587 1555 
2603 304 1540 727 
2604 1274 1552 891 
2605 563 1522 438 
2606 1478 1595 875 
2607 856 1529 858 
2608 836 1100 773 
2609 954 1557 1500 
2610 491 511 485 
2611 448 451 449 
2612 418 1562 419 
2613 632 1567 596 
2614 1387 1582 464 
2615 1075 1076 1073 
2616 819 1094 1093 
2617 586 756 585 
2618 634 731 628 
2619 443 1522 454 
2620 554 1588 367 
2621 431 432 430 
2622 1079 1151 1078 
2623 314 320 312 
2624 309 1654 307 
2625 421 1562 418 
2626 574 620 575 
2627 1066 1627 1612 
2628 534 535 533 
2629 836 1111 1100 
2630 319 1633 311 
2631 623 925 772 
2632 596 1567 595 
2633 953 1631 1547 
2634 672 1564 690 
2635 1036 1614 1227 
2636 50 1541 49 
2637 489 495 490 
2638 837 838 756 
2639 460 462 459 
2640 611 1554 286 
2641 548 576 547 
2642 369 1573 1426 
2643 565 584 512 
2644 900 1565 1257 
2645 577 1569 547 
2646 478 485 477 
2647 546 547 545 
2648 554 1610 1388 
2649 448 449 441 
2650 1077 1078 1076 
2651 1419 1618 1456 
2652 268 1548 266 
2653 800 1544 530 
2654 1317 1792 1772 
2655 814 815 632 
2656 536 570 535 
2657 764 974 812 
2658 468 472 462 
2659 1175 1667 986 
2660 544 545 320 
2661 302 1540 304 
2662 1426 1573 1560 
2663 419 1562 1516 
2664 817 839 746 
2665 1598 1623 1083 
2666 814 842 815 
2667 476 477 468 
2668 323 1399 315 
2669 858 1529 1012 
2670 451 461 449 
2671 327 534 533 
2672 201 1525 44 
2673 200 1504 115 
2674 1159 1160 838 
2675 932 934 933 
2676 1614 1643 560 
2677 550 1581 552 
2678 298 1634 303 
2679 574 754 620 
2680 495 525 508 
2681 880 1563 637 
2682 837 1159 838 
2683 612 729 613 
2684 974 1162 1042 
2685 456 458 457 
2686 1705 1744 1502 
2687 1618 1637 1370 
2688 1069 1070 961 
2689 842 1233 993 
2690 1084 1113 839 
2691 764 812 599 
2692 1078 1114 1076 
2693 21 1527 199 
2694 286 1554 283 
2695 534 536 535 
2696 536 585 570 
2697 288 1553 611 
2698 842 993 815 
2699 727 1551 308 
2700 489 490 475 
2701 1014 1615 853 
2702 290 1553 288 
2703 1254 1529 856 
2704 754 841 819 
2705 308 1551 310 
2706 562 1562 421 
2707 974 1042 812 
2708 849 1603 1222 
2709 582 817 746 
2710 729 739 730 
2711 1055 1608 799 
2712 619 1537 854 
2713 878 1608 1263 
2714 481 504 484 
2715 1417 1602 1564 
2716 1080 1149 1070 
2717 1162 1170 1042 
2718 1329 1624 647 
2719 1588 1600 1486 
2720 754 819 620 
2721 568 1550 548 
2722 929 930 928 
2723 612 950 729 
2724 951 1603 796 
2725 994 1567 815 
2726 465 1558 451 
2727 948 1571 320 
2728 460 468 462 
2729 388 1619 390 
2730 1071 1080 1070 
2731 312 1571 305 
2732 525 574 508 
2733 361 1610 362 
2734 458 460 459 
2735 495 508 490 
2736 1180 1829 223 
2737 728 1575 449 
2738 1240 1687 1416 
2739 817 1084 839 
2740 1407 1581 550 
2741 461 1558 810 
2742 367 1588 369 
2743 45 1531 201 
2744 116 1532 200 
2745 528 1570 623 
2746 732 743 731 
2747 1084 1179 1113 
2748 732 744 743 
2749 1544 1596 342 
2750 1021 1593 1285 
2751 369 1588 1573 
2752 333 1590 331 
2753 600 1650 1502 
2754 199 1526 20 
2755 423 1566 562 
2756 572 1559 525 
2757 854 1537 1254 
2758 293 1553 290 
2759 444 1592 405 
2760 815 1567 632 
2761 741 742 740 
2762 1671 1693 770 
2763 1377 1616 948 
2764 1555 1587 532 
2765 1146 1148 841 
2766 365 1610 554 
2767 310 1551 326 
2768 743 1063 731 
2769 548 1550 576 
2770 576 1550 733 
2771 244 1531 46 
2772 246 1532 117 
2773 305 1571 1540 
2774 1043 1584 812 
2775 398 1626 400 
2776 426 1566 423 
2777 1073 1568 1071 
2778 741 1064 765 
2779 441 1575 434 
2780 628 1586 627 
2781 647 1624 649 
2782 451 1558 461 
2783 19 1526 247 
2784 552 1581 612 
2785 903 1649 1104 
2786 1534 1580 490 
2787 1460 1595 1478 
2788 817 1583 1085 
2789 1080 1150 1149 
2790 739 741 740 
2791 838 1628 1622 
2792 118 1542 246 
2793 47 1543 244 
2794 51 1549 50 
2795 931 1607 982 
2796 931 982 930 
2797 1140 1141 933 
2798 376 1637 374 
2799 434 1594 431 
2800 31 1613 242 
2801 430 1566 426 
2802 431 1594 432 
2803 953 1644 1631 
2804 1180 1181 883 
2805 934 1140 933 
2806 591 1572 734 
2807 1020 1669 1593 
2808 1065 1066 765 
2809 320 1571 312 
2810 618 1617 617 
2811 733 1572 591 
2812 1116 1649 905 
2813 1161 1762 1189 
2814 1057 1596 1544 
2815 206 1542 119 
2816 207 1543 48 
2817 570 1583 582 
2818 734 1572 836 
2819 475 1580 465 
2820 1237 1563 880 
2821 731 1586 628 
2822 599 1584 568 
2823 925 927 926 
2824 460 1589 476 
2825 342 1596 337 
2826 1071 1568 1080 
2827 574 1559 754 
2828 1579 1619 469 
2829 961 1574 934 
2830 525 1559 574 
2831 450 1599 1020 
2832 534 1598 1381 
2833 1612 1627 1059 
2834 585 1583 570 
2835 307 1654 1418 
2836 449 1575 441 
2837 929 932 931 
2838 1076 1568 1073 
2839 932 933 931 
2840 685 1602 1417 
2841 796 1603 849 
2842 946 1620 1057 
2843 491 1578 511 
2844 1184 1185 996 
2845 1168 1169 1066 
2846 1617 1651 617 
2847 723 1589 458 
2848 49 1541 207 
2849 456 1585 723 
2850 1522 1585 454 
2851 933 1607 931 
2852 1064 1065 765 
2853 568 1584 1550 
2854 612 1581 950 
2855 584 1578 512 
2856 465 1580 1558 
2857 324 1598 327 
2858 1575 1594 434 
2859 512 1578 491 
2860 1065 1168 1066 
2861 744 745 743 
2862 1229 1662 1228 
2863 1486 1600 1029 
2864 1590 1620 640 
2865 490 1580 475 
2866 812 1584 599 
2867 1056 1605 1055 
2868 582 1583 817 
2869 882 981 883 
2870 327 1598 534 
2871 354 1629 560 
2872 1180 1182 1181 
2873 741 765 742 
2874 1204 1646 965 
2875 1059 1099 978 
2876 1674 1715 275 
2877 454 1585 456 
2878 623 1570 925 
2879 934 1574 1140 
2880 123 227 122 
2881 52 228 51 
2882 85 230 84 
2883 14 229 13 
2884 1114 1568 1076 
2885 1070 1574 961 
2886 1307 1606 747 
2887 927 929 928 
2888 995 1002 996 
2889 1063 1586 731 
2890 1610 1625 1388 
2891 1229 1673 1658 
2892 458 1589 460 
2893 84 1591 83 
2894 1407 1638 1581 
2895 362 1610 365 
2896 1559 1604 945 
2897 1388 1625 1033 
2898 1149 1574 1070 
2899 1539 1601 559 
2900 1033 1643 1034 
2901 799 1608 878 
2902 1002 1188 1184 
2903 794 1611 1365 
2904 1057 1620 1590 
2905 1066 1612 765 
2906 1622 1628 1085 
2907 32 1613 31 
2908 617 1604 572 
2909 1376 1656 1377 
2910 572 1604 1559 
2911 929 931 930 
2912 326 1623 318 
2913 882 883 726 
2914 1639 1645 952 
2915 506 1630 1570 
2916 995 996 762 
2917 838 1622 756 
2918 265 1652 317 
2919 941 1639 952 
2920 640 1655 1346 
2921 763 1059 978 
2922 50 1549 1541 
2923 794 1618 1611 
2924 1034 1614 1036 
2925 736 1652 263 
2926 1571 1616 1540 
2927 1581 1638 950 
2928 585 1622 1583 
2929 469 1619 388 
2930 1456 1618 794 
2931 963 1657 1204 
2932 1614 1629 1227 
2933 1866 1879 188 
2934 1561 1615 1014 
2935 627 1640 557 
2936 1594 1639 432 
2937 555 1640 1415 
2938 981 1180 883 
2939 1242 1648 1008 
2940 948 1616 1571 
2941 1062 1672 1621 
2942 956 1648 1264 
2943 1540 1616 727 
2944 649 1624 685 
2945 1336 1638 334 
2946 1583 1622 1085 
2947 907 1621 1336 
2948 324 1623 1598 
2949 231 1682 1305 
2950 1002 1184 996 
2951 318 1623 324 
2952 999 1665 1383 
2953 1141 1607 933 
2954 955 1620 946 
2955 601 1659 350 
2956 300 1715 1677 
2957 638 1668 879 
2958 762 1609 744 
2959 445 1626 398 
2960 756 1622 585 
2961 560 1629 1614 
2962 197 1889 1179 
2963 1547 1631 562 
2964 960 1680 1068 
2965 334 1638 1407 
2966 1181 1651 1617 
2967 742 1612 763 
2968 909 1673 1481 
2969 1508 1625 361 
2970 1625 1643 1033 
2971 726 1617 618 
2972 537 1681 287 
2973 968 1666 737 
2974 1346 1633 319 
2975 303 1634 710 
2976 352 1629 354 
2977 1080 1642 1150 
2978 744 1609 745 
2979 562 1631 1562 
2980 765 1612 742 
2981 557 1640 555 
2982 289 1681 294 
2983 1226 1663 1229 
2984 1181 1617 883 
2985 1058 1639 1594 
2986 952 1645 971 
2987 374 1637 1419 
2988 1083 1641 1082 
2989 1645 1653 971 
2990 1604 1651 1147 
2991 601 1663 1659 
2992 1470 1670 1398 
2993 1185 1609 996 
2994 228 1549 51 
2995 724 1664 594 
2996 1499 1666 964 
2997 927 1630 1535 
2998 1580 1636 1558 
2999 715 1679 816 
3000 810 1661 808 
3001 733 1635 1632 
3002 1584 1635 1550 
3003 1292 1685 1290 
3004 1562 1631 1516 
3005 1534 1636 1580 
3006 1572 1632 1112 
3007 1620 1655 640 
3008 984 1679 766 
3009 432 1639 941 
3010 1043 1635 1584 
3011 749 1664 1051 
3012 1160 1628 838 
3013 1290 1697 804 
3014 938 1669 795 
3015 1522 1647 1585 
3016 996 1609 762 
3017 1508 1643 1625 
3018 733 1632 1572 
3019 1616 1656 727 
3020 1570 1630 925 
3021 1377 1656 1616 
3022 1058 1645 1639 
3023 1558 1636 810 
3024 560 1643 1508 
3025 1550 1635 733 
3026 1144 1819 218 
3027 925 1630 927 
3028 1631 1644 1516 
3029 763 1612 1059 
3030 1035 1676 1032 
3031 1169 1627 1066 
3032 1629 1659 1227 
3033 710 1662 1658 
3034 1516 1644 563 
3035 506 1680 1630 
3036 477 1718 1704 
3037 230 1591 84 
3038 965 1646 1177 
3039 1028 1678 1221 
3040 955 1655 1620 
3041 809 1645 1058 
3042 1376 1675 1656 
3043 905 1649 903 
3044 1593 1669 938 
3045 1008 1648 956 
3046 883 1617 726 
3047 804 1650 600 
3048 1658 1662 1229 
3049 1416 1687 510 
3050 1663 1673 1229 
3051 1644 1647 563 
3052 1027 1686 846 
3053 520 1687 724 
3054 521 1654 309 
3055 563 1647 1522 
3056 809 1653 1645 
3057 352 1659 1629 
3058 627 1685 1640 
3059 986 1667 1324 
3060 1069 1695 1072 
3061 263 1652 265 
3062 1568 1642 1080 
3063 1650 1705 1502 
3064 1310 1658 909 
3065 839 1714 746 
3066 1418 1654 1242 
3067 1688 1695 1068 
3068 967 1683 962 
3069 950 1672 729 
3070 958 1660 1238 
3071 504 1701 1279 
3072 1051 1693 1052 
3073 1630 1680 1535 
3074 1307 1703 1606 
3075 1554 1691 284 
3076 1114 1642 1568 
3077 1086 1653 809 
3078 1264 1655 955 
3079 964 1657 963 
3080 967 1690 1683 
3081 350 1659 352 
3082 1238 1660 1240 
3083 1589 1690 1386 
3084 617 1651 1604 
3085 1088 1732 1092 
3086 504 1688 484 
3087 270 1696 268 
3088 616 1729 631 
3089 727 1656 1551 
3090 1647 1683 1585 
3091 1386 1707 523 
3092 1621 1672 950 
3093 1113 1723 839 
3094 247 1880 1862 
3095 1721 1725 1075 
3096 15 1698 14 
3097 1101 1699 773 
3098 808 1661 1086 
3099 1352 1728 616 
3100 1659 1663 1227 
3101 1227 1663 1226 
3102 523 1712 1378 
3103 594 1664 749 
3104 1191 1665 999 
3105 1702 1711 1064 
3106 77 1709 76 
3107 976 1720 1015 
3108 737 1666 1499 
3109 1079 1710 1152 
3110 879 1668 1256 
3111 1640 1685 1292 
3112 839 1723 1714 
3113 1706 1713 837 
3114 1398 1670 279 
3115 1052 1671 1174 
3116 567 1724 1352 
3117 795 1669 951 
3118 481 1701 504 
3119 1150 1758 1149 
3120 638 1693 1668 
3121 1685 1697 1290 
3122 1378 1717 567 
3123 1176 1886 247 
3124 477 1704 468 
3125 601 1673 1663 
3126 1246 1674 1245 
3127 1481 1673 601 
3128 1062 1702 1672 
3129 962 1683 1647 
3130 1699 1708 735 
3131 746 1711 583 
3132 1032 1676 1030 
3133 1305 1682 1306 
3134 1656 1675 1551 
3135 277 1715 300 
3136 741 1702 1064 
3137 1728 1729 616 
3138 729 1672 739 
3139 1164 1720 978 
3140 287 1681 289 
3141 766 1679 715 
3142 1680 1688 1068 
3143 1030 1678 1028 
3144 185 1802 1186 
3145 743 1705 1063 
3146 1676 1678 1030 
3147 954 1684 1677 
3148 1707 1712 523 
3149 1171 1872 249 
3150 1551 1675 326 
3151 954 1677 1557 
3152 1712 1717 1378 
3153 1148 1756 1351 
3154 845 1684 954 
3155 1668 1693 1051 
3156 1318 1772 208 
3157 230 1824 1591 
3158 964 1722 1657 
3159 510 1687 520 
3160 846 1686 845 
3161 845 1686 1684 
3162 317 1722 1469 
3163 1683 1690 723 
3164 1535 1680 960 
3165 1074 1721 1075 
3166 1586 1685 627 
3167 1585 1683 723 
3168 484 1688 506 
3169 806 1706 837 
3170 1181 1694 1651 
3171 1461 1689 1087 
3172 326 1675 1641 
3173 511 1718 485 
3174 1376 1700 1675 
3175 1651 1694 1147 
3176 1375 1700 1376 
3177 284 1691 1006 
3178 1006 1692 1247 
3179 1063 1705 1650 
3180 1081 1708 1699 
3181 1642 1855 1150 
3182 222 1771 1126 
3183 1691 1692 1006 
3184 1690 1707 1386 
3185 1675 1700 1641 
3186 1068 1695 1069 
3187 1375 1708 1700 
3188 1081 1706 806 
3189 723 1690 1589 
3190 198 1855 1642 
3191 1704 1718 1280 
3192 735 1708 1375 
3193 268 1696 1548 
3194 1182 1694 1181 
3195 1717 1724 567 
3196 187 1726 111 
3197 810 1732 1661 
3198 1167 1895 179 
3199 110 1726 238 
3200 1672 1702 739 
3201 1101 1713 1706 
3202 224 1798 1184 
3203 1364 1761 202 
3204 1186 1816 185 
3205 1062 1711 1702 
3206 1586 1697 1685 
3207 1657 1722 317 
3208 192 1836 1755 
3209 1732 1738 1092 
3210 506 1688 1680 
3211 472 1701 481 
3212 773 1699 735 
3213 1235 1751 1231 
3214 1700 1708 1082 
3215 1063 1697 1586 
3216 620 1731 575 
3217 237 1839 1527 
3218 1260 1734 204 
3219 472 1704 1701 
3220 468 1704 472 
3221 14 1698 229 
3222 967 1707 1690 
3223 1082 1708 1081 
3224 739 1702 741 
3225 1541 1703 207 
3226 1108 1737 1327 
3227 1505 1707 967 
3228 1101 1706 1699 
3229 746 1714 1711 
3230 1144 1822 1819 
3231 1052 1693 1671 
3232 216 1743 146 
3233 1724 1728 1352 
3234 76 1709 217 
3235 745 1705 743 
3236 565 1730 584 
3237 248 1733 89 
3238 88 1733 208 
3239 188 1879 1451 
3240 1641 1700 1082 
3241 1661 1732 1088 
3242 1103 1713 1101 
3243 254 1843 1188 
3244 1163 1739 994 
3245 1075 1725 1077 
3246 1077 1727 1079 
3247 990 1745 1445 
3248 1092 1742 813 
3249 1152 1710 1155 
3250 1505 1712 1707 
3251 29 1741 211 
3252 583 1711 1062 
3253 1307 1735 1703 
3254 222 1784 1771 
3255 242 1741 30 
3256 124 1740 123 
3257 575 1738 1534 
3258 511 1721 1718 
3259 970 1712 1505 
3260 511 1725 1721 
3261 143 1747 142 
3262 233 1769 1194 
3263 994 1736 1567 
3264 1839 1857 1527 
3265 1699 1706 1081 
3266 1374 1719 1201 
3267 970 1717 1712 
3268 837 1713 1159 
3269 1143 1894 820 
3270 252 1894 1143 
3271 1879 1890 1451 
3272 830 1896 1457 
3273 971 1717 970 
3274 1064 1714 1065 
3275 1730 1736 1155 
3276 485 1718 477 
3277 1725 1727 1077 
3278 994 1739 1736 
3279 258 1760 820 
3280 978 1720 976 
3281 972 1751 1116 
3282 1280 1721 1074 
3283 1469 1722 1470 
3284 1201 1753 1200 
3285 124 1773 1740 
3286 1318 1754 1347 
3287 12 1750 11 
3288 736 1716 1646 
3289 1714 1723 1065 
3290 83 1748 82 
3291 1134 1853 1133 
3292 1065 1723 1168 
3293 973 1735 1307 
3294 985 1754 1175 
3295 61 1756 215 
3296 1351 1756 62 
3297 971 1724 1717 
3298 1682 1859 1306 
3299 1711 1714 1064 
3300 584 1730 1710 
3301 1246 1715 1674 
3302 1703 1735 207 
3303 1234 1780 1235 
3304 1344 1757 988 
3305 1373 1757 1374 
3306 1578 1725 511 
3307 229 1749 13 
3308 1653 1724 971 
3309 111 1726 110 
3310 1296 1777 755 
3311 75 1758 74 
3312 755 1762 1367 
3313 1710 1730 1155 
3314 1718 1721 1280 
3315 584 1727 1578 
3316 1578 1727 1725 
3317 142 1763 141 
3318 908 1762 1161 
3319 608 1764 768 
3320 1086 1729 1728 
3321 202 1761 91 
3322 90 1761 248 
3323 1653 1728 1724 
3324 260 1760 258 
3325 1093 1731 620 
3326 89 1733 88 
3327 1607 1759 982 
3328 595 1730 565 
3329 238 1766 109 
3330 204 1734 1136 
3331 1086 1728 1653 
3332 108 1766 213 
3333 71 1769 233 
3334 198 1769 72 
3335 53 1767 1190 
3336 1731 1742 1092 
3337 1327 1737 1090 
3338 595 1736 1730 
3339 207 1735 1543 
3340 1661 1729 1086 
3341 1189 1777 1165 
3342 1636 1732 810 
3343 1607 1878 1759 
3344 1567 1736 595 
3345 1268 1856 241 
3346 1084 1768 1179 
3347 1451 1890 236 
3348 27 1770 239 
3349 211 1770 28 
3350 1093 1746 1742 
3351 1120 1787 1716 
3352 1094 1746 1093 
3353 1155 1739 1154 
3354 149 1774 148 
3355 1277 1839 237 
3356 208 1772 87 
3357 123 1740 227 
3358 30 1741 29 
3359 1502 1744 975 
3360 121 1775 120 
3361 1002 1786 1286 
3362 1147 1776 1146 
3363 1534 1738 1636 
3364 1165 1777 1157 
3365 745 1801 1744 
3366 1115 1745 990 
3367 813 1742 814 
3368 973 1752 1735 
3369 146 1743 145 
3370 1527 1857 199 
3371 1736 1739 1155 
3372 1628 1768 1085 
3373 1143 1753 1719 
3374 77 1807 1709 
3375 1380 1780 1007 
3376 1742 1746 814 
3377 1636 1738 1732 
3378 241 1838 1268 
3379 197 1747 143 
3380 989 1784 1115 
3381 814 1746 842 
3382 1343 1790 1344 
3383 1186 1790 1001 
3384 232 1812 1328 
3385 1233 1867 1303 
3386 1270 1759 226 
3387 1276 1839 1277 
3388 1785 1896 830 
3389 1745 1863 1445 
3390 1857 1868 199 
3391 1042 1789 1043 
3392 1735 1752 1543 
3393 132 1796 214 
3394 992 1795 995 
3395 768 1791 1461 
3396 1 1849 152 
3397 1294 1752 973 
3398 8 1848 81 
3399 213 1794 107 
3400 106 1794 249 
3401 215 1776 1332 
3402 1740 1773 1286 
3403 233 1797 70 
3404 1314 1887 1798 
3405 1231 1751 972 
3406 11 1849 1 
3407 82 1848 8 
3408 1000 1811 1117 
3409 1709 1807 1141 
3410 85 1792 230 
3411 13 1749 12 
3412 1591 1748 83 
3413 1422 1881 1876 
3414 148 1799 147 
3415 1396 1800 1060 
3416 1316 1808 1317 
3417 25 1802 185 
3418 226 1807 78 
3419 239 1802 26 
3420 790 1803 830 
3421 1087 1803 788 
3422 975 1805 974 
3423 949 1876 1183 
3424 1160 1874 1628 
3425 1162 1796 1170 
3426 1286 1773 254 
3427 1093 1742 1731 
3428 1543 1752 244 
3429 1303 1867 1094 
3430 209 1886 1176 
3431 1332 1821 59 
3432 1067 1816 1186 
3433 58 1821 223 
3434 1347 1754 985 
3435 1179 1889 1743 
3436 100 1813 212 
3437 250 1813 101 
3438 237 1830 1277 
3439 1679 1842 816 
3440 1267 1856 1268 
3441 1154 1810 1173 
3442 1094 1831 1304 
3443 171 1755 170 
3444 1185 1801 1609 
3445 62 1756 61 
3446 1268 1826 1095 
3447 988 1757 1373 
3448 1395 1826 1396 
3449 1759 1878 226 
3450 1286 1786 1740 
3451 199 1868 1526 
3452 1294 1765 1752 
3453 127 1843 254 
3454 1627 1809 1059 
3455 1124 1842 1679 
3456 1129 1863 1745 
3457 185 1830 24 
3458 1277 1816 1275 
3459 1752 1765 244 
3460 224 1843 128 
3461 23 1830 237 
3462 1097 1822 1096 
3463 217 1758 75 
3464 161 1832 7 
3465 3 1833 176 
3466 7 1832 103 
3467 33 1833 3 
3468 153 1834 2 
3469 2 1834 32 
3470 1798 1887 1185 
3471 223 1829 1269 
3472 1148 1831 841 
3473 819 1831 1094 
3474 1187 1829 981 
3475 1868 1880 1526 
3476 98 1838 241 
3477 212 1838 99 
3478 987 1765 1294 
3479 247 1862 1176 
3480 982 1759 1110 
3481 564 1760 260 
3482 840 1815 1379 
3483 74 1855 73 
3484 1719 1753 1201 
3485 144 1889 197 
3486 91 1761 90 
3487 1367 1762 908 
3488 1862 1880 1161 
3489 1111 1850 1100 
3490 993 1820 1163 
3491 141 1763 232 
3492 1404 1881 1422 
3493 1747 1874 1160 
3494 818 1764 608 
3495 1441 1870 1455 
3496 105 1872 104 
3497 247 1886 18 
3498 17 1886 209 
3499 244 1765 1531 
3500 1149 1851 1574 
3501 1646 1787 1177 
3502 1749 1750 12 
3503 109 1766 108 
3504 1744 1801 1315 
3505 122 1806 121 
3506 1314 1798 1311 
3507 842 1867 1233 
3508 1085 1768 1084 
3509 1043 1859 1635 
3510 54 1767 53 
3511 1132 1828 1131 
3512 72 1769 71 
3513 1130 1884 1791 
3514 55 1861 4 
3515 126 1860 5 
3516 1007 1780 1234 
3517 1765 1779 1531 
3518 1740 1786 227 
3519 1526 1880 247 
3520 987 1779 1765 
3521 1642 1845 198 
3522 1125 1778 1171 
3523 4 1861 54 
3524 5 1860 125 
3525 28 1770 27 
3526 1114 1845 1642 
3527 87 1772 86 
3528 1061 1771 1424 
3529 1422 1876 949 
3530 125 1773 124 
3531 1173 1797 1153 
3532 225 1774 149 
3533 1748 1841 256 
3534 1157 1777 1296 
3535 120 1775 206 
3536 1330 1779 987 
3537 1531 1779 201 
3538 1771 1784 1424 
3539 1311 1798 224 
3540 1096 1782 1391 
3541 164 1781 163 
3542 1306 1789 196 
3543 1776 1873 1146 
3544 1117 1811 1775 
3545 216 1847 1743 
3546 1713 1812 1159 
3547 1099 1783 1164 
3548 1772 1792 86 
3549 1694 1776 1147 
3550 1163 1810 1739 
3551 1424 1784 989 
3552 1122 1842 1124 
3553 995 1786 1002 
3554 1743 1889 145 
3555 1779 1793 201 
3556 231 1840 1682 
3557 1330 1793 1779 
3558 1170 1789 1042 
3559 1001 1790 1343 
3560 1771 1788 1126 
3561 1132 1881 1828 
3562 991 1793 1330 
3563 252 1834 153 
3564 176 1833 251 
3565 1183 1853 949 
3566 1682 1840 1112 
3567 86 1792 85 
3568 1108 1836 1737 
3569 201 1793 1525 
3570 1117 1795 992 
3571 1397 1814 840 
3572 107 1794 106 
3573 227 1806 122 
3574 1061 1800 1788 
3575 104 1872 1778 
3576 133 1796 132 
3577 1864 1871 1465 
3578 1723 1847 1168 
3579 1716 1787 1646 
3580 1461 1791 1689 
3581 1737 1854 1090 
3582 70 1797 69 
3583 991 1804 1793 
3584 1270 1883 1759 
3585 1750 1783 255 
3586 1135 1891 1172 
3587 1793 1804 1525 
3588 147 1799 216 
3589 1383 1871 1864 
3590 1060 1800 1061 
3591 1743 1847 1113 
3592 818 1863 1764 
3593 1109 1836 1108 
3594 1184 1798 1185 
3595 1335 1804 991 
3596 234 1820 1233 
3597 1609 1801 745 
3598 26 1802 25 
3599 788 1803 790 
3600 1811 1823 206 
3601 1189 1862 1161 
3602 1525 1804 240 
3603 1120 1877 1787 
3604 974 1805 1162 
3605 1782 1822 251 
3606 1413 1819 1097 
3607 1105 1808 1316 
3608 78 1807 77 
3609 1335 1817 1804 
3610 1171 1815 1138 
3611 1737 1836 192 
3612 1273 1811 1000 
3613 1059 1809 1099 
3614 1804 1817 240 
3615 1013 1817 1335 
3616 206 1823 1542 
3617 1759 1883 1110 
3618 1379 1825 1380 
3619 1111 1840 1320 
3620 1233 1820 993 
3621 1105 1824 1808 
3622 101 1813 100 
3623 1823 1835 1542 
3624 984 1888 1679 
3625 1275 1816 1067 
3626 240 1817 1503 
3627 1319 1820 234 
3628 1320 1840 231 
3629 215 1873 1776 
3630 1273 1823 1811 
3631 1013 1827 1817 
3632 1094 1867 1746 
3633 59 1821 58 
3634 1679 1888 1124 
3635 820 1894 257 
3636 1841 1883 256 
3637 1103 1812 1713 
3638 949 1853 1439 
3639 1817 1827 1503 
3640 1348 1827 1013 
3641 1019 1823 1273 
3642 1194 1845 1114 
3643 1061 1788 1771 
3644 1110 1824 1105 
3645 1542 1835 246 
3646 1166 1871 1383 
3647 1803 1891 830 
3648 1102 1839 1276 
3649 1095 1826 1395 
3650 1835 1844 246 
3651 243 1897 1391 
3652 1019 1835 1823 
3653 1503 1827 186 
3654 1348 1837 1827 
3655 1177 1828 966 
3656 1755 1836 1109 
3657 1260 1869 983 
3658 24 1830 23 
3659 1876 1881 1132 
3660 1739 1810 1154 
3661 981 1829 1180 
3662 1457 1896 1734 
3663 1091 1837 1348 
3664 103 1832 1490 
3665 1496 1833 33 
3666 1137 1835 1019 
3667 1827 1837 186 
3668 841 1831 819 
3669 32 1834 1613 
3670 246 1844 1532 
3671 198 1845 1769 
3672 257 1894 252 
3673 1146 1873 1148 
3674 1158 1869 1260 
3675 1844 1858 1532 
3676 1137 1844 1835 
3677 816 1842 1278 
3678 1176 1862 1189 
3679 1113 1847 1723 
3680 186 1837 1464 
3681 1091 1852 1837 
3682 99 1838 98 
3683 254 1860 126 
3684 253 1861 55 
3685 1112 1840 1111 
3686 1090 1854 1089 
3687 1102 1857 1839 
3688 1775 1811 206 
3689 1858 1865 200 
3690 1439 1853 1134 
3691 1382 1852 1091 
3692 1282 1844 1137 
3693 128 1843 127 
3694 152 1849 255 
3695 81 1848 256 
3696 1837 1852 1464 
3697 1828 1881 966 
3698 1795 1806 227 
3699 226 1878 1807 
3700 256 1883 1270 
3701 1532 1858 200 
3702 1282 1858 1844 
3703 1465 1871 210 
3704 1100 1850 1103 
3705 1382 1864 1852 
3706 1266 1856 1267 
3707 1171 1825 1815 
3708 1464 1852 235 
3709 1331 1857 1102 
3710 1283 1865 1858 
3711 73 1855 198 
3712 1574 1851 1140 
3713 1283 1858 1282 
3714 1750 1849 11 
3715 1748 1848 82 
3716 1591 1841 1748 
3717 1383 1864 1382 
3718 1875 1885 245 
3719 1098 1865 1283 
3720 1852 1864 235 
3721 1322 1885 1875 
3722 1331 1868 1857 
3723 1635 1859 1632 
3724 975 1892 1805 
3725 1107 1882 1166 
3726 1266 1866 1856 
3727 200 1865 1504 
3728 1865 1875 1504 
3729 1445 1863 818 
3730 1128 1884 1130 
3731 235 1864 1465 
3732 1756 1873 215 
3733 1119 1866 1266 
3734 1107 1897 1882 
3735 1106 1868 1331 
3736 1098 1875 1865 
3737 1391 1897 1107 
3738 983 1869 984 
3739 1628 1874 1768 
3740 1106 1880 1868 
3741 1119 1879 1866 
3742 1504 1875 245 
3743 1773 1860 254 
3744 1455 1870 1109 
3745 1322 1875 1098 
3746 249 1872 105 
3747 1313 1892 1315 
3748 1104 1885 1322 
3749 1117 1806 1795 
3750 191 1877 157 
3751 1118 1879 1119 
3752 1161 1880 1106 
3753 1315 1887 1314 
3754 966 1881 1404 
3755 1118 1890 1879 
3756 1649 1893 1104 
3757 210 1882 1497 
3758 245 1885 1452 
3759 145 1889 144 
3760 18 1886 17 
3761 1362 1890 1118 
3762 1882 1897 1497 
3763 1885 1893 1452 
3764 1767 1861 253 
3765 1104 1893 1885 
3766 1452 1893 187 
3767 1141 1878 1607 
3768 1497 1897 243 
3769 1185 1887 1801 
3770 1778 1872 1171 
3771 187 1893 1649 
3772 1785 1891 1135 
3773 1148 1873 1756 
3774 1096 1822 1782 
3775 1787 1877 191 
3776 256 1848 1748 
3777 255 1849 1750 
3778 1734 1896 1136 
3779 1769 1845 1194 
3780 1746 1867 842 
3781 197 1874 1747 
3782 1172 1891 1803 
3783 1824 1841 1591 
3784 1815 1825 1379 
3785 54 1861 1767 
3786 125 1860 1773 
3787 1871 1882 210 
3788 1166 1882 1871 
3789 1768 1874 197 
3790 1089 1854 1818 
3791 1136 1896 1785 
3792 1110 1841 1824 
3793 984 1895 1888 
3794 1818 1854 1127 
3795 830 1891 1785 
3796 1807 1878 1141 
3797 1888 1895 1167 
3798 1805 1892 1313 
3799 1801 1887 1315 
3800 1110 1883 1841 
3801 1869 1895 984 
3802 1158 1895 1869 
$EndElements
