$MeshFormat
4.1 0 8
$EndMeshFormat
$Entities
10 10 1 0
1 0 0 0 0 
2 0.4 0 0 0 
3 0.6 0 0 0 
4 1 0 0 0 
5 0 0.5 0 0 
6 0.4 0.5 0 0 
7 0.6 0.5 0 0 
8 1 0.5 0 0 
11 0.5 0.1 0 0 
12 0.5 0.4 0 0 
1 -1.000000000028756e-07 -1e-07 -1e-07 0.4000001 1e-07 1e-07 0 2 1 -2 
2 0.5999999 -1e-07 -1e-07 1.0000001 1e-07 1e-07 0 2 3 -4 
3 0.9999999000000001 -9.999999997511999e-08 -1e-07 1.0000001 0.5000000999999999 1e-07 0 2 4 -8 
4 0.5999999 0.4999999 -1e-07 1.0000001 0.5000000999999999 1e-07 0 2 8 -7 
5 -1.000000000028756e-07 0.4999999 -1e-07 0.4000001 0.5000000999999999 1e-07 0 2 6 -5 
6 -1e-07 -9.999999997511999e-08 -1e-07 1e-07 0.5000000999999999 1e-07 0 2 5 -1 
7 0.3999999 -1.000000000098145e-07 -1e-07 0.5000000999999999 0.1000001 1e-07 0 2 2 -11 
8 0.4999999 0.3999999 -1e-07 0.6000000999999999 0.5000000999999999 1e-07 0 2 7 -12 
9 0.4999999 -9.999999997511999e-08 -1e-07 0.6000000999999999 0.1000001 1e-07 0 2 11 -3 
10 0.3999999 0.3999999 -1e-07 0.5000000999999999 0.5000000999999999 1e-07 0 2 12 -6 
1 -9.999999994736442e-08 -1.000000000306311e-07 -1e-07 1.0000001 0.5000000999999999 1e-07 0 10 1 7 9 2 3 4 8 10 5 6 
$EndEntities
$Nodes
21 1486 1 1486
0 1 0 1
1
0 0 0
0 2 0 1
2
0.4 0 0
0 3 0 1
3
0.6 0 0
0 4 0 1
4
1 0 0
0 5 0 1
5
0 0.5 0
0 6 0 1
6
0.4 0.5 0
0 7 0 1
7
0.6 0.5 0
0 8 0 1
8
1 0.5 0
0 11 0 1
9
0.5 0.1 0
0 12 0 1
10
0.5 0.4 0
1 1 0 19
11
12
13
14
15
16
17
18
19
20
21
22
23
24
25
26
27
28
29
0.02000000000000002 0 0
0.04000000000000004 0 0
0.06000000000000007 0 0
0.0800000000000001 0 0
0.1000000000000001 0 0
0.1200000000000002 0 0
0.1400000000000002 0 0
0.1600000000000003 0 0
0.1800000000000003 0 0
0.2000000000000003 0 0
0.2200000000000003 0 0
0.2400000000000003 0 0
0.2600000000000003 0 0
0.2800000000000003 0 0
0.3000000000000003 0 0
0.3200000000000003 0 0
0.3400000000000002 0 0
0.3600000000000002 0 0
0.3800000000000001 0 0
1 2 0 19
30
31
32
33
34
35
36
37
38
39
40
41
42
43
44
45
46
47
48
0.62 0 0
0.64 0 0
0.66 0 0
0.68 0 0
0.7000000000000002 0 0
0.7200000000000002 0 0
0.7400000000000002 0 0
0.7600000000000002 0 0
0.7800000000000002 0 0
0.8000000000000003 0 0
0.8200000000000003 0 0
0.8400000000000003 0 0
0.8600000000000003 0 0
0.8800000000000003 0 0
0.9000000000000002 0 0
0.9200000000000003 0 0
0.9400000000000002 0 0
0.9600000000000002 0 0
0.9800000000000001 0 0
1 3 0 24
49
50
51
52
53
54
55
56
57
58
59
60
61
62
63
64
65
66
67
68
69
70
71
72
1 0.02 0
1 0.04 0
1 0.06 0
1 0.08 0
1 0.1 0
1 0.12 0
1 0.14 0
1 0.16 0
1 0.18 0
1 0.2 0
1 0.22 0
1 0.24 0
1 0.26 0
1 0.28 0
1 0.3 0
1 0.32 0
1 0.34 0
1 0.36 0
1 0.38 0
1 0.4 0
1 0.42 0
1 0.44 0
1 0.46 0
1 0.48 0
1 4 0 19
73
74
75
76
77
78
79
80
81
82
83
84
85
86
87
88
89
90
91
0.98 0.5 0
0.96 0.5 0
0.9399999999999999 0.5 0
0.9199999999999999 0.5 0
0.8999999999999999 0.5 0
0.8799999999999998 0.5 0
0.8599999999999998 0.5 0
0.8399999999999997 0.5 0
0.8199999999999997 0.5 0
0.7999999999999997 0.5 0
0.7799999999999997 0.5 0
0.7599999999999997 0.5 0
0.7399999999999997 0.5 0
0.7199999999999998 0.5 0
0.6999999999999997 0.5 0
0.6799999999999997 0.5 0
0.6599999999999997 0.5 0
0.6399999999999998 0.5 0
0.6199999999999999 0.5 0
1 5 0 19
92
93
94
95
96
97
98
99
100
101
102
103
104
105
106
107
108
109
110
0.38 0.5 0
0.36 0.5 0
0.34 0.5 0
0.32 0.5 0
0.2999999999999999 0.5 0
0.2799999999999998 0.5 0
0.2599999999999998 0.5 0
0.2399999999999997 0.5 0
0.2199999999999997 0.5 0
0.1999999999999997 0.5 0
0.1799999999999997 0.5 0
0.1599999999999997 0.5 0
0.1399999999999997 0.5 0
0.1199999999999997 0.5 0
0.09999999999999976 0.5 0
0.07999999999999974 0.5 0
0.05999999999999978 0.5 0
0.03999999999999981 0.5 0
0.01999999999999991 0.5 0
1 6 0 24
111
112
113
114
115
116
117
118
119
120
121
122
123
124
125
126
127
128
129
130
131
132
133
134
0 0.48 0
0 0.46 0
0 0.44 0
0 0.42 0
0 0.4 0
0 0.38 0
0 0.36 0
0 0.34 0
0 0.32 0
0 0.3 0
0 0.28 0
0 0.26 0
0 0.24 0
0 0.22 0
0 0.2 0
0 0.18 0
0 0.16 0
0 0.14 0
0 0.12 0
0 0.09999999999999998 0
0 0.08000000000000002 0
0 0.06 0
0 0.03999999999999998 0
0 0.02000000000000002 0
1 7 0 7
135
136
137
138
139
140
141
0.401921471959677 0.01950903220161279 0
0.4076120467488713 0.03826834323650896 0
0.4168530387697454 0.05555702330196018 0
0.4292893218813453 0.07071067811865472 0
0.4444429766980398 0.0831469612302545 0
0.461731656763491 0.09238795325112867 0
0.4804909677983871 0.09807852804032301 0
1 8 0 7
142
143
144
145
146
147
148
0.598078528040323 0.4804909677983872 0
0.5923879532511287 0.4617316567634911 0
0.5831469612302546 0.4444429766980399 0
0.5707106781186548 0.4292893218813454 0
0.5555570233019603 0.4168530387697456 0
0.5382683432365091 0.4076120467488714 0
0.5195090322016128 0.401921471959677 0
1 9 0 7
149
150
151
152
153
154
155
0.5195090322016128 0.09807852804032305 0
0.538268343236509 0.09238795325112867 0
0.5555570233019602 0.08314696123025456 0
0.5707106781186547 0.07071067811865477 0
0.5831469612302546 0.05555702330196022 0
0.5923879532511287 0.03826834323650904 0
0.598078528040323 0.01950903220161287 0
1 10 0 7
156
157
158
159
160
161
162
0.4804909677983872 0.401921471959677 0
0.4617316567634911 0.4076120467488713 0
0.4444429766980399 0.4168530387697454 0
0.4292893218813454 0.4292893218813451 0
0.4168530387697456 0.4444429766980396 0
0.4076120467488714 0.4617316567634909 0
0.401921471959677 0.4804909677983871 0
2 1 0 1324
163
164
165
166
167
168
169
170
171
172
173
174
175
176
177
178
179
180
181
182
183
184
185
186
187
188
189
190
191
192
193
194
195
196
197
198
199
200
201
202
203
204
205
206
207
208
209
210
211
212
213
214
215
216
217
218
219
220
221
222
223
224
225
226
227
228
229
230
231
232
233
234
235
236
237
238
239
240
241
242
243
244
245
246
247
248
249
250
251
252
253
254
255
256
257
258
259
260
261
262
263
264
265
266
267
268
269
270
271
272
273
274
275
276
277
278
279
280
281
282
283
284
285
286
287
288
289
290
291
292
293
294
295
296
297
298
299
300
301
302
303
304
305
306
307
308
309
310
311
312
313
314
315
316
317
318
319
320
321
322
323
324
325
326
327
328
329
330
331
332
333
334
335
336
337
338
339
340
341
342
343
344
345
346
347
348
349
350
351
352
353
354
355
356
357
358
359
360
361
362
363
364
365
366
367
368
369
370
371
372
373
374
375
376
377
378
379
380
381
382
383
384
385
386
387
388
389
390
391
392
393
394
395
396
397
398
399
400
401
402
403
404
405
406
407
408
409
410
411
412
413
414
415
416
417
418
419
420
421
422
423
424
425
426
427
428
429
430
431
432
433
434
435
436
437
438
439
440
441
442
443
444
445
446
447
448
449
450
451
452
453
454
455
456
457
458
459
460
461
462
463
464
465
466
467
468
469
470
471
472
473
474
475
476
477
478
479
480
481
482
483
484
485
486
487
488
489
490
491
492
493
494
495
496
497
498
499
500
501
502
503
504
505
506
507
508
509
510
511
512
513
514
515
516
517
518
519
520
521
522
523
524
525
526
527
528
529
530
531
532
533
534
535
536
537
538
539
540
541
542
543
544
545
546
547
548
549
550
551
552
553
554
555
556
557
558
559
560
561
562
563
564
565
566
567
568
569
570
571
572
573
574
575
576
577
578
579
580
581
582
583
584
585
586
587
588
589
590
591
592
593
594
595
596
597
598
599
600
601
602
603
604
605
606
607
608
609
610
611
612
613
614
615
616
617
618
619
620
621
622
623
624
625
626
627
628
629
630
631
632
633
634
635
636
637
638
639
640
641
642
643
644
645
646
647
648
649
650
651
652
653
654
655
656
657
658
659
660
661
662
663
664
665
666
667
668
669
670
671
672
673
674
675
676
677
678
679
680
681
682
683
684
685
686
687
688
689
690
691
692
693
694
695
696
697
698
699
700
701
702
703
704
705
706
707
708
709
710
711
712
713
714
715
716
717
718
719
720
721
722
723
724
725
726
727
728
729
730
731
732
733
734
735
736
737
738
739
740
741
742
743
744
745
746
747
748
749
750
751
752
753
754
755
756
757
758
759
760
761
762
763
764
765
766
767
768
769
770
771
772
773
774
775
776
777
778
779
780
781
782
783
784
785
786
787
788
789
790
791
792
793
794
795
796
797
798
799
800
801
802
803
804
805
806
807
808
809
810
811
812
813
814
815
816
817
818
819
820
821
822
823
824
825
826
827
828
829
830
831
832
833
834
835
836
837
838
839
840
841
842
843
844
845
846
847
848
849
850
851
852
853
854
855
856
857
858
859
860
861
862
863
864
865
866
867
868
869
870
871
872
873
874
875
876
877
878
879
880
881
882
883
884
885
886
887
888
889
890
891
892
893
894
895
896
897
898
899
900
901
902
903
904
905
906
907
908
909
910
911
912
913
914
915
916
917
918
919
920
921
922
923
924
925
926
927
928
929
930
931
932
933
934
935
936
937
938
939
940
941
942
943
944
945
946
947
948
949
950
951
952
953
954
955
956
957
958
959
960
961
962
963
964
965
966
967
968
969
970
971
972
973
974
975
976
977
978
979
980
981
982
983
984
985
986
987
988
989
990
991
992
993
994
995
996
997
998
999
1000
1001
1002
1003
1004
1005
1006
1007
1008
1009
1010
1011
1012
1013
1014
1015
1016
1017
1018
1019
1020
1021
1022
1023
1024
1025
1026
1027
1028
1029
1030
1031
1032
1033
1034
1035
1036
1037
1038
1039
1040
1041
1042
1043
1044
1045
1046
1047
1048
1049
1050
1051
1052
1053
1054
1055
1056
1057
1058
1059
1060
1061
1062
1063
1064
1065
1066
1067
1068
1069
1070
1071
1072
1073
1074
1075
1076
1077
1078
1079
1080
1081
1082
1083
1084
1085
1086
1087
1088
1089
1090
1091
1092
1093
1094
1095
1096
1097
1098
1099
1100
1101
1102
1103
1104
1105
1106
1107
1108
1109
1110
1111
1112
1113
1114
1115
1116
1117
1118
1119
1120
1121
1122
1123
1124
1125
1126
1127
1128
1129
1130
1131
1132
1133
1134
1135
1136
1137
1138
1139
1140
1141
1142
1143
1144
1145
1146
1147
1148
1149
1150
1151
1152
1153
1154
1155
1156
1157
1158
1159
1160
1161
1162
1163
1164
1165
1166
1167
1168
1169
1170
1171
1172
1173
1174
1175
1176
1177
1178
1179
1180
1181
1182
1183
1184
1185
1186
1187
1188
1189
1190
1191
1192
1193
1194
1195
1196
1197
1198
1199
1200
1201
1202
1203
1204
1205
1206
1207
1208
1209
1210
1211
1212
1213
1214
1215
1216
1217
1218
1219
1220
1221
1222
1223
1224
1225
1226
1227
1228
1229
1230
1231
1232
1233
1234
1235
1236
1237
1238
1239
1240
1241
1242
1243
1244
1245
1246
1247
1248
1249
1250
1251
1252
1253
1254
1255
1256
1257
1258
1259
1260
1261
1262
1263
1264
1265
1266
1267
1268
1269
1270
1271
1272
1273
1274
1275
1276
1277
1278
1279
1280
1281
1282
1283
1284
1285
1286
1287
1288
1289
1290
1291
1292
1293
1294
1295
1296
1297
1298
1299
1300
1301
1302
1303
1304
1305
1306
1307
1308
1309
1310
1311
1312
1313
1314
1315
1316
1317
1318
1319
1320
1321
1322
1323
1324
1325
1326
1327
1328
1329
1330
1331
1332
1333
1334
1335
1336
1337
1338
1339
1340
1341
1342
1343
1344
1345
1346
1347
1348
1349
1350
1351
1352
1353
1354
1355
1356
1357
1358
1359
1360
1361
1362
1363
1364
1365
1366
1367
1368
1369
1370
1371
1372
1373
1374
1375
1376
1377
1378
1379
1380
1381
1382
1383
1384
1385
1386
1387
1388
1389
1390
1391
1392
1393
1394
1395
1396
1397
1398
1399
1400
1401
1402
1403
1404
1405
1406
1407
1408
1409
1410
1411
1412
1413
1414
1415
1416
1417
1418
1419
1420
1421
1422
1423
1424
1425
1426
1427
1428
1429
1430
1431
1432
1433
1434
1435
1436
1437
1438
1439
1440
1441
1442
1443
1444
1445
1446
1447
1448
1449
1450
1451
1452
1453
1454
1455
1456
1457
1458
1459
1460
1461
1462
1463
1464
1465
1466
1467
1468
1469
1470
1471
1472
1473
1474
1475
1476
1477
1478
1479
1480
1481
1482
1483
1484
1485
1486
0.7487703841675163 0.480352364973081 0
0.2497752153050802 0.016773898841418 0
0.7474716133588727 0.0173104819583684 0
0.2502145097776476 0.4822170746315975 0
0.9861734452356041 0.2502446057173021 0
0.01853486527952419 0.2474940738016116 0
0.5743857033095201 0.4132594976258713 0
0.4269756915374266 0.09052595344574746 0
0.5742540314679249 0.08888501927444475 0
0.4259272688711562 0.410565321469868 0
0.8303662301394007 0.4828911357474777 0
0.01677684379706385 0.3287665387591594 0
0.1697731147151005 0.01771308432579863 0
0.9826767787425341 0.1699959131780863 0
0.4883447315405758 0.3848947067023325 0
0.0177356929470926 0.1689577288808912 0
0.9818936363991209 0.3318172848553078 0
0.1713893494561572 0.4825837531921864 0
0.8300014747880571 0.01732065052767934 0
0.5105859370506753 0.1155574448857454 0
0.4651313959305164 0.1124661078922764 0
0.5314040430748396 0.3877505026271633 0
0.8922213513169841 0.4828139419010374 0
0.1099970185660528 0.01732357706017795 0
0.3097816518824218 0.4834714402747586 0
0.01732050807568875 0.39 0
0.8899869461420769 0.0169945924388849 0
0.6900000000000002 0.0173205080756888 0
0.3076885396695535 0.02023202659017992 0
0.692402400535845 0.4858622612736102 0
0.9827480739366929 0.1100094670751675 0
0.9845252516287264 0.3940067027315723 0
0.1099999999999998 0.4826794919243113 0
0.0178468994804698 0.1075372579873111 0
0.6027429564506627 0.05460591183859956 0
0.399180085619973 0.4461297054666952 0
0.3970340861252193 0.05148543422249777 0
0.6025418105428361 0.4448541014202019 0
0.9299994809259955 0.4826795149622053 0
0.06840987009253297 0.4848643018601938 0
0.07000052996202694 0.01732048868929054 0
0.2121307394447437 0.01873277893288006 0
0.9295821112914575 0.01690673283905783 0
0.01732060322954282 0.4300005074938956 0
0.01835581433661704 0.2921443468587429 0
0.01867042064313534 0.2099366139917957 0
0.01781083539162975 0.06999059221188339 0
0.7900004982206552 0.01669850965411507 0
0.2071760974867722 0.4808857558506751 0
0.9827806593174584 0.2902784147130483 0
0.9824395701646254 0.07002943126467054 0
0.9830878011611734 0.2094891454578429 0
0.9822270855125501 0.4301841330256202 0
0.7892708819950727 0.4823320958706344 0
0.65 0.0173205080756888 0
0.350548200983709 0.4830267847367254 0
0.3495379726465061 0.01704779969793774 0
0.6515416850693937 0.4809858673132866 0
0.01687383678489834 0.4692263426300686 0
0.03056661977129338 0.01687296202460073 0
0.9692260517760216 0.4831252865526916 0
0.9827193368289597 0.03032363712799002 0
0.4904453009451193 0.1180336222186211 0
0.473989255795067 0.1318516698264197 0
0.4545089872565514 0.1295158053802674 0
0.4625527370934972 0.1464920554410358 0
0.44299966064183 0.1440208670252782 0
0.450460701936388 0.1620365088987502 0
0.4310433381004834 0.1593596501808177 0
0.4385153220380113 0.1775741331243376 0
0.4190164836690498 0.1748591539352941 0
0.4579450309070635 0.1802091104534386 0
0.4264839549294579 0.1930992914267962 0
0.4069627031022502 0.1903798503314 0
0.4143622264209573 0.2085719943063749 0
0.3948648647354354 0.2058873883660493 0
0.3875285401791374 0.1875646495256938 0
0.3753684934225505 0.2031844182333244 0
0.3827896554295791 0.2214306995055388 0
0.3632750270584514 0.2187569529918655 0
0.355833543967831 0.2005120014636084 0
0.343736537863729 0.2160833000974918 0
0.3362862748156811 0.1976895316116895 0
0.3241801774668894 0.2133849185548 0
0.3316424063764083 0.2316860526815937 0
0.3120735066464515 0.229006301413827 0
0.319537251041621 0.2472987311711271 0
0.2999568873856768 0.2446231549229276 0
0.2924863464094176 0.2263148952402783 0
0.2803567364918224 0.2419462034529276 0
0.272879680633818 0.2236146300705261 0
0.2607361418137758 0.2392653412352211 0
0.2532526914131713 0.2209135269512029 0
0.2410988800137704 0.2365721200768833 0
0.2336083991608625 0.2182091139726114 0
0.2485915674408042 0.2549341126922299 0
0.228935600200238 0.2522367504972455 0
0.2364386292871586 0.2706175076484423 0
0.2167633311441405 0.2679177304698512 0
0.2242748898949863 0.2863151109613218 0
0.2045920209209643 0.2836195855113409 0
0.1970803809359309 0.2651975392794423 0
0.2457746267778635 0.20254227989845 0
0.2261163986053886 0.1998336620400952 0
0.2121029976764727 0.3020266334352116 0
0.2318184650721234 0.3045863206809645 0
0.1924011867523021 0.299324334580387 0
0.1999200971932163 0.3177472453334804 0
0.1802007694210319 0.3150428370959529 0
0.2383059228397031 0.1841436244638771 0
0.2186190919288129 0.1814399610407383 0
0.1877269029621108 0.3334779172653421 0
0.1679974181736318 0.3307814959613875 0
0.1604704430054962 0.3123348532523769 0
0.2308197904921266 0.165738612214531 0
0.2111168175413302 0.1630347511109829 0
0.1989233259495423 0.178740073225282 0
0.1914099275920811 0.1603358127544115 0
0.1792123545158459 0.1760421960503892 0
0.171692403834501 0.1576230552965395 0
0.1594828112186884 0.1733469045115502 0
0.1519609455540173 0.1549166003599949 0
0.1482583719431939 0.3280810592032328 0
0.1557918467194225 0.3465315095832663 0
0.1407317255887877 0.3096305465144505 0
0.2233148576021226 0.1473320483744438 0
0.2430242893467008 0.1500348807216557 0
0.1397553571396088 0.1706455069386666 0
0.1360409747978174 0.3438306996013522 0
0.1321672049175145 0.1522470321094067 0
0.1435814456233797 0.3622952678733988 0
0.1641421400219664 0.1392242157898975 0
0.3074362102845086 0.2629238642230127 0
0.3270122100820753 0.265597148910561 0
0.3149145046657171 0.2812270003601436 0
0.3344926381907197 0.2838959446754302 0
0.3223940507036303 0.2995183087980445 0
0.341965566743192 0.3021903416368959 0
0.3298677380019238 0.3178087660337282 0
0.3494374780562819 0.3204667987677754 0
0.3373404511771035 0.336087115824115 0
0.3615234136236176 0.3048685976804063 0
0.2355135351717516 0.1316286229050561 0
0.2552190468594655 0.1343375531301372 0
0.123812760427655 0.3595880626381931 0
0.1472751340237783 0.1890856574969265 0
0.1275393492195649 0.1863863569134986 0
0.3177453789716508 0.3334164726148834 0
0.3252333692932496 0.3517387060577243 0
0.305610360591953 0.3490542023884314 0
0.3131150209388383 0.3674070973698619 0
0.293478891922633 0.3647294370494969 0
0.3689941276195187 0.3231347259147648 0
0.3810590722410257 0.3075606621534792 0
0.1313547827106797 0.3780598849492116 0
0.1511233046700146 0.3807622537777178 0
0.1350612051495318 0.2048365551196527 0
0.3009835908387587 0.3830912681101387 0
0.2813166276156666 0.3804154702641673 0
0.3885198267186967 0.3257839883848238 0
0.4005702110904089 0.3102328679021928 0
0.1153232102264268 0.202138722600704 0
0.332773907597629 0.3699862445999442 0
0.4080167402688183 0.328440500125782 0
0.4200610110890132 0.3128900543667256 0
0.2477155407070502 0.1159189627699288 0
0.2674152583487854 0.1186436701934339 0
0.2280029110256236 0.113199229028829 0
0.1115827287137016 0.3753567503254842 0
0.1040399426036195 0.3568761670212856 0
0.122843326874832 0.2205923563424392 0
0.1388975900086006 0.3965367907880205 0
0.1586791531279674 0.3992404958164673 0
0.103098088146338 0.2178935625666255 0
0.2888405646072407 0.3987351248912494 0
0.2691438563837117 0.3961079258065982 0
0.4125930208452381 0.2946771009830838 0
0.4321016263287291 0.2973503321184942 0
0.4395433023992172 0.3155358969609705 0
0.4515754908236841 0.3000082361593444 0
0.4441486813927096 0.2818230981437017 0
0.4636079056410669 0.2844860762100103 0
0.4710323467162434 0.30266217835927 0
0.4830566092493463 0.2871479042576724 0
0.4904791378079962 0.305319394501131 0
0.5025009105520505 0.2898081743207563 0
0.4951005310577726 0.2715127512800963 0
0.5145440935980526 0.2741535703406548 0
0.5218790743656607 0.2925817287625252 0
0.533942864023082 0.2771133018532873 0
0.5265825784771254 0.2583998032408008 0
0.5460153838226215 0.2612761766516626 0
0.5534069900991687 0.2797912816334203 0
0.5654733681374425 0.2641117946865926 0
0.5728938969314855 0.2824715849649793 0
0.5849730697369341 0.2667618097615443 0
0.5924073341629881 0.2851592783141482 0
0.6045083837846196 0.2694192717234634 0
0.6119672883228963 0.2877534957387392 0
0.624073743237452 0.2721083316547288 0
0.6315463875009786 0.2904460750683028 0
0.643686468483919 0.2747665127554261 0
0.6511491358968674 0.2931184440516068 0
0.6632961948376741 0.2774605506646449 0
0.6707694494281109 0.2958083519645549 0
0.6829180325519182 0.2801548195139955 0
0.675437083822805 0.2618051598903373 0
0.6950623697207048 0.2644982359393754 0
0.7025566952611847 0.2828522993397832 0
0.7146967643265953 0.2671740742123989 0
0.7222090041821734 0.2855477219233005 0
0.734361752193553 0.2698537765780381 0
0.741851314874832 0.2882263003159766 0
0.7540139219012874 0.2725268459857713 0
0.7465206616142366 0.25414891262824 0
0.7615462194386289 0.2907677348757922 0
0.7662052346139461 0.2568399102964792 0
0.7587029795551534 0.2384470785480518 0
0.7783694445931355 0.2411121835589543 0
0.7708799232562547 0.2227236719540479 0
0.7905423774446418 0.2253773852787739 0
0.7980589617258012 0.2435680952651214 0
0.7830373316138148 0.2069731776682867 0
0.7632750796499739 0.2042426011772224 0
0.8027657029463486 0.2096694800888239 0
0.7296553218260988 0.3038710752623849 0
0.6166229326187586 0.2537388608939903 0
0.7952155971514787 0.1912253826815294 0
0.8149366128029576 0.1939019616109229 0
0.8074327222207347 0.1754859491263749 0
0.8271970596093713 0.1781916187389822 0
0.8346519804084875 0.1964752019240363 0
0.5580511771359221 0.2455707442887323 0
0.6586245298946003 0.3114657535785428 0
0.8196568388382037 0.1597317807015852 0
0.7998617985866958 0.1570144049091001 0
0.8394308106501529 0.1624474306493242 0
0.8318780577875668 0.1439674581591485 0
0.8516545080113849 0.1466842263853359 0
0.6875613977770767 0.2461559457121173 0
0.8441077295994266 0.1282056419321996 0
0.8638822786507132 0.1309089658052593 0
0.871430235044836 0.1493936370654863 0
0.5998469722077316 0.3035597319593583 0
0.8836617485082083 0.1336116253117574 0
0.8563319824352512 0.1124311237132393 0
0.8365539998468248 0.1097299230514723 0
0.8912108142940451 0.1520982042860977 0
0.4338190017793062 0.2112327360396591 0
0.3085745481266112 0.4012641972475 0
0.2749051326554797 0.137050464757364 0
0.2870943505668951 0.1213622395084444 0
0.2796154287195285 0.1029611051549248 0
0.299282437831121 0.1056895672031026 0
0.3067507101488968 0.1240682151838607 0
0.3189240523193304 0.1084203427103544 0
0.3263863290369926 0.1267611469850713 0
0.1077055397877283 0.183769704904626 0
0.4115749301555897 0.1566154053306623 0
0.5608096560431383 0.2982880715731605 0
0.110626816117482 0.2363014416612356 0
0.2616269370484844 0.3777190005787721 0
0.2494400791335516 0.3934308345108433 0
0.3385355791716879 0.1111506172819643 0
0.481047074141336 0.1498597657742268 0
0.9034465042648714 0.1363141313103557 0
0.8958945237920293 0.1178254168677606 0
0.8487791460212861 0.09394687482672226 0
0.8289934945131376 0.09124940978557772 0
0.3959788159569991 0.3439943894023609 0
0.2402183020244127 0.097478558306485 0
0.2204809373598444 0.09475391766255928 0
0.3311077024620384 0.09280254552059219 0
0.9109962988516482 0.1548025702940254 0
0.8987582414177719 0.1705862571305489 0
0.4154611978780109 0.3466428140322263 0
0.09180448436985028 0.3726503098893472 0
0.09934982100337236 0.3911345909106927 0
0.1464443815630411 0.4150173171769523 0
0.1662277588671987 0.4177197583789471 0
0.09087333822853022 0.2336484249608789 0
0.09843957896902583 0.2519913882931071 0
0.2768302965543347 0.4144972037495037 0
0.9178211141103949 0.1735894967159109 0
0.9062712454125517 0.1890920495563141 0
0.3166909020274227 0.1949697496279436 0
0.3028203257682638 0.2968291267790172 0
0.1304528811572939 0.2388772257641386 0
0.1867552848955917 0.1944162764324063 0
0.3459865014454523 0.1294613897183848 0
0.08426256606684485 0.3541644386102696 0
0.0832496962474612 0.2152983146622959 0
0.1784602600092511 0.4019436001744057 0
0.3581172836292194 0.1138761897229258 0
0.2918114277443368 0.08728738715121778 0
0.1860087753528213 0.4204193932695722 0
0.3735799461460526 0.2892415637326682 0
0.9156856536924252 0.1205277458235067 0
0.9081300808497921 0.1020336552468379 0
0.2859677717885675 0.3463405366024531 0
0.2074640218561989 0.3360290416948734 0
0.4784583376791346 0.3208299418344045 0
0.4978991111977716 0.3234833680342062 0
0.4561837957606181 0.2663039794297467 0
0.4367241489267524 0.2636400267817739 0
0.6679475480273803 0.2434576108707715 0
0.6800750835055329 0.2278153724101939 0
0.6604654166529925 0.2251191258813854 0
0.6725955682056751 0.2094834534065419 0
0.6529911993691848 0.2068002294845118 0
0.6651159358240699 0.1911645785132687 0
0.6455224269975971 0.1884823790522365 0
0.657653728047904 0.1727554703378641 0
0.6772484247511893 0.1755131613724572 0
0.6697458991442228 0.157130722717799 0
0.6893846094875496 0.1598672192438973 0
0.6818345002533529 0.1414247308038057 0
0.7015265259674516 0.1441927209312607 0
0.6940276476066002 0.1258506542420323 0
0.7136995912199304 0.128526432410304 0
0.6380672704664141 0.1700701639323121 0
0.674363574364078 0.1231748089171391 0
0.7061860720055558 0.1101381550743316 0
0.7258371800392925 0.1127868722044426 0
0.6259459427553599 0.1857791425858157 0
0.6184942920151407 0.1674940505672612 0
0.6064122131057867 0.1830872402027401 0
0.5989620648345041 0.1648411322677239 0
0.5868954425677606 0.1804002907544855 0
0.7183090988146068 0.09442576156924484 0
0.7379343193434502 0.0969004863868943 0
0.6986451934957082 0.09172041634186454 0
0.5794548812695582 0.1621800242051825 0
0.5673964228992502 0.17772339748949 0
0.6109686872343153 0.1491893117324921 0
0.6921724252173556 0.2121602355852368 0
0.7332604978026716 0.1310375759557355 0
0.7090288519136763 0.1625801613353165 0
0.7107791430488773 0.07601537661497526 0
0.6911081068449392 0.07331216680649144 0
0.5599676796258869 0.1595107644078911 0
0.5479172639122394 0.175048278730809 0
0.5943213136450131 0.1987129141419163 0
0.8167638630169509 0.1070378647741321 0
0.8092073736346082 0.08855527726102788 0
0.09649927712680512 0.338396577346499 0
0.0767205265639429 0.3356760813950935 0
0.08895974889884933 0.3199077879589851 0
0.6782456910552237 0.3141547960182191 0
0.666100675197334 0.3298056491663209 0
0.6857268816777233 0.3324987140174866 0
0.6735746845837791 0.3481535978006891 0
0.6932161535741405 0.35085066910963 0
0.6810520510787345 0.366517129824825 0
0.700713070813072 0.3692173078188073 0
0.6539492303882437 0.345468959116739 0
0.6885386373554435 0.3848924783934989 0
0.7082162333487041 0.3876042877863811 0
0.7204001042022391 0.3719065152285822 0
0.7279170542222633 0.3902974790283253 0
0.7401090414165079 0.3745902511139023 0
0.7476365241993239 0.3929848751905555 0
0.759840989216902 0.3772803350218566 0
0.7673708759326581 0.395694719852349 0
0.7795818471660138 0.3799758958371597 0
0.7871121198452727 0.3984338795028345 0
0.7993326654554826 0.3826818439398493 0
0.8068667211553862 0.4011503831921022 0
0.8190907526484426 0.3853916285080973 0
0.8115510762044551 0.3669265654060534 0
0.831313602278597 0.3696308159454899 0
0.823772769491899 0.351166935967165 0
0.8435363567454348 0.3538677147180149 0
0.8510795842368255 0.3723381199898431 0
0.8633064171314559 0.3565695859042342 0
0.8557605468865159 0.3380976340344268 0
0.8708526342769651 0.3750462248188294 0
0.8755338380454458 0.3407983008700229 0
0.8679889488587438 0.3223207823644941 0
0.8877578146150347 0.3250198737553414 0
0.8802158554562702 0.3065423879639764 0
0.6688798609174289 0.3822019831091482 0
0.8482188227826597 0.3196212533443289 0
0.8266290345556381 0.4038636694044689 0
0.8953182920490599 0.3434759118327853 0
0.6763566620883101 0.4005574608938703 0
0.8999146657259891 0.3092526040829606 0
0.8923392783658601 0.2908035551686819 0
0.8726507982251066 0.2880660256879919 0
0.8847857865382318 0.2723298220492057 0
0.9044886806667227 0.275421268984899 0
0.7157345605504921 0.4059644311998199 0
0.6567144095671182 0.3978706974894384 0
0.8650985133021962 0.2695911552058168 0
0.7720584740018288 0.3615171707648723 0
0.7748872589638436 0.4141198035468507 0
0.8772348336859501 0.2538577445503995 0
0.6641903294273583 0.4162112242904796 0
0.8143985426497935 0.4196298620841175 0
0.8341719888063999 0.4223460311662063 0
0.07956356580080287 0.3884294974470127 0
0.08711012714966204 0.4069214760480754 0
0.2579755265460624 0.1868534832902296 0
0.232710307908388 0.07901668595968503 0
0.2129639986248686 0.07628867245485935 0
0.2007288202773318 0.09203704454828374 0
0.1932060213234407 0.07356369221502429 0
0.1809667548038666 0.08932028901567451 0
0.1734230897987075 0.07095963948261863 0
0.161193085622035 0.08662213963808174 0
0.1536460128922296 0.06825855192597302 0
0.1414136523000896 0.08391188265998642 0
0.1529471338144799 0.2938836785906391 0
0.7969772083317623 0.1043320708365069 0
0.7894240892879505 0.0858591044353349 0
0.0786258357859278 0.2494043783567472 0
0.8575503775369739 0.2511266844367153 0
0.8453501883874319 0.2668830899100978 0
0.8697700943389315 0.2353552935276385 0
0.8894866356618885 0.238416401879091 0
0.06487372852217183 0.3517577103141892 0
0.9252446988841012 0.1921330492773381 0
0.8412240809506226 0.07545949554409606 0
0.8610119447318276 0.07815642184029498 0
0.0695027801644067 0.3171219445685337 0
0.9325661852754283 0.1588293407397761 0
0.4031534054000676 0.3619785170467424 0
0.9279275387951493 0.1047373572916745 0
0.9203711406354627 0.08623704205595326 0
0.134340779777028 0.0657754959808301 0
0.1217083851440134 0.08123395893159635 0
0.06731811960896028 0.4042145583844363 0
0.07487059304245269 0.4227141639042238 0
0.09466362299872139 0.4254205965185218 0
0.8016624026953605 0.06997257612093127 0
0.7818636494392265 0.06736351675231941 0
0.5720154831723427 0.1439760574760808 0
0.4232598805593143 0.3679922903740745 0
0.154090535579185 0.4329253406072375 0
0.5553278064353517 0.1932954690611098 0
0.5358600289081054 0.1905829637056567 0
0.6445690009928686 0.4134938338501818 0
0.6371054089571118 0.3951883575757457 0
0.3485157273910732 0.181889424525056 0
0.3142488589099605 0.1423772249573585 0
0.3707144790123099 0.2369962162808333 0
0.3902301497596402 0.2396714533196236 0
0.3838935584383948 0.3595109553499784 0
0.3907331094361176 0.377239596709514 0
0.1952574868221589 0.3519097722569363 0
0.8541084728137565 0.0603853720465341 0
0.8733523817519653 0.06248303777944775 0
0.8866132484507943 0.1862458672919421 0
0.1146031260302209 0.06307288650962614 0
0.102756511033549 0.07915390785909301 0
0.1095461212795323 0.09707215880329978 0
0.08977334228947015 0.09436033548353148 0
0.08315914646587302 0.07204781120923276 0
0.09718843394478494 0.1127636241997522 0
0.07738306294578179 0.1100281061113234 0
0.08489704240208612 0.1285081904709791 0
0.06510219731602562 0.1257817114626923 0
0.07263569825239136 0.1442771990799609 0
0.5284443389651985 0.1723719964155398 0
0.5163945825841967 0.1878936004897382 0
0.5238082255780282 0.2060990718697453 0
0.5043787932066708 0.2034096838837777 0
0.7389650010100806 0.2357160346575312 0
0.3655579126135975 0.1321671194655654 0
0.3776688047852435 0.1165880720825029 0
0.3702472813223295 0.09831468941420982 0
0.2561034294796883 0.2732468683121526 0
0.7325834205959595 0.3561707165740062 0
0.1981459869152096 0.4045181795454232 0
0.2057292314995995 0.4230037556471951 0
0.133208296372768 0.2911742271458994 0
0.08621504970489502 0.2677647018682565 0
0.06639675517212135 0.2650916270633485 0
0.2419179476508548 0.3750171246934357 0
0.6520275026693909 0.4318496480055978 0
0.6716774751785747 0.4345747892359493 0
0.1935487844499942 0.4388798189126671 0
0.2132191895720947 0.4423712897838561 0
0.5525468483305684 0.1413155872866572 0
0.2252044035945315 0.06054231281453398 0
0.2449408072189188 0.06331007493316554 0
0.05883621407115236 0.2466881413042183 0
0.9389116671552491 0.08844765827062423 0
0.9320164864744513 0.07005387849968803 0
0.4860098109491166 0.3380489273282353 0
0.5055399824862595 0.3400292118081905 0
0.05284224117585112 0.1415524220868289 0
0.06038098673121989 0.1600541734554599 0
0.8220325735220493 0.437401346559288 0
0.8425938971712328 0.4396872818068556 0
0.8540980582972735 0.4248665427414327 0
0.862439080260281 0.4430176846501265 0
0.8739274741499095 0.4276477989028869 0
0.057415808219411 0.1071974226013569 0
0.6249853903566545 0.410775845196941 0
0.6175428347000489 0.3924987075488613 0
0.7033496903519556 0.05712563402810508 0
0.7229106111316093 0.06014022079684417 0
0.6836429437561355 0.05437465184135826 0
0.6714137076843774 0.07052098146153604 0
0.08242451713286464 0.4412163763198659 0
0.06360850666809476 0.4377572185753782 0
0.102224853062562 0.4439255581851197 0
0.1856390695949259 0.05463514081511786 0
0.5117618775803141 0.2216127477775297 0
0.4922946347760974 0.2189364488264712 0
0.2254810011011178 0.4257457878538922 0
0.2329743858153933 0.4452029023975099 0
0.4487447860019323 0.2480371096110624 0
0.8378098573930098 0.2484196334777506 0
0.629640736344384 0.3769096198511498 0
0.6100939297367196 0.3742329041824256 0
0.6221901564138282 0.3586305698430567 0
0.6026399639402594 0.3559800429709293 0
0.5905692026379914 0.3715499120515165 0
0.5831218713778203 0.353321609735732 0
0.5720186935245527 0.3676628344077194 0
0.5647380645688309 0.3500686274279284 0
0.5758599151785322 0.3350101291453692 0
0.5561824948529662 0.3324507833582849 0
0.6147496482884769 0.3403138810830128 0
0.5452492484584559 0.3497006960358343 0
0.6408694698059965 0.2224265287944524 0
0.4292511033075642 0.2452183214383387 0
0.3465649964971786 0.2682161269307907 0
0.4350030507081414 0.3497913593725184 0
0.4432330649862627 0.3671597365577508 0
0.804018579484892 0.3484619031739189 0
0.1548394536899315 0.2074500349108633 0
0.4682112638475414 0.2507808817484342 0
0.4608443136452025 0.2325062266602458 0
0.8162323724481433 0.3327102494869714 0
0.7964888580747398 0.3300075719622106 0
0.8086963220560386 0.3142623038015994 0
0.5173365498550532 0.3261400481880651 0
0.1471527180287872 0.05054950050754392 0
0.2541108946332895 0.3593079520401294 0
0.8343603586386297 0.05386785609105096 0
0.9347765296449169 0.1235196871378192 0
0.8021725459455049 0.4352833952920486 0
0.05976915177068187 0.3857144207818957 0
0.148948198859084 0.1023732352167116 0
0.2139453459715611 0.2155150334613779 0
0.3717823315053433 0.375025200102372 0
0.3786277451916823 0.392774119176121 0
0.4171954093766109 0.2608269061438623 0
0.9127154925050236 0.06767461943772823 0
0.2850292669497027 0.2079760747377075 0
0.7053684544159909 0.3351709384175013 0
0.1169538237855414 0.1154555237805167 0
0.188512981516596 0.107783105412121 0
0.09242316849976773 0.1469779822593275 0
0.3597169962436491 0.3906059046227778 0
0.3671624622254259 0.4088409945910801 0
0.3477484620435208 0.4062888376323485 0
0.3552313567163873 0.4245696210661953 0
0.1454624782504397 0.2754611835568426 0
0.7157593333430191 0.04069768559880971 0
0.4970030665337704 0.1852848769732905 0
0.7772443966267699 0.1016656151327153 0
0.7847570319771573 0.1201045312960568 0
0.3356317037595368 0.4219204873846652 0
0.3430669359173038 0.4394430304014401 0
0.3235066459882564 0.4374923619317336 0
0.8255673757718147 0.2642529696208757 0
0.8331310554988363 0.2826716143679097 0
0.8133382568520731 0.2800920885929871 0
0.9138560818808861 0.2075699673794933 0
0.9332854059153539 0.2104265576173786 0
0.9461742008378425 0.1919902393667756 0
0.921433439612952 0.226054427045173 0
0.9409239396696674 0.2288870412740309 0
0.929007871429014 0.2445425727871935 0
0.8815159153512631 0.4459724966993094 0
0.8936188241117877 0.4304077541655068 0
0.9033137447582505 0.4506781747685737 0
0.9133576306105318 0.4331825346055103 0
0.9058101729540433 0.4146775969921027 0
0.9254697377980181 0.4172824382225365 0
0.9180271496102737 0.3988731228025185 0
0.9357845725290774 0.4354754031482082 0
0.9373897213800457 0.4012364721712692 0
0.930218951882323 0.3830304038018632 0
0.9105007601439323 0.3803810943979682 0
0.9227149339455551 0.3645946734055081 0
0.9425285388750466 0.3672900767436631 0
0.9349841092319999 0.3487961100438705 0
0.4353924239953652 0.1268802400036719 0
0.6638618719620899 0.05232809117543941 0
0.6519284337776835 0.06808539417294135 0
0.6592210397392853 0.08628879427560887 0
0.6404331012698643 0.08424279918733679 0
0.6472263589542666 0.1020189953947666 0
0.6282671233755821 0.09982790468107591 0
0.6351282186167237 0.117635530970333 0
0.6156263582507133 0.1152469712999433 0
0.6432423732644297 0.0509104573765253 0
0.3891669402685885 0.1013490767897007 0
0.3970590603541 0.1193183542499082 0
0.8663622464289746 0.04628633945126112 0
0.3848263514162231 0.4109288103265369 0
0.5646482277937704 0.1257080300923795 0
0.3616129068701851 0.4431670213601505 0
0.609331286934066 0.0971907139175866 0
0.8106984520281759 0.4516160122413608 0
0.7901793712355909 0.4498242812302677 0
0.9482092927254235 0.2474947696331518 0
0.9365083302694607 0.2630632268778459 0
0.9567816086659311 0.2662525560439527 0
0.9441513654618336 0.2813852502398997 0
0.9545123081389719 0.3516168416446163 0
0.9469116086930549 0.3331343015207333 0
0.3318019346666312 0.4532721085846951 0
0.499705433953243 0.2371283052541048 0
0.3534375230667673 0.1477597573266287 0
0.3729640140194183 0.1504319194755392 0
0.3115663891455535 0.4519580232434757 0
0.5311999901316906 0.2243017889078262 0
0.04792829147520339 0.4021555689147706 0
0.9253889345435551 0.05160946771800723 0
0.9448630347740435 0.0546367427473286 0
0.9056327639726931 0.04943848240081178 0
0.3781555907279661 0.2552655881769151 0
0.7930044280312694 0.05124332137806262 0
0.771760210006583 0.05002693348635195 0
0.7615106835084757 0.06563549235214811 0
0.5841119148420306 0.1283979817374414 0
0.4664628750549024 0.3361832847624461 0
0.4735828686986923 0.3529704047572086 0
0.0471431346249106 0.2626795514868066 0
0.054137019341777 0.2809642859568957 0
0.1905781381177076 0.3861433923532829 0
0.7650614337898475 0.1175182744043863 0
0.7725664359337427 0.1358817152527179 0
0.2721277918708888 0.08453592302200519 0
0.2843393191293474 0.06885433712786582 0
0.3040317813108196 0.07159869217604165 0
0.295861980571549 0.05343802638355227 0
0.3163313534455298 0.05385707905331236 0
0.276745691303692 0.05044818359700742 0
0.1209804507450415 0.3069027966345361 0
0.9273601398309372 0.3303366905071246 0
0.1266752833089284 0.4123200152976773 0
0.1651687619719659 0.2781595645147067 0
0.1576649798173788 0.2597129492189749 0
0.8586185666912538 0.3908186438009396 0
0.8784160743916392 0.3935158534649921 0
0.3644044028018241 0.3569026339533322 0
0.8883365652601167 0.09933340752756803 0
0.2297916252991176 0.3908988516705187 0
0.7889565872149704 0.3116034293204724 0
0.7767484701392917 0.327349746990258 0
0.2453374951516067 0.4285024127845238 0
0.2527822484881842 0.4471628992626807 0
0.1257737283346773 0.2728245277272509 0
0.5465900503724821 0.122188384679018 0
0.5349068722927502 0.1363536804293705 0
0.660582897105394 0.4498043411284807 0
0.6410203494501691 0.449039678119903 0
0.3037829530955756 0.4348977577788187 0
0.2915982446437251 0.4506270181680262 0
0.2344038778483098 0.3565980537971672 0
0.246593508289573 0.3408830559541971 0
0.08160621417099417 0.3015371491054714 0
0.8820714845872093 0.2198820891895058 0
0.8621379323142071 0.217201816756078 0
0.9396810621827565 0.3145008045552543 0
0.6794613957374421 0.452140144402586 0
0.6914065505245185 0.4371525595220476 0
0.6991664410958593 0.4547320069111838 0
0.7111418112524885 0.4398253410839726 0
0.7187982213674433 0.4581948428084234 0
0.7308875338377726 0.4426377180970714 0
0.7344844990764746 0.04527065103326722 0
0.8691406757066047 0.4606379186995132 0
0.3816503688633197 0.08471501936018688 0
0.3627512324488155 0.08061279683067379 0
0.6054702467231549 0.4082487093520737 0
0.09005488531703365 0.4591731078164608 0
0.9609996279615594 0.2314798586969335 0
0.2373505052684209 0.04556034645029677 0
0.5033281533187266 0.1337913077211176 0
0.5105899847988843 0.3809053058867339 0
0.526515054024398 0.3707238426737915 0
0.4661831299513616 0.3885207194405604 0
0.5493981236141942 0.3933644808618618 0
0.4126265721241781 0.07993598513350342 0
0.4437145168840234 0.3968286672929604 0
0.387992944190204 0.03761066324105189 0
0.3800957633772032 0.05348468241521559 0
0.6100438483858071 0.4616790882720719 0
0.6110084059650527 0.03214981617040188 0
0.5927299031693641 0.07266701311446638 0
0.6131706989972612 0.07045490423443967 0
0.3914491046266039 0.4653523161643858 0
0.2890826290913108 0.03469847648751345 0
0.9618602683589526 0.3699852748794225 0
0.9624159690893099 0.3179432027838687 0
0.410298151707702 0.4252886739117436 0
0.2010134249660018 0.457841236077955 0
0.1823323735512406 0.4537914641738973 0
0.4228978502604314 0.3906002268105829 0
0.3706650470473082 0.03512492354090324 0
0.3631908968516082 0.05088644908940229 0
0.4969607998314972 0.3689151287181164 0
0.5430499979624785 0.3716277084358646 0
0.972641334166984 0.3518111981389676 0
0.2177876860149881 0.04132387624798683 0
0.03733961928401591 0.1588060132517908 0
0.04812695565605979 0.1758387883406362 0
0.06792466435472105 0.1785329100760404 0
0.05567486408709316 0.1943140882567683 0
0.03302579077657847 0.1374122081484264 0
0.03584654535151838 0.1919072391535272 0
0.04229915475033724 0.2108702043446528 0
0.03032484673305963 0.2280202445217058 0
0.727698938419384 0.02603137429469557 0
0.4454734754952476 0.1005458082213102 0
0.5569759751733825 0.1040762322002849 0
0.03713326915684761 0.3830371733138309 0
0.7388936111729352 0.4612287407488426 0
0.750624841495972 0.4454037885000635 0
0.7430667061091023 0.4269393198190901 0
0.2693365744919106 0.03194619976411761 0
0.5912118451786547 0.4243421113267392 0
0.6761835387701318 0.03622782278997796 0
0.7262261167830608 0.4803334116530474 0
0.5793651580561376 0.384868908418626 0
0.4092467851688352 0.4026897252111387 0
0.2326998642125324 0.02786071721781377 0
0.1975569952043382 0.03559468224711498 0
0.6227110493607814 0.0510012456258272 0
0.6341584588491894 0.03127200465820149 0
0.6670046668578801 0.4680915664280589 0
0.2411120778570076 0.4645391450919085 0
0.4097797126172041 0.1011852180121481 0
0.6129643062465744 0.4267494779977592 0
0.1885905292487052 0.4728608428128588 0
0.2205858510081076 0.4635063876358734 0
0.759375934962599 0.4632671593386725 0
0.5682616678182505 0.3168048466731163 0
0.5486355255712996 0.3138966589545601 0
0.3607660784956124 0.1661865812278308 0
0.3412039721169116 0.1633647502647023 0
0.3289194418383783 0.1791936267198925 0
0.3092145515080567 0.1766439435722955 0
0.5779478961289619 0.108345187551365 0
0.03454180186934303 0.2776946084985994 0
0.04084128689930944 0.295596463858281 0
0.02796779218840956 0.3107816368088168 0
0.03808533673923081 0.3291675109544945 0
0.03053175608193287 0.3451336083143933 0
0.5877783877302989 0.3194214780448657 0
0.4217891534119735 0.2268337169998644 0
0.3804316673341378 0.1687342740699659 0
0.237307048686962 0.4092640311707867 0
0.9174926677487435 0.03342333347375476 0
0.2647627431848339 0.4306958153507675 0
0.6230228798654046 0.1334866769411959 0
0.6425718323388524 0.1359223086218156 0
0.7694242965553988 0.4812615716379307 0
0.2610683190829862 0.4655692151674525 0
0.1097858002636958 0.4624307869727447 0
0.1220199504296117 0.4466268154596476 0
0.1284292479143402 0.4652816052485645 0
0.6667972967018496 0.1046874316109524 0
0.641789220594458 0.3612288066849288 0
0.06299998472090512 0.2128753235236824 0
0.3787299648280101 0.02017898066669246 0
0.4412692512124604 0.2294978571798366 0
0.4535562363555079 0.2142077701238287 0
0.4097460293095578 0.2424550734804219 0
0.3976663134447261 0.2580447582062149 0
0.405133449901696 0.2763818423973046 0
0.8011595561804086 0.2958248761233603 0
0.8209015341737524 0.2985096840508278 0
0.7934751129819193 0.2775759508155205 0
0.8178970571139661 0.246004400382142 0
0.8301187931797045 0.2302028966694267 0
0.5248259384957353 0.3439638708668973 0
0.6693592067900327 0.01748709274502727 0
0.6961201069885806 0.03646178080564338 0
0.3304957757861166 0.4836959781334935 0
0.3295531525516297 0.01773103113274027 0
0.3381229170370031 0.03230722466400859 0
0.3200923611059072 0.03454714060546496 0
0.9196762819671085 0.3120195819983174 0
0.3586390765878125 0.2525638767785933 0
0.8406715130643121 0.3011562807289505 0
0.7922997485045318 0.1385561245826965 0
0.7800960755515011 0.1543143525009712 0
0.7603692628830465 0.1517164967085005 0
0.7678851288874869 0.1700658467593669 0
0.7481405308140699 0.1675116941880319 0
0.7556907887705604 0.1858067551705563 0
0.7359643322859588 0.1832303477278558 0
0.7435374681307373 0.2015467755742304 0
0.7238298182183922 0.1989388061657128 0
0.731423155023081 0.2173431572676729 0
0.8120853170450095 0.1412508552834095 0
0.385598574644184 0.2735952100439782 0
0.6333932130684105 0.2041281365538932 0
0.621298288687183 0.2197337452609736 0
0.6287563616037725 0.2380574441073502 0
0.6091773051297282 0.2353734505284504 0
0.5970278790063634 0.2509622367846572 0
0.5896278746061544 0.232724515272334 0
0.6362222001792093 0.2564023515398702 0
0.8906519139793867 0.377732875441495 0
0.5987352496965006 0.3892283881961923 0
0.3695793607255046 0.4829566242379469 0
0.3613106229191697 0.4641531364818744 0
0.6321104642555956 0.4807641009379177 0
0.323699507306738 0.07403896267801918 0
0.3354954889601219 0.06103176033625918 0
0.7876462403661809 0.1727626225538854 0
0.2627207444300976 0.1527361917719003 0
0.2823597251760777 0.1554654672570989 0
0.2701451414003113 0.1711724536447269 0
0.4461456419807416 0.1959286169172756 0
0.4655123594100706 0.198522139352949 0
0.4775190121726486 0.1827760150678001 0
0.3850410991271956 0.1348405152661231 0
0.4043884624504464 0.1377976204966887 0
0.2662900143963061 0.3436073252165359 0
0.2587784945533751 0.3251834935616374 0
0.2784609804129144 0.327949967701495 0
0.2709834449062204 0.3095455612203163 0
0.2981199897524984 0.3307017076453092 0
0.2898910724618651 0.4833628967885115 0
0.6464822609441072 0.3271556910033351 0
0.6390135246045878 0.3087922884092506 0
0.6268843858789714 0.3244700803963819 0
0.1708912724521455 0.383469633679743 0
0.5803329858156487 0.3009508319216047 0
0.3540371019195501 0.2865234284529791 0
0.632831424985743 0.4293529862907843 0
0.4545299154031176 0.3515783392595955 0
0.6614112872759944 0.3638261236374718 0
0.6343408170846809 0.3428779980212424 0
0.1013008663389446 0.3042194073826277 0
0.6305599680786267 0.1516904683260211 0
0.6501330936184997 0.1542178941472249 0
0.2945808563876484 0.1397367666046615 0
0.3020454071293183 0.1581099464006515 0
0.4275150535866202 0.3311650287079073 0
0.5408040003358022 0.1564582698225105 0
0.5195791746144942 0.1501899997128345 0
0.508764310096577 0.1692405616525406 0
0.1633435702229428 0.3650006016607521 0
0.6194251391024651 0.306188467494342 0
0.7842757110027925 0.3457632757028156 0
0.7645423085210072 0.3430658989167633 0
0.7569524125617644 0.3247537921789281 0
0.7448016744903162 0.3403896321470956 0
0.7918030588859107 0.3642211091374449 0
0.1046873225474703 0.1312113486251969 0
0.1121981888420306 0.1497067707615122 0
0.1292109255261461 0.09970033942122974 0
0.1367508182718053 0.1181214250336103 0
0.6017479721063531 0.2170518975686728 0
0.5822210836529847 0.2143472149460026 0
0.5701126594188692 0.2299911390605033 0
0.5627198265159024 0.2115616641258831 0
0.1773744986420298 0.2624325188069268 0
0.1698748186068165 0.2439876230878602 0
0.1895812768331193 0.2467568393552671 0
0.182110046280735 0.2283559833909329 0
0.5412677880279496 0.2954133383011598 0
0.2298480893549225 0.4818580605350091 0
0.1426750459202666 0.2231402441450361 0
0.1687486895480151 0.1050668156265613 0
0.8789743388475462 0.1678820202677569 0
0.8667174240491249 0.1834793612152998 0
0.7696087184735296 0.08330141999309063 0
0.7498862900558864 0.08105765195247361 0
0.08017437253436965 0.1627492248583767 0
0.08771112643603479 0.1812712046661425 0
0.3448523943978532 0.3543166683916623 0
0.2092762182214536 0.2495244762782106 0
0.8359925218917197 0.3354038303088575 0
0.7813143916106164 0.2933308286033462 0
0.7511456905636007 0.2200143838997209 0
0.7192978906202406 0.2331012575582738 0
0.7268265384340492 0.2514610088531398 0
0.8591941956165035 0.1651320704569316 0
0.9151205271625333 0.3461462527440182 0
0.7754583610732493 0.1885127310018079 0
0.3114761514957307 0.08997291623988798 0
0.2504985691758336 0.1684465410178201 0
0.2775604325959402 0.1896288579518223 0
0.2082505295681787 0.110500708906918 0
0.1960539179436064 0.1262320453711115 0
0.7523204233705065 0.3588397772894704 0
0.7250683645420253 0.3377850648884187 0
0.6138531572280177 0.2014155127190019 0
0.4756389959800262 0.2689498248214171 0
0.4876751717274044 0.2533910921914908 0
0.8499664189652052 0.2328257659639467 0
0.5098379003073135 0.3080236168061148 0
0.1726822928680791 0.2966110497499497 0
0.5191820717165164 0.2398857181822475 0
0.5385990595762491 0.2427424412110549 0
0.6864921659393058 0.1074266945811042 0
0.910283845558673 0.4827935765248579 0
0.9207153015859486 0.4641438972950631 0
0.9410710946682483 0.4657069431334568 0
0.9500349020632701 0.4827737026562446 0
0.9599999999617257 0.4653585689415804 0
0.950109631084687 0.44840475592586 0
0.9699958338118745 0.4480381154069287 0
0.9599949067122799 0.4307207588886428 0
0.9707872025243907 0.4130502229769202 0
0.9815971214245508 0.4674109087326299 0
0.08923473648787589 0.4847734422112396 0
0.8099999999999996 0.4826794919243114 0
0.8497379492666548 0.4836569881229021 0
0.8407083924326371 0.4689937029579563 0
0.8705949903471617 0.4814431071702812 0
0.08999837539518746 0.01732171828830595 0
0.07999796210580501 0.03464061001204771 0
0.05989634100848334 0.03469985751694604 0
0.07000000008392726 0.05195785253588658 0
0.04996049652327061 0.05265720065810983 0
0.09038950692660824 0.05069963940314567 0
0.06048844517180113 0.07144127903903036 0
0.03928622748220734 0.07035231215743262 0
0.02986338227445673 0.05261056034137773 0
0.02897508449387515 0.08812726909826563 0
0.04899233255528973 0.08889081917939518 0
0.03994539677135439 0.03473920862328589 0
0.1000613239749206 0.03363371063115825 0
0.1198980540421411 0.03335137099161553 0
0.1299868334107158 0.01691644714290913 0
0.1499607509781818 0.01696293541594948 0
0.1585573446068999 0.03473092086648455 0
0.05006814791885972 0.01727208614235387 0
0.01834113117380226 0.03269482102009175 0
0.9496432760820472 0.01814142593449961 0
0.937704721959034 0.03587737408729691 0
0.9615432952359506 0.03795723601695553 0
0.9644645845132467 0.06069485235499861 0
0.981861131123797 0.04983419279410245 0
0.9666971550465846 0.08043518037959208 0
0.9829536144014239 0.09008848019507243 0
0.01724607871953249 0.4498711416873273 0
0.03435657371080786 0.460190968570988 0
0.03254731298568758 0.481625564346037 0
0.05496704409589154 0.4703211011946148 0
0.03377817304681313 0.440943481568147 0
0.03579292101617321 0.4195220022136626 0
0.01687265081777534 0.4099204555630818 0
0.8692394015590268 0.01617996784171932 0
0.8491150565881107 0.0166921894316619 0
0.8397875472072374 0.03333935214881142 0
0.8200034697447904 0.03464000067360493 0
0.8100007940530232 0.0170275998526393 0
0.1510274300150636 0.4833433934988824 0
0.1599999999999996 0.4653599728155764 0
0.9826251208591472 0.3100758283190928 0
0.01717408452010594 0.3715340206712812 0
0.7697850435016609 0.01704563202431633 0
0.761207151877225 0.03309761545605328 0
0.9826909894824578 0.130000252431886 0
0.9659067377245409 0.119195331213077 0
0.9630857341411556 0.140496824628045 0
0.9823021930100846 0.1500808686645731 0
0.96535965569436 0.1599922217494211 0
0.9650193638367321 0.1803420424185778 0
0.9489967298657311 0.1706391936502436 0
0.9661749930924239 0.2003656885822062 0
0.9828264894721439 0.1900321316061189 0
0.9811485682191798 0.2309474882288004 0
0.9792810118367739 0.268880908190587 0
0.9093196201080234 0.2415015673173531 0
0.6073073885591309 0.3219529511816027 0
0.5748136492860438 0.1960068250864812 0
0.4022937189774702 0.2241257253999355 0
0.4590128953082837 0.3181515142442761 0
0.116272082261107 0.3411087503117072 0
0.9005633868554872 0.08353163495138843 0
0.9243334926000906 0.2783870446665571 0
0.6789332114620434 0.08898870130030495 0
0.6483485443120104 0.2407616288193464 0
0.5071832274279904 0.2555147243199157 0
0.591489580072702 0.146619167222784 0
0.2222889270725021 0.3725520544054062 0
0.3206983317329699 0.3856034205647645 0
0.9489970610947327 0.3857309831121886 0
0.9484537350002042 0.1077308343585762 0
0.8528921172642383 0.2853675439238687 0
0.8604428071320767 0.3038432509947 0
0.1144506077333242 0.428116081541466 0
0.16702462134802 0.1917248425389646 0
0.05630758762987015 0.4199852500733481 0
0.243975793304522 0.2888541186481195 0
0.3734966759491291 0.4276384840908085 0
0.0700554459236199 0.455070120494296 0
0.2682299978478623 0.2576051837398191 0
0.2757460949053451 0.275856173171623 0
0.8215672716376026 0.07213052522470828 0
0.8761103883581178 0.1151270682885118 0
0.9234135181111691 0.1392865336254137 0
0.2196525840274088 0.3202572749074808 0
0.8830834338411715 0.3592655200201233 0
0.8284521810694376 0.3169439336202559 0
0.0695353562746045 0.09066096227064505 0
0.7824489574831424 0.432341745733686 0
0.1191247219674043 0.3938370236838084 0
0.8388536291244002 0.3881033722065301 0
0.07208189658839909 0.3699899043596793 0
0.6960280917015359 0.4032588124530873 0
0.05718295333268542 0.3329783435619909 0
0.04595459804145158 0.1228974050752041 0
0.7100189305488833 0.3011944979850419 0
0.1755327850068952 0.3492208512194718 0
0.1285076662211171 0.3253705207799411 0
0.6903960153685762 0.2985025984655483 0
0.1740404112099096 0.4353698463537137 0
0.4470050191765205 0.3336895473892209 0
0.3338414511225268 0.145037118443333 0
0.1830360925134661 0.3677126329241643 0
0.8128387200695109 0.05310791566762355 0
0.655830269602711 0.2591067117222488 0
0.424649389461956 0.2791165510947034 0
0.2053930290595155 0.05699139613243959 0
0.3680740084650571 0.1846785581742466 0
0.7946476910071572 0.4168265115586066 0
0.1436544306510512 0.451083221829531 0
0.0525852216466437 0.367874139027272 0
0.265412037486093 0.2052548088166564 0
0.3046078614547383 0.2106890374772664 0
0.5432465056237827 0.2088102289442136 0
0.2064540071716098 0.19712063198146 0
0.6968106626350445 0.178183151708326 0
0.8860272097712785 0.4119564932531951 0
0.8685591606638949 0.09664405581477309 0
0.3511956513287456 0.2343204342673355 0
0.8243245120375997 0.1255001585017073 0
0.8468986248686852 0.1807974678579263 0
0.2878440333520482 0.2602507607233332 0
0.8982257726169371 0.3962111533764533 0
0.3506767954801095 0.09567107582457926 0
0.6846952161386932 0.1938418025711324 0
0.2158034868996122 0.1289157334178916 0
0.343054462451317 0.0786868280244945 0
0.2571369198491668 0.4120830372288372 0
0.3390985986523068 0.2499470617900002 0
0.1068956973602355 0.4096249640000402 0
0.6545348192477166 0.1202000369960723 0
0.2737985229008245 0.3620199536252591 0
0.84642270297972 0.4065461769894677 0
0.8045250070752947 0.1227955691638307 0
0.7210766644854754 0.1467969593873013 0
0.1848831903485453 0.2808907654071256 0
0.5952428625124198 0.3376666820269186 0
0.1087392221982094 0.3226537822270508 0
0.2214504885886716 0.2338698185753666 0
0.9427406934010203 0.141052739897513 0
0.6492443837554247 0.3795501628673668 0
0.2599171556103124 0.100234606633502 0
0.8808093523302389 0.08086815998652075 0
0.2035991169727402 0.1446345924732202 0
0.2524292844395909 0.08178112973393845 0
0.697864275129253 0.3168438224729043 0
0.3764527684042583 0.3413359037776155 0
0.8662516810468457 0.4092252515254856 0
0.9028809380091616 0.3619434355773802 0
0.1345558648775236 0.4310147986520853 0
0.8930901796566162 0.0650961979676159 0
0.2953436932895303 0.2785387149171559 0
0.1565662732560162 0.1208061777051055 0
0.3931173327080528 0.2920181648183197 0
0.5775306345499193 0.2484626050780029 0
0.8863561142677758 0.04772313893033017 0
0.7128700187709541 0.3535469988961931 0
0.1135771024067263 0.2885284589223912 0
0.3569171109277522 0.338701999739798 0
0.683839114897078 0.4189048730514537 0
0.3102788650174258 0.3151183426518144 0
0.9075081803529323 0.327703909421448 0
0.7071834129826553 0.24882610414839 0
0.1244632778106108 0.1338560002790937 0
0.4802041904345911 0.2352919556077535 0
0.6996739556516335 0.2304698756839403 0
0.2646613420046244 0.06611092954878789 0
0.1199706287055499 0.1679936678353122 0
0.1838787698668397 0.1419257909089068 0
0.366095881087124 0.2709009656859874 0
0.09997059093208288 0.1653818796133288 0
0.1763171286921733 0.1235063584689506 0
0.2018024217486009 0.2311414688033459 0
0.7035755489177389 0.421574985298183 0
0.1443417766386551 0.1365285752128514 0
0.09552919551446504 0.1995132429531062 0
0.2906735298057577 0.3124015353233927 0
0.7233071779162141 0.4242633281164965 0
0.2971199416054666 0.1923200230946163 0
0.35232198500628 0.3724918522354942 0
0.7109410482636935 0.01836732689934487 0
0.257031659921588 0.04848500382100052 0
0.7174972921362237 0.3195157278983838 0
0.0754856205302365 0.1969177321780545 0
0.735472656824627 0.4086222124631754 0
0.194300574457311 0.2127650554231475 0
0.05027492665365341 0.2288888221626539 0
0.6035524236259324 0.1310185715584786 0
0.2832319957422746 0.2941029727699434 0
0.550654869733736 0.2271630010897022 0
0.07080999928460502 0.2311339008284128 0
0.2701966247319257 0.4830008926094402 0
0.7042531970270816 0.1964383671947086 0
0.7117750736262973 0.2147419499092575 0
0.4698817682782608 0.1647666122447264 0
0.9638946048945241 0.2844259568686655 0
0.4236506566405954 0.1410846293172053 0
0.3996472075790266 0.1718613145364039 0
0.3923491418032621 0.1532757117662334 0
0.3402667880047749 0.3881222523289324 0
0.7551774822069988 0.4113154166381649 0
0.4163589955386373 0.1223659660558676 0
0.321578947104192 0.1607877683930389 0
0.17458758290504 0.2100368912677056 0
0.7371706809801394 0.3221673794794632 0
0.7493958734367026 0.3064818766440202 0
0.7627062583764334 0.4297192763340733 0
0.7691523257336623 0.3090479014354695 0
0.1624373259480059 0.2257145214102078 0
0.7528501717602232 0.1334743450208091 0
0.4849399638313905 0.2010331173397678 0
0.2896166350969392 0.174012475200662 0
0.4729215131128094 0.2171341978158045 0
0.7736637750812669 0.2750811073194144 0
0.1502052631255236 0.2414303212791929 0
0.6620789371561697 0.1384972142325307 0
0.7705296866555252 0.4474658943604189 0
0.757507310215934 0.09929118362441233 0
0.3281930436202106 0.4037717690026099 0
0.1380071106574184 0.2571403287749786 0
0.7858478486914298 0.2593591247031324 0
0.03805961827789689 0.1055604626773526 0
0.1182440229893945 0.2545544168234659 0
0.2026964110737347 0.3702883877608172 0
0.4895124441647176 0.167315265724661 0
0.730355254927172 0.07852199598142259 0
0.263637736769626 0.2913783735879393 0
0.1060474553921959 0.27025361659307 0
0.2102097092935709 0.3885316293784588 0
0.5970286642979897 0.1116719946085732 0
0.2177774337992629 0.4069937058777124 0
0.7162575361460641 0.1807458684484134 0
0.4610325356029717 0.3689336343606562 0
0.3160165744474216 0.4193582594555798 0
0.2514943398182412 0.3070293051220347 0
0.805697435522834 0.2618087715632965 0
0.7454084854919032 0.11516812293278 0
0.7284560537825897 0.1650492255763232 0
0.2393445434376747 0.3227213107102233 0
0.09385805001877473 0.2859076372266639 0
0.2964105520943394 0.4168029833881518 0
0.01738141262909781 0.1491959917135181 0
0.8102652512410347 0.2278277911068598 0
0.07402907236968936 0.2833691177229881 0
0.8224345804396103 0.212127663787218 0
0.227148012191944 0.3384396568840121 0
0.06185565233649182 0.2987358663217208 0
0.740692196921346 0.1492643828061169 0
0.8422516640309474 0.2146487448772816 0
0.2149220984317834 0.3542619599632293 0
0.8545026769323829 0.1990342238509129 0
0.536860395883143 0.3294935074056078 0
0.5293028723350699 0.3109248164030055 0
0.9669165400870323 0.09965882758320105 0
0.8744363948627849 0.2017494720033133 0
0.8945756028429915 0.204653473716141 0
0.2842546535552683 0.4328989124576454 0
0.9019584694995538 0.2230770612572069 0
0.2723351871720447 0.4492267262644172 0
0.897095748692218 0.2569426405424216 0
0.1898384635949064 0.01751969347144872 0
0.9169256177318463 0.2600200016086744 0
0.9121108615650968 0.2937529146683332 0
0.0167059602665921 0.27 0
0.742128504667188 0.06346738564293639 0
0.9319442645855065 0.2965646900984225 0
0.03914524262021662 0.2454043453796302 0
0.01716340864550564 0.1884367231480453 0
0.9517125237361526 0.299342544462173 0
0.1661762862389108 0.05278486601831706 0
0.7056478303706244 0.4724412245220223 0
0.4985018179220084 0.1511306425859553 0
0.6405481021922996 0.4665188764023417 0
0.9460946345934449 0.4180921234332939 0
0.8874673925132162 0.4645485396693738 0
0.7999993215646366 0.03350643826043612 0
0.01618737276689952 0.13 0
0.9693320090645998 0.01678692554390376 0
0.9832893879611727 0.3710563709231788 0
0.6214220001988002 0.4442094345743229 0
0.6561733368173467 0.0350752504857266 0
0.9098032579554596 0.01625435136404541 0
0.1782742086074583 0.03651470549441724 0
0.1306174470951177 0.4838017041440305 0
0.2871556837205687 0.01660719895609752 0
0.9523577764067686 0.2134279399075573 0
0.2807493807275065 0.4664782022910392 0
0.6325125853207663 0.06806932227721219 0
0.5295803360940666 0.1134026759170663 0
0.3796252645795691 0.4501391520217842 0
0.05055465040325646 0.3138880315330287 0
0.9641601224527141 0.3370150945722934 0
0.6215387365119293 0.01782256322290482 0
0.4301092956752967 0.1097202208319361 0
0.3004814098446189 0.4673790015025007 0
0.4083054011934865 0.3807210191302567 0
0.1391110179245018 0.03359136838118856 0
0.9538795203733292 0.4016086848366015 0
0.5922909639774538 0.09251397995432328 0
0.05084880623559401 0.4496384798085069 0
0.8205875497415793 0.4672964966155091 0
0.392521713886984 0.4281853051791038 0
0.8991571475250446 0.03233623694504892 0
0.7802497506768897 0.03244724986639944 0
0.7794337752241496 0.4651759349414948 0
0.03351169199780268 0.3627331306809778 0
0.7993980931050326 0.466606591682153 0
0.269253494703512 0.01306545951232663 0
0.9502821420627205 0.07412699742165874 0
0.4497895523697645 0.3804586593584504 0
0.04612844805341126 0.3482740738088863 0
0.6730404258174427 0.4836292259893036 0
0.513161479636329 0.3567108663377626 0
0.9671701556515138 0.2501993904055297 0
0.01401606077271866 0.35 0
0.3948556800361723 0.07065387741209261 0
0.3212450404948783 0.4678462945465346 0
0.9215214610075233 0.4478140205110338 0
0.4786320133589162 0.3705738274780513 0
0.127516393444726 0.04891871352095634 0
0.1634500874446931 0.4498264801340592 0
0.9686604603489948 0.300416067562332 0
0.01360486659051469 0.23 0
0.5876821412145962 0.4033616596907721 0
0.3424697672077882 0.4674170336678631 0
0.752903602209178 0.04879879135118517 0
0.0308018725852468 0.4000002236709326 0
0.8777584105845999 0.03192208644612834 0
0.9866419386057295 0.4497692571320352 0
0.05118484543482227 0.4873621934801691 0
0.01337150324813369 0.04999999999999999 0
0.5194796599845912 0.1299610452855283 0
0.9664137940840893 0.3897529904837417 0
0.0312142009321173 0.2606545158333295 0
0.6145174677382359 0.4802489735227227 0
0.386174239131552 0.4843575887880152 0
0.9873473448130281 0.4110344369620161 0
0.5613866410267259 0.3796840095052568 0
0.8317401787546677 0.4537452488484001 0
0.397794451233399 0.08752086219951316 0
0.2492387638399065 0.03412523321892935 0
0.6219568701792703 0.08374711511887134 0
0.9510167357040296 0.1267608687101794 0
0.9679842744721571 0.2168487461836551 0
0.3058113727767701 0.0393545498240046 0
0.01272095023864861 0.08999999999999994 0
0.3953080338317536 0.3944325595647632 0
0.6861205267358489 0.4694827382544608 0
0.0302148558686593 0.1206814667776589 0
0.9339818248128486 0.177777763959766 0
0.1092874760408366 0.04805440064308708 0
0.0321271821981759 0.1760668924173663 0
0.8516491857241764 0.4565519568624464 0
0.9043216943462167 0.4678541152427657 0
0.3742742044049606 0.0694998802454915 0
0.8586764963778473 0.03165385140315466 0
0.4360662705583147 0.3806772369534953 0
0.7447100735895116 0.03349665778470656 0
0.01464101615137781 0.01464101615137745 0
0.01464101615137764 0.4853589838486227 0
0.9853589838486225 0.01464101615137767 0
0.9853589838486225 0.4853589838486229 0
0.6267384995686736 0.4612044160209462 0
0.1437397615020258 0.4689619676374466 0
0.3486884999791425 0.4535559959025308 0
0.9507934164741509 0.1547209501857453 0
0.07852616304465893 0.4706147693416332 0
0.1898519354535417 0.4881281986806065 0
0.4940757898227809 0.351490937185702 0
0.364805568094737 0.01432150141689775 0
0.04825944115465813 0.4335535324918156 0
0.5675899189651201 0.3976572804339301 0
0.6352584441409419 0.01428454393539733 0
0.7095828241756215 0.4883386591643953 0
0.488779751196199 0.1363869549303515 0
0.2302397864932506 0.01161249112710774 0
0.7300000000000002 0.01119662998712884 0
0.1743253159527242 0.4673116044624183 0
0.5425156936037364 0.1064471932154285 0
0.09919456419532308 0.06373467607778371 0
0.3545096848061562 0.03145629939563771 0
0.9884257696566054 0.3503414616557911 0
0.3901628591969218 0.009922003217076314 0
0.5572885291082088 0.3637487751625207 0
0.3541430278405898 0.0656690453815556 0
0.3307323070497513 0.04572518242589485 0
0.3776277183964799 0.4693917635388013 0
0.5315005282495665 0.3575382991623437 0
0.9347587045482318 0.4518346836054788 0
0.9547399244127484 0.0904936722777209 0
0.8497963158991348 0.04550317309934573 0
0.6041072609973434 0.08275940334198134 0
0.01202001623533833 0.3102417889181027 0
0.3998006009225871 0.4142487914284528 0
0.446675474867899 0.1168181392528709 0
0.09772369282650561 0.4713861162857311 0
0.65382693696169 0.4632638233317458 0
0.3460323870908718 0.04784599354879304 0
0.8580624374400634 0.4710106336990653 0
0.6093557833333797 0.01188208536610488 0
$EndNodes
$Elements
21 2980 1 2980
0 1 15 1
1 1 
0 2 15 1
2 2 
0 3 15 1
3 3 
0 4 15 1
4 4 
0 5 15 1
5 5 
0 6 15 1
6 6 
0 7 15 1
7 7 
0 8 15 1
8 8 
0 11 15 1
9 9 
0 12 15 1
10 10 
1 1 1 20
11 1 11 
12 11 12 
13 12 13 
14 13 14 
15 14 15 
16 15 16 
17 16 17 
18 17 18 
19 18 19 
20 19 20 
21 20 21 
22 21 22 
23 22 23 
24 23 24 
25 24 25 
26 25 26 
27 26 27 
28 27 28 
29 28 29 
30 29 2 
1 2 1 20
31 3 30 
32 30 31 
33 31 32 
34 32 33 
35 33 34 
36 34 35 
37 35 36 
38 36 37 
39 37 38 
40 38 39 
41 39 40 
42 40 41 
43 41 42 
44 42 43 
45 43 44 
46 44 45 
47 45 46 
48 46 47 
49 47 48 
50 48 4 
1 3 1 25
51 4 49 
52 49 50 
53 50 51 
54 51 52 
55 52 53 
56 53 54 
57 54 55 
58 55 56 
59 56 57 
60 57 58 
61 58 59 
62 59 60 
63 60 61 
64 61 62 
65 62 63 
66 63 64 
67 64 65 
68 65 66 
69 66 67 
70 67 68 
71 68 69 
72 69 70 
73 70 71 
74 71 72 
75 72 8 
1 4 1 20
76 8 73 
77 73 74 
78 74 75 
79 75 76 
80 76 77 
81 77 78 
82 78 79 
83 79 80 
84 80 81 
85 81 82 
86 82 83 
87 83 84 
88 84 85 
89 85 86 
90 86 87 
91 87 88 
92 88 89 
93 89 90 
94 90 91 
95 91 7 
1 5 1 20
96 6 92 
97 92 93 
98 93 94 
99 94 95 
100 95 96 
101 96 97 
102 97 98 
103 98 99 
104 99 100 
105 100 101 
106 101 102 
107 102 103 
108 103 104 
109 104 105 
110 105 106 
111 106 107 
112 107 108 
113 108 109 
114 109 110 
115 110 5 
1 6 1 25
116 5 111 
117 111 112 
118 112 113 
119 113 114 
120 114 115 
121 115 116 
122 116 117 
123 117 118 
124 118 119 
125 119 120 
126 120 121 
127 121 122 
128 122 123 
129 123 124 
130 124 125 
131 125 126 
132 126 127 
133 127 128 
134 128 129 
135 129 130 
136 130 131 
137 131 132 
138 132 133 
139 133 134 
140 134 1 
1 7 1 8
141 2 135 
142 135 136 
143 136 137 
144 137 138 
145 138 139 
146 139 140 
147 140 141 
148 141 9 
1 8 1 8
149 7 142 
150 142 143 
151 143 144 
152 144 145 
153 145 146 
154 146 147 
155 147 148 
156 148 10 
1 9 1 8
157 9 149 
158 149 150 
159 150 151 
160 151 152 
161 152 153 
162 153 154 
163 154 155 
164 155 3 
1 10 1 8
165 10 156 
166 156 157 
167 157 158 
168 158 159 
169 159 160 
170 160 161 
171 161 162 
172 162 6 
2 1 2 2808
173 881 882 208 
174 1090 1092 620 
175 85 894 163 
176 86 894 85 
177 225 226 183 
178 850 851 184 
179 849 1418 1015 
180 141 225 183 
181 148 850 184 
182 157 855 852 
183 865 1127 179 
184 178 1328 876 
185 152 860 171 
186 224 1110 1108 
187 776 1400 1141 
188 854 1402 137 
189 1108 1364 224 
190 137 1402 199 
191 1140 1400 847 
192 1141 1282 776 
193 211 905 867 
194 620 1093 1090 
195 855 1396 852 
196 1015 1358 849 
197 748 1079 1077 
198 1106 1364 1108 
199 167 1400 1140 
200 748 1360 1079 
201 188 1128 887 
202 191 1431 863 
203 863 1371 191 
204 705 1123 1122 
205 170 903 854 
206 151 886 150 
207 171 886 151 
208 860 1385 171 
209 882 883 208 
210 867 906 211 
211 842 1361 1086 
212 1079 1360 1080 
213 875 898 204 
214 1360 1384 1080 
215 7 1421 91 
216 914 1385 1316 
217 1086 1361 185 
218 949 1267 725 
219 163 894 888 
220 217 1367 900 
221 737 1137 1136 
222 883 1353 168 
223 1164 1388 1376 
224 903 1426 854 
225 916 1377 917 
226 675 906 645 
227 1180 1397 918 
228 916 917 207 
229 204 897 875 
230 850 1399 851 
231 930 932 195 
232 872 1399 850 
233 1165 1453 1116 
234 886 1465 150 
235 1116 1453 202 
236 179 1378 865 
237 876 1438 178 
238 1080 1419 194 
239 705 1190 1123 
240 932 1370 195 
241 917 1377 918 
242 898 1193 671 
243 208 1354 881 
244 891 1371 863 
245 869 1382 600 
246 600 1443 869 
247 1392 1401 919 
248 1365 1419 864 
249 918 1397 919 
250 142 1421 7 
251 892 904 200 
252 1128 1392 887 
253 770 1376 979 
254 891 1394 1371 
255 1128 1401 1392 
256 1096 1308 196 
257 845 904 892 
258 824 1375 823 
259 915 916 207 
260 168 1409 883 
261 1108 1110 1109 
262 824 1418 1375 
263 194 1423 1080 
264 866 896 172 
265 1376 1388 198 
266 856 936 135 
267 901 1434 1398 
268 1421 1449 980 
269 900 1367 764 
270 725 1267 884 
271 874 1378 179 
272 1398 1434 192 
273 875 1193 898 
274 72 1081 71 
275 110 1115 109 
276 1106 1108 1107 
277 171 914 886 
278 179 1468 874 
279 194 1419 1365 
280 1141 1400 167 
281 1347 1369 175 
282 171 1385 914 
283 888 907 163 
284 196 1432 1096 
285 1190 1362 1123 
286 902 906 675 
287 645 906 867 
288 924 1107 787 
289 796 1455 1405 
290 1083 1393 1387 
291 184 873 853 
292 1136 1138 737 
293 1376 1473 979 
294 876 1328 880 
295 1402 1441 857 
296 743 1404 1073 
297 199 1402 857 
298 1092 1466 620 
299 791 1362 1190 
300 134 1105 133 
301 892 1410 845 
302 1405 1455 872 
303 859 899 197 
304 1078 1079 215 
305 666 949 664 
306 1073 1440 743 
307 190 949 893 
308 893 948 190 
309 866 1480 896 
310 72 1448 1081 
311 110 1446 1115 
312 84 928 83 
313 1414 1442 1120 
314 896 1382 869 
315 209 1095 1094 
316 791 1390 1362 
317 190 1267 949 
318 853 1458 146 
319 166 1037 902 
320 1316 1385 771 
321 1090 1093 1091 
322 197 899 861 
323 1094 1096 209 
324 737 1436 1137 
325 212 1282 1141 
326 1079 1080 215 
327 1403 1411 950 
328 164 1394 891 
329 169 1410 892 
330 1015 1418 824 
331 852 1405 177 
332 9 225 141 
333 10 850 148 
334 156 852 177 
335 657 1439 1425 
336 158 855 157 
337 147 853 146 
338 767 1442 1414 
339 183 885 140 
340 139 885 170 
341 153 860 152 
342 138 854 137 
343 169 892 145 
344 159 866 172 
345 620 1174 1093 
346 143 858 142 
347 136 856 135 
348 896 1433 1382 
349 1196 1407 1126 
350 792 1390 791 
351 144 892 200 
352 198 866 160 
353 787 1107 788 
354 1093 1094 1091 
355 899 1374 861 
356 161 862 198 
357 154 859 197 
358 1425 1439 1085 
359 980 1449 1359 
360 891 1427 164 
361 1164 1376 770 
362 900 1459 217 
363 898 1369 1347 
364 1387 1393 772 
365 865 1408 1127 
366 689 1470 873 
367 1093 1174 1097 
368 786 1162 1118 
369 205 1107 924 
370 893 1367 948 
371 899 900 764 
372 902 1037 906 
373 226 227 183 
374 851 873 184 
375 936 1469 135 
376 873 1424 853 
377 873 1474 689 
378 1126 1450 1196 
379 134 1445 1105 
380 884 1463 165 
381 780 1411 1403 
382 893 949 666 
383 150 1375 149 
384 664 949 725 
385 83 928 216 
386 858 1449 1421 
387 163 928 84 
388 671 1369 898 
389 86 1460 894 
390 902 929 166 
391 1410 1458 895 
392 1097 1174 661 
393 165 1444 884 
394 917 918 174 
395 887 1413 188 
396 948 1367 217 
397 1109 1110 213 
398 169 1458 1410 
399 146 1458 169 
400 935 1277 1273 
401 862 1376 198 
402 355 1036 352 
403 882 1273 883 
404 885 1380 170 
405 213 1111 1109 
406 155 1486 859 
407 820 1214 925 
408 868 1464 1407 
409 908 909 422 
410 211 1454 905 
411 925 1214 445 
412 150 1465 1375 
413 674 923 820 
414 689 1338 687 
415 923 1214 820 
416 1384 1419 1080 
417 1069 1070 353 
418 1157 1340 1132 
419 353 1070 354 
420 349 1152 350 
421 898 1347 204 
422 175 1369 1103 
423 1343 1345 925 
424 1098 1104 1089 
425 359 1002 357 
426 922 1194 910 
427 239 1194 922 
428 448 912 245 
429 183 1481 885 
430 1095 1105 1098 
431 1273 1277 649 
432 859 900 899 
433 1116 1386 1165 
434 859 1486 1379 
435 910 1194 606 
436 1094 1097 1096 
437 606 911 910 
438 406 1143 920 
439 395 1276 1030 
440 1297 1299 988 
441 198 1388 866 
442 597 1190 1168 
443 1407 1464 1126 
444 483 1010 475 
445 477 1302 479 
446 828 1345 1343 
447 1433 1480 768 
448 904 1366 200 
449 1012 1289 913 
450 886 914 769 
451 857 1441 871 
452 769 914 794 
453 232 987 235 
454 1093 1097 1094 
455 637 1317 674 
456 1094 1095 1091 
457 1118 1413 786 
458 926 1009 497 
459 896 1480 1433 
460 991 1288 1283 
461 927 1009 926 
462 913 1289 912 
463 1107 1108 788 
464 352 1036 351 
465 1018 1143 406 
466 448 913 912 
467 921 937 691 
468 764 1374 899 
469 691 937 676 
470 422 1036 355 
471 422 1002 908 
472 1281 1311 989 
473 781 1152 1065 
474 245 912 606 
475 661 1308 1097 
476 928 1391 216 
477 226 228 227 
478 354 1070 395 
479 1283 1288 755 
480 353 1152 1069 
481 674 1317 923 
482 922 1285 1284 
483 673 1299 1297 
484 907 928 163 
485 612 1336 1310 
486 909 1036 422 
487 1284 1285 421 
488 1122 1477 705 
489 947 1338 689 
490 870 1467 1456 
491 1065 1152 349 
492 350 1152 353 
493 781 1251 673 
494 676 937 698 
495 691 939 921 
496 357 1002 422 
497 974 1241 1030 
498 1030 1241 395 
499 1091 1098 1089 
500 222 1104 1098 
501 1065 1251 781 
502 901 1398 220 
503 870 1456 936 
504 732 1322 945 
505 406 1002 359 
506 1391 1393 216 
507 935 1273 882 
508 920 1002 406 
509 1012 1298 985 
510 100 1037 99 
511 1070 1276 395 
512 606 912 911 
513 1000 1007 688 
514 421 1285 991 
515 1142 1348 1346 
516 906 1037 211 
517 411 938 937 
518 918 919 174 
519 1009 1010 483 
520 234 989 988 
521 1346 1348 553 
522 411 987 938 
523 1441 1471 871 
524 1003 1256 459 
525 1168 1190 705 
526 791 1190 597 
527 991 1283 421 
528 234 987 232 
529 1043 1304 493 
530 234 988 987 
531 475 1010 477 
532 235 987 411 
533 484 1217 933 
534 966 1050 630 
535 933 1071 484 
536 763 1316 771 
537 170 1380 903 
538 1010 1302 477 
539 713 940 939 
540 998 1007 1000 
541 964 1050 966 
542 1031 1144 1029 
543 602 1144 1031 
544 926 1274 763 
545 630 1051 966 
546 386 1050 964 
547 968 1240 459 
548 713 939 691 
549 953 1431 191 
550 1029 1144 505 
551 518 1006 934 
552 941 1192 339 
553 386 964 962 
554 1028 1029 505 
555 358 973 360 
556 927 1010 1009 
557 939 940 609 
558 913 1298 1012 
559 459 1256 968 
560 858 1421 142 
561 1251 1299 673 
562 505 1063 1028 
563 1133 1452 1226 
564 389 972 971 
565 1000 1143 1018 
566 688 1143 1000 
567 385 1055 390 
568 934 1007 518 
569 99 1037 166 
570 211 1037 100 
571 933 1150 1071 
572 809 1248 954 
573 945 1322 384 
574 609 940 790 
575 1042 1304 1043 
576 1045 1257 420 
577 935 1270 454 
578 1025 1250 292 
579 941 1240 968 
580 959 1334 1296 
581 1136 1139 1138 
582 1138 1139 214 
583 973 1241 974 
584 213 1112 1111 
585 922 1284 239 
586 937 938 698 
587 609 1145 939 
588 389 973 972 
589 360 973 389 
590 734 943 942 
591 818 1294 1049 
592 91 1421 980 
593 752 1235 1054 
594 939 1145 921 
595 733 943 734 
596 518 1007 998 
597 1022 1061 635 
598 390 1055 983 
599 454 1270 1262 
600 1028 1063 970 
601 207 1350 915 
602 713 1192 941 
603 971 975 389 
604 1108 1109 788 
605 90 980 220 
606 954 1248 549 
607 420 1257 1254 
608 942 944 734 
609 929 1278 166 
610 1006 1227 934 
611 544 1227 1006 
612 362 975 364 
613 1054 1235 547 
614 982 1213 981 
615 1031 1200 602 
616 363 1018 361 
617 962 1055 386 
618 1095 1098 1091 
619 32 948 217 
620 94 950 218 
621 226 427 228 
622 202 1416 1116 
623 1020 1061 1022 
624 992 994 462 
625 215 1415 1078 
626 982 1484 1471 
627 497 1274 926 
628 479 1302 484 
629 733 956 943 
630 166 1278 98 
631 1319 1405 852 
632 1027 1261 1250 
633 398 958 957 
634 493 1312 1043 
635 390 983 392 
636 386 1055 385 
637 218 979 978 
638 1049 1294 378 
639 218 978 93 
640 1254 1257 1025 
641 986 1058 565 
642 545 1173 956 
643 635 1062 1022 
644 994 996 462 
645 26 951 191 
646 228 229 227 
647 1013 1187 693 
648 292 1254 1025 
649 1058 1198 565 
650 981 1056 804 
651 693 1005 694 
652 427 1311 1281 
653 879 1270 935 
654 1262 1270 1045 
655 557 1061 1020 
656 1032 1034 264 
657 389 975 362 
658 398 983 958 
659 692 1215 955 
660 374 1052 377 
661 826 1004 642 
662 420 1262 1045 
663 435 1056 981 
664 715 1198 1058 
665 361 1018 406 
666 397 967 400 
667 992 1218 704 
668 999 1018 363 
669 1071 1150 494 
670 635 1243 1062 
671 339 1240 941 
672 277 1057 272 
673 565 1057 986 
674 975 1191 364 
675 91 980 90 
676 682 977 895 
677 1044 1257 1045 
678 688 1007 680 
679 454 1277 935 
680 1032 1222 811 
681 951 953 191 
682 474 969 487 
683 940 968 790 
684 1024 1250 1025 
685 800 1323 1304 
686 1062 1243 716 
687 956 1173 943 
688 53 1112 52 
689 219 952 951 
690 945 1329 946 
691 417 1011 414 
692 1034 1047 264 
693 692 1256 1003 
694 693 1187 1005 
695 1183 1189 1017 
696 557 1020 1019 
697 392 983 398 
698 713 941 940 
699 817 1315 1154 
700 680 1007 934 
701 973 974 972 
702 1069 1152 781 
703 688 1223 1143 
704 751 1209 976 
705 300 1003 304 
706 679 977 682 
707 93 978 92 
708 726 1016 627 
709 667 757 756 
710 272 1057 565 
711 687 1338 909 
712 988 1299 938 
713 462 1218 992 
714 957 967 398 
715 970 1063 969 
716 219 951 27 
717 303 1245 1046 
718 1206 1220 506 
719 1039 1258 1239 
720 28 219 27 
721 32 217 31 
722 94 218 93 
723 90 220 89 
724 1011 1012 985 
725 264 1222 1032 
726 398 967 397 
727 607 1011 417 
728 312 996 310 
729 604 605 555 
730 758 759 757 
731 296 1215 692 
732 372 1052 374 
733 304 1003 459 
734 365 999 363 
735 604 662 605 
736 1329 1331 946 
737 190 948 33 
738 187 950 95 
739 747 1209 751 
740 96 997 187 
741 766 990 632 
742 667 758 757 
743 514 1006 518 
744 472 969 474 
745 1054 1248 809 
746 662 845 663 
747 909 1339 1036 
748 1049 1300 944 
749 462 996 312 
750 630 1052 1051 
751 874 1365 864 
752 358 1241 973 
753 768 1164 721 
754 662 663 605 
755 766 991 990 
756 612 1189 1183 
757 667 1150 758 
758 751 1235 752 
759 760 761 759 
760 615 1342 1341 
761 377 1052 630 
762 1250 1261 292 
763 763 771 761 
764 632 990 631 
765 502 667 666 
766 468 1191 1151 
767 956 1159 545 
768 958 983 960 
769 1046 1245 815 
770 989 1311 726 
771 1019 1023 557 
772 757 764 756 
773 758 1150 933 
774 931 1236 1196 
775 1008 1224 510 
776 762 763 761 
777 845 977 663 
778 1143 1223 920 
779 364 1191 366 
780 765 903 766 
781 456 632 631 
782 298 1003 300 
783 193 1112 53 
784 52 1112 213 
785 942 1049 944 
786 394 1335 1331 
787 808 1224 1008 
788 426 456 452 
789 969 1063 487 
790 414 1011 413 
791 806 982 981 
792 560 604 555 
793 289 1057 277 
794 627 1016 626 
795 416 417 414 
796 806 981 804 
797 967 1206 400 
798 418 426 419 
799 709 1027 1026 
800 396 999 365 
801 548 555 544 
802 416 418 417 
803 633 765 632 
804 95 950 94 
805 33 948 32 
806 484 1071 481 
807 626 1016 1015 
808 378 1294 1292 
809 682 684 683 
810 679 682 681 
811 474 487 483 
812 318 1017 1001 
813 489 490 488 
814 418 419 417 
815 487 488 483 
816 967 1220 1206 
817 667 756 666 
818 663 977 679 
819 758 760 759 
820 1342 1344 832 
821 96 187 95 
822 26 191 25 
823 88 192 87 
824 34 190 33 
825 300 304 302 
826 1151 1191 975 
827 804 1056 457 
828 908 1002 920 
829 1338 1339 909 
830 490 1153 497 
831 325 1155 313 
832 1310 1336 1154 
833 329 414 413 
834 682 683 681 
835 607 1012 1011 
836 487 489 488 
837 341 1013 327 
838 631 990 783 
839 682 895 684 
840 456 631 452 
841 426 452 419 
842 316 322 315 
843 544 1006 516 
844 765 766 632 
845 304 316 315 
846 318 1001 335 
847 527 1023 529 
848 341 1187 1013 
849 304 315 302 
850 296 692 298 
851 626 1015 1014 
852 646 1014 824 
853 470 690 472 
854 329 413 306 
855 316 323 322 
856 474 483 475 
857 489 491 490 
858 690 969 472 
859 998 1000 999 
860 413 985 984 
861 472 474 473 
862 516 1006 514 
863 993 994 992 
864 974 1029 1028 
865 974 1030 1029 
866 514 518 512 
867 727 1042 577 
868 581 1066 833 
869 487 1063 489 
870 1030 1031 1029 
871 489 1063 505 
872 692 1003 298 
873 825 826 642 
874 974 1028 972 
875 662 904 845 
876 276 1068 271 
877 491 495 490 
878 405 1053 401 
879 709 1026 574 
880 261 1047 259 
881 306 984 289 
882 503 1014 646 
883 512 998 396 
884 518 998 512 
885 960 961 959 
886 690 970 969 
887 760 762 761 
888 27 951 26 
889 962 963 961 
890 551 1159 1158 
891 987 988 938 
892 286 1017 293 
893 545 1159 541 
894 952 953 951 
895 323 326 322 
896 998 999 396 
897 438 1013 693 
898 281 1161 283 
899 660 1234 1203 
900 456 633 632 
901 717 1024 621 
902 538 1048 545 
903 1175 1195 707 
904 1048 1173 545 
905 419 1188 607 
906 1014 1015 824 
907 704 1218 424 
908 557 1023 527 
909 830 992 704 
910 97 997 96 
911 1158 1159 956 
912 685 689 687 
913 993 995 994 
914 1059 1212 1060 
915 762 926 763 
916 958 959 801 
917 293 1017 318 
918 964 965 963 
919 503 646 599 
920 519 544 516 
921 663 679 678 
922 468 470 469 
923 631 783 782 
924 415 416 414 
925 630 1050 380 
926 529 1023 532 
927 574 1026 593 
928 327 1013 326 
929 323 327 326 
930 326 438 432 
931 271 1068 269 
932 696 1038 319 
933 496 503 495 
934 1019 1020 819 
935 470 472 471 
936 684 685 683 
937 264 1047 261 
938 728 800 727 
939 296 298 297 
940 646 823 769 
941 830 993 992 
942 960 962 961 
943 438 600 589 
944 413 984 306 
945 1042 1043 793 
946 783 922 910 
947 718 1039 570 
948 1020 1021 819 
949 966 1280 965 
950 985 986 984 
951 491 496 495 
952 832 1344 582 
953 300 302 301 
954 646 769 599 
955 1017 1189 1001 
956 455 799 636 
957 712 768 721 
958 401 1053 399 
959 958 960 959 
960 820 925 821 
961 633 843 765 
962 451 1161 281 
963 700 1019 819 
964 1040 1053 405 
965 326 1013 438 
966 490 497 488 
967 576 727 577 
968 1196 1236 601 
969 733 1158 956 
970 709 1239 1027 
971 719 1044 625 
972 693 694 600 
973 413 1011 985 
974 823 886 769 
975 241 1145 609 
976 555 1227 544 
977 503 599 495 
978 1033 1034 1032 
979 635 1061 523 
980 455 636 458 
981 298 300 299 
982 695 700 699 
983 700 818 701 
984 728 801 800 
985 576 728 727 
986 438 693 600 
987 962 964 963 
988 971 972 970 
989 972 1028 970 
990 369 468 402 
991 342 1146 341 
992 596 1216 1160 
993 818 1049 942 
994 983 1055 960 
995 674 820 675 
996 340 342 341 
997 340 341 327 
998 580 732 677 
999 636 1317 637 
1000 724 811 575 
1001 17 1101 16 
1002 547 1248 1054 
1003 1024 1025 719 
1004 732 945 677 
1005 558 1195 1175 
1006 438 589 432 
1007 700 819 818 
1008 598 1042 793 
1009 186 1100 1099 
1010 1020 1022 1021 
1011 634 1163 260 
1012 1098 1105 222 
1013 580 677 579 
1014 506 576 507 
1015 1044 1045 878 
1016 339 340 327 
1017 330 1059 434 
1018 335 1001 455 
1019 419 607 417 
1020 556 580 579 
1021 663 678 605 
1022 333 1038 450 
1023 695 1019 700 
1024 410 1040 405 
1025 58 1139 57 
1026 17 1102 1101 
1027 618 717 621 
1028 577 1042 598 
1029 496 504 503 
1030 304 459 316 
1031 626 1014 504 
1032 252 1166 254 
1033 1026 1027 717 
1034 344 345 342 
1035 812 1032 811 
1036 1000 1018 999 
1037 964 966 965 
1038 494 1150 502 
1039 662 1004 904 
1040 532 695 534 
1041 326 432 322 
1042 955 1215 1205 
1043 504 1014 503 
1044 346 1064 349 
1045 572 1039 709 
1046 1205 1215 247 
1047 637 674 645 
1048 655 1044 878 
1049 382 1050 386 
1050 570 1039 572 
1051 679 681 680 
1052 687 909 908 
1053 319 1038 333 
1054 343 344 342 
1055 724 812 811 
1056 733 734 732 
1057 976 1209 814 
1058 344 346 345 
1059 603 626 504 
1060 593 1026 618 
1061 311 1046 325 
1062 615 1041 1040 
1063 479 484 481 
1064 344 1064 346 
1065 625 1044 655 
1066 328 329 306 
1067 831 1008 510 
1068 629 726 627 
1069 646 824 823 
1070 1300 1307 944 
1071 598 793 792 
1072 621 1024 623 
1073 235 411 237 
1074 672 1069 781 
1075 532 1023 695 
1076 511 512 396 
1077 623 1024 719 
1078 551 556 552 
1079 241 609 608 
1080 700 701 699 
1081 695 699 534 
1082 468 469 402 
1083 228 230 229 
1084 565 1198 265 
1085 214 1139 58 
1086 176 1136 1135 
1087 468 1151 470 
1088 230 234 232 
1089 434 1059 568 
1090 1059 1060 718 
1091 1136 1137 1135 
1092 1166 1208 1167 
1093 186 1099 1087 
1094 175 1103 1102 
1095 623 719 625 
1096 641 704 424 
1097 754 1054 809 
1098 323 339 327 
1099 1239 1258 294 
1100 818 942 701 
1101 229 755 227 
1102 618 1026 717 
1103 447 615 437 
1104 783 910 782 
1105 829 830 704 
1106 335 455 442 
1107 346 347 345 
1108 333 450 423 
1109 437 1040 410 
1110 1129 1130 165 
1111 556 579 559 
1112 308 696 319 
1113 840 890 889 
1114 249 296 295 
1115 523 1061 525 
1116 176 1135 1134 
1117 615 1040 437 
1118 382 386 385 
1119 603 627 626 
1120 695 1023 1019 
1121 576 577 507 
1122 176 1134 56 
1123 305 306 289 
1124 879 935 882 
1125 568 718 570 
1126 1160 1216 810 
1127 538 545 541 
1128 543 551 550 
1129 655 878 877 
1130 311 325 313 
1131 575 1068 276 
1132 1125 1126 180 
1133 1033 1035 1034 
1134 995 1263 994 
1135 631 782 452 
1136 173 1085 1084 
1137 957 958 801 
1138 1088 1092 1090 
1139 572 709 574 
1140 672 781 673 
1141 1122 1123 181 
1142 628 629 627 
1143 628 672 629 
1144 723 770 730 
1145 346 348 347 
1146 747 751 750 
1147 745 1209 747 
1148 307 1147 291 
1149 340 343 342 
1150 809 954 834 
1151 1121 1122 181 
1152 535 1048 538 
1153 347 465 464 
1154 16 1101 186 
1155 465 652 464 
1156 39 1124 210 
1157 1131 1133 1132 
1158 814 1209 1203 
1159 347 1067 465 
1160 752 1054 754 
1161 568 1059 718 
1162 579 1066 581 
1163 347 464 345 
1164 380 1050 382 
1165 580 733 732 
1166 812 1033 1032 
1167 474 475 473 
1168 1088 1090 1089 
1169 1074 1077 1076 
1170 1041 1053 1040 
1171 685 687 686 
1172 411 937 921 
1173 754 809 779 
1174 581 833 832 
1175 642 1004 604 
1176 175 1102 18 
1177 618 621 619 
1178 465 653 652 
1179 343 466 344 
1180 636 637 458 
1181 676 697 466 
1182 455 458 442 
1183 409 506 431 
1184 481 1071 485 
1185 455 1001 799 
1186 525 557 527 
1187 1131 1132 193 
1188 593 618 617 
1189 602 603 504 
1190 18 1102 17 
1191 56 1134 55 
1192 751 752 750 
1193 456 1210 633 
1194 1041 1207 1053 
1195 525 1061 557 
1196 377 630 380 
1197 603 628 627 
1198 971 1151 975 
1199 186 1101 1100 
1200 40 1124 39 
1201 206 1118 1117 
1202 472 473 471 
1203 283 1161 308 
1204 349 350 348 
1205 350 351 348 
1206 1113 1117 1114 
1207 268 1171 267 
1208 820 821 675 
1209 976 1235 751 
1210 1203 1234 814 
1211 672 673 629 
1212 57 1139 176 
1213 465 1067 702 
1214 556 559 552 
1215 811 1068 575 
1216 721 1164 723 
1217 941 968 940 
1218 1035 1259 1034 
1219 697 1064 466 
1220 551 552 550 
1221 1087 1088 203 
1222 1072 1073 201 
1223 502 1150 667 
1224 1074 1076 1075 
1225 272 565 265 
1226 551 1158 556 
1227 878 879 877 
1228 805 806 804 
1229 466 1064 344 
1230 366 1191 369 
1231 188 1119 115 
1232 1088 1089 203 
1233 621 623 622 
1234 984 1057 289 
1235 529 532 531 
1236 1073 1074 201 
1237 1064 1065 349 
1238 519 548 544 
1239 803 804 457 
1240 513 514 512 
1241 742 745 744 
1242 489 505 491 
1243 532 534 533 
1244 945 946 677 
1245 346 349 348 
1246 1075 1076 223 
1247 690 971 970 
1248 12 1104 222 
1249 332 1147 307 
1250 74 1075 223 
1251 1076 1081 223 
1252 1087 1099 1088 
1253 296 297 295 
1254 206 1117 1113 
1255 54 1131 193 
1256 55 1131 54 
1257 506 507 431 
1258 670 931 930 
1259 173 1084 80 
1260 80 1084 79 
1261 1113 1114 221 
1262 809 834 779 
1263 1106 1107 205 
1264 103 1125 180 
1265 104 1125 103 
1266 43 1120 42 
1267 189 1120 43 
1268 78 1086 185 
1269 604 1004 662 
1270 697 1065 1064 
1271 579 581 559 
1272 411 921 237 
1273 367 396 365 
1274 745 747 746 
1275 348 1067 347 
1276 115 1119 114 
1277 41 1121 181 
1278 1084 1086 79 
1279 509 510 508 
1280 1090 1091 1089 
1281 258 634 260 
1282 1120 1121 42 
1283 1052 1249 1051 
1284 1077 1079 1078 
1285 116 1128 188 
1286 117 1128 116 
1287 652 796 795 
1288 1114 1115 221 
1289 609 790 608 
1290 366 369 368 
1291 13 1104 12 
1292 723 1164 770 
1293 75 1075 74 
1294 446 447 437 
1295 1134 1135 1133 
1296 1088 1099 1092 
1297 674 675 645 
1298 548 560 555 
1299 453 508 332 
1300 436 437 410 
1301 623 625 624 
1302 521 635 523 
1303 747 750 749 
1304 1114 1116 1115 
1305 641 829 704 
1306 602 1200 603 
1307 313 1155 320 
1308 580 1158 733 
1309 1077 1078 1076 
1310 287 575 276 
1311 541 1159 543 
1312 79 1086 78 
1313 638 724 575 
1314 42 1121 41 
1315 584 735 447 
1316 106 1082 195 
1317 76 1072 201 
1318 107 1082 106 
1319 46 1106 205 
1320 78 185 77 
1321 57 176 56 
1322 52 213 51 
1323 65 179 64 
1324 68 194 67 
1325 70 215 69 
1326 50 224 49 
1327 61 167 60 
1328 186 1087 15 
1329 54 193 53 
1330 37 1129 165 
1331 77 1072 76 
1332 59 214 58 
1333 85 163 84 
1334 216 1083 82 
1335 81 1083 173 
1336 14 1087 203 
1337 156 177 10 
1338 47 1106 46 
1339 63 212 62 
1340 15 1087 14 
1341 121 207 120 
1342 202 1082 107 
1343 99 166 98 
1344 112 1113 221 
1345 23 164 22 
1346 212 1141 62 
1347 12 222 11 
1348 14 203 13 
1349 21 204 20 
1350 167 1140 60 
1351 116 188 115 
1352 19 175 18 
1353 37 165 36 
1354 39 210 38 
1355 41 181 40 
1356 64 1127 63 
1357 83 216 82 
1358 123 168 122 
1359 179 1127 64 
1360 106 195 105 
1361 114 206 113 
1362 16 186 15 
1363 108 202 107 
1364 127 178 126 
1365 74 223 73 
1366 103 180 102 
1367 130 196 129 
1368 132 209 131 
1369 76 201 75 
1370 81 173 80 
1371 125 208 124 
1372 50 1110 224 
1373 63 1127 212 
1374 59 1140 214 
1375 101 211 100 
1376 149 182 9 
1377 112 221 111 
1378 119 174 118 
1379 213 1110 51 
1380 61 1141 167 
1381 38 1129 37 
1382 185 1072 77 
1383 210 1129 38 
1384 60 1140 59 
1385 62 1141 61 
1386 46 205 45 
1387 44 189 43 
1388 51 1110 50 
1389 82 1083 81 
1390 113 1113 112 
1391 206 1113 113 
1392 351 1067 348 
1393 496 602 504 
1394 470 471 469 
1395 587 831 510 
1396 535 538 537 
1397 206 1119 1118 
1398 931 932 930 
1399 176 1139 1136 
1400 288 289 277 
1401 55 1134 1131 
1402 618 619 617 
1403 752 754 753 
1404 1131 1134 1133 
1405 736 738 735 
1406 485 1071 494 
1407 670 1160 931 
1408 201 1075 75 
1409 785 1069 672 
1410 203 1104 13 
1411 369 402 370 
1412 182 225 9 
1413 538 541 540 
1414 1089 1104 203 
1415 1074 1075 201 
1416 1166 1167 634 
1417 740 1142 738 
1418 1123 1124 181 
1419 745 746 744 
1420 114 1119 206 
1421 739 740 738 
1422 774 775 740 
1423 418 435 426 
1424 560 642 604 
1425 494 502 501 
1426 254 1166 258 
1427 776 777 775 
1428 1078 1081 1076 
1429 177 850 10 
1430 508 1147 332 
1431 652 795 464 
1432 181 1124 40 
1433 591 714 651 
1434 621 622 619 
1435 345 1146 342 
1436 329 415 414 
1437 429 816 461 
1438 270 463 274 
1439 564 596 595 
1440 467 676 466 
1441 141 183 140 
1442 148 184 147 
1443 676 698 697 
1444 754 779 778 
1445 485 494 492 
1446 714 789 787 
1447 747 749 746 
1448 465 702 653 
1449 699 1048 534 
1450 260 1163 262 
1451 625 655 654 
1452 752 753 750 
1453 728 957 801 
1454 532 533 531 
1455 502 666 664 
1456 742 744 743 
1457 541 543 542 
1458 660 742 741 
1459 628 785 672 
1460 436 446 437 
1461 811 1222 1068 
1462 495 1153 490 
1463 596 670 668 
1464 787 788 651 
1465 543 550 549 
1466 279 1201 451 
1467 279 451 281 
1468 623 624 622 
1469 506 1220 576 
1470 679 680 678 
1471 658 660 659 
1472 367 511 396 
1473 714 787 651 
1474 591 1148 714 
1475 238 241 240 
1476 453 509 508 
1477 655 877 876 
1478 361 406 359 
1479 656 707 561 
1480 267 1171 270 
1481 177 872 850 
1482 534 535 533 
1483 789 924 787 
1484 879 882 881 
1485 585 1168 705 
1486 235 237 236 
1487 446 584 447 
1488 283 308 290 
1489 157 852 156 
1490 320 412 337 
1491 244 247 246 
1492 777 1149 775 
1493 670 930 846 
1494 960 1055 962 
1495 707 1195 561 
1496 429 1169 816 
1497 538 540 537 
1498 409 1206 506 
1499 584 736 735 
1500 298 299 297 
1501 556 1158 580 
1502 146 169 145 
1503 139 170 138 
1504 152 171 151 
1505 159 172 158 
1506 534 1048 535 
1507 581 832 582 
1508 591 651 650 
1509 816 1148 461 
1510 596 668 595 
1511 404 405 401 
1512 572 574 573 
1513 796 1005 795 
1514 687 908 686 
1515 681 1223 688 
1516 585 705 613 
1517 742 743 741 
1518 746 748 744 
1519 308 319 309 
1520 562 658 657 
1521 754 778 753 
1522 403 409 408 
1523 392 398 397 
1524 590 706 460 
1525 308 1161 696 
1526 834 865 779 
1527 736 739 738 
1528 509 587 510 
1529 594 708 563 
1530 677 1066 579 
1531 774 776 775 
1532 742 1203 745 
1533 739 774 740 
1534 543 1159 551 
1535 407 410 405 
1536 286 1183 1017 
1537 670 846 668 
1538 753 1156 750 
1539 461 591 590 
1540 570 572 571 
1541 293 318 317 
1542 302 303 301 
1543 591 650 590 
1544 778 874 864 
1545 681 688 680 
1546 798 916 915 
1547 262 268 267 
1548 464 1146 345 
1549 423 444 443 
1550 258 1166 634 
1551 232 235 233 
1552 333 423 336 
1553 708 1197 1178 
1554 574 593 592 
1555 319 333 324 
1556 668 669 595 
1557 660 741 659 
1558 539 976 814 
1559 339 1192 340 
1560 541 542 540 
1561 409 431 430 
1562 461 1148 591 
1563 750 1156 749 
1564 552 553 550 
1565 786 887 708 
1566 577 598 597 
1567 444 639 578 
1568 625 654 624 
1569 428 436 410 
1570 287 638 575 
1571 564 595 594 
1572 593 617 616 
1573 429 461 460 
1574 613 614 586 
1575 638 822 724 
1576 343 467 466 
1577 640 798 797 
1578 1178 1197 583 
1579 543 549 542 
1580 778 864 753 
1581 613 767 614 
1582 619 620 617 
1583 496 1144 602 
1584 320 1155 412 
1585 407 429 428 
1586 241 608 242 
1587 434 568 567 
1588 182 849 225 
1589 461 590 460 
1590 986 1057 984 
1591 741 842 659 
1592 172 855 158 
1593 318 335 334 
1594 772 773 707 
1595 568 570 569 
1596 539 813 536 
1597 585 586 430 
1598 331 332 307 
1599 357 422 355 
1600 957 1220 967 
1601 594 786 708 
1602 184 853 147 
1603 369 370 368 
1604 407 428 410 
1605 393 394 391 
1606 491 1144 496 
1607 864 1156 753 
1608 581 582 559 
1609 942 943 701 
1610 658 659 657 
1611 879 881 877 
1612 404 407 405 
1613 564 594 563 
1614 647 648 566 
1615 335 442 441 
1616 270 1171 463 
1617 769 794 599 
1618 409 430 408 
1619 436 588 446 
1620 584 737 736 
1621 439 453 332 
1622 505 1144 491 
1623 249 1215 296 
1624 431 585 430 
1625 603 1200 628 
1626 535 537 536 
1627 140 885 139 
1628 441 810 334 
1629 785 1070 1069 
1630 429 460 428 
1631 685 686 683 
1632 542 547 540 
1633 739 847 774 
1634 655 876 654 
1635 300 301 299 
1636 624 661 622 
1637 488 1009 483 
1638 440 564 563 
1639 463 612 274 
1640 596 1160 670 
1641 598 792 791 
1642 539 814 813 
1643 305 328 306 
1644 717 1250 1024 
1645 527 529 528 
1646 678 1227 605 
1647 1212 1230 1060 
1648 529 531 530 
1649 574 592 573 
1650 510 1224 508 
1651 702 947 653 
1652 403 408 404 
1653 416 1056 418 
1654 537 539 536 
1655 585 613 586 
1656 1274 1316 763 
1657 238 1145 241 
1658 593 616 592 
1659 288 305 289 
1660 795 1146 464 
1661 637 645 644 
1662 318 334 317 
1663 535 536 533 
1664 331 440 439 
1665 308 309 290 
1666 590 1157 706 
1667 572 573 571 
1668 335 441 334 
1669 876 880 654 
1670 415 457 416 
1671 577 597 507 
1672 403 404 401 
1673 453 583 509 
1674 442 601 441 
1675 641 1154 829 
1676 650 1157 590 
1677 373 1182 371 
1678 285 287 276 
1679 400 401 399 
1680 374 377 376 
1681 331 439 332 
1682 360 389 362 
1683 1184 1224 808 
1684 275 276 271 
1685 946 1066 677 
1686 1233 1245 315 
1687 400 403 401 
1688 262 1163 268 
1689 397 400 399 
1690 798 915 797 
1691 293 317 307 
1692 846 1165 668 
1693 444 578 443 
1694 350 352 351 
1695 639 640 578 
1696 423 443 336 
1697 595 1162 594 
1698 821 929 902 
1699 333 336 324 
1700 668 1165 669 
1701 525 527 526 
1702 303 1046 311 
1703 397 399 393 
1704 319 324 309 
1705 539 1172 976 
1706 669 1162 595 
1707 383 384 381 
1708 640 649 578 
1709 467 691 676 
1710 317 331 307 
1711 440 563 439 
1712 400 1206 403 
1713 656 772 707 
1714 293 307 291 
1715 546 561 530 
1716 511 513 512 
1717 263 264 261 
1718 1182 1185 371 
1719 507 1168 431 
1720 443 454 336 
1721 699 1173 1048 
1722 253 715 251 
1723 706 1170 460 
1724 1146 1187 341 
1725 562 657 656 
1726 286 293 291 
1727 230 232 231 
1728 284 294 282 
1729 540 1172 537 
1730 562 656 561 
1731 392 397 393 
1732 570 571 569 
1733 594 1162 786 
1734 425 641 424 
1735 831 1330 1326 
1736 324 420 309 
1737 867 868 644 
1738 622 1174 619 
1739 428 1170 436 
1740 390 392 391 
1741 273 279 278 
1742 369 1191 468 
1743 431 1168 585 
1744 287 808 638 
1745 546 562 561 
1746 392 393 391 
1747 537 1172 539 
1748 531 546 530 
1749 592 703 573 
1750 599 1153 495 
1751 640 797 649 
1752 283 290 284 
1753 773 1175 707 
1754 1160 1236 931 
1755 290 292 284 
1756 529 530 528 
1757 436 1170 588 
1758 1147 1224 1184 
1759 598 791 597 
1760 385 390 387 
1761 619 1174 620 
1762 470 1151 690 
1763 921 1145 237 
1764 237 238 236 
1765 460 1170 428 
1766 390 391 387 
1767 235 236 233 
1768 867 905 868 
1769 407 1169 429 
1770 275 286 285 
1771 350 353 352 
1772 408 1169 404 
1773 486 499 482 
1774 701 1173 699 
1775 404 1169 407 
1776 523 525 524 
1777 286 291 285 
1778 254 258 256 
1779 547 1172 540 
1780 375 388 373 
1781 385 387 383 
1782 457 1056 416 
1783 374 376 375 
1784 380 382 381 
1785 377 380 379 
1786 382 385 383 
1787 637 644 458 
1788 527 528 526 
1789 275 285 276 
1790 708 1178 563 
1791 571 671 569 
1792 172 869 855 
1793 372 374 373 
1794 564 1216 596 
1795 661 1174 622 
1796 568 569 567 
1797 459 1240 316 
1798 281 283 282 
1799 283 284 282 
1800 528 558 526 
1801 241 242 240 
1802 910 911 782 
1803 382 383 381 
1804 370 372 371 
1805 380 381 379 
1806 840 889 888 
1807 340 1192 343 
1808 1228 1231 802 
1809 247 248 246 
1810 354 395 356 
1811 247 249 248 
1812 1001 1189 799 
1813 589 611 610 
1814 533 1177 531 
1815 338 424 321 
1816 934 1227 678 
1817 758 933 760 
1818 388 1182 373 
1819 270 274 271 
1820 366 368 367 
1821 1147 1184 291 
1822 1030 1276 1031 
1823 439 1178 453 
1824 279 281 280 
1825 597 1168 507 
1826 377 379 376 
1827 756 893 666 
1828 467 713 691 
1829 494 501 492 
1830 790 955 608 
1831 273 278 277 
1832 426 1210 456 
1833 628 1200 785 
1834 364 366 365 
1835 645 867 644 
1836 931 1196 932 
1837 267 270 269 
1838 257 265 255 
1839 274 275 271 
1840 810 1176 334 
1841 633 1210 844 
1842 813 1177 536 
1843 509 1180 587 
1844 270 271 269 
1845 803 805 804 
1846 245 606 243 
1847 257 710 266 
1848 453 1178 583 
1849 334 1176 317 
1850 237 1145 238 
1851 943 1173 701 
1852 376 378 375 
1853 515 516 514 
1854 647 848 648 
1855 425 817 641 
1856 281 282 280 
1857 531 1177 546 
1858 1169 1204 816 
1859 323 1240 339 
1860 586 1229 1204 
1861 624 1181 661 
1862 563 1178 439 
1863 266 273 272 
1864 475 477 476 
1865 262 267 263 
1866 317 1176 331 
1867 452 1188 419 
1868 525 526 524 
1869 536 1177 533 
1870 654 1181 624 
1871 370 371 368 
1872 331 1176 440 
1873 817 1154 641 
1874 838 840 839 
1875 267 269 263 
1876 374 375 373 
1877 343 1192 467 
1878 586 1204 430 
1879 249 295 250 
1880 372 373 371 
1881 981 1213 435 
1882 1053 1207 399 
1883 434 567 566 
1884 278 288 277 
1885 583 1180 509 
1886 322 1233 315 
1887 478 1202 476 
1888 658 1234 660 
1889 442 1186 601 
1890 273 277 272 
1891 521 523 522 
1892 266 272 265 
1893 887 1197 708 
1894 262 263 261 
1895 252 254 253 
1896 260 262 261 
1897 258 260 259 
1898 232 233 231 
1899 244 1205 247 
1900 562 1219 658 
1901 254 256 255 
1902 810 1216 1176 
1903 880 1181 654 
1904 433 1231 1228 
1905 660 1203 742 
1906 257 266 265 
1907 714 1237 789 
1908 589 610 432 
1909 480 500 478 
1910 279 280 278 
1911 458 1186 442 
1912 647 875 848 
1913 285 1184 287 
1914 314 462 312 
1915 435 1210 426 
1916 690 1151 971 
1917 502 664 501 
1918 497 1009 488 
1919 728 1220 957 
1920 1176 1216 440 
1921 287 1184 808 
1922 256 257 255 
1923 399 1207 393 
1924 330 1212 1059 
1925 260 261 259 
1926 408 1204 1169 
1927 330 434 433 
1928 475 476 473 
1929 611 712 711 
1930 330 433 328 
1931 425 923 817 
1932 821 902 675 
1933 567 647 566 
1934 522 554 520 
1935 1203 1209 745 
1936 418 1056 435 
1937 1005 1187 795 
1938 471 498 469 
1939 519 1179 548 
1940 762 927 926 
1941 434 566 433 
1942 1249 1252 1051 
1943 291 1184 285 
1944 430 1204 408 
1945 338 425 424 
1946 258 259 256 
1947 230 231 229 
1948 696 1295 1038 
1949 523 524 522 
1950 875 897 848 
1951 145 892 144 
1952 329 1228 415 
1953 366 367 365 
1954 393 1207 394 
1955 612 1183 274 
1956 305 330 328 
1957 697 1251 1065 
1958 784 827 731 
1959 517 519 516 
1960 244 246 245 
1961 1177 1219 546 
1962 160 866 159 
1963 648 1231 566 
1964 1008 1244 808 
1965 302 1245 303 
1966 889 907 888 
1967 795 1187 1146 
1968 249 250 248 
1969 403 1206 409 
1970 254 255 253 
1971 1204 1229 816 
1972 252 1208 1166 
1973 354 355 352 
1974 253 1198 715 
1975 561 1195 530 
1976 521 1243 635 
1977 371 1185 368 
1978 868 1186 644 
1979 813 1219 1177 
1980 275 1183 286 
1981 233 421 231 
1982 644 1186 458 
1983 353 354 352 
1984 367 1185 511 
1985 364 365 363 
1986 242 244 243 
1987 274 1183 275 
1988 605 1227 555 
1989 513 515 514 
1990 517 521 520 
1991 492 493 486 
1992 794 1153 599 
1993 608 1205 242 
1994 252 253 251 
1995 467 1192 713 
1996 303 311 310 
1997 840 888 839 
1998 485 492 486 
1999 530 1195 528 
2000 368 1185 367 
2001 680 934 678 
2002 569 1193 567 
2003 528 1195 558 
2004 485 486 482 
2005 576 1220 728 
2006 238 240 239 
2007 362 364 363 
2008 908 920 686 
2009 1046 1266 325 
2010 888 894 839 
2011 500 1202 478 
2012 250 252 251 
2013 250 251 248 
2014 337 338 321 
2015 481 485 482 
2016 521 522 520 
2017 477 479 478 
2018 1047 1225 259 
2019 836 838 837 
2020 170 854 138 
2021 240 1194 239 
2022 671 1193 569 
2023 782 1188 452 
2024 242 243 240 
2025 664 725 665 
2026 448 1265 913 
2027 440 1216 564 
2028 725 884 841 
2029 246 448 245 
2030 725 841 665 
2031 810 1236 1160 
2032 479 481 480 
2033 955 1205 608 
2034 567 1193 647 
2035 320 337 321 
2036 1208 1238 1167 
2037 299 449 297 
2038 273 1201 279 
2039 683 1223 681 
2040 266 1201 273 
2041 441 1236 810 
2042 664 665 501 
2043 477 478 476 
2044 647 1193 875 
2045 337 445 338 
2046 238 239 236 
2047 712 721 720 
2048 280 1230 278 
2049 320 321 314 
2050 303 310 301 
2051 172 896 869 
2052 164 1427 897 
2053 481 482 480 
2054 1068 1222 269 
2055 263 1222 264 
2056 546 1219 562 
2057 311 313 312 
2058 269 1222 263 
2059 802 803 457 
2060 244 245 243 
2061 354 356 355 
2062 432 1233 322 
2063 633 844 843 
2064 479 480 478 
2065 838 839 837 
2066 614 1229 586 
2067 807 863 805 
2068 356 357 355 
2069 313 320 314 
2070 710 1201 266 
2071 415 1228 802 
2072 288 1212 305 
2073 784 828 827 
2074 242 1205 244 
2075 278 1230 288 
2076 911 1188 782 
2077 265 1198 255 
2078 328 1228 329 
2079 816 1229 1148 
2080 311 312 310 
2081 517 520 519 
2082 606 1194 243 
2083 295 1208 250 
2084 313 314 312 
2085 508 1224 1147 
2086 1202 1211 476 
2087 325 1286 1155 
2088 554 1179 520 
2089 513 716 515 
2090 643 836 835 
2091 259 1225 256 
2092 1219 1234 658 
2093 256 1225 257 
2094 499 1221 482 
2095 255 1198 253 
2096 248 1199 246 
2097 257 1225 710 
2098 520 1179 519 
2099 424 1218 321 
2100 1038 1301 450 
2101 250 1208 252 
2102 247 1215 249 
2103 243 1194 240 
2104 803 807 805 
2105 835 901 825 
2106 515 517 516 
2107 611 711 610 
2108 807 891 863 
2109 706 1226 1170 
2110 1170 1226 588 
2111 476 1211 473 
2112 305 1212 330 
2113 643 825 642 
2114 996 1247 310 
2115 358 359 357 
2116 1022 1291 1021 
2117 356 358 357 
2118 711 815 610 
2119 871 1467 870 
2120 473 1211 471 
2121 542 1248 547 
2122 415 802 457 
2123 715 1199 251 
2124 358 360 359 
2125 362 363 361 
2126 1237 1242 789 
2127 480 1221 500 
2128 360 362 361 
2129 716 1243 515 
2130 288 1230 1212 
2131 808 1244 638 
2132 360 361 359 
2133 1185 1232 511 
2134 338 1214 425 
2135 425 1214 923 
2136 836 837 835 
2137 712 720 711 
2138 314 1218 462 
2139 1172 1235 976 
2140 511 1232 513 
2141 813 1234 1219 
2142 814 1234 813 
2143 815 1245 1233 
2144 719 1257 1044 
2145 246 1199 448 
2146 1035 1272 1259 
2147 370 1249 372 
2148 686 1223 683 
2149 372 1249 1052 
2150 433 1228 328 
2151 614 1237 1229 
2152 297 1238 295 
2153 1229 1237 1148 
2154 1039 1239 709 
2155 471 1211 498 
2156 601 1236 441 
2157 1182 1232 1185 
2158 162 862 161 
2159 1148 1237 714 
2160 610 1233 432 
2161 515 1243 517 
2162 316 1240 323 
2163 1239 1261 1027 
2164 445 1214 338 
2165 321 1218 314 
2166 449 1238 297 
2167 482 1221 480 
2168 760 1217 762 
2169 566 1231 433 
2170 547 1235 1172 
2171 197 860 153 
2172 295 1238 1208 
2173 730 780 731 
2174 395 1241 356 
2175 513 1232 716 
2176 721 723 722 
2177 155 859 154 
2178 780 784 731 
2179 643 835 825 
2180 161 198 160 
2181 137 199 136 
2182 154 197 153 
2183 144 200 143 
2184 315 1245 302 
2185 933 1217 760 
2186 251 1199 248 
2187 1210 1213 844 
2188 721 722 720 
2189 718 1258 1039 
2190 560 643 642 
2191 955 1256 692 
2192 767 1242 614 
2193 638 1244 822 
2194 1097 1308 1096 
2195 435 1213 1210 
2196 762 1217 927 
2197 498 1252 469 
2198 402 1249 370 
2199 1304 1323 493 
2200 1295 1301 1038 
2201 730 731 729 
2202 290 1254 292 
2203 920 1223 686 
2204 840 1264 890 
2205 723 730 729 
2206 420 1254 309 
2207 356 1241 358 
2208 197 861 860 
2209 815 1233 610 
2210 991 1285 990 
2211 444 1314 639 
2212 517 1243 521 
2213 822 1309 1306 
2214 549 1248 542 
2215 1301 1306 450 
2216 234 1281 989 
2217 294 1255 282 
2218 1027 1250 717 
2219 614 1242 1237 
2220 310 1247 301 
2221 1231 1253 802 
2222 802 1253 803 
2223 301 1247 299 
2224 1260 1264 838 
2225 723 729 722 
2226 299 1247 449 
2227 1179 1246 548 
2228 200 858 143 
2229 280 1255 1230 
2230 968 1256 790 
2231 35 1267 34 
2232 912 1289 911 
2233 1058 1298 1265 
2234 427 1281 228 
2235 878 1270 879 
2236 421 1283 231 
2237 402 1252 1249 
2238 384 1322 1307 
2239 1296 1334 499 
2240 294 1258 1255 
2241 469 1252 402 
2242 648 1253 1231 
2243 698 1251 697 
2244 1153 1274 497 
2245 643 1246 836 
2246 985 1298 986 
2247 1058 1265 715 
2248 965 1280 1279 
2249 548 1246 560 
2250 284 1261 294 
2251 857 871 870 
2252 454 1262 336 
2253 1252 1280 1051 
2254 324 1262 420 
2255 1230 1255 1060 
2256 1247 1263 449 
2257 1471 1484 871 
2258 199 856 136 
2259 1154 1315 1310 
2260 1292 1294 1021 
2261 199 857 856 
2262 498 1280 1252 
2263 228 1281 230 
2264 554 1264 1260 
2265 378 1300 1049 
2266 783 1285 922 
2267 560 1246 643 
2268 1051 1280 966 
2269 98 1278 97 
2270 309 1254 290 
2271 803 1253 807 
2272 388 1269 1182 
2273 522 1271 554 
2274 848 1268 648 
2275 1265 1298 913 
2276 857 870 856 
2277 815 1266 1046 
2278 294 1261 1239 
2279 282 1255 280 
2280 388 1291 1269 
2281 914 1316 794 
2282 649 1277 578 
2283 1155 1305 412 
2284 443 1277 454 
2285 798 1333 916 
2286 1025 1257 719 
2287 995 1275 1263 
2288 996 1263 1247 
2289 1272 1290 451 
2290 1179 1260 1246 
2291 1005 1319 694 
2292 1200 1276 785 
2293 612 1310 1189 
2294 766 1288 991 
2295 1201 1272 451 
2296 1255 1258 1060 
2297 1041 1341 1337 
2298 607 1289 1012 
2299 790 1256 955 
2300 1246 1260 836 
2301 711 1266 815 
2302 1266 1286 325 
2303 836 1260 838 
2304 1161 1290 696 
2305 200 1366 858 
2306 734 1322 732 
2307 1060 1258 718 
2308 1031 1276 1200 
2309 1225 1259 710 
2310 648 1268 1253 
2311 34 1267 190 
2312 801 1296 800 
2313 819 1294 818 
2314 870 936 856 
2315 1264 1271 890 
2316 1047 1259 1225 
2317 1103 1356 703 
2318 1034 1259 1047 
2319 554 1271 1264 
2320 1253 1268 807 
2321 994 1263 996 
2322 1175 1293 558 
2323 558 1287 526 
2324 1291 1292 1021 
2325 484 1302 1217 
2326 716 1269 1062 
2327 1286 1305 1155 
2328 233 1284 421 
2329 292 1261 284 
2330 1199 1265 448 
2331 336 1262 324 
2332 923 1317 817 
2333 727 1304 1042 
2334 838 1264 840 
2335 239 1284 236 
2336 378 1292 375 
2337 1349 1352 954 
2338 1035 1290 1272 
2339 1045 1270 878 
2340 911 1289 1188 
2341 554 1260 1179 
2342 524 1271 522 
2343 673 1297 629 
2344 715 1265 1199 
2345 720 1266 711 
2346 1305 1320 412 
2347 1175 1303 1293 
2348 384 1329 945 
2349 807 1268 891 
2350 1259 1272 710 
2351 376 1300 378 
2352 1202 1279 1211 
2353 827 1327 1320 
2354 710 1272 1201 
2355 822 1306 724 
2356 883 1409 208 
2357 1232 1269 716 
2358 794 1274 1153 
2359 1182 1269 1232 
2360 773 1303 1175 
2361 938 1299 698 
2362 1269 1291 1062 
2363 97 1278 997 
2364 449 1275 1238 
2365 799 1315 636 
2366 785 1276 1070 
2367 423 1309 444 
2368 578 1277 443 
2369 634 1313 1163 
2370 558 1293 1287 
2371 831 1326 1008 
2372 384 1307 381 
2373 230 1281 234 
2374 927 1302 1010 
2375 1211 1279 498 
2376 1238 1275 1167 
2377 231 1283 229 
2378 1331 1335 946 
2379 1314 1326 639 
2380 1163 1321 268 
2381 524 1287 1271 
2382 665 1351 1312 
2383 492 1312 493 
2384 965 1318 963 
2385 665 1312 501 
2386 776 1282 777 
2387 1321 1325 268 
2388 1271 1287 890 
2389 990 1285 783 
2390 229 1283 755 
2391 963 1324 961 
2392 268 1325 1171 
2393 1290 1295 696 
2394 720 1286 1266 
2395 726 1297 989 
2396 1188 1289 607 
2397 827 1320 731 
2398 236 1284 233 
2399 961 1334 959 
2400 1306 1309 450 
2401 128 1328 127 
2402 486 1323 499 
2403 1263 1275 449 
2404 903 1288 766 
2405 1066 1335 833 
2406 1217 1302 927 
2407 1307 1322 944 
2408 1325 1332 1171 
2409 526 1287 524 
2410 1062 1291 1022 
2411 451 1290 1161 
2412 383 1329 384 
2413 640 1330 798 
2414 1318 1324 963 
2415 989 1297 988 
2416 1202 1318 1279 
2417 698 1299 1251 
2418 1341 1342 832 
2419 629 1297 726 
2420 1313 1321 1163 
2421 394 1331 391 
2422 806 1431 953 
2423 722 1286 720 
2424 979 1451 770 
2425 1171 1332 463 
2426 375 1292 388 
2427 337 1327 445 
2428 890 1293 889 
2429 1275 1313 1167 
2430 995 1313 1275 
2431 1021 1294 819 
2432 1036 1339 351 
2433 959 1296 801 
2434 1279 1280 498 
2435 897 1462 164 
2436 463 1336 612 
2437 1033 1295 1035 
2438 351 1339 1067 
2439 1332 1336 463 
2440 986 1298 1058 
2441 1326 1330 639 
2442 1293 1303 889 
2443 1287 1293 890 
2444 1296 1323 800 
2445 1033 1301 1295 
2446 1279 1318 965 
2447 379 1300 376 
2448 447 1342 615 
2449 925 1345 821 
2450 582 1344 1142 
2451 812 1301 1033 
2452 800 1304 727 
2453 1324 1334 961 
2454 1142 1344 738 
2455 1309 1314 444 
2456 817 1317 1315 
2457 1041 1337 1207 
2458 889 1303 907 
2459 722 1305 1286 
2460 1337 1341 833 
2461 553 1348 1149 
2462 812 1306 1301 
2463 726 1311 1016 
2464 204 1347 20 
2465 19 1347 175 
2466 1132 1340 193 
2467 740 1348 1142 
2468 1142 1346 582 
2469 552 1346 553 
2470 1149 1348 775 
2471 724 1306 812 
2472 582 1346 559 
2473 388 1292 1291 
2474 379 1307 1300 
2475 1149 1349 553 
2476 553 1349 550 
2477 168 1350 122 
2478 121 1350 207 
2479 1035 1295 1290 
2480 1320 1327 412 
2481 381 1307 379 
2482 450 1309 423 
2483 729 1305 722 
2484 1181 1308 661 
2485 549 1349 954 
2486 499 1323 1296 
2487 128 1363 1328 
2488 445 1343 925 
2489 1189 1310 799 
2490 1167 1313 634 
2491 918 1377 1180 
2492 1312 1351 1043 
2493 501 1312 492 
2494 204 1462 897 
2495 919 1397 1392 
2496 1132 1429 1157 
2497 924 1368 205 
2498 1112 1340 1111 
2499 1244 1314 822 
2500 1315 1317 636 
2501 1330 1333 798 
2502 729 1320 1305 
2503 1043 1351 793 
2504 796 1319 1005 
2505 178 1354 126 
2506 125 1354 208 
2507 944 1322 734 
2508 993 1321 995 
2509 500 1318 1202 
2510 1149 1352 1349 
2511 794 1316 1274 
2512 995 1321 1313 
2513 731 1320 729 
2514 703 1356 573 
2515 571 1356 671 
2516 500 1324 1318 
2517 797 1353 649 
2518 993 1325 1321 
2519 1226 1429 1133 
2520 493 1323 486 
2521 209 1417 1095 
2522 830 1325 993 
2523 1221 1324 500 
2524 412 1327 337 
2525 127 1328 178 
2526 839 1357 837 
2527 387 1329 383 
2528 830 1332 1325 
2529 639 1330 640 
2530 387 1331 1329 
2531 1008 1326 1244 
2532 822 1314 1309 
2533 829 1332 830 
2534 1016 1358 1015 
2535 587 1333 831 
2536 391 1331 387 
2537 649 1353 1273 
2538 828 1343 827 
2539 1244 1326 1314 
2540 829 1336 1332 
2541 1207 1337 394 
2542 946 1335 1066 
2543 499 1334 1221 
2544 1154 1336 829 
2545 1221 1334 1324 
2546 871 1484 1467 
2547 1335 1337 833 
2548 1067 1339 702 
2549 1310 1315 799 
2550 702 1338 947 
2551 702 1339 1338 
2552 1327 1343 445 
2553 746 1360 748 
2554 1328 1363 880 
2555 193 1340 1112 
2556 1004 1366 904 
2557 833 1341 832 
2558 1123 1362 1124 
2559 196 1363 129 
2560 741 1361 842 
2561 48 1364 47 
2562 1356 1369 671 
2563 615 1341 1041 
2564 735 1342 447 
2565 735 1344 1342 
2566 831 1333 1330 
2567 738 1344 735 
2568 821 1345 929 
2569 67 1365 66 
2570 559 1346 552 
2571 20 1347 19 
2572 205 1368 45 
2573 44 1368 189 
2574 775 1348 740 
2575 191 1371 25 
2576 1138 1372 737 
2577 550 1349 549 
2578 756 1367 893 
2579 104 1370 1125 
2580 195 1370 105 
2581 757 1374 764 
2582 427 1358 1311 
2583 122 1350 121 
2584 841 1351 665 
2585 703 1383 1103 
2586 1137 1436 588 
2587 954 1352 834 
2588 1352 1355 834 
2589 739 1372 847 
2590 737 1372 736 
2591 834 1355 865 
2592 394 1337 1335 
2593 847 1430 1140 
2594 917 1479 207 
2595 174 1479 917 
2596 827 1343 1327 
2597 1353 1420 168 
2598 777 1352 1149 
2599 777 1355 1352 
2600 126 1354 125 
2601 573 1356 571 
2602 865 1378 779 
2603 778 1378 874 
2604 1180 1377 587 
2605 1370 1450 1125 
2606 1273 1353 883 
2607 894 1357 839 
2608 220 1483 901 
2609 1282 1355 777 
2610 895 1424 684 
2611 1374 1428 861 
2612 905 1454 180 
2613 600 1382 589 
2614 1101 1383 1100 
2615 1365 1468 66 
2616 1103 1383 1102 
2617 1130 1390 792 
2618 980 1359 220 
2619 1103 1369 1356 
2620 828 1373 1345 
2621 792 1412 1130 
2622 1117 1386 1114 
2623 1080 1423 215 
2624 929 1373 1278 
2625 1083 1387 173 
2626 1096 1432 209 
2627 749 1360 746 
2628 1129 1390 1130 
2629 588 1452 1137 
2630 1242 1389 789 
2631 1165 1386 669 
2632 225 1461 226 
2633 1333 1377 916 
2634 1357 1434 837 
2635 793 1412 792 
2636 92 1422 6 
2637 743 1361 741 
2638 1124 1362 210 
2639 129 1363 128 
2640 47 1364 1106 
2641 6 1422 162 
2642 220 1398 89 
2643 23 1394 164 
2644 88 1398 192 
2645 1311 1358 1016 
2646 826 1366 1004 
2647 651 1395 650 
2648 919 1401 174 
2649 194 1365 67 
2650 950 1411 218 
2651 1345 1373 929 
2652 583 1397 1180 
2653 1288 1380 755 
2654 764 1367 756 
2655 45 1368 44 
2656 977 1410 895 
2657 117 1401 1128 
2658 174 1401 118 
2659 847 1400 774 
2660 828 1381 1373 
2661 907 1391 928 
2662 744 1404 743 
2663 105 1370 104 
2664 216 1393 1083 
2665 178 1438 1354 
2666 616 1406 592 
2667 123 1409 168 
2668 208 1409 124 
2669 932 1450 1370 
2670 868 1407 1186 
2671 25 1371 24 
2672 601 1407 1196 
2673 874 1468 1365 
2674 1119 1413 1118 
2675 936 1456 29 
2676 108 1416 202 
2677 70 1415 215 
2678 132 1417 209 
2679 903 1380 1288 
2680 736 1372 739 
2681 759 1374 757 
2682 68 1423 194 
2683 215 1423 69 
2684 771 1428 761 
2685 897 1427 848 
2686 149 1375 182 
2687 712 1433 768 
2688 192 1434 1357 
2689 982 1471 1213 
2690 656 1425 772 
2691 1303 1391 907 
2692 1157 1429 706 
2693 1278 1373 997 
2694 130 1432 196 
2695 209 1432 131 
2696 805 1431 806 
2697 1099 1437 1092 
2698 864 1419 1156 
2699 584 1436 737 
2700 588 1436 446 
2701 35 1463 1267 
2702 1383 1406 1100 
2703 877 1438 876 
2704 185 1440 1072 
2705 835 1434 901 
2706 659 1439 657 
2707 997 1381 187 
2708 749 1384 1360 
2709 31 1459 30 
2710 1120 1442 1121 
2711 29 1456 28 
2712 1081 1448 223 
2713 192 1460 87 
2714 4 1447 48 
2715 1 1445 134 
2716 49 1447 4 
2717 111 1446 5 
2718 11 1445 1 
2719 5 1446 110 
2720 8 1448 72 
2721 73 1448 8 
2722 1115 1446 221 
2723 1267 1463 884 
2724 1368 1389 189 
2725 825 1483 826 
2726 895 1458 1424 
2727 1135 1452 1133 
2728 652 1455 796 
2729 685 1470 689 
2730 101 1454 211 
2731 180 1454 102 
2732 119 1479 174 
2733 207 1479 120 
2734 165 1463 36 
2735 1073 1475 1074 
2736 164 1462 22 
2737 21 1462 204 
2738 65 1468 179 
2739 427 1461 1358 
2740 620 1466 617 
2741 1242 1414 1389 
2742 1354 1438 881 
2743 859 1379 900 
2744 1362 1390 210 
2745 227 1481 183 
2746 1268 1427 891 
2747 779 1378 778 
2748 1380 1481 755 
2749 765 1426 903 
2750 1308 1435 196 
2751 953 1472 806 
2752 694 1443 600 
2753 784 1381 828 
2754 1371 1394 24 
2755 587 1377 1333 
2756 1105 1445 222 
2757 1357 1460 192 
2758 826 1483 1359 
2759 851 1474 873 
2760 1226 1452 588 
2761 589 1382 611 
2762 1102 1383 1101 
2763 1140 1430 214 
2764 767 1414 1242 
2765 1373 1381 997 
2766 786 1413 887 
2767 1437 1466 1092 
2768 1361 1440 185 
2769 1381 1403 187 
2770 177 1405 872 
2771 1358 1461 849 
2772 1156 1384 749 
2773 771 1478 1428 
2774 1111 1395 1109 
2775 616 1437 1406 
2776 1114 1386 1116 
2777 768 1388 1164 
2778 162 1422 862 
2779 1095 1417 1105 
2780 841 1444 1412 
2781 843 1441 1402 
2782 924 1389 1368 
2783 173 1387 1085 
2784 773 1393 1391 
2785 1109 1395 788 
2786 885 1481 1380 
2787 789 1389 924 
2788 1375 1418 182 
2789 759 1428 1374 
2790 1162 1457 1118 
2791 210 1390 1129 
2792 30 1459 1379 
2793 1355 1408 865 
2794 841 1412 1351 
2795 773 1391 1303 
2796 1319 1396 694 
2797 784 1403 1381 
2798 1395 1476 650 
2799 872 1455 1399 
2800 730 1451 780 
2801 887 1392 1197 
2802 1133 1429 1132 
2803 705 1477 613 
2804 772 1393 773 
2805 187 1403 950 
2806 1392 1397 1197 
2807 772 1425 1387 
2808 24 1394 23 
2809 852 1396 1319 
2810 788 1395 651 
2811 703 1406 1383 
2812 915 1420 797 
2813 1422 1473 862 
2814 894 1460 1357 
2815 1118 1457 1117 
2816 1081 1415 71 
2817 1115 1416 109 
2818 1197 1397 583 
2819 1196 1450 932 
2820 89 1398 88 
2821 1382 1433 611 
2822 880 1435 1181 
2823 1404 1475 1073 
2824 849 1461 225 
2825 947 1399 653 
2826 1127 1408 212 
2827 118 1401 117 
2828 774 1400 776 
2829 180 1464 905 
2830 1117 1457 1386 
2831 748 1404 744 
2832 780 1403 784 
2833 1389 1414 189 
2834 212 1408 1282 
2835 1350 1420 915 
2836 592 1406 703 
2837 869 1443 855 
2838 1186 1407 601 
2839 1105 1417 133 
2840 1181 1435 1308 
2841 743 1440 1361 
2842 1359 1483 220 
2843 845 1410 977 
2844 124 1409 123 
2845 218 1411 979 
2846 1085 1485 1084 
2847 884 1444 841 
2848 796 1405 1319 
2849 188 1413 1119 
2850 797 1420 1353 
2851 1366 1449 858 
2852 189 1414 1120 
2853 1351 1412 793 
2854 214 1430 1138 
2855 71 1415 70 
2856 1116 1416 1115 
2857 109 1416 108 
2858 1078 1415 1081 
2859 133 1417 132 
2860 650 1476 1157 
2861 1412 1444 1130 
2862 1077 1475 748 
2863 978 1422 92 
2864 1086 1485 842 
2865 862 1473 1376 
2866 843 1426 765 
2867 1363 1435 880 
2868 182 1418 849 
2869 168 1420 1350 
2870 1399 1455 653 
2871 69 1423 68 
2872 1282 1408 1355 
2873 657 1425 656 
2874 202 1453 1082 
2875 1372 1430 847 
2876 761 1428 759 
2877 1157 1476 1340 
2878 806 1472 982 
2879 848 1427 1268 
2880 863 1431 805 
2881 706 1429 1226 
2882 131 1432 130 
2883 823 1465 886 
2884 611 1433 712 
2885 196 1435 1363 
2886 837 1434 835 
2887 978 1473 1422 
2888 48 1447 1364 
2889 446 1436 584 
2890 1100 1437 1099 
2891 1379 1459 900 
2892 770 1451 730 
2893 881 1438 877 
2894 842 1439 659 
2895 1453 1482 1082 
2896 1072 1440 1073 
2897 195 1482 930 
2898 1111 1476 1395 
2899 29 1469 936 
2900 844 1441 843 
2901 1121 1442 1122 
2902 1130 1444 165 
2903 1399 1474 851 
2904 947 1474 1399 
2905 1406 1437 1100 
2906 221 1446 111 
2907 224 1447 49 
2908 222 1445 11 
2909 223 1448 73 
2910 1084 1485 1086 
2911 2 1469 29 
2912 30 1486 3 
2913 1125 1450 1126 
2914 780 1451 1411 
2915 1137 1452 1135 
2916 846 1453 1165 
2917 613 1477 767 
2918 1456 1467 219 
2919 1082 1482 195 
2920 1359 1449 826 
2921 28 1456 219 
2922 102 1454 101 
2923 217 1459 31 
2924 844 1471 1441 
2925 653 1455 652 
2926 1126 1464 180 
2927 226 1461 427 
2928 87 1460 86 
2929 669 1457 1162 
2930 219 1467 952 
2931 689 1474 947 
2932 616 1466 1437 
2933 1386 1457 669 
2934 22 1462 21 
2935 1138 1430 1372 
2936 36 1463 35 
2937 1428 1478 861 
2938 979 1473 978 
2939 905 1464 868 
2940 846 1482 1453 
2941 684 1470 685 
2942 617 1466 616 
2943 66 1468 65 
2944 826 1449 1366 
2945 861 1478 860 
2946 135 1469 2 
2947 952 1472 953 
2948 1213 1471 844 
2949 1074 1475 1077 
2950 120 1479 119 
2951 755 1481 227 
2952 1424 1458 853 
2953 901 1483 825 
2954 930 1482 846 
2955 3 1486 155 
2956 1340 1476 1111 
2957 1364 1447 224 
2958 855 1443 1396 
2959 1375 1465 823 
2960 1156 1419 1384 
2961 1387 1425 1085 
2962 1439 1485 1085 
2963 1402 1426 843 
2964 1467 1484 952 
2965 854 1426 1402 
2966 1396 1443 694 
2967 1379 1486 30 
2968 860 1478 1385 
2969 1388 1480 866 
2970 768 1480 1388 
2971 1385 1478 771 
2972 1411 1451 979 
2973 748 1475 1404 
2974 873 1470 1424 
2975 1424 1470 684 
2976 767 1477 1442 
2977 1442 1477 1122 
2978 842 1485 1439 
2979 1472 1484 982 
2980 952 1484 1472 
$EndElements
