$MeshFormat
4.1 0 8
$EndMeshFormat
$Entities
5 5 1 0
1 0 0 0 0 
2 1 0 0 0 
3 1 1 0 0 
4 0 1 0 0 
5 0.6 0.5 0 0 
1 -9.999999994736442e-08 -1e-07 -1e-07 1.0000001 1e-07 1e-07 0 2 1 -2 
2 0.9999999000000001 -9.999999994736442e-08 -1e-07 1.0000001 1.0000001 1e-07 0 2 2 -3 
3 -9.999999994736442e-08 0.9999999000000001 -1e-07 1.0000001 1.0000001 1e-07 0 2 3 -4 
4 -1e-07 -9.999999994736442e-08 -1e-07 1e-07 1.0000001 1e-07 0 2 4 -1 
5 0.3999999 0.3999999 -1e-07 0.6000000999999999 0.6000000999999999 1e-07 0 2 5 -5 
1 -9.999999994736442e-08 -9.999999994736442e-08 -1e-07 1.0000001 1.0000001 1e-07 0 5 1 2 3 4 5 
$EndEntities
$Nodes
11 1611 1 1611
0 1 0 1
1
0 0 0
0 2 0 1
2
1 0 0
0 3 0 1
3
1 1 0
0 4 0 1
4
0 1 0
0 5 0 1
5
0.6 0.5 0
1 1 0 19
6
7
8
9
10
11
12
13
14
15
16
17
18
19
20
21
22
23
24
0.05 0 0
0.1 0 0
0.15 0 0
0.2 0 0
0.25 0 0
0.3 0 0
0.35 0 0
0.4 0 0
0.45 0 0
0.5 0 0
0.55 0 0
0.6 0 0
0.65 0 0
0.7 0 0
0.75 0 0
0.8 0 0
0.85 0 0
0.9 0 0
0.95 0 0
1 2 0 19
25
26
27
28
29
30
31
32
33
34
35
36
37
38
39
40
41
42
43
1 0.05 0
1 0.1 0
1 0.15 0
1 0.2 0
1 0.25 0
1 0.3 0
1 0.35 0
1 0.4 0
1 0.45 0
1 0.5 0
1 0.55 0
1 0.6 0
1 0.65 0
1 0.7 0
1 0.75 0
1 0.8 0
1 0.85 0
1 0.9 0
1 0.95 0
1 3 0 19
44
45
46
47
48
49
50
51
52
53
54
55
56
57
58
59
60
61
62
0.95 1 0
0.9 1 0
0.85 1 0
0.8 1 0
0.75 1 0
0.7 1 0
0.65 1 0
0.6 1 0
0.55 1 0
0.5 1 0
0.45 1 0
0.4 1 0
0.35 1 0
0.3 1 0
0.25 1 0
0.2 1 0
0.15 1 0
0.09999999999999998 1 0
0.05000000000000004 1 0
1 4 0 19
63
64
65
66
67
68
69
70
71
72
73
74
75
76
77
78
79
80
81
0 0.95 0
0 0.9 0
0 0.85 0
0 0.8 0
0 0.75 0
0 0.7 0
0 0.65 0
0 0.6 0
0 0.55 0
0 0.5 0
0 0.45 0
0 0.4 0
0 0.35 0
0 0.3 0
0 0.25 0
0 0.2 0
0 0.15 0
0 0.09999999999999998 0
0 0.05000000000000004 0
1 5 0 88
82
83
84
85
86
87
88
89
90
91
92
93
94
95
96
97
98
99
100
101
102
103
104
105
106
107
108
109
110
111
112
113
114
115
116
117
118
119
120
121
122
123
124
125
126
127
128
129
130
131
132
133
134
135
136
137
138
139
140
141
142
143
144
145
146
147
148
149
150
151
152
153
154
155
156
157
158
159
160
161
162
163
164
165
166
167
168
169
0.5997509025150763 0.5070538959042311 0
0.5990048510514454 0.5140726496538891 0
0.5977655623999715 0.5210212941708471 0
0.5960392106343779 0.5278652116576492 0
0.5938343963523229 0.5345703060616356 0
0.5911621038276542 0.5411031729397622 0
0.5880356462873091 0.5474312658778553 0
0.5844705995854882 0.5535230586352099 0
0.5804847246055326 0.5593482022067356 0
0.5760978787760968 0.5648776760201726 0
0.571331917142438 0.5700839325151233 0
0.5662105834856801 0.5749410343836125 0
0.5607593920324899 0.5794247837884511 0
0.5550055003444841 0.5835128429156435 0
0.5489775740206229 0.5871848452602538 0
0.5427056438866376 0.5904224970913086 0
0.5362209563829683 0.5932096685902439 0
0.5295558178965684 0.5955324742088516 0
0.5227434338121106 0.5973793418463801 0
0.5158177430844304 0.5987410705011595 0
0.5088132491563602 0.5996108761095289 0
0.5017648480643128 0.5999844253436999 0
0.4947076545879836 0.5998598572001779 0
0.4876768273102841 0.5992377922711879 0
0.4807073934590502 0.5981213296529154 0
0.4738340744031558 0.596516031505965 0
0.4670911126723989 0.5944298953449555 0
0.4605121013629407 0.5918733141953055 0
0.4541298167781908 0.5888590248157026 0
0.4479760551389116 0.5854020442442125 0
0.4420814741760465 0.5815195949841511 0
0.4364754403954459 0.5772310192024388 0
0.4311858827754129 0.5725576823678982 0
0.4262391536259376 0.5675228668095629 0
0.4216598973028146 0.5621516557252858 0
0.4174709274307021 0.5564708082185085 0
0.4136931132467914 0.5505086259857545 0
0.410345275631317 0.5442948123190006 0
0.4074440933428778 0.5378603241253701 0
0.4050040199257008 0.5312372177013791 0
0.4030372117028111 0.5244584890300796 0
0.4015534672138416 0.5175579093967317 0
0.4005601783992018 0.5105698571419589 0
0.4000622937738021 0.5035291463905849 0
0.4000622937738022 0.4964708536094143 0
0.4005601783992018 0.4894301428580403 0
0.4015534672138417 0.4824420906032675 0
0.4030372117028113 0.4755415109699196 0
0.4050040199257011 0.4687627822986201 0
0.4074440933428781 0.4621396758746292 0
0.4103452756313174 0.4557051876809988 0
0.4136931132467918 0.4494913740142449 0
0.4174709274307026 0.4435291917814909 0
0.4216598973028151 0.4378483442747136 0
0.4262391536259382 0.4324771331904365 0
0.4311858827754135 0.4274423176321013 0
0.4364754403954466 0.4227689807975608 0
0.4420814741760472 0.4184804050158484 0
0.4479760551389123 0.4145979557557871 0
0.4541298167781915 0.411140975184297 0
0.4605121013629415 0.4081266858046941 0
0.4670911126723996 0.4055701046550442 0
0.4738340744031566 0.4034839684940348 0
0.480707393459051 0.4018786703470844 0
0.4876768273102848 0.400762207728812 0
0.4947076545879844 0.4001401427998221 0
0.5017648480643135 0.4000155746563002 0
0.5088132491563606 0.4003891238904711 0
0.515817743084431 0.4012589294988406 0
0.5227434338121112 0.4026206581536201 0
0.529555817896569 0.4044675257911486 0
0.5362209563829687 0.4067903314097562 0
0.542705643886638 0.4095775029086917 0
0.5489775740206232 0.4128151547397463 0
0.5550055003444845 0.4164871570843566 0
0.5607593920324901 0.4205752162115491 0
0.5662105834856803 0.4250589656163877 0
0.5713319171424383 0.4299160674848769 0
0.576097878776097 0.4351223239798276 0
0.5804847246055327 0.4406517977932646 0
0.5844705995854883 0.4464769413647902 0
0.5880356462873092 0.4525687341221449 0
0.5911621038276542 0.4588968270602379 0
0.5938343963523229 0.4654296939383644 0
0.5960392106343779 0.4721347883423508 0
0.5977655623999715 0.4789787058291529 0
0.5990048510514454 0.485927350346111 0
0.5997509025150765 0.4929461040957689 0
2 1 0 1442
170
171
172
173
174
175
176
177
178
179
180
181
182
183
184
185
186
187
188
189
190
191
192
193
194
195
196
197
198
199
200
201
202
203
204
205
206
207
208
209
210
211
212
213
214
215
216
217
218
219
220
221
222
223
224
225
226
227
228
229
230
231
232
233
234
235
236
237
238
239
240
241
242
243
244
245
246
247
248
249
250
251
252
253
254
255
256
257
258
259
260
261
262
263
264
265
266
267
268
269
270
271
272
273
274
275
276
277
278
279
280
281
282
283
284
285
286
287
288
289
290
291
292
293
294
295
296
297
298
299
300
301
302
303
304
305
306
307
308
309
310
311
312
313
314
315
316
317
318
319
320
321
322
323
324
325
326
327
328
329
330
331
332
333
334
335
336
337
338
339
340
341
342
343
344
345
346
347
348
349
350
351
352
353
354
355
356
357
358
359
360
361
362
363
364
365
366
367
368
369
370
371
372
373
374
375
376
377
378
379
380
381
382
383
384
385
386
387
388
389
390
391
392
393
394
395
396
397
398
399
400
401
402
403
404
405
406
407
408
409
410
411
412
413
414
415
416
417
418
419
420
421
422
423
424
425
426
427
428
429
430
431
432
433
434
435
436
437
438
439
440
441
442
443
444
445
446
447
448
449
450
451
452
453
454
455
456
457
458
459
460
461
462
463
464
465
466
467
468
469
470
471
472
473
474
475
476
477
478
479
480
481
482
483
484
485
486
487
488
489
490
491
492
493
494
495
496
497
498
499
500
501
502
503
504
505
506
507
508
509
510
511
512
513
514
515
516
517
518
519
520
521
522
523
524
525
526
527
528
529
530
531
532
533
534
535
536
537
538
539
540
541
542
543
544
545
546
547
548
549
550
551
552
553
554
555
556
557
558
559
560
561
562
563
564
565
566
567
568
569
570
571
572
573
574
575
576
577
578
579
580
581
582
583
584
585
586
587
588
589
590
591
592
593
594
595
596
597
598
599
600
601
602
603
604
605
606
607
608
609
610
611
612
613
614
615
616
617
618
619
620
621
622
623
624
625
626
627
628
629
630
631
632
633
634
635
636
637
638
639
640
641
642
643
644
645
646
647
648
649
650
651
652
653
654
655
656
657
658
659
660
661
662
663
664
665
666
667
668
669
670
671
672
673
674
675
676
677
678
679
680
681
682
683
684
685
686
687
688
689
690
691
692
693
694
695
696
697
698
699
700
701
702
703
704
705
706
707
708
709
710
711
712
713
714
715
716
717
718
719
720
721
722
723
724
725
726
727
728
729
730
731
732
733
734
735
736
737
738
739
740
741
742
743
744
745
746
747
748
749
750
751
752
753
754
755
756
757
758
759
760
761
762
763
764
765
766
767
768
769
770
771
772
773
774
775
776
777
778
779
780
781
782
783
784
785
786
787
788
789
790
791
792
793
794
795
796
797
798
799
800
801
802
803
804
805
806
807
808
809
810
811
812
813
814
815
816
817
818
819
820
821
822
823
824
825
826
827
828
829
830
831
832
833
834
835
836
837
838
839
840
841
842
843
844
845
846
847
848
849
850
851
852
853
854
855
856
857
858
859
860
861
862
863
864
865
866
867
868
869
870
871
872
873
874
875
876
877
878
879
880
881
882
883
884
885
886
887
888
889
890
891
892
893
894
895
896
897
898
899
900
901
902
903
904
905
906
907
908
909
910
911
912
913
914
915
916
917
918
919
920
921
922
923
924
925
926
927
928
929
930
931
932
933
934
935
936
937
938
939
940
941
942
943
944
945
946
947
948
949
950
951
952
953
954
955
956
957
958
959
960
961
962
963
964
965
966
967
968
969
970
971
972
973
974
975
976
977
978
979
980
981
982
983
984
985
986
987
988
989
990
991
992
993
994
995
996
997
998
999
1000
1001
1002
1003
1004
1005
1006
1007
1008
1009
1010
1011
1012
1013
1014
1015
1016
1017
1018
1019
1020
1021
1022
1023
1024
1025
1026
1027
1028
1029
1030
1031
1032
1033
1034
1035
1036
1037
1038
1039
1040
1041
1042
1043
1044
1045
1046
1047
1048
1049
1050
1051
1052
1053
1054
1055
1056
1057
1058
1059
1060
1061
1062
1063
1064
1065
1066
1067
1068
1069
1070
1071
1072
1073
1074
1075
1076
1077
1078
1079
1080
1081
1082
1083
1084
1085
1086
1087
1088
1089
1090
1091
1092
1093
1094
1095
1096
1097
1098
1099
1100
1101
1102
1103
1104
1105
1106
1107
1108
1109
1110
1111
1112
1113
1114
1115
1116
1117
1118
1119
1120
1121
1122
1123
1124
1125
1126
1127
1128
1129
1130
1131
1132
1133
1134
1135
1136
1137
1138
1139
1140
1141
1142
1143
1144
1145
1146
1147
1148
1149
1150
1151
1152
1153
1154
1155
1156
1157
1158
1159
1160
1161
1162
1163
1164
1165
1166
1167
1168
1169
1170
1171
1172
1173
1174
1175
1176
1177
1178
1179
1180
1181
1182
1183
1184
1185
1186
1187
1188
1189
1190
1191
1192
1193
1194
1195
1196
1197
1198
1199
1200
1201
1202
1203
1204
1205
1206
1207
1208
1209
1210
1211
1212
1213
1214
1215
1216
1217
1218
1219
1220
1221
1222
1223
1224
1225
1226
1227
1228
1229
1230
1231
1232
1233
1234
1235
1236
1237
1238
1239
1240
1241
1242
1243
1244
1245
1246
1247
1248
1249
1250
1251
1252
1253
1254
1255
1256
1257
1258
1259
1260
1261
1262
1263
1264
1265
1266
1267
1268
1269
1270
1271
1272
1273
1274
1275
1276
1277
1278
1279
1280
1281
1282
1283
1284
1285
1286
1287
1288
1289
1290
1291
1292
1293
1294
1295
1296
1297
1298
1299
1300
1301
1302
1303
1304
1305
1306
1307
1308
1309
1310
1311
1312
1313
1314
1315
1316
1317
1318
1319
1320
1321
1322
1323
1324
1325
1326
1327
1328
1329
1330
1331
1332
1333
1334
1335
1336
1337
1338
1339
1340
1341
1342
1343
1344
1345
1346
1347
1348
1349
1350
1351
1352
1353
1354
1355
1356
1357
1358
1359
1360
1361
1362
1363
1364
1365
1366
1367
1368
1369
1370
1371
1372
1373
1374
1375
1376
1377
1378
1379
1380
1381
1382
1383
1384
1385
1386
1387
1388
1389
1390
1391
1392
1393
1394
1395
1396
1397
1398
1399
1400
1401
1402
1403
1404
1405
1406
1407
1408
1409
1410
1411
1412
1413
1414
1415
1416
1417
1418
1419
1420
1421
1422
1423
1424
1425
1426
1427
1428
1429
1430
1431
1432
1433
1434
1435
1436
1437
1438
1439
1440
1441
1442
1443
1444
1445
1446
1447
1448
1449
1450
1451
1452
1453
1454
1455
1456
1457
1458
1459
1460
1461
1462
1463
1464
1465
1466
1467
1468
1469
1470
1471
1472
1473
1474
1475
1476
1477
1478
1479
1480
1481
1482
1483
1484
1485
1486
1487
1488
1489
1490
1491
1492
1493
1494
1495
1496
1497
1498
1499
1500
1501
1502
1503
1504
1505
1506
1507
1508
1509
1510
1511
1512
1513
1514
1515
1516
1517
1518
1519
1520
1521
1522
1523
1524
1525
1526
1527
1528
1529
1530
1531
1532
1533
1534
1535
1536
1537
1538
1539
1540
1541
1542
1543
1544
1545
1546
1547
1548
1549
1550
1551
1552
1553
1554
1555
1556
1557
1558
1559
1560
1561
1562
1563
1564
1565
1566
1567
1568
1569
1570
1571
1572
1573
1574
1575
1576
1577
1578
1579
1580
1581
1582
1583
1584
1585
1586
1587
1588
1589
1590
1591
1592
1593
1594
1595
1596
1597
1598
1599
1600
1601
1602
1603
1604
1605
1606
1607
1608
1609
1610
1611
0.4243522400237885 0.4256757323021823 0
0.4244577544479755 0.5742106971155759 0
0.5728064815352968 0.4232248698042948 0
0.5736836785190219 0.5776294773453703 0
0.5921825546759776 0.554167260759989 0
0.5920325511030585 0.4467587434163739 0
0.4481168374984549 0.5929523137098198 0
0.4480591029632523 0.4075401515615921 0
0.4067405438118816 0.5502849034503912 0
0.4065880758367211 0.449344638546757 0
0.5485492299564129 0.5940367848063972 0
0.5487162802921642 0.4061201128365129 0
0.6024884501446943 0.5258529834917827 0
0.6028293929221498 0.4740616826008798 0
0.4753904743463073 0.3960869511077291 0
0.4762158773558332 0.6036121078453386 0
0.3962119445461949 0.5224107798380437 0
0.3963192621950098 0.4777068403664207 0
0.5204598800563713 0.3959419697173049 0
0.5211948065448079 0.6045219656062776 0
0.499118450425496 0.3930906222269865 0
0.3929167301031783 0.4999656817834213 0
0.4972526267182683 0.6064216173102281 0
0.606918191965882 0.4965554251037809 0
0.9631308990534642 0.725435173218923 0
0.9579136707469504 0.2733951260415731 0
0.2737531573878837 0.957032865890976 0
0.275 0.04330127018922192 0
0.6724325147612682 0.04686927172774596 0
0.6718494840651299 0.9584800531123814 0
0.04318297268139548 0.6756292673795568 0
0.04936357234367267 0.3248804948685748 0
0.4339724106931209 0.9588051673620731 0
0.4272277735798137 0.04169300120727465 0
0.9587171089598668 0.5693412910538332 0
0.9612771794050265 0.42448745322149 0
0.03816981199077979 0.5252658168890081 0
0.04330127018922186 0.825 0
0.03870844406912921 0.1759862784659236 0
0.8234069118686019 0.04112252774186609 0
0.8233370919324164 0.957970053388937 0
0.5837652045744323 0.5664936514761385 0
0.414880806894859 0.563151281769921 0
0.4355424073626689 0.4159112305242003 0
0.5614695733063028 0.413221918731508 0
0.5627102440983563 0.5864576174446769 0
0.5350980938618085 0.6006759285739151 0
0.5350515188527555 0.3996670355238275 0
0.4149074138088825 0.4372768232022388 0
0.4620879629380051 0.5991194513377652 0
0.4355016462887227 0.5843588819424096 0
0.5835936980807892 0.4340144728624313 0
0.4003394682881687 0.5368288283325962 0
0.4004882782191456 0.4633380635202503 0
0.4607937552622047 0.4006479797385348 0
0.6054562958333719 0.511209372299095 0
0.5973052730482905 0.4604482633902784 0
0.5979762962907695 0.5397664922939696 0
0.5193084278856652 0.9600155354370057 0
0.5221154834764183 0.039566391774426 0
0.04461714943135053 0.4235971962138064 0
0.1756887989993797 0.9571562675686427 0
0.173255348075667 0.03932110531834809 0
0.959053311562319 0.8199185533391733 0
0.9614527400865638 0.1764947187974384 0
0.04330127018922186 0.07500000000000012 0
0.0373845592828016 0.9248028331531003 0
0.9264599753111484 0.04119968181132905 0
0.9245422197263006 0.9585401732701491 0
0.4735333406656483 0.04033951480459746 0
0.4555786797730412 0.08429551564493737 0
0.4084079554556 0.08251794461704959 0
0.430471500774999 0.1181903098801471 0
0.3919739168857801 0.1198834044781186 0
0.4106743214568604 0.1503858203987684 0
0.4449624422674128 0.1478962618197318 0
0.3759990611665942 0.153581968956354 0
0.3932128762167021 0.1815124178969142 0
0.359140869624278 0.1833652496407069 0
0.378803073727172 0.2122713315078087 0
0.3461485918951533 0.2139618810787601 0
0.3639056424312088 0.2401317072381378 0
0.3939798424596961 0.2384197741874771 0
0.3335394415046439 0.2415269710347701 0
0.3498036603902835 0.2680530654469068 0
0.3157842054006683 0.2673859890352183 0
0.3334308514632368 0.2938350042392401 0
0.3073821053107012 0.2951221534041256 0
0.3223046263311407 0.3174855682948773 0
0.2958416759984284 0.3193989517019342 0
0.313966546706047 0.3428856671072986 0
0.2849110450527648 0.3435226418361931 0
0.2984669381342318 0.3654019487070277 0
0.2722432768694508 0.3666690421672004 0
0.2860216514799512 0.3886908899874801 0
0.2792557672414302 0.298711261321946 0
0.3458122196616568 0.315971136159597 0
0.2602458070920879 0.3899222418885658 0
0.2744354587534316 0.4113008006792437 0
0.2484494303722984 0.4130423337801468 0
0.2628134272155419 0.4345316004902883 0
0.3219014417099639 0.3674198333836917 0
0.2369241661993962 0.4365093382376992 0
0.2514458552006515 0.4579221529494659 0
0.2769799260193089 0.4545247295805558 0
0.2697395849240118 0.4792347668894253 0
0.2410352156946257 0.4813216697168023 0
0.2565726492755926 0.5013519639087096 0
0.2803825447290622 0.5005695485376387 0
0.2711700873852598 0.5213877218682412 0
0.2468549038505377 0.5241740788773444 0
0.262568973229933 0.5440546759934703 0
0.2371578289337822 0.5474036067882252 0
0.2536846711170405 0.5668753388247862 0
0.278411285061145 0.5634676250110938 0
0.2700525222726324 0.5860209661569113 0
0.2969016824058425 0.5810834960543749 0
0.2861403544428858 0.604554931178413 0
0.3094347654177462 0.6005883254440473 0
0.3018746833453721 0.6235420867926595 0
0.2770491920273517 0.6279489161278196 0
0.2936048033340112 0.6467802674717035 0
0.3182195555237318 0.6421417448316959 0
0.310383348945634 0.6654663162673844 0
0.3348428025890002 0.660471304541002 0
0.3272107826987325 0.683696801084968 0
0.3518056887202514 0.678894199867184 0
0.3022073598832253 0.6897029376994886 0
0.3435998075659994 0.7027925698231452 0
0.3729385061380904 0.6946384020155222 0
0.361158499945752 0.7220168296488874 0
0.3884918277666141 0.7165095353461852 0
0.3788584860290418 0.7421463849034062 0
0.4053363287769493 0.7359848645243676 0
0.3510953046323168 0.7485198801634205 0
0.4138448363233755 0.7116939966228043 0
0.4305977186012863 0.7299964079521688 0
0.4368844357751089 0.7064724354699268 0
0.4539690659680615 0.7237871136506475 0
0.447767201165991 0.7479136330511984 0
0.4719465216483475 0.7412115684006826 0
0.4768667788922814 0.7174007590204977 0
0.4951586300816797 0.7341770830141532 0
0.4992268895958784 0.7086684779408601 0
0.5178036480565559 0.7273818338742957 0
0.5224170566650095 0.7056125122452372 0
0.5404085211932083 0.7212620863038134 0
0.543870536861329 0.7000670959918264 0
0.5599117341242524 0.7147426885410151 0
0.5647475840953522 0.694245119767235 0
0.5796840602656149 0.7089559809565107 0
0.5853648875373729 0.6881162240624372 0
0.6026568722080073 0.7039949571652893 0
0.6068771577363115 0.6818280481385806 0
0.6234647106752318 0.6973755134274336 0
0.6282161996488507 0.6750856035112249 0
0.6453038798576014 0.6913243405730898 0
0.6501335213493733 0.6691718997028941 0
0.6682353344063788 0.6848435689483554 0
0.6735422008815842 0.6618670699639422 0
0.6927571805861187 0.678339093529245 0
0.6990870309438635 0.6530773590288359 0
0.5749760211548927 0.7290529594431038 0
0.6412929128371627 0.714219256462462 0
0.5147793964570714 0.7518062906297509 0
0.7189809683107711 0.6714564892068953 0
0.7119765516239374 0.6982892893105008 0
0.7253473999736206 0.6446366942747955 0
0.7055841201345621 0.6263819681002607 0
0.7310421413299473 0.6178714494796156 0
0.7116786238708774 0.6005266765524041 0
0.7364606428171649 0.5923580405130918 0
0.7175608724889777 0.5753055410212649 0
0.7419270393836537 0.5672742780595706 0
0.7197077123819375 0.5486129906524997 0
0.7467087657918761 0.5422802612536974 0
0.728495525123773 0.5251174486085575 0
0.753089218187595 0.5182601981873054 0
0.7313586366814486 0.4973415170588913 0
0.7581843556128479 0.4927383966096485 0
0.7411579951591279 0.473450492577399 0
0.7638143289835859 0.4677615605335053 0
0.7459858555486735 0.4493390830283092 0
0.7702347770735445 0.4447248892047113 0
0.7503853089849262 0.4243647047759726 0
0.7245338625887838 0.432615468235046 0
0.7299688346746445 0.4068140767341846 0
0.7553823985360441 0.3973346413372325 0
0.7343141434742348 0.3796142407921414 0
0.7090624589896106 0.3885148110064616 0
0.7129987264450319 0.3621535435990344 0
0.7397701473776109 0.3481350175443584 0
0.7163413304158437 0.3346266308887181 0
0.6886426462525705 0.3485730072072672 0
0.693685514790474 0.3187603480653521 0
0.6683455746372016 0.3292430724721789 0
0.6720270759987415 0.3025577481978216 0
0.6434621923329354 0.3137658778172245 0
0.6504629349023267 0.2866392708873329 0
0.6251421076661827 0.2943336438757469 0
0.7158155940809845 0.3104335301501803 0
0.6303021915986473 0.2709059460586125 0
0.6056516215166851 0.2802825552161321 0
0.6091106567467823 0.254180751650543 0
0.6548156312571481 0.2597650471188971 0
0.5845454081457733 0.2650098323731983 0
0.7521353591141597 0.6361614820569917 0
0.227020570672847 0.5765336320691505 0
0.5873586396797809 0.2374913236053451 0
0.4216056923378597 0.6893036731499868 0
0.3147099643932689 0.2162713511114014 0
0.2981790016054695 0.4102103224054575 0
0.2461652025346519 0.367102419891561 0
0.5812090985681146 0.2897137921612215 0
0.5612876676858221 0.2760342281004214 0
0.6879549241008569 0.6083407322827827 0
0.6605061824046314 0.3529475415908635 0
0.2975794454984226 0.5605435563290001 0
0.3440794123304231 0.6364477459773338 0
0.633538412672825 0.6524307607933024 0
0.7117564024991442 0.5097150954246202 0
0.7854057188025168 0.4866738081870098 0
0.5587869242657033 0.3002539198992896 0
0.5808890969604049 0.3143710763419895 0
0.5395570108951604 0.2866447068648585 0
0.4420826405379159 0.6849909248898656 0
0.6978005491482164 0.5606735999189603 0
0.7669295312062091 0.5595996576343022 0
0.5376038705171872 0.308812930161284 0
0.5187337067805599 0.29580385391532 0
0.4289148108282599 0.6704453688607915 0
0.369842582961034 0.7706446705979635 0
0.3407659924606055 0.7768433553218164 0
0.5090642300818191 0.6906503805957371 0
0.5916341348440471 0.6685257598566043 0
0.5501597976811509 0.6805123602227645 0
0.5220656171566186 0.2719207770115909 0
0.517315678509905 0.3175390784241418 0
0.4999520467801148 0.3051084041176933 0
0.4983843059913037 0.3243787963185362 0
0.4836122674744189 0.3136011217509487 0
0.4820493917309085 0.3314133580983913 0
0.4675072156934513 0.3213767798623852 0
0.4659465173258216 0.3383720965022704 0
0.4518848064471255 0.328665933878156 0
0.4499360234965231 0.3443023990664889 0
0.4468318922810717 0.6663701409904496 0
0.2097811447028864 0.5509621999491816 0
0.197736112603301 0.5774507965745064 0
0.5339655581820179 0.3295542588177359 0
0.4365000941652663 0.651480409771065 0
0.4696251055137262 0.3032852349556183 0
0.4657903412041112 0.7667550331130837 0
0.3616197908228747 0.8014605700972885 0
0.3302523662047206 0.8076519324066825 0
0.3084555236895937 0.7824466841807352 0
0.4362348427135262 0.3356592433452316 0
0.4349161458927445 0.3528022486714932 0
0.2970973120098031 0.813968939735023 0
0.2738723999422295 0.7870732663001418 0
0.4188129466703761 0.6559270994217421 0
0.4242031979656002 0.640172849978323 0
0.4530341447598453 0.6509509358377547 0
0.7406506744354328 0.6912500954901756 0
0.7318465489250354 0.72138645488888 0
0.7634705805620391 0.7128578484311986 0
0.7552608080208627 0.7447120688068027 0
0.7227587311058227 0.7524980551197951 0
0.7464028915310156 0.7775891838455894 0
0.7107860087031616 0.7857988068869095 0
0.7809755544967268 0.7680652095785185 0
0.736852795884013 0.8119755202751685 0
0.2679401255297914 0.6525494335733183 0
0.3410095640873401 0.1549531892069651 0
0.4956124121782077 0.3429523398884426 0
0.2619164665383077 0.8212915968604135 0
0.2374488457702945 0.7926926419344449 0
0.4209569588959032 0.3425975423254456 0
0.4192642257948053 0.3595672407481009 0
0.4230874278275215 0.3222680918697555 0
0.701503071059318 0.8201401064922419 0
0.1801466094982255 0.5535044146588066 0
0.1674795308795377 0.5822335472488446 0
0.2216228976134436 0.4140942543567918 0
0.2080911849052206 0.4386050113114398 0
0.1915869554722398 0.4133034073513611 0
0.1769944104746725 0.4419787439945727 0
0.3526658501108502 0.8329712962569725 0
0.3865387000245087 0.824457660031138 0
0.6137351392327853 0.2261492558645177 0
0.5899560429987819 0.2075756643420719 0
0.6198586527835761 0.1955360793131318 0
0.5932757370321117 0.1751531239400944 0
0.4087005146404738 0.6431260872107165 0
0.4143301733737549 0.6286324192300261 0
0.1855521514169239 0.6064287487204896 0
0.5619108394129132 0.1921788429873544 0
0.4057976149982902 0.3495136601467975 0
0.4044882123992194 0.3658830218052416 0
0.4173875211532537 0.3755663423194308 0
0.4029922526686478 0.3817577613288838 0
0.3907511046034726 0.3728562309827964 0
0.3900465847150981 0.3879709925878148 0
0.4613956508908756 0.3544109736201808 0
0.2248772941594703 0.8292865792692244 0
0.1998387005088358 0.7997385818344227 0
0.2129869428890317 0.7628992485408606 0
0.1747135354421614 0.7695562992112146 0
0.1887107731236876 0.7341438665492341 0
0.3990570481958648 0.6309437820133266 0
0.4061880564647518 0.6156769200515553 0
0.3896735881450291 0.6189675417370701 0
0.3949998157400818 0.6056104617534326 0
0.3804371524601607 0.6076734545616428 0
0.3855652894449271 0.5954804862279277 0
0.3712657792004518 0.5964858357219323 0
0.378600632816872 0.5829456546433083 0
0.362352137638779 0.5850946777783541 0
0.3678874959971388 0.5717243699345302 0
0.7272328129375596 0.8475432993786608 0
0.7646029471839813 0.8386274003323946 0
0.6243521939681962 0.1619914500437986 0
0.6509883503345049 0.183667500450701 0
0.4287098530962595 0.6260515810536549 0
0.1546364520936644 0.6127754076180678 0
0.1587291186597343 0.415260318084043 0
0.1746346693236493 0.3858904666633005 0
0.4629498496388463 0.6618987668747872 0
0.4673700564918465 0.647581581076365 0
0.1876398459372308 0.8367485409364509 0
0.6770335537614347 0.7936053590299545 0
0.6667015123239177 0.8278918020653931 0
0.6417004137577146 0.8019619796054234 0
0.6323805948177764 0.8354012760789327 0
0.6082981803655154 0.8103665736247465 0
0.5984931949745834 0.8433484678636594 0
0.4016146543522653 0.3961584529087928 0
0.3897326001667301 0.4019838894030687 0
0.3773451972137628 0.3946907760466757 0
0.3774028410373326 0.4090377986915442 0
0.3642634415064401 0.4020362328965459 0
0.3647109335728267 0.4168868230613051 0
0.378565938200971 0.4238168676061912 0
0.3653141610741696 0.43136911846014 0
0.5745251572733491 0.8182219045659138 0
0.1438131546616109 0.4459874665066726 0
0.3527642821896866 0.4249227691345801 0
0.3538116958628628 0.4395429229351646 0
0.3648720600605827 0.4454087160962107 0
0.3537570987751346 0.4535781383793982 0
0.3391216983695945 0.4466019794931554 0
0.3423690113421308 0.463166533341991 0
0.3574048324101284 0.467527692245961 0
0.3445724938267744 0.4773380472663464 0
0.3576334453201521 0.4829761665439065 0
0.3464161696239149 0.4914432421364127 0
0.3589311314938926 0.4966463123964345 0
0.3481017574388188 0.5050848384358008 0
0.3623921603534166 0.5098947998820549 0
0.3501090174221123 0.5185321805416903 0
0.3624962427486721 0.5236359048388134 0
0.3516014468281736 0.532132700679313 0
0.3372783156611336 0.5131080778486677 0
0.3292035217776855 0.4717254795386624 0
0.5950234320803176 0.1430535770701755 0
0.5646578788549829 0.8508385475449214 0
0.5412904776776291 0.8257562407430501 0
0.3529299928080651 0.5727305824653565 0
0.4774413856354897 0.6573283114145438 0
0.4810968087397248 0.6434372752826438 0
0.4910174921735299 0.6532051072011013 0
0.4946705058574678 0.6397403320282127 0
0.5040686259553271 0.6494098092089038 0
0.5074022714926391 0.6363971103595591 0
0.5166113955715307 0.6458326539405574 0
0.5197605718264272 0.6336774628788973 0
0.5283678778508614 0.6424299729088486 0
0.5318326876007098 0.630547168106525 0
0.5395056431372349 0.6399391377263997 0
0.5436967304184644 0.6255200648346195 0
0.5519547887551216 0.6367853258357818 0
0.5563030184920711 0.6237014953192306 0
0.5652500605801251 0.6329422205524987 0
0.5685723268395344 0.6179884969619325 0
0.5780510626445742 0.629245109926305 0
0.5818471860471774 0.6159038729509139 0
0.5912018663740368 0.6261462380246967 0
0.5946211644253365 0.612861169709776 0
0.1494157911897023 0.7397993037293532 0
0.4069963853499575 0.6012390468604042 0
0.5306172956333599 0.8587169373809014 0
0.5878449031329928 0.8778190338085098 0
0.4707409498196637 0.6334771451722111 0
0.1395591126833839 0.3867321884289636 0
0.1567656538024236 0.354463250184154 0
0.6567547006254324 0.1484271157442056 0
0.6855537034702484 0.171850753408696 0
0.3815352140627339 0.5690724151665509 0
0.147642081687683 0.5562100605436282 0
0.3766210438537697 0.8582766240495536 0
0.4066811909050246 0.8538857904121451 0
0.4012658368846956 0.4087242198744792 0
0.3634025312561268 0.5364669461618155 0
0.3410148662751608 0.8672743351463 0
0.1945907900284595 0.5260252838681617 0
0.3642193579302226 0.3862945529991897 0
0.585508500276162 0.6034980959305649 0
0.597311809719821 0.6000620788903124 0
0.6074857322139708 0.6092076252977064 0
0.6099849556273806 0.5956869929275938 0
0.6211057164479767 0.6049606161553349 0
0.6236269483193163 0.5907977893419201 0
0.6112809291071901 0.5837389518262387 0
0.6237885209155408 0.5760969773433346 0
0.6377000114085871 0.5860109344474516 0
0.6391276055111506 0.5711620772926683 0
0.6279039393817346 0.5620586047105826 0
0.6408032549502241 0.5569181802200185 0
0.6300629481959161 0.5488069549121136 0
0.6422356466129682 0.5433800463998542 0
0.6299583322874601 0.5354297487462639 0
0.6436687317630154 0.5302327172308157 0
0.6336050669676466 0.5228293928195419 0
0.6458851008490117 0.5177042581633891 0
0.6568117889010371 0.5253057330147226 0
0.6583141154884671 0.5111905862809537 0
0.6450906455663566 0.5042019041950949 0
0.6592897735390399 0.4968980379702548 0
0.6472792182773076 0.4887154252574732 0
0.6606121374785823 0.48214799460885 0
0.6489367041402486 0.4737927023923377 0
0.6617262598709761 0.4672276745216997 0
0.64991368582423 0.4585982642773745 0
0.6633303215187539 0.4516816531916942 0
0.6503287636245085 0.443324561524033 0
0.6388426129085916 0.4508588025456937 0
0.6360549370368573 0.4364419996986174 0
0.6506739500504286 0.4280680788269461 0
0.6374780275022536 0.4202191819281509 0
0.6242935477330275 0.4271025922398674 0
0.6248941695757402 0.4129990274398117 0
0.6514052373750667 0.4118247164444768 0
0.676928318381717 0.4607626882207924 0
0.6130065398425462 0.4204091313317234 0
0.6124850439169521 0.4064783261193655 0
0.624056981687323 0.3973798968549053 0
0.6115858031360469 0.3916074575190556 0
0.6001069851036328 0.4008165633621496 0
0.5967280618792811 0.38606688833324 0
0.6104093513537372 0.3764643179208143 0
0.596431514884896 0.3700424365415181 0
0.5838883871453492 0.3793370622088674 0
0.6099719262972413 0.3602522909423579 0
0.5826136740237416 0.363829812404629 0
0.5708290170425373 0.3725694684837967 0
0.6351600378949943 0.4791830802285331 0
0.6657568571174384 0.419965277053708 0
0.5690009691061358 0.3579476308348973 0
0.5566524871099533 0.3683350076444352 0
0.5066802681574257 0.8329858142968023 0
0.4960629329138317 0.8672831756382675 0
0.6917876377246054 0.131995069658632 0
0.7206896333894235 0.1581508803680602 0
0.7144883360383325 0.1960268249626403 0
0.7498368884248335 0.1830437925124823 0
0.7309061337418019 0.1192261701586025 0
0.7430571555388437 0.2205038727295871 0
0.7793356617466911 0.2085316906834536 0
0.7864163793631196 0.1694128910850715 0
0.8165331149981419 0.1954178899608041 0
0.8089125050196958 0.2348002678270916 0
0.8465343661424369 0.2222815821108274 0
0.8379280523040125 0.261231647454958 0
0.8248425394612023 0.1549948953985656 0
0.6523672903117604 0.5644130781156325 0
0.3690881172987548 0.4887504113082755 0
0.4118103963928789 0.4036792783094429 0
0.4741894076361988 0.6719618050666687 0
0.5713015008744582 0.3861939949267799 0
0.3927735966096478 0.6456818710581375 0
0.349822465238011 0.3945142250827879 0
0.1761807018463505 0.6384343511644244 0
0.1425024607678679 0.644858498599835 0
0.1190877865911837 0.6170492662618658 0
0.8005562233507935 0.2734234350117903 0
0.8290207261551612 0.3002530595271156 0
0.2290371353933309 0.7240765141133764 0
0.7572626299840648 0.8785909924950792 0
0.7952847340949923 0.8669476006539387 0
0.6126128810506015 0.4329502287511929 0
0.3728199419380064 0.5174250783131341 0
0.3664970796155189 0.08734022598625879 0
0.5613357607654973 0.6473602321530013 0
0.3564100679718355 0.5995268805902804 0
0.6707894695406749 0.5196119177158716 0
0.6688099099055579 0.5352380310967566 0
0.6183805528856121 0.5535831613555933 0
0.2487739664285953 0.8555349852931616 0
0.2931762377428451 0.5173968986813914 0
0.4394001957517431 0.7740970585709874 0
0.6163895284302251 0.7785035967056065 0
0.5119350864196229 0.6249339647627056 0
0.6558396567719306 0.8600212118381748 0
0.6665429210100893 0.4026583271395364 0
0.1347371891771743 0.7772472089454501 0
0.5259093308327346 0.6551647494808498 0
0.6711156696723926 0.4898868630018118 0
0.1085013953377216 0.7448325308178307 0
0.864118219868014 0.2884275181859678 0
0.8561875937238728 0.3265889386688511 0
0.8205752795469464 0.3389150574074792 0
0.8478184226408361 0.3642746783765738 0
0.8847495031081488 0.3534584257058 0
0.8747709214832946 0.3904132231091386 0
0.8386365876088028 0.400708472187176 0
0.8643495339303655 0.4267368588827284 0
0.2501818184645048 0.6318744733526476 0
0.2402144271458646 0.6583900073921883 0
0.5879925046854242 0.5921076735347118 0
0.2870393769705379 0.7548586099588764 0
0.3666505613246001 0.8948368663623164 0
0.6269243543219816 0.3689582549191405 0
0.602388807158226 0.426860693846525 0
0.4591201443327588 0.7942590477203436 0
0.5581411454735477 0.6119270704539762 0
0.6181475554737639 0.6189615735908196 0
0.6324700070292839 0.6156806534786943 0
0.3016111473731584 0.4995932027830686 0
0.5523571483147894 0.7942064365023198 0
0.624538174898986 0.3496232196479729 0
0.6075177097038973 0.3415935482372997 0
0.1194567440813314 0.3560542637829898 0
0.1372570649915617 0.3230125923506258 0
0.1748057207430024 0.3218254952100554 0
0.155510410573902 0.2900135197072475 0
0.1930767426858642 0.2891636489873092 0
0.1738919085338003 0.2572828561793303 0
0.2115752980401615 0.256376048530542 0
0.1921670366456027 0.2241208117824949 0
0.133302806184214 0.2567820934224045 0
0.2298670615429518 0.2237571259330267 0
0.2109424163244511 0.190102128642196 0
0.1711319043287214 0.190685332930058 0
0.190809474672511 0.1551633680141863 0
0.231681422247654 0.1551825973089624 0
0.1487313796153762 0.1552362067398451 0
0.3738439907670811 0.6213708134747126 0
0.687150666275129 0.5291172022261973 0
0.622243845625321 0.526164970055774 0
0.6254740583657564 0.5153304964862543 0
0.5550741428867282 0.3525892508855775 0
0.5438711019883788 0.3612700380268079 0
0.5445214432694977 0.3758667556284812 0
0.5331763218465924 0.3693195896795107 0
0.5311954156168704 0.3560782484420078 0
0.5214630198686163 0.364680038341084 0
0.487312238482768 0.7855558814070625 0
0.8293229825048949 0.4365838361775397 0
0.8534936339893319 0.4628020362260009 0
0.523728855103519 0.3764280252949352 0
0.5126540161056099 0.3726111731341977 0
0.5332382990120079 0.6189216681113998 0
0.2116538589632758 0.1191058395046221 0
0.2533897011484139 0.1197652676642988 0
0.8896382953726385 0.4532824717991638 0
0.8788036298826298 0.4890295884024636 0
0.842600276245469 0.4982046386714055 0
0.8670721968560003 0.5239065608131618 0
0.8320601972394244 0.531951365283868 0
0.8557249417160735 0.5578904026369755 0
0.9020880108420156 0.5161766537011502 0
0.7145731790876102 0.8843900018936313 0
0.5761754806938384 0.5943806544682023 0
0.804643999552259 0.8263955579495669 0
0.8351750856976022 0.8547304022566057 0
0.8462359447668302 0.8144758847338373 0
0.3535673693171857 0.545751595654782 0
0.3394990897188988 0.5405122105735087 0
0.7703546720267785 0.6826094999328851 0
0.7952233464514084 0.7025008960865127 0
0.8027723226343784 0.6712141818798072 0
0.82916731909442 0.6930186094431241 0
0.8376091610420945 0.6593794976202144 0
0.8664399474045702 0.685273766849929 0
0.8728652883935553 0.6490424374382522 0
0.8552986065870847 0.727346343578618 0
0.8086544752833309 0.6379801813464505 0
0.7095213405244686 0.2324755165529091 0
0.7936875802657407 0.1302840381904344 0
0.8213430099518273 0.5661403111931133 0
0.8772499595729555 0.8446234691424155 0
0.8860373346568835 0.8014627436154398 0
0.8639535896343695 0.8836447458768042 0
0.6503652220690801 0.3938425369509368 0
0.1981958956228289 0.6983009229403501 0
0.4123264438603088 0.4159306091168713 0
0.4016042255335187 0.4200737661074766 0
0.2115132715096291 0.3189079185151561 0
0.1294377007207695 0.1930513385475591 0
0.9041249245865957 0.6744097207340606 0
0.7429585515161413 0.9186318775877081 0
0.5183548008567743 0.3515932640856653 0
0.2714760046957289 0.1554054597139031 0
0.2598385407236576 0.6801058737230683 0
0.3729986226156262 0.5592724655412904 0
0.385066339105483 0.5573063156569739 0
0.3929802880527796 0.5655796955038593 0
0.1635157110745711 0.4713271912435528 0
0.1286006241342637 0.4778876144661047 0
0.5795460068753456 0.3477810102869391 0
0.2959617796299474 0.1158047910061343 0
0.8443173069573437 0.5912385234280441 0
0.8808061021436604 0.5830355791980015 0
0.4212873575416624 0.409405726455125 0
0.4219821581476897 0.3993550445053911 0
0.328933666953192 0.9072330158512965 0
0.6608687751492269 0.1110272675278877 0
0.5013379815815642 0.6632890122533859 0
0.6824444406624819 0.4125549598906065 0
0.6787015231527553 0.4441731790791398 0
0.6936562617040968 0.4537278690963759 0
0.9084553321771354 0.6379660885875928 0
0.7385279656984434 0.2567021936802695 0
0.9108862175812842 0.876281552737717 0
0.8336533780235493 0.1141663157283566 0
0.8666369121623003 0.1414414667665924 0
0.691358445979369 0.4724567959411843 0
0.1073923382907002 0.4487827496400263 0
0.103793606148905 0.3885621193107082 0
0.8066432027416892 0.4110146847557356 0
0.1195420095184877 0.7091986706334652 0
0.5875632733175592 0.6399159187686171 0
0.6021910366192119 0.6362990235475581 0
0.5151734611144678 0.3824328226656403 0
0.5051665303512499 0.379258670036494 0
0.5020233636689875 0.3692778063996618 0
0.4946701384402862 0.377794878948953 0
0.4916463062428501 0.3660174867128718 0
0.4836532651069903 0.3736824084917021 0
0.4854297007525117 0.3831576568364308 0
0.4756665367579664 0.3806779269903856 0
0.4728495529742381 0.8435163187351462 0
0.4619266122299694 0.8767886956704081 0
0.4855744434945298 0.9029211670838745 0
0.1029960852039289 0.6471984309229326 0
0.07899621236902132 0.619093340301714 0
0.09496375995794798 0.5853237092620823 0
0.2467267391578356 0.2548143442574686 0
0.3731113357344392 0.6690397781106106 0
0.3500848611454354 0.3775417092579171 0
0.3647139545553405 0.3695564196946485 0
0.3499468450042048 0.3558476752068066 0
0.3672626580288473 0.3504860231528272 0
0.7063875666796209 0.2646398026730091 0
0.602646407647655 0.4378580857168423 0
0.6117010451526537 0.4437573855011915 0
0.8751325781778412 0.09708484477232865 0
0.4280071307050098 0.7993672092765223 0
0.9116023473219879 0.3798578850893995 0
0.919889242915477 0.3391140429207479 0
0.09026409699260196 0.4804040262024548 0
0.4730130047749463 0.3707890269913265 0
0.465638503472886 0.3784820132809211 0
0.1138168741033347 0.5141542329222882 0
0.1063565844032667 0.1560932423916442 0
0.1263847409438232 0.1166354309451224 0
0.3427307247947177 0.5588265857512112 0
0.5740439447771398 0.6058635878855156 0
0.9102808062423642 0.1271978811066682 0
0.3559773733696481 0.934156829111042 0
0.3781011430372228 0.5483061977418102 0
0.3900334363395676 0.5465699302116562 0
0.3817411938064565 0.5379061017529363 0
0.2644828905089697 0.2232716406627572 0
0.5673342291133168 0.5991240169067135 0
0.6680854552986006 0.3842212037408773 0
0.615913676416134 0.5198380912852447 0
0.7086128653653357 0.4649055204696435 0
0.3325896670248669 0.3853185783796502 0
0.335387859401478 0.4034585698025429 0
0.399297376384485 0.6936009584915173 0
0.3265947266790426 0.5517020921350585 0
0.3284047714264924 0.5665078465402927 0
0.324578718404671 0.536202480560065 0
0.2263207165777495 0.6382313495490617 0
0.4093324611101647 0.424444127480786 0
0.4028611648891998 0.4306688817173365 0
0.696590330528343 0.4328891363147498 0
0.2344133008878413 0.0821205666303011 0
0.3958283160198967 0.5563807974633129 0
0.4021320738735966 0.5620623974645893 0
0.4024138970157117 0.5716719461053112 0
0.6194386075255403 0.5423632708210213 0
0.6091998988959465 0.5461049519101508 0
0.6079559177950014 0.5570783925312462 0
0.6120520213341341 0.5367934251211989 0
0.08487322013391324 0.7900570915218357 0
0.1222562630566799 0.818887205012313 0
0.06486292112261333 0.7507664042096418 0
0.6507900236274475 0.3730772992118444 0
0.5612964711255408 0.3817064702308833 0
0.5483574560895351 0.3873932691719597 0
0.5616891928510459 0.3933515519368873 0
0.5713758664115995 0.3985947501810203 0
0.3911036705082537 0.5765031052759696 0
0.4003708205270939 0.5829003885117005 0
0.4097493592286445 0.5792264443182424 0
0.4205202935824721 0.6149817581604418 0
0.4337839913897995 0.6140099375379124 0
0.4410952755157782 0.6231304817202949 0
0.4448862494478921 0.6119905518509575 0
0.452230484898837 0.620099829670835 0
0.437164859837384 0.602542371217718 0
0.4223441719703372 0.602339588525363 0
0.4492633007382334 0.6311448235670956 0
0.4550284588249646 0.6104172980489015 0
0.4617509930116691 0.6174715745294685 0
0.556121216875607 0.3204043046928047 0
0.3704410691798524 0.4997013239357114 0
0.3825458462250381 0.5067590317201657 0
0.3797840135950686 0.4934409242287902 0
0.3785761716247356 0.4823894293821782 0
0.387072647736397 0.4876237860753099 0
0.6233967274223294 0.3299887970049383 0
0.6048092489081457 0.3212213386426828 0
0.4779806829289669 0.349450910644821 0
0.6861038904941779 0.5106089189138134 0
0.4297989331356063 0.4048256788867619 0
0.4323769826261014 0.3950854511938811 0
0.602027188202181 0.4484566313317722 0
0.6110971392578315 0.4542683603863928 0
0.61970268999781 0.4499732702013612 0
0.6187806475631394 0.4603467937978032 0
0.6101778600322549 0.4634169627182466 0
0.6162522948688077 0.4708771480235615 0
0.6269897680562234 0.4670900800621332 0
0.5226390815078856 0.6208921928084572 0
0.5135512957919532 0.614612074572209 0
0.5048022319815937 0.6171391852690254 0
0.167406860392375 0.6725878627427777 0
0.09760121880035583 0.3238298407471315 0
0.3038547339679059 0.8752664328635774 0
0.6941156086622617 0.5837784986207792 0
0.6708505114217663 0.5889610119356663 0
0.6662355682860008 0.6128976855848903 0
0.6791487043600735 0.5678201350109522 0
0.5487743268603194 0.6146665055998835 0
0.4152892494565639 0.7768207952514667 0
0.3923670449465904 0.4257731583767516 0
0.3938380465475728 0.4364743183775435 0
0.8950087982305152 0.1701166457436809 0
0.4837795767163725 0.6308916015816814 0
0.47635708712764 0.622579353907219 0
0.4861802756007977 0.6199713359905299 0
0.5291469956964225 0.6837667872647951 0
0.7953724810322528 0.5417930193396259 0
0.6014758520970203 0.4141737238139113 0
0.5903544727437369 0.4095498578101791 0
0.5890079729498217 0.3974046947691495 0
0.5515747675835435 0.6061236869577382 0
0.5268405772545403 0.6125766991527926 0
0.4691418019421888 0.3889408239062627 0
0.4587562035263433 0.3860893105051433 0
0.4551882589996624 0.3760651718192792 0
0.4482377430807409 0.3843794601387218 0
0.4441298896500343 0.3738385848031286 0
0.4534542747869842 0.3944431296959254 0
0.4357818825375387 0.3837714224600148 0
0.2874304555911174 0.4320162537789463 0
0.3006467678217539 0.4500851495847882 0
0.3092933311518314 0.4305502234597438 0
0.2939472244955286 0.4694318998387998 0
0.9438127512005658 0.6619802373535539 0
0.2316012667760664 0.6101789335661633 0
0.3809788457813613 0.2646668321111898 0
0.4082442671970806 0.2630376756422584 0
0.4213301716152437 0.2396255264287365 0
0.4347663330496785 0.2620982024952643 0
0.4472259113361857 0.2399686930614576 0
0.3986505756493288 0.2862209313038258 0
0.4603975231170154 0.2614079455989421 0
0.4739128223364496 0.2392776206821374 0
0.4601166826723729 0.2160599304299325 0
0.4885767799108321 0.2157218370613869 0
0.4738720474812454 0.1916315338799753 0
0.5036562475149433 0.1907832411200937 0
0.5163365022633412 0.2173672284476628 0
0.4890722024098916 0.1659142151759945 0
0.5194019166798663 0.1643406152401203 0
0.5003956607643809 0.133607256099213 0
0.5401950315517112 0.1362134079819624 0
0.4435026002742519 0.1945715038769329 0
0.4853975175035065 0.2605426724392015 0
0.5210717451624403 0.1038431003786506 0
0.5620318434215166 0.09639094210160043 0
0.4472241332936552 0.2813938644994274 0
0.4599445146934322 0.6986109249121373 0
0.480920172684322 0.6966179468492344 0
0.4312999392660303 0.3697924002338044 0
0.5925550850391819 0.4324120405749275 0
0.5923488198870291 0.4210591256475651 0
0.5838256787536182 0.4172400901641058 0
0.580157360495261 0.584751873381903 0
0.5898468563048597 0.5814861603600511 0
0.3568696303747268 0.6548220281449298 0
0.28206943848114 0.2525905977366153 0
0.583538968090037 0.7817364598993111 0
0.55748435550467 0.7627653330369829 0
0.6006362593635939 0.75794764810225 0
0.6215621155257733 0.7481454146155258 0
0.6485644359840748 0.7671115588604007 0
0.6798968050671266 0.759149037009476 0
0.570595032665012 0.6751411592996763 0
0.05342949329078794 0.5909034741773895 0
0.6127019544312715 0.6604252482056567 0
0.288510469556121 0.5407386369350815 0
0.4230735252644899 0.2833316941807612 0
0.4358763413601727 0.3035335845876715 0
0.413495058646743 0.3036776224132504 0
0.3933530729486819 0.3065992537631583 0
0.3775129894804913 0.2909806506736136 0
0.3688414556432266 0.4761790775641282 0
0.3793820254439026 0.4715268639859935 0
0.3709178912951265 0.4642351319870648 0
0.38152901011306 0.46095211648213 0
0.3876992273047158 0.4678574663308627 0
0.3899295038768786 0.4585443418027175 0
0.384214468836641 0.4508984512298586 0
0.3935340741943207 0.4482572506679405 0
0.8536532367058213 0.7728348232167326 0
0.8901384719505866 0.7572374255432752 0
0.8183957187951159 0.7518066257318829 0
0.4937243852294067 0.6276178944440012 0
0.6771506735339909 0.6351818722672697 0
0.6545166284320874 0.6295036759322057 0
0.6349342455954559 0.4949108282616534 0
0.6248887297514182 0.4875317674499293 0
0.6243718993198213 0.4983311140968031 0
0.6317138080967049 0.5057136469398493 0
0.3281113301548887 0.6174119908706723 0
0.3311871074521032 0.5948646188146796 0
0.5427648250592136 0.6059639046215712 0
0.3122483619522931 0.5121211027385301 0
0.3199560580441102 0.4977332289712694 0
0.4238153439369012 0.388714088817001 0
0.64353813206465 0.3389056002452103 0
0.4395066537070871 0.4029943510519409 0
0.4020919763426727 0.4421815385351053 0
0.8138841009236805 0.3756781942468974 0
0.7886179150041278 0.355767873099707 0
0.7890844481509253 0.3178943050863895 0
0.7658552494838002 0.2872967479194554 0
0.3740710286050273 0.5286300708437197 0
0.382837280014383 0.5209129992120525 0
0.6156520762982794 0.5649567829826668 0
0.6046321106021033 0.5678202978627838 0
0.4085338318607343 0.5895642705948826 0
0.418671614067488 0.5860303262286489 0
0.4999617158487178 0.357853086875454 0
0.5992198710969789 0.5885277922038927 0
0.6978974898179728 0.7289553417533277 0
0.5157231008006096 0.7996395345902658 0
0.5128870727833303 0.3363268641540324 0
0.3207382940977486 0.4468088531395707 0
0.3282021122128322 0.4313340640488645 0
0.2278018724050752 0.2866464505821687 0
0.2477477728570972 0.3138625934762163 0
0.451865606091948 0.3651885709139247 0
0.4482123423764113 0.6019027784712394 0
0.04423170442399937 0.4758076068404037 0
0.3104220725433786 0.3884416100747748 0
0.6143622366239262 0.5106436520874938 0
0.447961118548496 0.9128554641838041 0
0.4788731209494949 0.9394848104397734 0
0.1968908743978379 0.3534011491865784 0
0.5334472884854006 0.3813824135723847 0
0.5249864002039888 0.3876436364740994 0
0.5565734161518251 0.6631171946269436 0
0.3374007724712 0.3373332913163549 0
0.4645367176496661 0.6078167547937092 0
0.08021501187582802 0.1170704500005468 0
0.1029823335571105 0.07552858823023056 0
0.4789762237032165 0.6119796116283107 0
0.4886086906613034 0.6106742958714897 0
0.6784127976515071 0.2121837337900153 0
0.5635927157224112 0.4052972980677018 0
0.5720518910975045 0.408338624642291 0
0.04109225299955471 0.3748339279299121 0
0.7573441530688264 0.3224695171028878 0
0.4666086951913285 0.1205868158745528 0
0.5827301763928907 0.5756080048500009 0
0.5907014796679709 0.5721247620398212 0
0.5711650758771137 0.585819925380759 0
0.5916941289215775 0.5631339589381534 0
0.3873381127038081 0.478128044562444 0
0.5079186931083505 0.6099046714303799 0
0.8087487045919237 0.5077984700936249 0
0.8149919285312381 0.4720037316532615 0
0.6145463740994578 0.4913325590533503 0
0.6166815900625098 0.4812381324907428 0
0.359337802989576 0.5596048605073276 0
0.6664305930342662 0.7302968146960322 0
0.6520991083138649 0.5971816462408652 0
0.707208380007313 0.5287503928387448 0
0.6285658583638126 0.6324255712102591 0
0.538166012537119 0.6649551567217985 0
0.6008394336479306 0.5509278835250168 0
0.2502977243730247 0.7563046936107486 0
0.2674689848585677 0.7273105084274311 0
0.3017283233929624 0.7244216825089883 0
0.3813818333253173 0.0448340395754675 0
0.3403251163726069 0.05607745114754259 0
0.5518948471554568 0.3952038577347176 0
0.4123640721293071 0.208857702003187 0
0.5076048303641197 0.3887219266836232 0
0.5964045753112905 0.730845066931809 0
0.2243899344243162 0.9575938546092405 0
0.2036720296625885 0.9110195924813077 0
0.1529910284097746 0.914747988492542 0
0.2495902947452125 0.9183666978741154 0
0.961565980964143 0.7701091457046461 0
0.9599355583826035 0.2256541798430665 0
0.9166815424808836 0.2494363042094169 0
0.7076063304828445 0.4876198083636561 0
0.6893950405056113 0.3724097692121673 0
0.7727074601397113 0.2468763679752746 0
0.429889445931689 0.5793772330804405 0
0.428153499059058 0.58633425771031 0
0.435132558370836 0.5921859366134821 0
0.4196675266422599 0.431502839710041 0
0.4297051412498858 0.4205360844063428 0
0.4037284730764822 0.4565337215442076 0
0.40349015273089 0.5435664399961262 0
0.4096434819816104 0.5576305202332837 0
0.4101386957961932 0.4431636536096764 0
0.4540012797400004 0.4036699833207639 0
0.4014123350615444 0.9185478340776311 0
0.5877514656156454 0.4400818526148971 0
0.595494530291993 0.4530905352825353 0
0.4096005723133607 0.6737601328055699 0
0.5277335377782896 0.3970833494339918 0
0.5336041758479414 0.3921592709439499 0
0.5425153260044896 0.3949078796444743 0
0.5281414859330353 0.603116108031837 0
0.5126550182040088 0.3951909975298813 0
0.395010051314739 0.5149667651288251 0
0.3986479588574615 0.4706367332283026 0
0.4831075270314715 0.3953918076499745 0
0.604218776333067 0.4813443272894324 0
0.604107318595974 0.5185656609981487 0
0.2070014222716853 0.3873007632032878 0
0.6427257182374655 0.2166511809393952 0
0.5711809753917078 0.04741006915357765 0
0.622104639380697 0.04216844592824009 0
0.5748762493732099 0.950978259269518 0
0.5449824357909349 0.9191914280606783 0
0.6251109855307013 0.9572658402160377 0
0.6525090287070412 0.9209367415172593 0
0.9561624915800581 0.4756517346231983 0
0.9617525717720909 0.5243099642140912 0
0.5336180350750266 0.7704957900624068 0
0.725 0.04330127018922181 0
0.7003974593979192 0.08648285284501755 0
0.04250051938208321 0.2735725967677877 0
0.5781259763067501 0.4285639728562148 0
0.441697404009178 0.5887759415723754 0
0.4414208224823574 0.4115277554641515 0
0.5553791333008629 0.5905249203490476 0
0.5671311704174037 0.4183103810485536 0
0.5554279562317475 0.4094138369927534 0
0.3468318365760845 0.6171709276426094 0
0.4193088680143194 0.5688578617491566 0
0.9211449857824389 0.2953607768661793 0
0.541877061457585 0.5974319869545572 0
0.3979757750073157 0.5296717707610205 0
0.3903211801838719 0.5263105573950638 0
0.3912278683488116 0.535530665127969 0
0.8094258295076815 0.6040487978147249 0
0.4681046360969756 0.3980324668302056 0
0.4546815068931105 0.5963430305110781 0
0.600297171620829 0.5329339104773878 0
0.6016329139179138 0.4664164088850433 0
0.1270935002077594 0.956529679178024 0
0.1071510232043426 0.9124757330556763 0
0.1264563042552017 0.8683651141679966 0
0.08024778266557947 0.8699378710742423 0
0.04138293845946456 0.2255025026558823 0
0.08730793962093103 0.2525191288953403 0
0.7750980466253838 0.0419902764499131 0
0.6824497293283374 0.5479572243121179 0
0.5415189654835373 0.3469739231249117 0
0.08349596146137073 0.2003543481952096 0
0.3772345863769436 0.4385673480408485 0
0.3942138017151139 0.5074806825000217 0
0.4908503752925435 0.3944435270313869 0
0.6059843043062533 0.5037426727020783 0
0.605456295833372 0.4887906277009051 0
0.8953434653652305 0.7134617940335032 0
0.2490703904954402 0.190119758395951 0
0.2882552828184074 0.1915040271115132 0
0.3119134750036969 0.4823779537876428 0
0.7979381292483179 0.08589995725529537 0
0.9548431394721961 0.3740836939827676 0
0.558425501868944 0.2471334426032566 0
0.6022402940302254 0.08370466972432433 0
0.4952644502102789 0.6164485097610582 0
0.6118855515794152 0.9099183796804324 0
0.3917931686795019 0.3569052103452047 0
0.3917208538818515 0.3400826851203004 0
0.9473843077847424 0.6145780938666594 0
0.5771994304236455 0.6553880484261593 0
0.8727507769620728 0.9591265603036836 0
0.8763150024928559 0.04870711607122613 0
0.205380459196371 0.6600629493749639 0
0.7729929190053514 0.9583834366478959 0
0.7934138435231892 0.9125302412846474 0
0.5676657377471774 0.2214418497405367 0
0.6650861531682393 0.5531085495206273 0
0.3091527135278271 0.5288392717203606 0
0.7211757640047075 0.9589847032940026 0
0.412002823211295 0.5706039206749847 0
0.7487348233273168 0.08182676102557784 0
0.2310878213274586 0.5047573929289805 0
0.2145937073058511 0.4839274257426823 0
0.6146381147498742 0.5013813394689628 0
0.3616478775323205 0.6364704665444687 0
0.4928649851899557 0.3873303812845656 0
0.5367328533658382 0.7445140272051585 0
0.4810958622793896 0.3627269487267138 0
0.5139744939299493 0.6745761103263878 0
0.7042026111533179 0.4111996691069398 0
0.3205779929274779 0.7530905726411143 0
0.797084945944103 0.4405697535926869 0
0.8123925018508494 0.7892962200638732 0
0.9536242333578226 0.1244352604647988 0
0.0758604434792553 0.7121934474665728 0
0.2910416440589055 0.9171669529243136 0
0.3940654958638024 0.4923079673867384 0
0.4426706345408709 0.3930195889808373 0
0.5000784066192535 0.239262871905073 0
0.5265024895448804 0.2459492453826004 0
0.3323307346292089 0.09774748639650188 0
0.4712589111517156 0.283139370104577 0
0.497366528761795 0.282208719028325 0
0.7806161478793303 0.5134513628649386 0
0.9585350944303865 0.8728555565736738 0
0.8759631925301096 0.2497494263657074 0
0.7606675576525123 0.3696426663133761 0
0.7835668833909867 0.3874663549782168 0
0.3904559221341816 0.41400421539127 0
0.9141001076960039 0.4808640600607967 0
0.1489520204688421 0.5025838076513079 0
0.7772162527785489 0.4175791714407593 0
0.3189961946536684 0.583590626652347 0
0.5342353944008761 0.6089439408066444 0
0.4373653839918171 0.6364100352094424 0
0.8557729724168117 0.182418385492891 0
0.6352397651077196 0.3845876325139518 0
0.07559106759616874 0.9515490840875301 0
0.4597743025243798 0.6275992294214798 0
0.5418770614575854 0.4025680130454429 0
0.3262808684992483 0.1851562331032455 0
0.6095915611945326 0.4770533304867859 0
0.4835302426109283 0.6047019143018366 0
0.2754822168783394 0.08456192170403121 0
0.1698840683242083 0.119387624768802 0
0.651471745224189 0.5804257323887255 0
0.6241455858639113 0.4773797231580701 0
0.9594021697860413 0.07417201823266106 0
0.952903610818932 0.920743646495378 0
0.4223213828310277 0.4181820240751065 0
0.319508757941432 0.9598690998914778 0
0.7566792733251873 0.6099073720162485 0
0.7795846819372505 0.6271690927087007 0
0.5665701841397744 0.1560773169364232 0
0.8993384596995784 0.4170645680715842 0
0.6226451796006188 0.438948056679224 0
0.7574342976892329 0.1456963019283446 0
0.6006004290950936 0.5763918756164832 0
0.5726488284364059 0.3322536897417704 0
0.1150236898635609 0.2894051736408493 0
0.5470782404239618 0.6504470370725129 0
0.2251240297975429 0.4599193871465002 0
0.8424053475199103 0.6258579153871604 0
0.3193733983061075 0.8395649569375014 0
0.541548954528616 0.2646276118585513 0
0.193541498328877 0.07919555762830799 0
0.172303146626003 0.8728386899267259 0
0.332554616581447 0.7279397752326511 0
0.0379412109960004 0.6288326925693442 0
0.3944848606853435 0.4846064786420368 0
0.6240688743179548 0.119537561895026 0
0.3667677664352456 0.5482055865309108 0
0.6910015959874933 0.8543322813659684 0
0.4224599061777511 0.754005711469515 0
0.6847527708570283 0.7042430596706932 0
0.5313409321358314 0.192983172993975 0
0.7885410037945113 0.7332071782270745 0
0.4588927158333788 0.678697598951244 0
0.4907026161694463 0.7590640392858279 0
0.6812689130351269 0.2462532887776535 0
0.1615511706275199 0.8070834699467624 0
0.6972042251875423 0.9212384406554486 0
0.4692594472405159 0.6016244487841164 0
0.356002405635422 0.1239131623425748 0
0.5990957477199096 0.560178282424554 0
0.1522357691377546 0.2248855940636407 0
0.8911156471347491 0.5505045824894873 0
0.225 0.03781074701129905 0
0.6412593734635393 0.3567023831230063 0
0.4792003364592609 0.3890428108531087 0
0.7743117817498075 0.8019915153408518 0
0.1318808753520763 0.5839000591429315 0
0.8855877114636633 0.2131002123220823 0
0.2620320794348209 0.6090485627615327 0
0.07345507177971095 0.03989407572111453 0
0.124721275735682 0.4175369728577591 0
0.6768724745334853 0.2753420975629694 0
0.286149086462941 0.670597938178251 0
0.7467618793610258 0.6633143919981177 0
0.9178022164968511 0.577564730927167 0
0.2583954730225345 0.3434360344412713 0
0.2305859471063005 0.3437288022509279 0
0.6216005345986574 0.8691698817029003 0
0.2304116145618587 0.6877409375746165 0
0.1487873113197728 0.07799126448497773 0
0.5204940355721106 0.892893229015383 0
0.3511886973092393 0.4099688013510911 0
0.08027537093181025 0.3601004689756002 0
0.3984315903121795 0.5939958939722514 0
0.4074837843239514 0.3327801743788344 0
0.4255124343158866 0.8838508869337809 0
0.7617225165161412 0.5849128010250773 0
0.7892145198624074 0.5764390952545504 0
0.3312895619780248 0.48675459590197 0
0.3148815891499959 0.4638609257390247 0
0.23438130803337 0.3895207851858563 0
0.3777091268772968 0.3793429614286991 0
0.4578395000718952 0.6391863507601049 0
0.03678126745665278 0.7177178238111542 0
0.4877045615058903 0.6664210966325189 0
0.4982874979554367 0.6776333116619371 0
0.9604232362963318 0.3187878941893607 0
0.4417273565802372 0.5959486077242333 0
0.4023895694101322 0.6584592297358346 0
0.5904149059150541 0.3347718610538737 0
0.6647124843617287 0.4358770743832205 0
0.8942187446686102 0.9195900818236056 0
0.4132670544419395 0.3908718280314905 0
0.6619167258747169 0.7077059358505153 0
0.6045532072914692 0.6224380245321712 0
0.5146022405452737 0.6594483660300776 0
0.5982755825961812 0.6518516887532647 0
0.453041575180154 0.3121734556268839 0
0.2122896895476957 0.865304904431874 0
0.5009883065905539 0.07474804942866042 0
0.3821211277653116 0.6335071914427826 0
0.3755626603460812 0.6500775060661201 0
0.6353447455060405 0.6006465389599291 0
0.3709220000985354 0.3147402388419018 0
0.1266758786889503 0.03787928001905544 0
0.4628395584210631 0.3677943986436109 0
0.6390963708232461 0.07839825199146877 0
0.6380920076219001 0.4051179304936684 0
0.6545635443419981 0.5386233945035808 0
0.5944159562833626 0.353045159911103 0
0.3352760216417997 0.5000935747331015 0
0.3738456147593381 0.4527336637302694 0
0.6866221546032852 0.3952597900160982 0
0.4701359090178 0.6153808263960154 0
0.6351060651367719 0.2441354256979305 0
0.4623765979555963 0.3934649730796279 0
0.0375842131766907 0.8750000000000002 0
0.3655472184145783 0.610291493178802 0
0.2211636864574568 0.5266341433747962 0
0.5849331455762009 0.4259208075935663 0
0.6712384876982023 0.5048355226884177 0
0.0705764924600914 0.5533869378988304 0
0.3850127574072203 0.5001063602174559 0
0.3476258810276755 0.5887547789210728 0
0.4179182487645725 0.5766302841420021 0
0.6753965016804917 0.477048364287263 0
0.3877318307035359 0.5128447091089551 0
0.07916269901040057 0.2902738667223462 0
0.5102450951520241 0.3606251032981109 0
0.5738799175462802 0.6409703059653162 0
0.03660365906648072 0.1249999999999998 0
0.3179360327815182 0.4123042749080148 0
0.6388733075136257 0.4652760945215671 0
0.4166063941035719 0.5969917813199117 0
0.6871338670737772 0.4914925509723162 0
0.648861450359641 0.6137875960203736 0
0.55430478052485 0.8835850435041854 0
0.4369078876054723 0.2198166711600494 0
0.3380773239908028 0.5267456754649994 0
0.3964918212187065 0.5424108520875917 0
0.6962727253279484 0.2921974277231021 0
0.5279900989986992 0.3438434159403447 0
0.4290024106111713 0.4130838638705128 0
0.1610340284116133 0.7057458628094537 0
0.5543664687677338 0.3377149085536342 0
0.5538599915380917 0.5980366436558224 0
0.3214601780244734 0.7057107532698482 0
0.1956332513935398 0.464038451284356 0
0.1850691564147851 0.4958107695560461 0
0.4415264273816468 0.3633550341590524 0
0.5084270773969843 0.7733123071950628 0
0.91623328824499 0.8318114483856258 0
0.1103427645485103 0.5486376055761236 0
0.9168691275613456 0.08546613374316869 0
0.5949207919733858 0.5466703465035077 0
0.5132918193987248 0.6060133402556782 0
0.9254728031599545 0.4446307198917566 0
0.5802637129444949 0.4062428941745019 0
0.4821207343970967 0.8128789437715839 0
0.5946916430292742 0.4400005873405581 0
0.6016458701877092 0.3015352004957881 0
0.7099886312396861 0.448053283613046 0
0.2842403483664001 0.8475317297302568 0
0.3882724238248627 0.9623019661101493 0
0.3085312628597937 0.1554660665288353 0
0.7767105650594873 0.6530748049871589 0
0.6281802824063752 0.4561247851409562 0
0.7705422048832757 0.5355673717438235 0
0.3561060182430307 0.3343382845620541 0
0.3767958082825705 0.3353523698435537 0
0.0384796129701212 0.7833513552801635 0
0.1161066705645542 0.2260535380234499 0
0.4497724357750909 0.8206426501688958 0
0.4400249987057 0.3204600618615397 0
0.4268243542532544 0.5960413734700565 0
0.3866935622473538 0.4410316052197301 0
0.7307533222530919 0.2937583279209801 0
0.07790029075321969 0.5162760377215181 0
0.4470586272864282 0.4001209779395395 0
0.273230346834451 0.3237862965555122 0
0.5746195224469928 0.4153274084506227 0
0.484471071825424 0.2970521724100337 0
0.6637848808972058 0.5709457013943208 0
0.9319306507354836 0.6995140842652625 0
0.2488782220546814 0.5897314866757088 0
0.07361216679034843 0.4505007924232156 0
0.9246971005222941 0.1982932428000692 0
0.3854274926974304 0.4325120875979977 0
0.8402760532887024 0.9192038122579018 0
0.5775217710809759 0.5709385484413612 0
0.2498032292890988 0.7055093579037525 0
0.4383911288241938 0.8503122907008438 0
0.6169454911268836 0.6440907291434324 0
0.08591657858500407 0.4205624444989023 0
0.3963687433139731 0.7592215094669014 0
0.08299703298768457 0.8306316292831312 0
0.4084005612008672 0.4368360430935501 0
0.4170775320024701 0.4245045370861323 0
0.3829175987028398 0.5293501193893118 0
0.3868523940600412 0.6609437010957917 0
0.5668619050616723 0.5810398578103539 0
0.651011177877038 0.5512886497519426 0
0.6769844544099954 0.887600837843414 0
0.1653042168190251 0.5286635575007168 0
0.8899159282747422 0.312913300163177 0
0.5026746495400818 0.6254447555988195 0
0.3390786564895978 0.4189561544004152 0
0.5243598147082998 0.6675822339647818 0
0.154041346100527 0.8407846039980498 0
0.6139695871098636 0.5285036407533364 0
0.3369791120271204 0.5775458398574933 0
0.6427456593834894 0.7380422826979103 0
0.5865194424726016 0.5593332264032453 0
0.4893389264959941 0.3554026483220001 0
0.5072170039513837 0.3488244758034894 0
0.329262822947431 0.4584327542504809 0
0.3958958205755597 0.7935945452865668 0
0.7262545730584707 0.4564753719449676 0
0.9261419007087675 0.5417855924664167 0
0.259210100740651 0.2813778084723458 0
0.4235254266635653 0.1766174996441979 0
0.5172887518486807 0.3897239202986262 0
0.08976398992409651 0.6779957569869715 0
0.2826300310438401 0.7050692824046901 0
0.8738567581080774 0.6156577830521154 0
0.7793253642297335 0.6004954317638603 0
0.1305409057030616 0.6762641804492393 0
0.652226102649859 0.6497518717975479 0
0.378811309995828 0.3628959925808659 0
0.3904224573525449 0.519489162136588 0
0.6224535288520138 0.506600584973935 0
0.309998229967984 0.5479162653188412 0
0.9225742166241399 0.7867766080701717 0
0.6048109845786399 0.5384938447678775 0
0.6776411271645495 0.4290919253442849 0
0.5664911122075981 0.3450973271210247 0
0.3070612067326262 0.2406823680514938 0
0.5555096015210657 0.4019853079943531 0
0.2075096299016158 0.506482297836884 0
0.5098464927385471 0.922901234007343 0
0.4903552083777535 0.604179095390984 0
0.6213544743234926 0.7221037485500716 0
0.5059912792428598 0.3954816489974525 0
0.4031705771292136 0.5555235566641207 0
0.5354776708085274 0.07239171056738303 0
0.8432119482817646 0.07658210430475221 0
0.364305671873675 0.4563402185455036 0
0.5064042617911617 0.2594495483269896 0
0.5398853870666595 0.3870640329992344 0
0.2689954736732176 0.8833779728949664 0
0.4238181124541566 0.5805165596553955 0
0.4562326315509775 0.6028370060200231 0
0.5653315962519175 0.6078361926065239 0
0.4003821929354688 0.4507547179072677 0
0.5406776647754673 0.2228299751646555 0
0.427071171723431 0.3794610634575628 0
0.6219404960060473 0.3835698340172339 0
0.3573255239884958 0.2933140953576081 0
0.5609608958050385 0.5949566257158444 0
0.6040073474869869 0.4581635153026193 0
0.3915816496105139 0.3245893185425395 0
0.557634669941146 0.7371221180511751 0
0.5200512329733169 0.6110911688389473 0
0.4146309908628414 0.8233249244702344 0
0.3583900671240975 0.6243502893635853 0
0.03243515954833187 0.5639112457930456 0
0.3728167326280158 0.5399029806062385 0
0.3992924745416926 0.5491227466455331 0
0.03660254037844368 0.9633974596215562 0
0.9633974596215561 0.03660254037844396 0
0.9633974596215562 0.9633974596215563 0
0.5901051554398106 0.1140820704301459 0
0.3948779149945406 0.8828951899486193 0
0.8231827879627821 0.8877752587106736 0
0.9274472807821746 0.7420890384726302 0
0.7670968442508006 0.3427818758293438 0
0.6136718886424956 0.6311525170224705 0
0.4296973823641056 0.6058653526749617 0
0.306471839135773 0.07246600565537281 0
0.4676523185546139 0.6235540789581763 0
0.2898376180851323 0.2784566315635861 0
0.2080868538622903 0.5998139705548996 0
0.6196912293034605 0.3121689715672761 0
0.0354163001778835 0.03541630017788344 0
0.597344779201331 0.5679298353763591 0
0.965688333320075 0.6905195187083317 0
0.5790379849385325 0.3925677007981031 0
0.4844703769225289 0.6807487195632973 0
0.902902745658777 0.6051943091444694 0
0.4712649518590483 0.3610344517253306 0
0.3908144007218652 0.5863651057262315 0
0.3133211984700964 0.5673044247801671 0
0.722499815440365 0.4762414757080894 0
0.6066969353593495 0.5309574877528881 0
0.3913040623067671 0.6756658167163708 0
0.3093122662127873 0.03424395286419929 0
0.3282040774280899 0.12997269903125 0
0.446721068677605 0.6414441631580803 0
0.5019736160388034 0.611281041429419 0
0.4067756785160566 0.317982405654645 0
0.5784458082276051 0.7499115975774386 0
0.07091208864724402 0.3932200701939285 0
0.3248335089038269 0.5205334520868834 0
0.1372115915254791 0.5300498528388129 0
0.3878445636323815 0.4943828783153699 0
0.5595337709609093 0.6030007060494365 0
0.5790029549479669 0.4221434528018713 0
0.6988634074281866 0.5430222819897039 0
0.765740192854482 0.1125866457116509 0
0.4585585211922141 0.1723328441695359 0
0.494393833447997 0.6908637673222132 0
0.7857207004180443 0.4630249009677629 0
0.6085576192224714 0.5232952024241943 0
0.6588890332590895 0.236187060205018 0
0.3427239665568542 0.4324176696852507 0
0.06930870888554885 0.1538484470288415 0
0.5445062497510017 0.1689416608782517 0
0.6411434136068902 0.6262086892531586 0
0.6290851403900506 0.4464693828531705 0
0.3381501404298223 0.3678647608063522 0
0.4717909384240363 0.6082524518769649 0
0.3922334669461733 0.4731895653878836 0
0.5477251751189693 0.6003186013992172 0
0.5001050673398089 0.3853120410360223 0
0.9301968569292294 0.4074662496573185 0
0.4908738458746345 0.1053097453018657 0
0.6195324787764638 0.5338510110995189 0
0.4351413871987492 0.4096611082212355 0
0.6026435839708111 0.5444068010516703 0
0.3783701730754558 0.5014070645280611 0
0.3971446727430373 0.4571182887115176 0
0.8174951462291958 0.7209257849317536 0
0.3259184532406327 0.5087178872756903 0
0.6413031238496262 0.6396459496242606 0
0.6973056709557809 0.5027078519306797 0
0.2229472758537072 0.3674827593868257 0
0.5747787840802805 0.9082984288646647 0
0.5707851293266261 0.1291634629040615 0
0.6097029964680074 0.5163936168710912 0
0.236664290811462 0.886720830595085 0
0.4996957818077973 0.632746133440411 0
0.4126438121984104 0.4310295527353321 0
0.6437638452134079 0.8895294105164362 0
0.5472830229885084 0.3998856212074493 0
0.3810942133328024 0.3488829286863986 0
0.4714060192890061 0.6851775122025897 0
0.394357184657902 0.4651140764969224 0
0.5524414621595211 0.3800779238004294 0
0.3240839079378104 0.3973807582912457 0
0.7320049094392715 0.3218846047214249 0
0.8934473480574409 0.2757398462696283 0
0.2910175096778368 0.2225013060699754 0
0.6690004810498954 0.0813436485118656 0
0.6100989195045878 0.4839517954042433 0
0.06693080869355772 0.6490166523072936 0
0.37992996792828 0.5132295315321455 0
0.2908478842356018 0.4871705305054507 0
0.2020936527591391 0.6269712666626298 0
0.4149962813200189 0.6066612710775482 0
0.6727202892736198 0.3680717955183966 0
0.3737149407604371 0.5082058393064199 0
0.5053326475117419 0.6047023623985424 0
0.5870147933159896 0.3881697974808757 0
0.6112081283482251 0.573601630545204 0
0.3433275603684945 0.6039068203988096 0
0.4082146165954145 0.565024013249618 0
0.55513588587622 0.3875466145749755 0
0.4554052132998847 0.2967051019548356 0
0.5677395441478246 0.5919109100206922 0
0.4864659779251195 0.3900016986278695 0
0.6076592019561318 0.4702863676387759 0
0.5671081069907946 0.4116998558644587 0
0.5405419151501762 0.6148032167948236 0
0.06921497208212091 0.9052272819052497 0
0.6594643337087484 0.7493378758228348 0
0.366405254910158 0.2792536608973296 0
0.6369092233222372 0.513858407272949 0
0.4477246260138569 0.3558104124159089 0
0.3334030744072169 0.3539633204896993 0
0.929516252489536 0.1549573958847302 0
0.4755214256215948 0.9748318290703342 0
0.9324354153387275 0.5064131919470477 0
0.5355563924536939 0.6505694863789593 0
0.6986866515560515 0.5168621570304011 0
0.4722017037876447 0.1468623482373419 0
0.3883617709039846 0.5055904774703105 0
$EndNodes
$Elements
11 3227 1 3227
0 1 15 1
1 1 
0 2 15 1
2 2 
0 3 15 1
3 3 
0 4 15 1
4 4 
0 5 15 1
5 5 
1 1 1 20
6 1 6 
7 6 7 
8 7 8 
9 8 9 
10 9 10 
11 10 11 
12 11 12 
13 12 13 
14 13 14 
15 14 15 
16 15 16 
17 16 17 
18 17 18 
19 18 19 
20 19 20 
21 20 21 
22 21 22 
23 22 23 
24 23 24 
25 24 2 
1 2 1 20
26 2 25 
27 25 26 
28 26 27 
29 27 28 
30 28 29 
31 29 30 
32 30 31 
33 31 32 
34 32 33 
35 33 34 
36 34 35 
37 35 36 
38 36 37 
39 37 38 
40 38 39 
41 39 40 
42 40 41 
43 41 42 
44 42 43 
45 43 3 
1 3 1 20
46 3 44 
47 44 45 
48 45 46 
49 46 47 
50 47 48 
51 48 49 
52 49 50 
53 50 51 
54 51 52 
55 52 53 
56 53 54 
57 54 55 
58 55 56 
59 56 57 
60 57 58 
61 58 59 
62 59 60 
63 60 61 
64 61 62 
65 62 4 
1 4 1 20
66 4 63 
67 63 64 
68 64 65 
69 65 66 
70 66 67 
71 67 68 
72 68 69 
73 69 70 
74 70 71 
75 71 72 
76 72 73 
77 73 74 
78 74 75 
79 75 76 
80 76 77 
81 77 78 
82 78 79 
83 79 80 
84 80 81 
85 81 1 
1 5 1 89
86 5 82 
87 82 83 
88 83 84 
89 84 85 
90 85 86 
91 86 87 
92 87 88 
93 88 89 
94 89 90 
95 90 91 
96 91 92 
97 92 93 
98 93 94 
99 94 95 
100 95 96 
101 96 97 
102 97 98 
103 98 99 
104 99 100 
105 100 101 
106 101 102 
107 102 103 
108 103 104 
109 104 105 
110 105 106 
111 106 107 
112 107 108 
113 108 109 
114 109 110 
115 110 111 
116 111 112 
117 112 113 
118 113 114 
119 114 115 
120 115 116 
121 116 117 
122 117 118 
123 118 119 
124 119 120 
125 120 121 
126 121 122 
127 122 123 
128 123 124 
129 124 125 
130 125 126 
131 126 127 
132 127 128 
133 128 129 
134 129 130 
135 130 131 
136 131 132 
137 132 133 
138 133 134 
139 134 135 
140 135 136 
141 136 137 
142 137 138 
143 138 139 
144 139 140 
145 140 141 
146 141 142 
147 142 143 
148 143 144 
149 144 145 
150 145 146 
151 146 147 
152 147 148 
153 148 149 
154 149 150 
155 150 151 
156 151 152 
157 152 153 
158 153 154 
159 154 155 
160 155 156 
161 156 157 
162 157 158 
163 158 159 
164 159 160 
165 160 161 
166 161 162 
167 162 163 
168 163 164 
169 164 165 
170 165 166 
171 166 167 
172 167 168 
173 168 169 
174 169 5 
2 1 2 3053
175 1014 1318 469 
176 56 1241 839 
177 1097 1400 1027 
178 839 1389 56 
179 657 1185 770 
180 662 1251 550 
181 882 1400 1098 
182 398 887 419 
183 512 1219 918 
184 788 1338 1200 
185 676 1360 1346 
186 419 1367 1032 
187 997 1337 1162 
188 299 1520 850 
189 924 1075 405 
190 175 1385 899 
191 224 1105 936 
192 755 1000 999 
193 848 1040 271 
194 427 1375 968 
195 390 1093 348 
196 909 1183 764 
197 553 1478 837 
198 427 968 448 
199 912 915 396 
200 329 1453 1003 
201 439 981 437 
202 1239 1317 793 
203 1122 1174 964 
204 1448 1452 800 
205 1174 1332 1261 
206 785 1241 1206 
207 419 1032 407 
208 836 1070 537 
209 625 1237 905 
210 1346 1360 896 
211 925 1303 397 
212 906 930 731 
213 550 1251 548 
214 964 1470 1122 
215 662 1180 1047 
216 1261 1497 1174 
217 469 1318 470 
218 413 895 473 
219 981 1030 437 
220 801 1322 1180 
221 1029 1248 582 
222 899 1485 1108 
223 887 1370 419 
224 823 1402 1366 
225 192 1175 1053 
226 792 1095 1021 
227 873 1512 1383 
228 353 1222 1202 
229 651 1183 909 
230 894 1315 393 
231 225 1165 1041 
232 1154 1421 867 
233 967 1536 313 
234 574 1429 1374 
235 533 1304 1170 
236 905 1358 625 
237 385 1003 914 
238 1366 1402 370 
239 658 1185 657 
240 818 1520 299 
241 913 1408 915 
242 1021 1402 792 
243 1031 1384 726 
244 189 1113 930 
245 386 1015 365 
246 913 915 912 
247 936 1341 224 
248 895 1515 473 
249 547 906 731 
250 1046 1447 803 
251 1202 1222 799 
252 67 1309 868 
253 579 1029 582 
254 1200 1338 359 
255 814 1452 1448 
256 926 927 617 
257 320 1085 332 
258 207 1396 866 
259 322 1085 320 
260 871 1474 722 
261 938 939 274 
262 866 1421 207 
263 1215 1239 793 
264 1058 1575 1402 
265 393 1386 894 
266 311 967 313 
267 668 985 279 
268 449 988 987 
269 857 1200 355 
270 314 1197 334 
271 645 991 891 
272 868 1396 67 
273 342 912 396 
274 173 1060 972 
275 919 1017 998 
276 1093 1518 348 
277 184 1148 931 
278 316 1197 314 
279 755 1167 1000 
280 1146 1424 1145 
281 969 970 692 
282 553 837 555 
283 786 1132 631 
284 1374 1429 1221 
285 1046 1110 188 
286 759 1303 925 
287 250 1231 248 
288 265 1405 1036 
289 976 978 670 
290 355 1387 857 
291 448 968 469 
292 1036 1445 265 
293 367 1015 893 
294 966 967 311 
295 193 1166 1068 
296 859 860 776 
297 537 1436 836 
298 317 924 405 
299 924 1433 1075 
300 709 1250 1157 
301 1053 1466 192 
302 729 1046 803 
303 1084 1447 1114 
304 869 1227 691 
305 1288 1449 773 
306 567 874 486 
307 987 1399 449 
308 1085 1526 332 
309 271 1040 262 
310 1179 1514 1290 
311 629 1384 1031 
312 980 981 500 
313 1027 1400 1359 
314 899 1108 175 
315 1155 1421 1154 
316 728 1067 727 
317 898 1014 937 
318 1170 1304 1013 
319 991 992 891 
320 1005 1006 625 
321 910 1298 201 
322 214 1139 1055 
323 1243 1451 1147 
324 187 1260 1064 
325 918 1413 512 
326 938 940 939 
327 386 1279 1015 
328 288 1010 1009 
329 502 980 500 
330 509 1219 512 
331 299 850 301 
332 882 1503 1400 
333 1003 1004 914 
334 631 1132 635 
335 694 1478 553 
336 999 1001 755 
337 216 1143 1011 
338 338 1003 385 
339 388 974 294 
340 940 1033 939 
341 830 1403 1039 
342 1033 1034 520 
343 211 1061 1060 
344 1020 1021 654 
345 770 1185 1184 
346 270 938 274 
347 972 1062 173 
348 405 982 319 
349 655 1020 654 
350 1162 1401 997 
351 1047 1251 662 
352 722 1474 1045 
353 893 1508 367 
354 976 1526 978 
355 405 1047 982 
356 969 1107 221 
357 404 984 323 
358 201 1353 910 
359 1186 1480 466 
360 827 1442 917 
361 614 926 617 
362 500 981 439 
363 1165 1194 1041 
364 942 1179 37 
365 1189 1272 770 
366 756 1243 1147 
367 1058 1402 1021 
368 392 887 398 
369 365 1015 367 
370 1383 1512 928 
371 775 859 776 
372 235 1051 1050 
373 937 1208 898 
374 977 1526 976 
375 1080 1081 12 
376 858 1278 197 
377 205 1172 32 
378 1132 1191 635 
379 279 985 281 
380 504 976 670 
381 926 970 927 
382 788 1200 857 
383 419 1370 1160 
384 851 1517 1457 
385 177 1136 1016 
386 308 966 311 
387 1240 1423 765 
388 524 991 645 
389 561 1293 1176 
390 842 1146 841 
391 750 1391 756 
392 944 1601 254 
393 1484 1531 1371 
394 1169 1390 1231 
395 716 1326 1195 
396 986 988 949 
397 882 1038 880 
398 839 1241 785 
399 1082 1569 1112 
400 197 1234 858 
401 466 1480 1266 
402 1020 1501 1058 
403 842 1424 1146 
404 899 1385 824 
405 945 986 949 
406 1039 1403 206 
407 522 993 991 
408 723 1045 729 
409 874 1516 486 
410 1126 1127 199 
411 1162 1337 518 
412 1018 1019 680 
413 1210 1480 1173 
414 1047 1180 982 
415 1293 1568 1176 
416 756 1391 1243 
417 1035 1036 767 
418 598 1005 625 
419 961 1363 1083 
420 1206 1241 196 
421 377 1410 943 
422 1072 1236 913 
423 1357 1432 1034 
424 239 240 203 
425 1019 1501 1020 
426 1345 1532 971 
427 179 1479 1017 
428 408 1213 399 
429 969 1345 970 
430 1042 1043 202 
431 211 1063 1061 
432 1131 1191 1132 
433 1083 1446 961 
434 930 1488 189 
435 793 1377 1215 
436 201 1298 1057 
437 659 824 692 
438 288 1009 289 
439 656 1078 1077 
440 1081 1521 12 
441 1045 1046 729 
442 1049 1477 219 
443 1180 1322 404 
444 1147 1253 756 
445 1223 1436 1010 
446 400 1109 430 
447 931 1280 184 
448 399 1213 406 
449 221 1345 969 
450 274 941 275 
451 995 1064 992 
452 939 1305 941 
453 539 921 541 
454 661 1080 241 
455 1067 1202 727 
456 1179 1290 204 
457 480 877 464 
458 856 1567 1422 
459 772 1390 1169 
460 1420 1442 401 
461 648 872 870 
462 943 1583 1507 
463 1082 1112 871 
464 692 970 926 
465 388 1195 974 
466 921 1002 541 
467 666 863 862 
468 978 1526 1085 
469 1205 1448 800 
470 380 1231 250 
471 1215 1377 233 
472 588 862 590 
473 1001 1203 440 
474 827 1489 1442 
475 50 1126 199 
476 1068 1194 193 
477 297 1449 1288 
478 522 1472 993 
479 617 928 618 
480 869 1279 386 
481 397 1393 925 
482 802 1418 1322 
483 411 895 413 
484 646 765 571 
485 660 1023 1022 
486 1282 1378 568 
487 185 1233 1052 
488 882 1313 1038 
489 941 1582 275 
490 742 1062 972 
491 877 878 493 
492 974 1327 818 
493 562 1308 1229 
494 917 1442 1420 
495 691 1279 869 
496 941 1305 1170 
497 718 846 719 
498 609 659 613 
499 1327 1425 818 
500 645 890 888 
501 722 1045 723 
502 746 1070 836 
503 391 1067 1066 
504 659 692 613 
505 824 969 692 
506 862 1552 590 
507 1032 1367 771 
508 705 1035 767 
509 854 1583 943 
510 251 944 254 
511 764 1369 909 
512 406 1473 1210 
513 1064 1260 892 
514 671 907 906 
515 1124 1562 1176 
516 852 1517 851 
517 916 929 694 
518 1188 1528 853 
519 841 859 775 
520 681 1018 680 
521 1365 1493 841 
522 844 1531 1484 
523 1182 1379 826 
524 1180 1355 801 
525 434 1030 336 
526 729 803 730 
527 241 1080 203 
528 1021 1095 654 
529 576 742 688 
530 1187 1408 644 
531 420 432 416 
532 252 1083 946 
533 400 416 395 
534 586 666 588 
535 1038 1313 176 
536 1017 1104 179 
537 891 892 890 
538 393 887 392 
539 400 420 416 
540 621 648 624 
541 1069 1232 904 
542 863 865 862 
543 379 400 395 
544 1005 1007 1006 
545 970 971 927 
546 770 1272 741 
547 562 922 921 
548 1017 1479 998 
549 646 783 765 
550 857 1460 788 
551 526 888 528 
552 379 395 307 
553 1155 1342 207 
554 873 1383 1056 
555 742 972 688 
556 841 1493 859 
557 1358 1392 605 
558 398 419 407 
559 207 1421 1155 
560 1227 1333 615 
561 878 882 880 
562 344 1533 1073 
563 803 1447 1084 
564 464 493 431 
565 379 1109 400 
566 409 444 411 
567 1166 1579 1068 
568 1184 1189 770 
569 1048 1394 821 
570 861 1591 1190 
571 651 1583 1183 
572 498 562 539 
573 690 1106 839 
574 506 646 571 
575 928 1588 618 
576 624 870 628 
577 775 776 567 
578 590 718 592 
579 783 1240 765 
580 666 862 588 
581 743 1281 1203 
582 840 841 775 
583 727 1202 799 
584 413 473 415 
585 861 1190 876 
586 915 1159 396 
587 562 921 539 
588 736 1067 728 
589 1203 1281 440 
590 1010 1436 1349 
591 404 1322 984 
592 524 645 526 
593 383 393 392 
594 385 913 912 
595 922 923 921 
596 995 1547 1064 
597 1024 1025 864 
598 628 722 721 
599 429 1077 689 
600 249 1083 252 
601 855 1567 856 
602 528 660 530 
603 464 877 493 
604 305 379 307 
605 396 1533 344 
606 545 906 547 
607 37 1511 942 
608 444 895 411 
609 482 559 480 
610 590 1552 718 
611 1124 1176 1126 
612 1236 1408 913 
613 543 671 545 
614 255 1506 975 
615 176 1149 1038 
616 14 239 203 
617 1261 1332 786 
618 340 912 342 
619 907 1488 906 
620 774 775 567 
621 70 1491 983 
622 979 1467 1437 
623 994 995 992 
624 943 1507 377 
625 583 1024 586 
626 781 1253 1147 
627 765 855 766 
628 284 387 286 
629 1018 1218 1019 
630 201 1057 75 
631 204 1129 35 
632 666 1024 864 
633 437 1030 434 
634 338 385 340 
635 723 729 725 
636 663 1343 1140 
637 258 1048 260 
638 334 1197 1130 
639 648 870 624 
640 522 991 524 
641 949 990 944 
642 72 1039 206 
643 906 1488 930 
644 506 571 507 
645 192 1524 1175 
646 202 1106 1042 
647 1256 1278 858 
648 174 1275 1063 
649 547 731 549 
650 1086 1089 196 
651 313 403 315 
652 970 1345 971 
653 315 924 317 
654 765 1423 855 
655 551 916 694 
656 878 880 879 
657 549 916 551 
658 198 1123 18 
659 821 1394 822 
660 363 386 365 
661 883 1503 877 
662 559 1299 1026 
663 648 873 872 
664 1048 1604 260 
665 1012 1528 1188 
666 381 940 938 
667 1198 1515 895 
668 1173 1255 1210 
669 645 888 526 
670 1044 1120 496 
671 232 1278 1256 
672 240 242 241 
673 564 1044 496 
674 1402 1575 370 
675 188 1447 1046 
676 825 899 824 
677 37 1179 36 
678 939 941 274 
679 764 1294 656 
680 1329 1486 1395 
681 668 1188 985 
682 1250 1353 1157 
683 1326 1327 1195 
684 880 885 881 
685 1076 1275 174 
686 256 266 258 
687 342 396 344 
688 488 567 486 
689 697 1013 1012 
690 325 984 389 
691 718 719 592 
692 385 912 340 
693 1210 1255 406 
694 1181 1414 1317 
695 566 1054 492 
696 576 688 577 
697 551 694 553 
698 992 1064 891 
699 446 1077 429 
700 1054 1121 492 
701 916 1011 929 
702 777 1374 1221 
703 249 252 251 
704 978 979 670 
705 680 1020 655 
706 448 469 468 
707 671 906 545 
708 198 1332 1123 
709 930 1224 731 
710 513 1162 518 
711 698 977 976 
712 242 244 243 
713 555 837 576 
714 392 398 394 
715 321 982 404 
716 598 625 600 
717 403 924 315 
718 252 944 251 
719 260 271 262 
720 440 1267 1001 
721 480 1584 877 
722 596 1005 598 
723 583 1589 1024 
724 292 388 294 
725 697 1012 668 
726 656 1416 1078 
727 1020 1058 1021 
728 260 1604 271 
729 398 407 399 
730 773 1449 1416 
731 880 1038 885 
732 383 392 384 
733 1172 1312 31 
734 988 989 949 
735 235 1285 1051 
736 1106 1389 839 
737 455 1120 453 
738 407 1032 409 
739 238 1317 1239 
740 195 1092 1091 
741 922 1052 923 
742 278 697 668 
743 1043 1606 202 
744 722 723 721 
745 33 1128 205 
746 791 1514 1179 
747 296 974 818 
748 1098 1313 882 
749 873 1055 872 
750 645 891 890 
751 264 381 268 
752 530 1022 572 
753 193 1194 1165 
754 1079 1201 689 
755 240 241 203 
756 470 506 472 
757 317 405 319 
758 407 409 408 
759 999 1203 1001 
760 248 1231 443 
761 229 1470 1325 
762 281 985 284 
763 806 809 808 
764 1140 1490 388 
765 1071 1265 1030 
766 346 390 348 
767 1026 1359 559 
768 331 1003 338 
769 636 1095 792 
770 319 982 321 
771 16 1122 229 
772 1045 1111 1046 
773 660 1022 530 
774 1294 1416 656 
775 1019 1218 1217 
776 838 1379 1204 
777 1040 1357 381 
778 1351 1360 676 
779 294 974 296 
780 671 908 907 
781 945 949 944 
782 252 945 944 
783 606 1246 609 
784 240 1551 1059 
785 323 984 325 
786 983 1259 70 
787 1052 1053 923 
788 1046 1111 1110 
789 205 1550 1172 
790 286 1223 288 
791 837 844 742 
792 975 1506 1445 
793 305 307 306 
794 409 411 410 
795 1007 1068 1006 
796 1010 1590 1009 
797 994 996 995 
798 950 1212 965 
799 432 498 497 
800 383 1386 393 
801 262 1040 264 
802 975 1462 255 
803 940 1357 1034 
804 289 1009 292 
805 666 864 863 
806 549 1598 916 
807 48 1189 1184 
808 1078 1079 689 
809 810 931 832 
810 1040 1574 1357 
811 1035 1445 1036 
812 1248 1589 582 
813 1077 1078 689 
814 297 1372 1079 
815 1170 1305 533 
816 981 1071 1030 
817 1072 1328 584 
818 816 1378 1282 
819 504 670 502 
820 950 965 947 
821 512 1162 513 
822 266 1048 258 
823 792 1402 823 
824 461 1121 459 
825 965 987 986 
826 1125 1562 1124 
827 228 1606 1043 
828 1031 1130 698 
829 228 1125 1124 
830 602 1358 605 
831 596 1008 1005 
832 301 850 305 
833 602 605 604 
834 555 576 557 
835 637 1095 636 
836 363 1585 386 
837 296 818 299 
838 76 1133 201 
839 19 1131 198 
840 577 1029 579 
841 321 404 323 
842 1146 1365 841 
843 58 1086 196 
844 806 1196 809 
845 195 1091 29 
846 39 1090 194 
847 1325 1470 963 
848 431 1225 420 
849 311 313 312 
850 270 274 273 
851 940 1034 1033 
852 344 1073 346 
853 264 1040 381 
854 278 668 279 
855 803 1084 804 
856 729 730 725 
857 609 613 610 
858 498 539 538 
859 885 1049 886 
860 1131 1132 198 
861 727 799 684 
862 606 609 608 
863 514 976 504 
864 759 925 738 
865 864 1076 863 
866 275 278 277 
867 237 1379 1182 
868 846 1041 719 
869 242 243 241 
870 625 1358 600 
871 509 512 511 
872 1417 1489 1398 
873 888 1586 528 
874 856 1017 919 
875 381 938 268 
876 469 470 468 
877 908 1065 907 
878 792 823 757 
879 215 1426 1062 
880 242 245 244 
881 768 1161 834 
882 268 938 270 
883 430 431 420 
884 1142 1312 829 
885 803 804 730 
886 1066 1067 736 
887 325 389 327 
888 1113 1224 930 
889 932 936 934 
890 498 1308 562 
891 905 1392 1358 
892 536 698 514 
893 388 1490 1195 
894 1317 1414 762 
895 292 1009 388 
896 972 1060 973 
897 586 588 587 
898 753 1167 755 
899 915 1408 1187 
900 219 1273 1049 
901 670 980 502 
902 32 1172 31 
903 1157 1397 709 
904 698 976 514 
905 372 383 375 
906 586 1024 666 
907 738 1066 736 
908 301 305 303 
909 765 766 571 
910 1143 1548 1011 
911 313 315 314 
912 1197 1487 977 
913 927 928 617 
914 1085 1467 979 
915 947 986 945 
916 1055 1597 214 
917 244 247 246 
918 877 1503 878 
919 784 897 783 
920 904 1237 1069 
921 251 254 253 
922 539 541 540 
923 393 1315 1249 
924 902 903 900 
925 245 1535 1446 
926 249 251 250 
927 496 1120 455 
928 204 1444 1129 
929 1022 1424 842 
930 247 249 248 
931 254 256 255 
932 463 464 431 
933 878 879 493 
934 271 1545 848 
935 1071 1319 1265 
936 385 914 913 
937 470 1318 506 
938 1011 1224 216 
939 1025 1589 1248 
940 870 1573 628 
941 488 774 567 
942 636 757 633 
943 256 258 257 
944 338 340 339 
945 522 524 523 
946 763 1333 1227 
947 840 842 841 
948 1204 1379 1238 
949 705 767 703 
950 479 480 464 
951 661 1081 1080 
952 876 1027 1026 
953 200 1448 1205 
954 492 1121 461 
955 359 1338 1094 
956 621 624 623 
957 867 1434 1154 
958 843 975 817 
959 774 840 775 
960 659 825 824 
961 685 727 684 
962 478 656 476 
963 229 1325 239 
964 579 582 581 
965 731 1598 549 
966 769 1167 753 
967 978 1085 979 
968 848 1574 1040 
969 476 1077 446 
970 541 543 542 
971 1315 1335 779 
972 36 1179 204 
973 1173 1480 1186 
974 583 586 585 
975 229 239 15 
976 513 518 517 
977 247 1083 249 
978 817 1035 707 
979 914 1072 913 
980 684 1018 681 
981 286 1517 1223 
982 707 1035 705 
983 74 1057 230 
984 1094 1585 363 
985 1487 1526 977 
986 195 1142 1092 
987 860 1591 861 
988 360 1094 363 
989 519 522 521 
990 588 590 589 
991 891 1064 892 
992 34 1129 1128 
993 1008 1602 719 
994 703 1044 564 
995 386 1585 869 
996 1050 1356 235 
997 932 1341 936 
998 405 1075 1047 
999 506 507 472 
1000 275 1582 278 
1001 898 1208 1016 
1002 908 1431 1175 
1003 284 286 285 
1004 722 1573 871 
1005 633 1054 566 
1006 411 413 412 
1007 1089 1206 196 
1008 346 1073 390 
1009 1025 1275 864 
1010 1124 1126 51 
1011 772 1169 1168 
1012 965 986 947 
1013 1009 1590 1140 
1014 543 545 544 
1015 230 1039 73 
1016 284 985 387 
1017 710 817 707 
1018 796 1360 1351 
1019 308 311 310 
1020 925 1066 738 
1021 17 1123 1122 
1022 228 1124 52 
1023 307 966 308 
1024 951 1209 962 
1025 1133 1353 201 
1026 1161 1541 834 
1027 757 1270 1054 
1028 209 1171 1158 
1029 806 1549 1196 
1030 469 1481 1014 
1031 855 856 766 
1032 286 288 287 
1033 536 1031 698 
1034 656 1077 476 
1035 780 1504 1211 
1036 1212 1593 965 
1037 363 365 364 
1038 1009 1140 388 
1039 1052 1233 1053 
1040 199 1272 1189 
1041 584 1236 1072 
1042 614 617 616 
1043 772 1168 714 
1044 821 1604 1048 
1045 757 1054 633 
1046 636 792 757 
1047 640 1095 637 
1048 481 482 480 
1049 642 654 640 
1050 1160 1367 419 
1051 1156 1157 1133 
1052 629 1031 536 
1053 1087 1089 1086 
1054 885 1477 1049 
1055 1028 1439 444 
1056 987 988 986 
1057 683 684 681 
1058 898 1016 897 
1059 1079 1449 297 
1060 809 810 808 
1061 173 1415 1060 
1062 767 1044 703 
1063 883 1584 1359 
1064 975 1445 817 
1065 274 275 273 
1066 409 1032 444 
1067 880 881 879 
1068 1225 1523 420 
1069 861 876 875 
1070 524 526 525 
1071 1216 1283 1092 
1072 1052 1546 185 
1073 1063 1438 174 
1074 349 1214 347 
1075 866 1396 868 
1076 766 1219 571 
1077 51 1126 50 
1078 245 1446 244 
1079 478 764 656 
1080 1360 1560 896 
1081 618 621 620 
1082 413 415 414 
1083 16 229 15 
1084 53 228 52 
1085 72 206 71 
1086 55 202 54 
1087 14 203 13 
1088 36 204 35 
1089 33 205 32 
1090 254 1483 256 
1091 352 355 354 
1092 885 886 881 
1093 74 230 73 
1094 1437 1467 333 
1095 829 1312 1172 
1096 356 359 358 
1097 590 592 591 
1098 231 1087 1086 
1099 50 199 49 
1100 19 198 18 
1101 195 1312 1142 
1102 69 200 68 
1103 76 201 75 
1104 174 1380 1076 
1105 698 1130 977 
1106 700 1335 1315 
1107 1019 1020 680 
1108 1147 1303 759 
1109 606 1544 1246 
1110 786 1578 1132 
1111 1079 1258 1201 
1112 258 260 259 
1113 526 528 527 
1114 34 1128 33 
1115 315 317 316 
1116 1060 1415 211 
1117 873 1056 1055 
1118 365 367 366 
1119 605 606 604 
1120 58 196 57 
1121 11 197 10 
1122 30 195 29 
1123 39 194 38 
1124 654 1095 640 
1125 742 1594 1062 
1126 278 279 277 
1127 244 246 243 
1128 432 497 416 
1129 982 1180 404 
1130 918 1219 766 
1131 501 502 500 
1132 329 1003 331 
1133 392 394 384 
1134 1068 1069 1006 
1135 1004 1361 914 
1136 1072 1361 1328 
1137 398 399 394 
1138 395 966 307 
1139 1123 1174 1122 
1140 340 342 341 
1141 998 1401 919 
1142 737 738 736 
1143 576 577 557 
1144 990 1601 944 
1145 383 384 375 
1146 17 1122 16 
1147 1324 1565 1087 
1148 203 1080 13 
1149 726 1376 1031 
1150 545 547 546 
1151 946 947 945 
1152 613 926 614 
1153 836 1436 852 
1154 879 1225 493 
1155 208 1156 78 
1156 209 1158 21 
1157 407 408 399 
1158 415 427 426 
1159 1205 1309 200 
1160 281 284 283 
1161 679 680 655 
1162 360 363 362 
1163 582 1589 583 
1164 1158 1191 1131 
1165 1006 1237 625 
1166 767 1292 1044 
1167 972 973 688 
1168 1014 1481 937 
1169 989 1486 1329 
1170 985 1457 387 
1171 528 1586 660 
1172 576 837 742 
1173 391 1537 1067 
1174 331 338 337 
1175 1065 1381 907 
1176 1126 1176 1127 
1177 483 484 482 
1178 1184 1185 210 
1179 208 1161 1156 
1180 596 1602 1008 
1181 621 1512 648 
1182 355 1200 356 
1183 305 306 303 
1184 842 1492 1022 
1185 860 861 776 
1186 735 736 728 
1187 733 772 714 
1188 61 1152 60 
1189 931 932 832 
1190 624 628 627 
1191 710 843 817 
1192 260 262 261 
1193 520 1441 1033 
1194 825 900 899 
1195 409 410 408 
1196 923 1175 1002 
1197 427 448 447 
1198 1325 1551 240 
1199 512 513 511 
1200 77 1133 76 
1201 20 1131 19 
1202 292 294 293 
1203 231 1086 59 
1204 1322 1418 984 
1205 28 1091 234 
1206 233 1090 40 
1207 877 1584 883 
1208 739 759 738 
1209 884 1225 879 
1210 342 344 343 
1211 1016 1404 177 
1212 305 850 379 
1213 849 1432 1357 
1214 403 1199 924 
1215 400 430 420 
1216 642 655 654 
1217 450 500 439 
1218 1234 1504 780 
1219 915 1187 1159 
1220 367 369 368 
1221 395 1268 966 
1222 993 994 992 
1223 628 1573 722 
1224 697 1170 1013 
1225 745 1203 999 
1226 559 1584 480 
1227 1084 1468 190 
1228 719 1456 1008 
1229 240 1059 242 
1230 77 1156 1133 
1231 1257 1324 1087 
1232 20 1158 1131 
1233 692 926 613 
1234 15 239 14 
1235 923 1002 921 
1236 35 1129 34 
1237 75 1057 74 
1238 1283 1412 1092 
1239 197 1278 10 
1240 311 312 310 
1241 262 264 263 
1242 18 1123 17 
1243 689 1201 425 
1244 1446 1535 961 
1245 776 874 567 
1246 313 314 312 
1247 859 1469 860 
1248 745 999 761 
1249 503 504 502 
1250 482 1299 559 
1251 1168 1169 843 
1252 47 1184 210 
1253 420 1523 432 
1254 980 1600 981 
1255 850 1109 379 
1256 359 1094 360 
1257 781 1147 759 
1258 628 721 720 
1259 344 346 345 
1260 948 950 947 
1261 498 538 497 
1262 1175 1431 1002 
1263 659 1246 825 
1264 317 319 318 
1265 73 1039 72 
1266 448 468 467 
1267 799 1018 684 
1268 307 308 306 
1269 1037 1603 473 
1270 485 486 484 
1271 52 1124 51 
1272 683 685 684 
1273 264 268 267 
1274 289 292 291 
1275 547 549 548 
1276 473 1331 1037 
1277 59 1086 58 
1278 40 1090 39 
1279 29 1091 28 
1280 998 1556 996 
1281 902 904 903 
1282 582 583 581 
1283 528 530 529 
1284 609 610 608 
1285 1479 1556 998 
1286 809 1280 810 
1287 710 1168 843 
1288 1187 1334 665 
1289 1188 1457 985 
1290 247 248 246 
1291 900 1485 899 
1292 518 519 517 
1293 675 1608 1075 
1294 750 756 752 
1295 367 1508 369 
1296 1030 1265 336 
1297 1094 1338 845 
1298 723 725 724 
1299 505 514 504 
1300 449 1525 988 
1301 1156 1161 1157 
1302 356 1200 359 
1303 48 1184 47 
1304 1034 1540 520 
1305 679 681 680 
1306 13 1080 12 
1307 391 1214 349 
1308 346 348 347 
1309 646 784 783 
1310 704 705 703 
1311 254 255 253 
1312 249 250 248 
1313 251 253 250 
1314 634 636 633 
1315 925 1214 1066 
1316 1053 1175 923 
1317 997 998 996 
1318 1066 1214 391 
1319 685 728 727 
1320 256 257 255 
1321 1139 1463 1055 
1322 1043 1465 228 
1323 268 270 269 
1324 733 780 772 
1325 519 1472 522 
1326 429 689 425 
1327 71 1491 70 
1328 543 1431 671 
1329 1369 1452 909 
1330 810 1280 931 
1331 1270 1539 1054 
1332 702 703 564 
1333 539 540 538 
1334 1055 1463 872 
1335 9 232 8 
1336 60 231 59 
1337 41 233 40 
1338 28 234 27 
1339 487 488 486 
1340 486 1516 484 
1341 951 962 950 
1342 632 633 566 
1343 252 946 945 
1344 288 1223 1010 
1345 1153 1154 1088 
1346 593 596 595 
1347 338 339 337 
1348 549 551 550 
1349 535 536 514 
1350 475 476 446 
1351 530 572 531 
1352 596 598 597 
1353 369 1386 372 
1354 787 1321 1199 
1355 927 1383 928 
1356 586 587 585 
1357 348 350 349 
1358 1060 1061 973 
1359 421 1593 1212 
1360 359 360 358 
1361 393 1249 887 
1362 522 523 521 
1363 411 412 410 
1364 231 1088 1087 
1365 1183 1583 854 
1366 477 478 476 
1367 234 1204 27 
1368 387 1517 286 
1369 1062 1594 215 
1370 247 1446 1083 
1371 1005 1008 1007 
1372 355 356 354 
1373 430 463 431 
1374 966 1571 967 
1375 315 316 314 
1376 1224 1598 731 
1377 968 1481 469 
1378 199 1189 49 
1379 706 707 705 
1380 60 1152 231 
1381 1213 1473 406 
1382 363 364 362 
1383 1121 1340 459 
1384 639 640 637 
1385 78 1156 77 
1386 21 1158 20 
1387 800 1452 1369 
1388 617 618 616 
1389 825 1246 901 
1390 463 479 464 
1391 1090 1500 194 
1392 45 1181 238 
1393 237 1182 23 
1394 1359 1584 559 
1395 460 1186 466 
1396 62 1228 61 
1397 66 207 65 
1398 79 208 78 
1399 22 209 21 
1400 47 210 46 
1401 41 1215 233 
1402 560 629 536 
1403 551 553 552 
1404 541 542 540 
1405 598 600 599 
1406 999 1000 761 
1407 53 1606 228 
1408 613 614 610 
1409 202 1606 54 
1410 641 642 640 
1411 210 1181 46 
1412 22 1182 209 
1413 735 737 736 
1414 294 296 295 
1415 852 1436 1223 
1416 1171 1191 1158 
1417 804 806 805 
1418 920 1226 795 
1419 470 472 471 
1420 621 623 620 
1421 258 259 257 
1422 588 589 587 
1423 450 501 500 
1424 284 285 283 
1425 943 1284 686 
1426 991 993 992 
1427 1136 1553 1016 
1428 708 710 707 
1429 955 956 953 
1430 876 1026 875 
1431 953 1209 951 
1432 677 800 558 
1433 688 1029 577 
1434 507 1219 509 
1435 348 1518 350 
1436 543 544 542 
1437 1031 1376 1130 
1438 365 366 364 
1439 46 1181 45 
1440 23 1182 22 
1441 286 287 285 
1442 340 341 339 
1443 202 1389 1106 
1444 1169 1231 380 
1445 319 321 320 
1446 64 236 63 
1447 81 235 80 
1448 45 238 44 
1449 24 237 23 
1450 1128 1382 205 
1451 270 273 272 
1452 1458 1500 1090 
1453 804 1549 806 
1454 1457 1517 387 
1455 479 481 480 
1456 1249 1461 1370 
1457 9 1278 232 
1458 61 1228 1152 
1459 661 1211 1081 
1460 190 1549 1084 
1461 275 277 276 
1462 845 1585 1094 
1463 7 1330 1285 
1464 838 920 795 
1465 288 289 287 
1466 1152 1228 1153 
1467 296 299 298 
1468 484 1299 482 
1469 600 602 601 
1470 497 1268 416 
1471 737 739 738 
1472 507 509 508 
1473 1027 1476 1097 
1474 630 811 629 
1475 49 1189 48 
1476 157 1138 158 
1477 490 1281 743 
1478 1130 1197 977 
1479 719 1602 592 
1480 95 1137 96 
1481 109 1149 110 
1482 1153 1155 1154 
1483 139 1136 140 
1484 367 368 366 
1485 524 525 523 
1486 863 1459 865 
1487 422 1269 726 
1488 68 1309 67 
1489 1328 1361 696 
1490 143 1148 144 
1491 254 1601 1483 
1492 208 1541 1161 
1493 121 1144 122 
1494 402 1201 304 
1495 872 1463 1082 
1496 165 1151 166 
1497 444 1439 895 
1498 1036 1292 767 
1499 137 1100 138 
1500 553 555 554 
1501 1445 1506 265 
1502 133 1104 134 
1503 876 1350 1027 
1504 1148 1341 931 
1505 299 301 300 
1506 129 1116 130 
1507 119 1102 120 
1508 1329 1395 1394 
1509 869 1585 845 
1510 163 1108 164 
1511 243 661 241 
1512 151 1110 152 
1513 321 323 322 
1514 141 1105 142 
1515 369 1508 1386 
1516 1041 1564 225 
1517 369 372 371 
1518 854 943 686 
1519 1249 1370 887 
1520 590 591 589 
1521 501 503 502 
1522 1152 1153 1088 
1523 233 1458 1090 
1524 1012 1188 668 
1525 57 1241 56 
1526 806 808 807 
1527 1122 1470 229 
1528 1176 1568 1127 
1529 350 352 351 
1530 777 1221 778 
1531 323 325 324 
1532 1154 1257 1088 
1533 713 714 711 
1534 545 546 544 
1535 292 293 291 
1536 739 781 759 
1537 413 414 412 
1538 946 948 947 
1539 1381 1488 907 
1540 1199 1311 787 
1541 677 1205 800 
1542 732 733 714 
1543 444 1440 1028 
1544 956 1209 953 
1545 260 261 259 
1546 711 1168 710 
1547 784 898 897 
1548 1127 1272 199 
1549 198 1578 1332 
1550 493 1225 431 
1551 490 743 658 
1552 632 634 633 
1553 145 1117 146 
1554 317 318 316 
1555 333 1319 1071 
1556 634 637 636 
1557 702 704 703 
1558 123 1115 124 
1559 778 1221 833 
1560 962 1212 950 
1561 714 1168 711 
1562 956 1210 1209 
1563 593 1602 596 
1564 678 679 655 
1565 415 426 414 
1566 526 527 525 
1567 844 1594 742 
1568 325 327 326 
1569 481 483 482 
1570 979 980 670 
1571 1062 1426 173 
1572 602 604 603 
1573 478 1369 764 
1574 934 1208 937 
1575 743 745 744 
1576 167 1118 168 
1577 1285 1330 1051 
1578 342 343 341 
1579 69 1259 200 
1580 456 777 515 
1581 301 303 302 
1582 313 1536 403 
1583 300 1258 298 
1584 262 263 261 
1585 778 833 830 
1586 624 627 623 
1587 745 761 760 
1588 231 1152 1088 
1589 242 1059 245 
1590 571 1219 507 
1591 592 593 591 
1592 1022 1492 572 
1593 856 919 918 
1594 682 683 681 
1595 890 1555 888 
1596 427 447 426 
1597 475 477 476 
1598 372 375 373 
1599 555 557 556 
1600 1378 1403 833 
1601 158 1138 172 
1602 704 706 705 
1603 344 345 343 
1604 1011 1548 929 
1605 361 1575 1058 
1606 911 1254 573 
1607 785 911 573 
1608 1343 1490 1140 
1609 473 1603 415 
1610 448 467 447 
1611 503 505 504 
1612 425 1201 402 
1613 264 267 263 
1614 824 1385 969 
1615 96 1137 180 
1616 1377 1458 233 
1617 662 1355 1180 
1618 436 437 434 
1619 1249 1315 779 
1620 26 1238 25 
1621 810 832 831 
1622 609 1246 659 
1623 43 1239 42 
1624 460 466 462 
1625 509 511 510 
1626 140 1136 177 
1627 31 1312 30 
1628 268 269 267 
1629 743 1203 745 
1630 989 990 949 
1631 181 1569 1463 
1632 860 1469 1103 
1633 138 1100 213 
1634 1105 1404 936 
1635 639 641 640 
1636 1159 1187 665 
1637 606 608 607 
1638 826 1471 1182 
1639 1033 1305 939 
1640 346 347 345 
1641 723 724 721 
1642 27 1204 26 
1643 389 1418 1074 
1644 196 1241 57 
1645 505 535 514 
1646 642 678 655 
1647 746 1262 1070 
1648 110 1149 176 
1649 1140 1590 663 
1650 279 281 280 
1651 1039 1411 830 
1652 1120 1306 453 
1653 1352 1455 1023 
1654 574 1344 417 
1655 239 1325 240 
1656 647 1268 497 
1657 605 1544 606 
1658 1106 1301 1042 
1659 122 1144 186 
1660 134 1104 218 
1661 1229 1505 562 
1662 1103 1591 860 
1663 424 425 402 
1664 144 1148 184 
1665 491 492 461 
1666 1068 1579 1069 
1667 166 1151 183 
1668 706 708 707 
1669 438 439 437 
1670 827 917 669 
1671 211 1438 1063 
1672 948 951 950 
1673 477 558 478 
1674 423 458 457 
1675 816 1282 653 
1676 120 1102 222 
1677 483 485 484 
1678 1248 1510 1025 
1679 1109 1314 430 
1680 771 1440 1032 
1681 348 349 347 
1682 541 1566 543 
1683 661 1274 1211 
1684 1210 1473 1209 
1685 1050 1051 835 
1686 577 579 578 
1687 130 1116 223 
1688 547 548 546 
1689 294 295 293 
1690 152 1110 217 
1691 815 816 653 
1692 1381 1587 102 
1693 708 711 710 
1694 207 1342 65 
1695 142 1105 224 
1696 369 371 368 
1697 164 1108 226 
1698 741 1263 489 
1699 535 560 536 
1700 1075 1251 1047 
1701 1383 1406 1056 
1702 650 849 848 
1703 799 1218 1018 
1704 1292 1561 1044 
1705 308 310 309 
1706 42 1215 41 
1707 1354 1440 771 
1708 528 529 527 
1709 936 1208 934 
1710 327 329 328 
1711 1154 1434 1257 
1712 458 570 569 
1713 1228 1599 1153 
1714 56 1389 55 
1715 79 1356 208 
1716 1007 1194 1068 
1717 826 838 795 
1718 734 735 728 
1719 350 351 349 
1720 994 997 996 
1721 441 450 439 
1722 1329 1394 266 
1723 470 471 468 
1724 800 1369 558 
1725 1058 1501 361 
1726 360 362 361 
1727 451 574 417 
1728 1001 1557 755 
1729 713 732 714 
1730 823 1270 757 
1731 304 1258 300 
1732 628 720 627 
1733 657 741 489 
1734 712 768 715 
1735 64 1342 236 
1736 872 1592 870 
1737 418 465 452 
1738 674 867 866 
1739 513 517 516 
1740 356 358 357 
1741 1016 1553 897 
1742 319 320 318 
1743 12 1521 11 
1744 733 1234 780 
1745 646 1318 784 
1746 485 487 486 
1747 270 272 269 
1748 433 748 435 
1749 322 1467 1085 
1750 565 566 492 
1751 621 1588 1512 
1752 519 521 520 
1753 641 1216 642 
1754 732 858 733 
1755 456 1373 777 
1756 327 1453 329 
1757 1398 1489 827 
1758 432 1308 498 
1759 235 1356 80 
1760 560 630 629 
1761 352 354 353 
1762 275 276 273 
1763 422 726 693 
1764 583 585 584 
1765 660 1581 1023 
1766 743 744 658 
1767 495 496 455 
1768 416 1268 395 
1769 717 1609 1073 
1770 596 597 595 
1771 549 550 548 
1772 465 651 494 
1773 563 564 496 
1774 794 795 643 
1775 725 1354 771 
1776 750 752 751 
1777 932 934 933 
1778 763 869 845 
1779 638 639 637 
1780 962 1213 1212 
1781 248 443 246 
1782 651 909 652 
1783 745 760 744 
1784 701 702 564 
1785 748 750 749 
1786 631 632 566 
1787 210 1414 1181 
1788 984 1418 389 
1789 834 1050 835 
1790 38 1511 37 
1791 329 331 330 
1792 1268 1571 966 
1793 384 1173 375 
1794 630 812 811 
1795 474 475 446 
1796 1071 1437 333 
1797 253 380 250 
1798 638 758 643 
1799 794 826 795 
1800 67 1396 66 
1801 901 902 900 
1802 232 1330 8 
1803 507 508 472 
1804 158 172 159 
1805 92 173 93 
1806 114 171 115 
1807 136 170 137 
1808 101 1381 102 
1809 428 429 425 
1810 281 283 282 
1811 1117 1164 146 
1812 760 793 762 
1813 934 937 935 
1814 279 280 277 
1815 390 1560 1093 
1816 804 805 730 
1817 487 537 488 
1818 917 1264 669 
1819 856 1422 1017 
1820 445 446 429 
1821 897 1368 783 
1822 1115 1163 124 
1823 530 531 529 
1824 758 1171 794 
1825 289 291 290 
1826 579 581 580 
1827 611 763 673 
1828 1083 1363 946 
1829 679 682 681 
1830 763 1227 869 
1831 785 1206 911 
1832 96 180 97 
1833 154 181 155 
1834 598 599 597 
1835 381 1357 940 
1836 752 754 753 
1837 118 178 119 
1838 132 179 133 
1839 819 820 575 
1840 1257 1434 499 
1841 220 1135 1098 
1842 140 177 141 
1843 110 176 111 
1844 436 438 437 
1845 834 835 715 
1846 88 174 89 
1847 162 175 163 
1848 572 746 531 
1849 1187 1427 1334 
1850 570 1489 1417 
1851 551 552 550 
1852 858 1234 733 
1853 150 188 151 
1854 100 189 101 
1855 868 1205 677 
1856 122 186 123 
1857 128 187 129 
1858 674 677 558 
1859 106 185 107 
1860 144 184 145 
1861 84 182 85 
1862 166 183 167 
1863 952 961 954 
1864 777 778 515 
1865 331 337 335 
1866 299 300 298 
1867 1235 1295 1256 
1868 866 868 677 
1869 296 298 295 
1870 835 1295 1235 
1871 488 1070 774 
1872 321 322 320 
1873 445 667 474 
1874 399 406 394 
1875 725 771 724 
1876 375 378 373 
1877 920 1283 1226 
1878 754 791 769 
1879 600 601 599 
1880 634 638 637 
1881 768 834 715 
1882 823 1287 1270 
1883 760 762 744 
1884 904 1596 903 
1885 243 1274 661 
1886 301 302 300 
1887 1201 1258 304 
1888 903 1485 900 
1889 1092 1412 1091 
1890 712 713 711 
1891 339 376 337 
1892 113 1096 114 
1893 325 326 324 
1894 135 1099 136 
1895 115 1141 116 
1896 70 1259 69 
1897 159 1134 160 
1898 821 822 820 
1899 1118 1166 168 
1900 753 755 751 
1901 1087 1565 1089 
1902 323 324 322 
1903 360 361 358 
1904 996 1572 995 
1905 7 1285 6 
1906 226 1485 1151 
1907 352 1443 355 
1908 111 1135 112 
1909 442 773 687 
1910 537 1070 488 
1911 155 1139 156 
1912 117 1103 118 
1913 642 1216 678 
1914 161 1107 162 
1915 90 211 91 
1916 160 221 161 
1917 138 213 139 
1918 112 220 113 
1919 438 441 439 
1920 1270 1287 374 
1921 156 214 157 
1922 94 215 95 
1923 372 373 371 
1924 618 620 619 
1925 327 328 326 
1926 97 1143 98 
1927 116 212 117 
1928 134 218 135 
1929 491 565 492 
1930 971 1406 1383 
1931 1054 1539 1121 
1932 131 1101 132 
1933 1073 1533 717 
1934 758 794 643 
1935 685 734 728 
1936 790 796 612 
1937 375 1173 378 
1938 1088 1257 1087 
1939 553 554 552 
1940 99 1113 100 
1941 650 1297 849 
1942 98 216 99 
1943 152 217 153 
1944 892 1530 890 
1945 466 1244 462 
1946 424 428 425 
1947 120 222 121 
1948 130 223 131 
1949 1173 1186 378 
1950 1064 1547 187 
1951 752 753 751 
1952 638 643 639 
1953 682 828 683 
1954 85 1150 86 
1955 754 1450 791 
1956 847 1093 796 
1957 458 569 457 
1958 657 770 741 
1959 1056 1597 1055 
1960 441 490 489 
1961 490 658 657 
1962 352 353 351 
1963 477 674 558 
1964 108 219 109 
1965 142 224 143 
1966 164 226 165 
1967 86 227 87 
1968 1347 1403 1378 
1969 614 616 615 
1970 674 866 677 
1971 565 786 631 
1972 356 357 354 
1973 1204 1238 26 
1974 441 489 450 
1975 708 712 711 
1976 718 1435 846 
1977 704 709 706 
1978 622 1335 700 
1979 534 1497 1261 
1980 474 499 475 
1981 811 1384 629 
1982 631 635 632 
1983 750 751 749 
1984 881 884 879 
1985 436 440 438 
1986 682 829 828 
1987 1194 1456 1041 
1988 445 474 446 
1989 748 1391 750 
1990 791 1179 942 
1991 308 309 306 
1992 602 603 601 
1993 30 1312 195 
1994 712 715 713 
1995 856 918 766 
1996 748 749 435 
1997 756 1253 752 
1998 712 1276 768 
1999 735 740 737 
2000 107 1273 108 
2001 512 1413 1162 
2002 468 1177 467 
2003 754 769 753 
2004 216 1224 1113 
2005 276 1252 273 
2006 815 983 816 
2007 690 785 573 
2008 149 1114 150 
2009 364 370 362 
2010 423 424 402 
2011 83 1119 84 
2012 172 1134 159 
2013 42 1239 1215 
2014 114 1096 171 
2015 372 1386 383 
2016 136 1099 170 
2017 861 875 874 
2018 171 1141 115 
2019 569 573 457 
2020 806 807 805 
2021 952 953 951 
2022 606 607 604 
2023 851 853 747 
2024 752 1253 754 
2025 501 672 503 
2026 329 330 328 
2027 127 1260 128 
2028 701 910 702 
2029 105 1233 106 
2030 610 1333 608 
2031 259 265 257 
2032 465 494 452 
2033 126 1207 127 
2034 331 335 330 
2035 490 657 489 
2036 618 1588 621 
2037 700 894 893 
2038 886 1229 881 
2039 153 1230 154 
2040 428 445 429 
2041 281 282 280 
2042 622 700 699 
2043 563 701 564 
2044 810 831 808 
2045 495 563 496 
2046 509 510 508 
2047 955 1266 956 
2048 864 1275 1076 
2049 954 955 953 
2050 565 631 566 
2051 555 556 554 
2052 651 652 494 
2053 853 1457 1188 
2054 277 1192 276 
2055 170 1100 137 
2056 639 1226 641 
2057 289 290 287 
2058 181 1139 155 
2059 513 516 511 
2060 200 1309 68 
2061 1130 1376 334 
2062 118 1103 178 
2063 963 964 960 
2064 176 1135 111 
2065 435 436 434 
2066 577 578 557 
2067 180 1143 97 
2068 310 422 309 
2069 401 402 304 
2070 378 1186 460 
2071 739 782 781 
2072 162 1107 175 
2073 563 798 701 
2074 132 1101 179 
2075 1011 1598 1224 
2076 1067 1537 1202 
2077 179 1104 133 
2078 813 1042 812 
2079 146 1164 147 
2080 124 1163 125 
2081 125 191 126 
2082 103 192 104 
2083 147 190 148 
2084 506 1318 646 
2085 442 1288 773 
2086 314 334 312 
2087 979 1437 980 
2088 721 1160 720 
2089 959 960 958 
2090 178 1102 119 
2091 214 1138 157 
2092 378 459 373 
2093 100 1113 189 
2094 273 1252 272 
2095 215 1137 95 
2096 442 686 290 
2097 175 1108 163 
2098 187 1116 129 
2099 177 1105 141 
2100 213 1136 139 
2101 188 1110 151 
2102 462 491 461 
2103 829 1172 828 
2104 82 225 83 
2105 182 1150 85 
2106 1002 1566 541 
2107 969 1385 1107 
2108 423 457 424 
2109 795 1226 643 
2110 957 958 955 
2111 791 942 769 
2112 988 1525 989 
2113 569 690 573 
2114 1013 1558 1012 
2115 652 653 494 
2116 1227 1482 691 
2117 219 1149 109 
2118 302 304 300 
2119 433 435 434 
2120 1075 1433 675 
2121 784 1318 1014 
2122 401 423 402 
2123 220 1096 113 
2124 222 1144 121 
2125 433 1289 748 
2126 236 1599 1228 
2127 674 1271 867 
2128 160 1134 221 
2129 267 382 263 
2130 302 401 304 
2131 218 1099 135 
2132 358 1217 357 
2133 283 377 282 
2134 116 1141 212 
2135 460 461 459 
2136 10 1278 9 
2137 224 1148 143 
2138 226 1151 165 
2139 168 1166 169 
2140 697 1582 1170 
2141 377 417 282 
2142 112 1135 220 
2143 156 1139 214 
2144 221 1107 161 
2145 905 1237 904 
2146 687 854 686 
2147 1112 1230 217 
2148 378 460 459 
2149 212 1103 117 
2150 1023 1424 1022 
2151 1217 1218 357 
2152 335 336 330 
2153 462 534 491 
2154 1028 1440 1354 
2155 993 1337 994 
2156 460 462 461 
2157 519 520 517 
2158 960 1542 958 
2159 505 561 535 
2160 1157 1353 1133 
2161 1045 1474 1111 
2162 948 952 951 
2163 422 669 309 
2164 371 374 368 
2165 169 193 5 
2166 4 1494 62 
2167 63 1494 4 
2168 2 1495 24 
2169 25 1495 2 
2170 3 1496 43 
2171 44 1496 3 
2172 734 1220 735 
2173 583 584 581 
2174 185 1273 107 
2175 433 434 336 
2176 952 1363 961 
2177 98 1143 216 
2178 652 814 653 
2179 815 1259 983 
2180 1074 1559 389 
2181 5 1165 82 
2182 184 1117 145 
2183 851 1457 853 
2184 223 1101 131 
2185 778 830 797 
2186 216 1113 99 
2187 809 1595 1280 
2188 186 1115 123 
2189 150 1114 188 
2190 630 813 812 
2191 690 839 785 
2192 456 515 495 
2193 778 797 515 
2194 345 397 343 
2195 1291 1292 1036 
2196 154 1230 181 
2197 829 1430 1142 
2198 84 1119 182 
2199 713 1235 732 
2200 337 1289 335 
2201 643 1226 639 
2202 822 1454 820 
2203 1321 1433 1199 
2204 1181 1317 238 
2205 412 421 410 
2206 952 954 953 
2207 128 1260 187 
2208 664 896 717 
2209 1127 1428 1272 
2210 341 1242 339 
2211 454 456 455 
2212 106 1233 185 
2213 813 1043 1042 
2214 1023 1455 1145 
2215 1170 1582 941 
2216 814 815 653 
2217 86 1150 227 
2218 183 1118 167 
2219 538 647 497 
2220 351 391 349 
2221 354 1222 353 
2222 266 1394 1048 
2223 1151 1485 903 
2224 330 1265 328 
2225 632 1247 634 
2226 925 1393 1214 
2227 1401 1413 919 
2228 291 442 290 
2229 867 1421 866 
2230 295 297 293 
2231 796 1351 612 
2232 973 1029 688 
2233 361 1217 358 
2234 989 1329 990 
2235 326 333 324 
2236 835 1235 715 
2237 1025 1510 1275 
2238 447 449 426 
2239 641 1283 1216 
2240 418 452 451 
2241 508 1307 472 
2242 593 595 594 
2243 825 901 900 
2244 1374 1464 574 
2245 320 332 318 
2246 456 495 455 
2247 418 451 417 
2248 746 836 747 
2249 377 418 417 
2250 635 1247 632 
2251 600 1358 602 
2252 932 933 832 
2253 523 533 521 
2254 608 611 607 
2255 931 1341 932 
2256 638 1247 758 
2257 1091 1412 234 
2258 962 1473 1213 
2259 828 1245 683 
2260 611 1333 763 
2261 408 1407 1213 
2262 1057 1527 230 
2263 108 1273 219 
2264 1395 1486 1178 
2265 959 963 960 
2266 954 957 955 
2267 693 827 669 
2268 618 619 616 
2269 922 1339 1052 
2270 1378 1529 568 
2271 272 454 453 
2272 1000 1500 1458 
2273 452 568 451 
2274 1112 1474 871 
2275 511 1297 510 
2276 181 1463 1139 
2277 958 1266 955 
2278 542 787 540 
2279 1144 1145 186 
2280 579 580 578 
2281 335 433 336 
2282 1295 1330 232 
2283 217 1230 153 
2284 615 1333 610 
2285 702 1250 704 
2286 357 1222 354 
2287 316 1487 1197 
2288 687 1183 854 
2289 1051 1295 835 
2290 1199 1433 924 
2291 763 845 673 
2292 957 959 958 
2293 1144 1146 1145 
2294 272 453 269 
2295 683 1245 685 
2296 230 1411 1039 
2297 1110 1111 217 
2298 678 1576 1430 
2299 893 1015 699 
2300 715 1235 713 
2301 622 691 619 
2302 280 1192 277 
2303 819 821 820 
2304 442 687 686 
2305 463 649 479 
2306 1075 1608 1251 
2307 587 644 585 
2308 614 615 610 
2309 846 1564 1041 
2310 1111 1112 217 
2311 1212 1407 421 
2312 8 1330 7 
2313 808 1198 807 
2314 454 455 453 
2315 1388 1475 667 
2316 422 693 669 
2317 1049 1339 886 
2318 1192 1193 276 
2319 403 1311 1199 
2320 1069 1237 1006 
2321 965 1593 987 
2322 401 1442 423 
2323 220 1098 1097 
2324 499 1271 475 
2325 1079 1372 1258 
2326 758 1534 1171 
2327 774 1262 840 
2328 836 852 851 
2329 790 847 796 
2330 1162 1413 1401 
2331 1061 1248 973 
2332 664 665 594 
2333 1226 1283 641 
2334 735 1220 740 
2335 1171 1534 1191 
2336 861 874 776 
2337 959 1610 1059 
2338 489 1263 450 
2339 929 1531 694 
2340 176 1313 1135 
2341 853 1364 747 
2342 1038 1477 885 
2343 902 905 904 
2344 910 1250 702 
2345 1207 1260 127 
2346 1240 1368 1100 
2347 339 1242 376 
2348 475 1271 477 
2349 1193 1373 1252 
2350 228 1465 1125 
2351 450 1263 501 
2352 937 968 935 
2353 384 1255 1173 
2354 717 1159 665 
2355 1416 1449 1078 
2356 732 1256 858 
2357 246 1274 243 
2358 481 716 483 
2359 1123 1332 1174 
2360 88 1380 174 
2361 546 675 544 
2362 562 1505 922 
2363 820 1307 575 
2364 1032 1440 444 
2365 177 1404 1105 
2366 415 1603 427 
2367 1266 1480 956 
2368 1193 1252 276 
2369 620 622 619 
2370 572 1262 746 
2371 1177 1178 467 
2372 65 1342 64 
2373 634 1247 638 
2374 376 1289 337 
2375 472 1307 471 
2376 1026 1299 875 
2377 191 1207 126 
2378 700 893 699 
2379 1269 1376 726 
2380 934 935 933 
2381 1027 1359 1026 
2382 462 1244 534 
2383 171 1350 1141 
2384 335 1289 433 
2385 225 1119 83 
2386 943 1410 1284 
2387 55 1389 202 
2388 220 1097 1096 
2389 1145 1424 1023 
2390 510 575 508 
2391 1073 1609 390 
2392 706 1276 708 
2393 1023 1581 1352 
2394 1114 1468 1084 
2395 593 594 591 
2396 746 747 531 
2397 836 851 747 
2398 510 650 575 
2399 1141 1190 212 
2400 471 1177 468 
2401 690 1498 1106 
2402 147 1164 190 
2403 436 1267 440 
2404 125 1163 191 
2405 650 848 819 
2406 607 1316 604 
2407 1220 1382 1128 
2408 244 1446 247 
2409 983 1347 816 
2410 485 663 487 
2411 604 1316 603 
2412 1174 1497 964 
2413 1218 1222 357 
2414 650 819 575 
2415 603 612 601 
2416 1 1509 81 
2417 6 1509 1 
2418 310 1269 422 
2419 760 1377 793 
2420 573 1254 457 
2421 585 1236 584 
2422 704 1250 709 
2423 789 857 790 
2424 424 1254 428 
2425 737 1277 739 
2426 227 1380 87 
2427 441 1281 490 
2428 516 1297 511 
2429 557 1320 556 
2430 565 1261 786 
2431 578 1320 557 
2432 580 695 578 
2433 312 1269 310 
2434 377 1507 418 
2435 793 1317 762 
2436 599 676 597 
2437 529 532 527 
2438 603 789 612 
2439 611 626 607 
2440 92 1415 173 
2441 622 699 691 
2442 784 1014 898 
2443 881 1229 884 
2444 664 1346 896 
2445 443 1274 246 
2446 306 1264 303 
2447 581 1328 580 
2448 1127 1568 1428 
2449 685 1245 734 
2450 627 779 623 
2451 477 1271 674 
2452 570 1417 1301 
2453 189 1488 1381 
2454 394 1255 384 
2455 1134 1345 221 
2456 560 1296 630 
2457 552 662 550 
2458 457 1254 424 
2459 708 1276 712 
2460 1007 1456 1194 
2461 773 1294 687 
2462 1042 1301 812 
2463 1129 1607 1128 
2464 700 1315 894 
2465 1044 1561 1120 
2466 368 1287 366 
2467 491 1261 565 
2468 192 1587 1524 
2469 435 1267 436 
2470 556 802 801 
2471 350 1443 352 
2472 173 1426 93 
2473 556 801 554 
2474 255 1462 253 
2475 667 1324 474 
2476 1195 1490 716 
2477 789 790 612 
2478 673 788 626 
2479 82 1165 225 
2480 80 1356 79 
2481 1115 1352 1163 
2482 724 1160 721 
2483 696 1074 695 
2484 293 1288 291 
2485 501 1263 672 
2486 503 1293 505 
2487 611 673 626 
2488 1070 1262 774 
2489 87 1380 88 
2490 1078 1449 1079 
2491 749 1267 435 
2492 169 1166 193 
2493 1235 1256 732 
2494 832 1331 831 
2495 474 1324 499 
2496 595 664 594 
2497 709 1276 706 
2498 994 1337 997 
2499 525 1304 523 
2500 580 696 695 
2501 780 1390 772 
2502 1242 1243 376 
2503 1183 1294 764 
2504 1214 1393 347 
2505 263 1291 261 
2506 817 1445 1035 
2507 445 1388 667 
2508 575 1307 508 
2509 807 1028 805 
2510 406 1255 394 
2511 1373 1374 777 
2512 781 1450 1253 
2513 678 1430 679 
2514 211 1415 91 
2515 615 1482 1227 
2516 336 1265 330 
2517 170 1240 1100 
2518 193 1165 5 
2519 935 1037 933 
2520 534 1261 491 
2521 644 1427 1187 
2522 209 1471 1171 
2523 440 1281 438 
2524 1276 1397 768 
2525 1244 1542 960 
2526 269 1306 267 
2527 730 1354 725 
2528 1412 1605 234 
2529 1275 1510 1063 
2530 782 1450 781 
2531 686 1284 290 
2532 438 1281 441 
2533 675 1433 1321 
2534 658 1499 1185 
2535 768 1397 1161 
2536 174 1438 89 
2537 309 1264 306 
2538 843 1577 975 
2539 831 1198 808 
2540 895 1439 1198 
2541 1164 1196 190 
2542 802 1322 801 
2543 272 1252 454 
2544 914 1361 1072 
2545 911 1388 1254 
2546 740 1277 737 
2547 94 1426 215 
2548 664 717 665 
2549 1135 1313 1098 
2550 563 1286 798 
2551 287 1284 285 
2552 911 1475 1388 
2553 933 1331 832 
2554 1277 1290 782 
2555 343 1302 341 
2556 1232 1596 904 
2557 920 1605 1412 
2558 1100 1368 213 
2559 1208 1404 1016 
2560 1290 1444 204 
2561 1252 1373 454 
2562 1061 1510 1248 
2563 467 1300 447 
2564 797 1286 515 
2565 90 1438 211 
2566 382 1292 1291 
2567 1161 1397 1157 
2568 291 1288 442 
2569 222 1146 1144 
2570 499 1324 1257 
2571 224 1341 1148 
2572 558 1369 478 
2573 374 1287 368 
2574 672 1293 503 
2575 414 1323 412 
2576 184 1280 1117 
2577 971 1383 927 
2578 494 1282 452 
2579 739 1277 782 
2580 1314 1520 1425 
2581 364 1366 370 
2582 334 1269 312 
2583 653 1282 494 
2584 495 1286 563 
2585 644 1236 585 
2586 1182 1471 209 
2587 669 1264 309 
2588 1172 1550 828 
2589 515 1286 495 
2590 1093 1360 796 
2591 183 1232 1118 
2592 892 1260 1207 
2593 798 1298 701 
2594 1195 1327 974 
2595 1137 1371 180 
2596 701 1298 910 
2597 709 1397 1276 
2598 290 1284 287 
2599 535 1362 560 
2600 783 1368 1240 
2601 191 1530 1207 
2602 584 1328 581 
2603 297 1288 293 
2604 1202 1537 353 
2605 382 1291 263 
2606 917 1420 1264 
2607 1178 1300 467 
2608 1109 1520 1314 
2609 505 1293 561 
2610 62 1494 1228 
2611 380 1577 1169 
2612 366 1366 364 
2613 630 1296 813 
2614 1115 1455 1352 
2615 1015 1279 699 
2616 699 1279 691 
2617 397 1303 1302 
2618 799 1222 1218 
2619 1400 1503 883 
2620 687 1294 1183 
2621 936 1404 1208 
2622 1141 1350 1190 
2623 459 1340 373 
2624 510 1297 650 
2625 452 1282 568 
2626 267 1306 382 
2627 1076 1554 863 
2628 868 1309 1205 
2629 347 1393 345 
2630 283 1410 377 
2631 1256 1295 232 
2632 910 1353 1250 
2633 682 1430 829 
2634 1160 1370 720 
2635 626 1316 607 
2636 755 1557 751 
2637 389 1453 327 
2638 973 1248 1029 
2639 761 1377 760 
2640 797 1419 1286 
2641 1209 1473 962 
2642 1229 1308 884 
2643 410 1407 408 
2644 518 1472 519 
2645 66 1396 207 
2646 695 1320 578 
2647 540 1310 538 
2648 397 1302 343 
2649 1301 1417 812 
2650 105 1466 1233 
2651 206 1491 71 
2652 256 1483 266 
2653 149 1468 1114 
2654 561 1362 535 
2655 227 1554 1380 
2656 1213 1407 1212 
2657 544 1321 542 
2658 802 1502 1418 
2659 430 1314 463 
2660 332 1526 1487 
2661 1008 1456 1007 
2662 417 1344 282 
2663 334 1376 1269 
2664 608 1333 611 
2665 328 1319 326 
2666 1175 1524 908 
2667 1171 1471 794 
2668 1265 1319 328 
2669 1132 1578 198 
2670 453 1306 269 
2671 341 1302 1242 
2672 826 1379 838 
2673 1051 1330 1295 
2674 192 1466 104 
2675 769 1409 1167 
2676 1065 1587 1381 
2677 521 1441 520 
2678 1386 1508 894 
2679 946 1363 948 
2680 1442 1489 458 
2681 190 1468 148 
2682 1286 1419 798 
2683 447 1300 449 
2684 726 1384 693 
2685 574 1464 1344 
2686 1185 1414 210 
2687 543 1566 1431 
2688 523 1304 533 
2689 230 1527 1419 
2690 1478 1531 844 
2691 623 1335 620 
2692 762 1499 744 
2693 1102 1365 222 
2694 580 1328 696 
2695 948 1363 952 
2696 1193 1374 1373 
2697 527 1336 525 
2698 479 1326 481 
2699 1258 1372 298 
2700 373 1340 371 
2701 483 1343 485 
2702 1191 1534 635 
2703 1137 1484 1371 
2704 1350 1476 1027 
2705 412 1323 421 
2706 11 1521 197 
2707 326 1319 333 
2708 1196 1549 190 
2709 302 1420 401 
2710 91 1415 92 
2711 103 1587 192 
2712 620 1335 622 
2713 1348 1530 191 
2714 1280 1595 1117 
2715 259 1405 265 
2716 591 1334 589 
2717 597 1346 595 
2718 1190 1350 876 
2719 1059 1551 959 
2720 665 1334 594 
2721 603 1316 789 
2722 371 1340 374 
2723 570 1498 569 
2724 538 1310 647 
2725 1264 1420 303 
2726 212 1591 1103 
2727 189 1381 101 
2728 1463 1569 1082 
2729 484 1516 1299 
2730 1347 1378 816 
2731 257 1506 255 
2732 787 1311 1310 
2733 1251 1608 548 
2734 878 1503 882 
2735 556 1320 802 
2736 652 1452 814 
2737 194 1511 38 
2738 560 1362 1296 
2739 454 1373 456 
2740 362 1575 361 
2741 282 1344 280 
2742 1142 1576 1092 
2743 1349 1590 1010 
2744 376 1391 1289 
2745 896 1609 717 
2746 837 1478 844 
2747 298 1372 295 
2748 324 1467 322 
2749 833 1403 830 
2750 734 1382 1220 
2751 649 1327 1326 
2752 1176 1562 561 
2753 1287 1366 366 
2754 1232 1579 1118 
2755 805 1354 730 
2756 1037 1331 933 
2757 902 1392 905 
2758 1450 1514 791 
2759 295 1372 297 
2760 568 1429 451 
2761 1356 1541 208 
2762 542 1321 787 
2763 1169 1577 843 
2764 814 1580 815 
2765 487 1349 537 
2766 1262 1492 840 
2767 1138 1406 172 
2768 595 1346 664 
2769 1102 1493 1365 
2770 449 1399 426 
2771 1211 1522 780 
2772 901 1392 902 
2773 423 1442 458 
2774 230 1419 1411 
2775 93 1426 94 
2776 428 1388 445 
2777 1004 1543 1361 
2778 649 1326 479 
2779 1107 1385 175 
2780 987 1593 1323 
2781 787 1310 540 
2782 1254 1388 428 
2783 1430 1576 1142 
2784 823 1366 1287 
2785 616 1482 615 
2786 691 1482 619 
2787 601 1351 599 
2788 234 1605 1204 
2789 790 1387 847 
2790 280 1344 1192 
2791 463 1314 649 
2792 761 1458 1377 
2793 318 1487 316 
2794 675 1321 544 
2795 919 1413 918 
2796 813 1465 1043 
2797 278 1582 697 
2798 1301 1498 570 
2799 1231 1390 443 
2800 1245 1382 734 
2801 845 1338 673 
2802 426 1399 414 
2803 171 1476 1350 
2804 1289 1391 748 
2805 857 1387 790 
2806 1238 1379 237 
2807 716 1343 483 
2808 1342 1599 236 
2809 741 1428 1263 
2810 1125 1465 1296 
2811 779 1461 1249 
2812 532 1336 527 
2813 481 1326 716 
2814 531 1364 529 
2815 89 1438 90 
2816 1097 1476 1096 
2817 779 1335 623 
2818 1305 1441 533 
2819 554 1355 552 
2820 485 1343 663 
2821 673 1338 788 
2822 612 1351 601 
2823 197 1504 1234 
2824 345 1393 397 
2825 671 1431 908 
2826 261 1405 259 
2827 1291 1405 261 
2828 285 1410 283 
2829 865 1552 862 
2830 747 1364 531 
2831 771 1367 724 
2832 954 1535 957 
2833 676 1346 597 
2834 185 1546 1273 
2835 594 1334 591 
2836 516 1432 1297 
2837 587 1427 644 
2838 266 1483 1329 
2839 981 1600 1071 
2840 1284 1410 285 
2841 1098 1400 1097 
2842 355 1443 1387 
2843 303 1420 302 
2844 1296 1362 1125 
2845 663 1349 487 
2846 1297 1432 849 
2847 421 1407 410 
2848 997 1401 998 
2849 525 1336 1304 
2850 520 1540 517 
2851 1106 1498 1301 
2852 822 1570 1454 
2853 1394 1395 822 
2854 1147 1451 1303 
2855 414 1399 1323 
2856 1243 1391 376 
2857 942 1409 769 
2858 812 1417 811 
2859 599 1351 676 
2860 1304 1336 1013 
2861 1138 1597 1406 
2862 1370 1461 720 
2863 1359 1400 883 
2864 1149 1477 1038 
2865 922 1505 1339 
2866 1104 1422 218 
2867 801 1355 554 
2868 1238 1495 25 
2869 43 1496 1239 
2870 693 1398 827 
2871 1159 1533 396 
2872 1028 1354 805 
2873 1151 1596 183 
2874 1339 1505 886 
2875 458 1489 570 
2876 830 1411 797 
2877 1089 1475 1206 
2878 529 1364 532 
2879 353 1537 351 
2880 1323 1399 987 
2881 908 1524 1065 
2882 148 1468 149 
2883 104 1466 105 
2884 1084 1549 804 
2885 170 1423 1240 
2886 1099 1423 170 
2887 552 1355 662 
2888 1507 1583 465 
2889 1036 1405 1291 
2890 1134 1532 1345 
2891 589 1427 587 
2892 1093 1560 1360 
2893 1198 1439 807 
2894 1204 1605 838 
2895 1121 1539 1340 
2896 1299 1516 875 
2897 1259 1580 200 
2898 1298 1527 1057 
2899 418 1507 465 
2900 81 1509 235 
2901 1329 1483 990 
2902 1217 1501 1019 
2903 649 1425 1327 
2904 853 1528 1364 
2905 1163 1611 191 
2906 1384 1398 693 
2907 191 1611 1348 
2908 253 1462 380 
2909 724 1367 1160 
2910 1000 1458 761 
2911 451 1429 574 
2912 592 1602 593 
2913 903 1596 1151 
2914 54 1606 53 
2915 717 1533 1159 
2916 548 1608 546 
2917 1041 1456 719 
2918 968 1375 935 
2919 236 1494 63 
2920 24 1495 237 
2921 238 1496 44 
2922 1339 1546 1052 
2923 679 1430 682 
2924 1017 1422 1104 
2925 1303 1451 1302 
2926 1448 1580 814 
2927 850 1520 1109 
2928 749 1557 1267 
2929 957 1610 959 
2930 1228 1494 236 
2931 1074 1502 695 
2932 935 1375 1037 
2933 1267 1557 1001 
2934 473 1515 1331 
2935 1114 1447 188 
2936 350 1518 1443 
2937 222 1365 1146 
2938 916 1598 1011 
2939 848 1545 819 
2940 975 1577 1462 
2941 1233 1466 1053 
2942 1253 1450 754 
2943 1272 1428 741 
2944 627 1461 779 
2945 644 1408 1236 
2946 1307 1454 471 
2947 626 1460 1316 
2948 648 1512 873 
2949 794 1471 826 
2950 909 1452 652 
2951 773 1416 1294 
2952 789 1460 857 
2953 1223 1517 852 
2954 1535 1610 957 
2955 465 1583 651 
2956 1145 1455 186 
2957 1164 1595 1196 
2958 1437 1600 980 
2959 956 1480 1210 
2960 840 1492 842 
2961 1069 1579 1232 
2962 870 1592 1573 
2963 1063 1510 1061 
2964 1519 1538 1435 
2965 572 1492 1262 
2966 1274 1522 1211 
2967 663 1590 1349 
2968 533 1441 521 
2969 1524 1587 1065 
2970 1271 1434 867 
2971 1547 1572 1116 
2972 1334 1427 589 
2973 920 1412 1283 
2974 1096 1476 171 
2975 1302 1451 1242 
2976 1316 1460 789 
2977 1414 1499 762 
2978 1206 1475 911 
2979 1033 1441 1305 
2980 1150 1459 227 
2981 1167 1500 1000 
2982 197 1521 1504 
2983 206 1403 1347 
2984 1371 1548 180 
2985 333 1467 324 
2986 1306 1561 382 
2987 1344 1464 1192 
2988 499 1434 1271 
2989 1059 1610 245 
2990 186 1455 1115 
2991 1101 1479 179 
2992 1103 1469 178 
2993 1263 1428 672 
2994 720 1461 627 
2995 807 1439 1028 
2996 1242 1451 1243 
2997 1573 1592 871 
2998 237 1495 1238 
2999 1239 1496 238 
3000 1380 1554 1076 
3001 1128 1607 1220 
3002 1364 1528 532 
3003 1112 1569 1230 
3004 1406 1597 1056 
3005 884 1523 1225 
3006 1193 1464 1374 
3007 1196 1595 809 
3008 635 1534 1247 
3009 788 1460 626 
3010 820 1454 1307 
3011 963 1470 964 
3012 1024 1589 1025 
3013 471 1454 1177 
3014 1314 1425 649 
3015 1192 1464 1193 
3016 989 1525 1486 
3017 332 1487 318 
3018 1340 1539 374 
3019 833 1529 1378 
3020 993 1472 1337 
3021 1099 1567 1423 
3022 1418 1502 1074 
3023 838 1605 920 
3024 1120 1561 1306 
3025 1409 1500 1167 
3026 964 1563 960 
3027 1155 1599 1342 
3028 569 1498 690 
3029 834 1541 1050 
3030 1277 1444 1290 
3031 871 1592 1082 
3032 886 1505 1229 
3033 1406 1532 172 
3034 219 1477 1149 
3035 1483 1601 990 
3036 1082 1592 872 
3037 374 1539 1270 
3038 1331 1515 831 
3039 215 1594 1484 
3040 215 1484 1137 
3041 1150 1519 1459 
3042 1273 1546 1049 
3043 265 1506 257 
3044 102 1587 103 
3045 744 1499 658 
3046 1444 1607 1129 
3047 1357 1574 849 
3048 1050 1541 1356 
3049 1153 1599 1155 
3050 1221 1529 833 
3051 863 1554 1459 
3052 619 1482 616 
3053 1387 1443 847 
3054 1368 1553 213 
3055 937 1481 968 
3056 235 1509 1285 
3057 1211 1504 1081 
3058 466 1542 1244 
3059 1349 1436 537 
3060 182 1519 1150 
3061 1411 1419 797 
3062 1422 1567 218 
3063 811 1398 1384 
3064 1101 1556 1479 
3065 178 1493 1102 
3066 1556 1572 996 
3067 1308 1523 884 
3068 798 1527 1298 
3069 811 1417 1398 
3070 894 1508 893 
3071 1428 1568 672 
3072 172 1532 1134 
3073 740 1444 1277 
3074 1111 1474 1112 
3075 847 1518 1093 
3076 1244 1563 534 
3077 1443 1518 847 
3078 815 1580 1259 
3079 568 1529 1429 
3080 1116 1572 223 
3081 182 1538 1519 
3082 361 1501 1217 
3083 1092 1576 1216 
3084 1245 1550 1382 
3085 1246 1544 901 
3086 1296 1465 813 
3087 961 1535 954 
3088 875 1516 874 
3089 751 1557 749 
3090 180 1548 1143 
3091 1290 1514 782 
3092 517 1540 516 
3093 859 1493 1469 
3094 1285 1509 6 
3095 959 1551 963 
3096 194 1500 1409 
3097 1178 1486 1300 
3098 1119 1538 182 
3099 660 1586 1581 
3100 849 1574 848 
3101 1469 1493 178 
3102 351 1537 391 
3103 1178 1570 1395 
3104 828 1550 1245 
3105 963 1551 1325 
3106 223 1556 1101 
3107 1216 1576 678 
3108 218 1567 1099 
3109 740 1607 1444 
3110 1117 1595 1164 
3111 1207 1530 892 
3112 1247 1534 758 
3113 958 1542 1266 
3114 1118 1579 1166 
3115 890 1530 1348 
3116 1581 1586 889 
3117 831 1515 1198 
3118 516 1540 1432 
3119 370 1575 362 
3120 1049 1546 1339 
3121 819 1545 821 
3122 995 1572 1547 
3123 1230 1569 181 
3124 1119 1564 1538 
3125 960 1563 1244 
3126 1395 1570 822 
3127 1454 1570 1177 
3128 382 1561 1292 
3129 213 1553 1136 
3130 647 1571 1268 
3131 187 1547 1116 
3132 865 1519 1435 
3133 245 1610 1535 
3134 223 1572 1556 
3135 1177 1570 1178 
3136 983 1491 1347 
3137 780 1522 1390 
3138 225 1564 1119 
3139 1332 1578 786 
3140 443 1522 1274 
3141 1337 1472 518 
3142 546 1608 675 
3143 427 1603 1375 
3144 561 1562 1362 
3145 1347 1491 206 
3146 1089 1565 1475 
3147 929 1548 1371 
3148 432 1523 1308 
3149 667 1565 1324 
3150 1311 1513 1310 
3151 1190 1591 212 
3152 214 1597 1138 
3153 1382 1550 205 
3154 1266 1542 466 
3155 183 1596 1232 
3156 1423 1567 855 
3157 716 1490 1343 
3158 696 1543 1074 
3159 1220 1607 740 
3160 901 1544 1392 
3161 403 1536 1311 
3162 1435 1538 846 
3163 1361 1543 696 
3164 1348 1611 889 
3165 1300 1525 449 
3166 1185 1499 1414 
3167 1352 1611 1163 
3168 1504 1521 1081 
3169 1459 1519 865 
3170 1429 1529 1221 
3171 1310 1513 647 
3172 942 1511 1409 
3173 534 1563 1497 
3174 672 1568 1293 
3175 897 1553 1368 
3176 967 1571 1513 
3177 971 1532 1406 
3178 1390 1522 443 
3179 695 1502 1320 
3180 1513 1536 967 
3181 1432 1540 1034 
3182 1409 1511 194 
3183 1004 1559 1543 
3184 1362 1562 1125 
3185 1320 1502 802 
3186 1419 1527 798 
3187 1486 1525 1300 
3188 1513 1571 647 
3189 1336 1558 1013 
3190 889 1555 1348 
3191 1475 1565 667 
3192 1538 1564 846 
3193 1323 1593 421 
3194 1348 1555 890 
3195 782 1514 1450 
3196 889 1611 1352 
3197 1371 1531 929 
3198 1435 1552 865 
3199 1311 1536 1513 
3200 532 1558 1336 
3201 889 1586 1555 
3202 718 1552 1435 
3203 1453 1559 1004 
3204 1375 1603 1037 
3205 1012 1558 1528 
3206 1392 1544 605 
3207 1459 1554 227 
3208 389 1559 1453 
3209 200 1580 1448 
3210 1431 1566 1002 
3211 1425 1520 818 
3212 1555 1586 888 
3213 1352 1581 889 
3214 1528 1558 532 
3215 1462 1577 380 
3216 1560 1609 896 
3217 694 1531 1478 
3218 1071 1600 1437 
3219 1497 1563 964 
3220 1543 1559 1074 
3221 1512 1588 928 
3222 1545 1604 821 
3223 271 1604 1545 
3224 1484 1594 844 
3225 390 1609 1560 
3226 1108 1485 226 
3227 1003 1453 1004 
$EndElements
