$MeshFormat
4.1 0 8
$EndMeshFormat
$Entities
5 5 1 0
1 0 0 0 0 
2 1 0 0 0 
3 1 1 0 0 
4 0 1 0 0 
5 0.6 0.5 0 0 
1 -9.999999994736442e-08 -1e-07 -1e-07 1.0000001 1e-07 1e-07 0 2 1 -2 
2 0.9999999000000001 -9.999999994736442e-08 -1e-07 1.0000001 1.0000001 1e-07 0 2 2 -3 
3 -9.999999994736442e-08 0.9999999000000001 -1e-07 1.0000001 1.0000001 1e-07 0 2 3 -4 
4 -1e-07 -9.999999994736442e-08 -1e-07 1e-07 1.0000001 1e-07 0 2 4 -1 
5 0.3999999 0.3999999 -1e-07 0.6000000999999999 0.6000000999999999 1e-07 0 2 5 -5 
1 -9.999999994736442e-08 -9.999999994736442e-08 -1e-07 1.0000001 1.0000001 1e-07 0 5 1 2 3 4 5 
$EndEntities
$Nodes
11 4211 1 4211
0 1 0 1
1
0 0 0
0 2 0 1
2
1 0 0
0 3 0 1
3
1 1 0
0 4 0 1
4
0 1 0
0 5 0 1
5
0.6 0.5 0
1 1 0 33
6
7
8
9
10
11
12
13
14
15
16
17
18
19
20
21
22
23
24
25
26
27
28
29
30
31
32
33
34
35
36
37
38
0.02941176470588239 0 0
0.05882352941176477 0 0
0.08823529411764718 0 0
0.1176470588235296 0 0
0.147058823529412 0 0
0.1764705882352943 0 0
0.2058823529411767 0 0
0.235294117647059 0 0
0.2647058823529415 0 0
0.2941176470588239 0 0
0.3235294117647065 0 0
0.3529411764705889 0 0
0.3823529411764713 0 0
0.4117647058823538 0 0
0.4411764705882362 0 0
0.4705882352941187 0 0
0.5000000000000011 0 0
0.5294117647058832 0 0
0.5588235294117656 0 0
0.5882352941176479 0 0
0.6176470588235301 0 0
0.6470588235294124 0 0
0.6764705882352946 0 0
0.7058823529411768 0 0
0.7352941176470592 0 0
0.7647058823529413 0 0
0.7941176470588236 0 0
0.823529411764706 0 0
0.8529411764705882 0 0
0.8823529411764703 0 0
0.9117647058823527 0 0
0.9411764705882349 0 0
0.9705882352941173 0 0
1 2 0 33
39
40
41
42
43
44
45
46
47
48
49
50
51
52
53
54
55
56
57
58
59
60
61
62
63
64
65
66
67
68
69
70
71
1 0.02941176470588239 0
1 0.05882352941176477 0
1 0.08823529411764718 0
1 0.1176470588235296 0
1 0.147058823529412 0
1 0.1764705882352943 0
1 0.2058823529411767 0
1 0.235294117647059 0
1 0.2647058823529415 0
1 0.2941176470588239 0
1 0.3235294117647065 0
1 0.3529411764705889 0
1 0.3823529411764713 0
1 0.4117647058823538 0
1 0.4411764705882362 0
1 0.4705882352941187 0
1 0.5000000000000011 0
1 0.5294117647058832 0
1 0.5588235294117656 0
1 0.5882352941176479 0
1 0.6176470588235301 0
1 0.6470588235294124 0
1 0.6764705882352946 0
1 0.7058823529411768 0
1 0.7352941176470592 0
1 0.7647058823529413 0
1 0.7941176470588236 0
1 0.823529411764706 0
1 0.8529411764705882 0
1 0.8823529411764703 0
1 0.9117647058823527 0
1 0.9411764705882349 0
1 0.9705882352941173 0
1 3 0 33
72
73
74
75
76
77
78
79
80
81
82
83
84
85
86
87
88
89
90
91
92
93
94
95
96
97
98
99
100
101
102
103
104
0.9705882352941176 1 0
0.9411764705882353 1 0
0.9117647058823528 1 0
0.8823529411764705 1 0
0.8529411764705881 1 0
0.8235294117647057 1 0
0.7941176470588234 1 0
0.7647058823529409 1 0
0.7352941176470585 1 0
0.7058823529411761 1 0
0.6764705882352935 1 0
0.6470588235294111 1 0
0.6176470588235287 1 0
0.5882352941176462 1 0
0.5588235294117638 1 0
0.5294117647058814 1 0
0.4999999999999989 1 0
0.4705882352941168 1 0
0.4411764705882344 1 0
0.4117647058823521 1 0
0.3823529411764699 1 0
0.3529411764705876 1 0
0.3235294117647054 1 0
0.2941176470588232 1 0
0.2647058823529408 1 0
0.2352941176470587 1 0
0.2058823529411764 1 0
0.176470588235294 1 0
0.1470588235294118 1 0
0.1176470588235297 1 0
0.0882352941176473 1 0
0.05882352941176505 1 0
0.02941176470588269 1 0
1 4 0 33
105
106
107
108
109
110
111
112
113
114
115
116
117
118
119
120
121
122
123
124
125
126
127
128
129
130
131
132
133
134
135
136
137
0 0.9705882352941176 0
0 0.9411764705882353 0
0 0.9117647058823528 0
0 0.8823529411764705 0
0 0.8529411764705881 0
0 0.8235294117647057 0
0 0.7941176470588234 0
0 0.7647058823529409 0
0 0.7352941176470585 0
0 0.7058823529411761 0
0 0.6764705882352935 0
0 0.6470588235294111 0
0 0.6176470588235287 0
0 0.5882352941176462 0
0 0.5588235294117638 0
0 0.5294117647058814 0
0 0.4999999999999989 0
0 0.4705882352941168 0
0 0.4411764705882344 0
0 0.4117647058823521 0
0 0.3823529411764699 0
0 0.3529411764705876 0
0 0.3235294117647054 0
0 0.2941176470588232 0
0 0.2647058823529408 0
0 0.2352941176470587 0
0 0.2058823529411764 0
0 0.176470588235294 0
0 0.1470588235294118 0
0 0.1176470588235297 0
0 0.0882352941176473 0
0 0.05882352941176505 0
0 0.02941176470588269 0
1 5 0 148
138
139
140
141
142
143
144
145
146
147
148
149
150
151
152
153
154
155
156
157
158
159
160
161
162
163
164
165
166
167
168
169
170
171
172
173
174
175
176
177
178
179
180
181
182
183
184
185
186
187
188
189
190
191
192
193
194
195
196
197
198
199
200
201
202
203
204
205
206
207
208
209
210
211
212
213
214
215
216
217
218
219
220
221
222
223
224
225
226
227
228
229
230
231
232
233
234
235
236
237
238
239
240
241
242
243
244
245
246
247
248
249
250
251
252
253
254
255
256
257
258
259
260
261
262
263
264
265
266
267
268
269
270
271
272
273
274
275
276
277
278
279
280
281
282
283
284
285
0.5999111018246504 0.5042156532334097 0
0.5996445653563128 0.5084238111892123 0
0.5992008644871016 0.5126169919161306 0
0.59858078810097 0.516787740091854 0
0.5977854386711042 0.5209286402783293 0
0.5968162302997659 0.5250323301061386 0
0.5956748862040698 0.5290915133645242 0
0.5943634356521671 0.5330989729737845 0
0.5928842103552803 0.5370475838169784 0
0.5912398403220058 0.5409303254081235 0
0.5894332491822549 0.5447402943743634 0
0.5874676489891462 0.5484707167299137 0
0.585346534508092 0.5521149599199602 0
0.5830736770032341 0.5556665446131006 0
0.5806531175322727 0.5591191562213585 0
0.5780891597616137 0.5624666561272906 0
0.5753863623146066 0.5657030925982245 0
0.5725495306664792 0.568822711368222 0
0.5695837086003772 0.5718199658689544 0
0.5664941692397025 0.5746895270912984 0
0.5632864056726917 0.5774262930601194 0
0.5599661211859062 0.5800253979053976 0
0.556539219123996 0.5824822205135675 0
0.5530117923937694 0.5847923927436883 0
0.5493901126312265 0.5869518071938402 0
0.5456806190508188 0.5889566245039344 0
0.541889906996762 0.590803280181955 0
0.5380247162167535 0.5924884909414969 0
0.5340919188789478 0.5940092605393279 0
0.530098507353492 0.5953628851026005 0
0.5260515817803466 0.596546957936239 0
0.5219583374454964 0.5975593738019557 0
0.5178260519879938 0.5983983326612872 0
0.5136620724605828 0.599062342875998 0
0.509473802266907 0.5995502238601579 0
0.5052686879985281 0.5998611081791814 0
0.5010542061951581 0.5999944430920943 0
0.4968378500516442 0.5999499915342874 0
0.4926271160953422 0.5997278325390081 0
0.488429490857564 0.5993283610968428 0
0.4842524375627983 0.5987522874534379 0
0.4801033828593701 0.5980006358467086 0
0.4759897036151306 0.5970747426857816 0
0.4719187138016555 0.5959762541749086 0
0.4678976514902705 0.5947071233865746 0
0.4639336659830245 0.5932696067890069 0
0.4600338051014918 0.5916662602342566 0
0.4562050026560021 0.5898999344139872 0
0.4524540661175789 0.5879737697910488 0
0.4487876645145046 0.5858911910158491 0
0.4452123165750314 0.5836559008374509 0
0.4417343791373205 0.581271873520219 0
0.4383600358472158 0.5787433477777233 0
0.4350952861639472 0.5760748192364602 0
0.4319459346933109 0.5732710324427935 0
0.4289175808672925 0.5703369724273238 0
0.426015608988481 0.5672778558416858 0
0.4232451786569751 0.5640991216835326 0
0.4206112155968028 0.5608064216261957 0
0.4181184028981641 0.5574056099702165 0
0.4157711726910668 0.5539027332346136 0
0.4135736982651617 0.5503040194063923 0
0.4115298866497856 0.5466158668674113 0
0.4096433716674057 0.5428448330182931 0
0.4079175074728162 0.5389976226196053 0
0.4063553625895731 0.5350810758710401 0
0.4049597144542714 0.5311021562497902 0
0.4037330444783642 0.5270679381297394 0
0.402677533636304 0.5229855942034843 0
0.401795058587849 0.518862382729549 0
0.4010871883414313 0.5147056346274655 0
0.4005551814645166 0.5105227404436672 0
0.4001999838459178 0.5063211372113664 0
0.4000222270140382 0.5021082952277811 0
0.4000222270140382 0.497891704772219 0
0.4001999838459177 0.4936788627886338 0
0.4005551814645166 0.489477259556333 0
0.4010871883414313 0.4852943653725346 0
0.401795058587849 0.4811376172704511 0
0.4026775336363039 0.4770144057965158 0
0.4037330444783642 0.4729320618702607 0
0.4049597144542713 0.4688978437502099 0
0.4063553625895731 0.46491892412896 0
0.4079175074728162 0.4610023773803949 0
0.4096433716674056 0.4571551669817071 0
0.4115298866497855 0.4533841331325889 0
0.4135736982651616 0.4496959805936079 0
0.4157711726910667 0.4460972667653866 0
0.418118402898164 0.4425943900297836 0
0.4206112155968027 0.4391935783738045 0
0.4232451786569749 0.4359008783164676 0
0.4260156089884808 0.4327221441583143 0
0.4289175808672924 0.4296630275726763 0
0.4319459346933108 0.4267289675572066 0
0.435095286163947 0.4239251807635399 0
0.4383600358472157 0.4212566522222768 0
0.4417343791373203 0.4187281264797811 0
0.4452123165750312 0.4163440991625492 0
0.4487876645145044 0.414108808984151 0
0.4524540661175786 0.4120262302089514 0
0.4562050026560018 0.4101000655860129 0
0.4600338051014916 0.4083337397657435 0
0.4639336659830242 0.4067303932109932 0
0.4678976514902701 0.4052928766134255 0
0.4719187138016551 0.4040237458250915 0
0.4759897036151302 0.4029252573142184 0
0.4801033828593697 0.4019993641532915 0
0.4842524375627979 0.4012477125465621 0
0.4884294908575636 0.4006716389031572 0
0.4926271160953418 0.4002721674609919 0
0.4968378500516437 0.4000500084657126 0
0.5010542061951576 0.4000055569079057 0
0.5052686879985276 0.4001388918208186 0
0.5094738022669064 0.4004497761398421 0
0.5136620724605823 0.400937657124002 0
0.5178260519879933 0.4016016673387127 0
0.5219583374454959 0.4024406261980442 0
0.5260515817803462 0.4034530420637608 0
0.5300985073534914 0.4046371148973993 0
0.5340919188789474 0.4059907394606719 0
0.538024716216753 0.4075115090585028 0
0.5418899069967613 0.4091967198180447 0
0.5456806190508183 0.4110433754960654 0
0.5493901126312259 0.4130481928061595 0
0.5530117923937689 0.4152076072563113 0
0.5565392191239954 0.4175177794864322 0
0.5599661211859056 0.419974602094602 0
0.5632864056726912 0.4225737069398802 0
0.566494169239702 0.4253104729087012 0
0.5695837086003768 0.4281800341310451 0
0.5725495306664787 0.4311772886317775 0
0.5753863623146063 0.4342969074017751 0
0.5780891597616133 0.4375333438727089 0
0.5806531175322724 0.440880843778641 0
0.5830736770032339 0.4443334553868988 0
0.5853465345080918 0.4478850400800394 0
0.5874676489891459 0.451529283270086 0
0.5894332491822548 0.4552597056256363 0
0.5912398403220057 0.4590696745918763 0
0.5928842103552802 0.4629524161830213 0
0.5943634356521671 0.4669010270262153 0
0.5956748862040697 0.4709084866354755 0
0.5968162302997658 0.4749676698938612 0
0.5977854386711042 0.4790713597216705 0
0.59858078810097 0.4832122599081457 0
0.5992008644871016 0.4873830080838693 0
0.5996445653563128 0.4915761888107876 0
0.5999111018246504 0.4957843467665902 0
2 1 0 3926
286
287
288
289
290
291
292
293
294
295
296
297
298
299
300
301
302
303
304
305
306
307
308
309
310
311
312
313
314
315
316
317
318
319
320
321
322
323
324
325
326
327
328
329
330
331
332
333
334
335
336
337
338
339
340
341
342
343
344
345
346
347
348
349
350
351
352
353
354
355
356
357
358
359
360
361
362
363
364
365
366
367
368
369
370
371
372
373
374
375
376
377
378
379
380
381
382
383
384
385
386
387
388
389
390
391
392
393
394
395
396
397
398
399
400
401
402
403
404
405
406
407
408
409
410
411
412
413
414
415
416
417
418
419
420
421
422
423
424
425
426
427
428
429
430
431
432
433
434
435
436
437
438
439
440
441
442
443
444
445
446
447
448
449
450
451
452
453
454
455
456
457
458
459
460
461
462
463
464
465
466
467
468
469
470
471
472
473
474
475
476
477
478
479
480
481
482
483
484
485
486
487
488
489
490
491
492
493
494
495
496
497
498
499
500
501
502
503
504
505
506
507
508
509
510
511
512
513
514
515
516
517
518
519
520
521
522
523
524
525
526
527
528
529
530
531
532
533
534
535
536
537
538
539
540
541
542
543
544
545
546
547
548
549
550
551
552
553
554
555
556
557
558
559
560
561
562
563
564
565
566
567
568
569
570
571
572
573
574
575
576
577
578
579
580
581
582
583
584
585
586
587
588
589
590
591
592
593
594
595
596
597
598
599
600
601
602
603
604
605
606
607
608
609
610
611
612
613
614
615
616
617
618
619
620
621
622
623
624
625
626
627
628
629
630
631
632
633
634
635
636
637
638
639
640
641
642
643
644
645
646
647
648
649
650
651
652
653
654
655
656
657
658
659
660
661
662
663
664
665
666
667
668
669
670
671
672
673
674
675
676
677
678
679
680
681
682
683
684
685
686
687
688
689
690
691
692
693
694
695
696
697
698
699
700
701
702
703
704
705
706
707
708
709
710
711
712
713
714
715
716
717
718
719
720
721
722
723
724
725
726
727
728
729
730
731
732
733
734
735
736
737
738
739
740
741
742
743
744
745
746
747
748
749
750
751
752
753
754
755
756
757
758
759
760
761
762
763
764
765
766
767
768
769
770
771
772
773
774
775
776
777
778
779
780
781
782
783
784
785
786
787
788
789
790
791
792
793
794
795
796
797
798
799
800
801
802
803
804
805
806
807
808
809
810
811
812
813
814
815
816
817
818
819
820
821
822
823
824
825
826
827
828
829
830
831
832
833
834
835
836
837
838
839
840
841
842
843
844
845
846
847
848
849
850
851
852
853
854
855
856
857
858
859
860
861
862
863
864
865
866
867
868
869
870
871
872
873
874
875
876
877
878
879
880
881
882
883
884
885
886
887
888
889
890
891
892
893
894
895
896
897
898
899
900
901
902
903
904
905
906
907
908
909
910
911
912
913
914
915
916
917
918
919
920
921
922
923
924
925
926
927
928
929
930
931
932
933
934
935
936
937
938
939
940
941
942
943
944
945
946
947
948
949
950
951
952
953
954
955
956
957
958
959
960
961
962
963
964
965
966
967
968
969
970
971
972
973
974
975
976
977
978
979
980
981
982
983
984
985
986
987
988
989
990
991
992
993
994
995
996
997
998
999
1000
1001
1002
1003
1004
1005
1006
1007
1008
1009
1010
1011
1012
1013
1014
1015
1016
1017
1018
1019
1020
1021
1022
1023
1024
1025
1026
1027
1028
1029
1030
1031
1032
1033
1034
1035
1036
1037
1038
1039
1040
1041
1042
1043
1044
1045
1046
1047
1048
1049
1050
1051
1052
1053
1054
1055
1056
1057
1058
1059
1060
1061
1062
1063
1064
1065
1066
1067
1068
1069
1070
1071
1072
1073
1074
1075
1076
1077
1078
1079
1080
1081
1082
1083
1084
1085
1086
1087
1088
1089
1090
1091
1092
1093
1094
1095
1096
1097
1098
1099
1100
1101
1102
1103
1104
1105
1106
1107
1108
1109
1110
1111
1112
1113
1114
1115
1116
1117
1118
1119
1120
1121
1122
1123
1124
1125
1126
1127
1128
1129
1130
1131
1132
1133
1134
1135
1136
1137
1138
1139
1140
1141
1142
1143
1144
1145
1146
1147
1148
1149
1150
1151
1152
1153
1154
1155
1156
1157
1158
1159
1160
1161
1162
1163
1164
1165
1166
1167
1168
1169
1170
1171
1172
1173
1174
1175
1176
1177
1178
1179
1180
1181
1182
1183
1184
1185
1186
1187
1188
1189
1190
1191
1192
1193
1194
1195
1196
1197
1198
1199
1200
1201
1202
1203
1204
1205
1206
1207
1208
1209
1210
1211
1212
1213
1214
1215
1216
1217
1218
1219
1220
1221
1222
1223
1224
1225
1226
1227
1228
1229
1230
1231
1232
1233
1234
1235
1236
1237
1238
1239
1240
1241
1242
1243
1244
1245
1246
1247
1248
1249
1250
1251
1252
1253
1254
1255
1256
1257
1258
1259
1260
1261
1262
1263
1264
1265
1266
1267
1268
1269
1270
1271
1272
1273
1274
1275
1276
1277
1278
1279
1280
1281
1282
1283
1284
1285
1286
1287
1288
1289
1290
1291
1292
1293
1294
1295
1296
1297
1298
1299
1300
1301
1302
1303
1304
1305
1306
1307
1308
1309
1310
1311
1312
1313
1314
1315
1316
1317
1318
1319
1320
1321
1322
1323
1324
1325
1326
1327
1328
1329
1330
1331
1332
1333
1334
1335
1336
1337
1338
1339
1340
1341
1342
1343
1344
1345
1346
1347
1348
1349
1350
1351
1352
1353
1354
1355
1356
1357
1358
1359
1360
1361
1362
1363
1364
1365
1366
1367
1368
1369
1370
1371
1372
1373
1374
1375
1376
1377
1378
1379
1380
1381
1382
1383
1384
1385
1386
1387
1388
1389
1390
1391
1392
1393
1394
1395
1396
1397
1398
1399
1400
1401
1402
1403
1404
1405
1406
1407
1408
1409
1410
1411
1412
1413
1414
1415
1416
1417
1418
1419
1420
1421
1422
1423
1424
1425
1426
1427
1428
1429
1430
1431
1432
1433
1434
1435
1436
1437
1438
1439
1440
1441
1442
1443
1444
1445
1446
1447
1448
1449
1450
1451
1452
1453
1454
1455
1456
1457
1458
1459
1460
1461
1462
1463
1464
1465
1466
1467
1468
1469
1470
1471
1472
1473
1474
1475
1476
1477
1478
1479
1480
1481
1482
1483
1484
1485
1486
1487
1488
1489
1490
1491
1492
1493
1494
1495
1496
1497
1498
1499
1500
1501
1502
1503
1504
1505
1506
1507
1508
1509
1510
1511
1512
1513
1514
1515
1516
1517
1518
1519
1520
1521
1522
1523
1524
1525
1526
1527
1528
1529
1530
1531
1532
1533
1534
1535
1536
1537
1538
1539
1540
1541
1542
1543
1544
1545
1546
1547
1548
1549
1550
1551
1552
1553
1554
1555
1556
1557
1558
1559
1560
1561
1562
1563
1564
1565
1566
1567
1568
1569
1570
1571
1572
1573
1574
1575
1576
1577
1578
1579
1580
1581
1582
1583
1584
1585
1586
1587
1588
1589
1590
1591
1592
1593
1594
1595
1596
1597
1598
1599
1600
1601
1602
1603
1604
1605
1606
1607
1608
1609
1610
1611
1612
1613
1614
1615
1616
1617
1618
1619
1620
1621
1622
1623
1624
1625
1626
1627
1628
1629
1630
1631
1632
1633
1634
1635
1636
1637
1638
1639
1640
1641
1642
1643
1644
1645
1646
1647
1648
1649
1650
1651
1652
1653
1654
1655
1656
1657
1658
1659
1660
1661
1662
1663
1664
1665
1666
1667
1668
1669
1670
1671
1672
1673
1674
1675
1676
1677
1678
1679
1680
1681
1682
1683
1684
1685
1686
1687
1688
1689
1690
1691
1692
1693
1694
1695
1696
1697
1698
1699
1700
1701
1702
1703
1704
1705
1706
1707
1708
1709
1710
1711
1712
1713
1714
1715
1716
1717
1718
1719
1720
1721
1722
1723
1724
1725
1726
1727
1728
1729
1730
1731
1732
1733
1734
1735
1736
1737
1738
1739
1740
1741
1742
1743
1744
1745
1746
1747
1748
1749
1750
1751
1752
1753
1754
1755
1756
1757
1758
1759
1760
1761
1762
1763
1764
1765
1766
1767
1768
1769
1770
1771
1772
1773
1774
1775
1776
1777
1778
1779
1780
1781
1782
1783
1784
1785
1786
1787
1788
1789
1790
1791
1792
1793
1794
1795
1796
1797
1798
1799
1800
1801
1802
1803
1804
1805
1806
1807
1808
1809
1810
1811
1812
1813
1814
1815
1816
1817
1818
1819
1820
1821
1822
1823
1824
1825
1826
1827
1828
1829
1830
1831
1832
1833
1834
1835
1836
1837
1838
1839
1840
1841
1842
1843
1844
1845
1846
1847
1848
1849
1850
1851
1852
1853
1854
1855
1856
1857
1858
1859
1860
1861
1862
1863
1864
1865
1866
1867
1868
1869
1870
1871
1872
1873
1874
1875
1876
1877
1878
1879
1880
1881
1882
1883
1884
1885
1886
1887
1888
1889
1890
1891
1892
1893
1894
1895
1896
1897
1898
1899
1900
1901
1902
1903
1904
1905
1906
1907
1908
1909
1910
1911
1912
1913
1914
1915
1916
1917
1918
1919
1920
1921
1922
1923
1924
1925
1926
1927
1928
1929
1930
1931
1932
1933
1934
1935
1936
1937
1938
1939
1940
1941
1942
1943
1944
1945
1946
1947
1948
1949
1950
1951
1952
1953
1954
1955
1956
1957
1958
1959
1960
1961
1962
1963
1964
1965
1966
1967
1968
1969
1970
1971
1972
1973
1974
1975
1976
1977
1978
1979
1980
1981
1982
1983
1984
1985
1986
1987
1988
1989
1990
1991
1992
1993
1994
1995
1996
1997
1998
1999
2000
2001
2002
2003
2004
2005
2006
2007
2008
2009
2010
2011
2012
2013
2014
2015
2016
2017
2018
2019
2020
2021
2022
2023
2024
2025
2026
2027
2028
2029
2030
2031
2032
2033
2034
2035
2036
2037
2038
2039
2040
2041
2042
2043
2044
2045
2046
2047
2048
2049
2050
2051
2052
2053
2054
2055
2056
2057
2058
2059
2060
2061
2062
2063
2064
2065
2066
2067
2068
2069
2070
2071
2072
2073
2074
2075
2076
2077
2078
2079
2080
2081
2082
2083
2084
2085
2086
2087
2088
2089
2090
2091
2092
2093
2094
2095
2096
2097
2098
2099
2100
2101
2102
2103
2104
2105
2106
2107
2108
2109
2110
2111
2112
2113
2114
2115
2116
2117
2118
2119
2120
2121
2122
2123
2124
2125
2126
2127
2128
2129
2130
2131
2132
2133
2134
2135
2136
2137
2138
2139
2140
2141
2142
2143
2144
2145
2146
2147
2148
2149
2150
2151
2152
2153
2154
2155
2156
2157
2158
2159
2160
2161
2162
2163
2164
2165
2166
2167
2168
2169
2170
2171
2172
2173
2174
2175
2176
2177
2178
2179
2180
2181
2182
2183
2184
2185
2186
2187
2188
2189
2190
2191
2192
2193
2194
2195
2196
2197
2198
2199
2200
2201
2202
2203
2204
2205
2206
2207
2208
2209
2210
2211
2212
2213
2214
2215
2216
2217
2218
2219
2220
2221
2222
2223
2224
2225
2226
2227
2228
2229
2230
2231
2232
2233
2234
2235
2236
2237
2238
2239
2240
2241
2242
2243
2244
2245
2246
2247
2248
2249
2250
2251
2252
2253
2254
2255
2256
2257
2258
2259
2260
2261
2262
2263
2264
2265
2266
2267
2268
2269
2270
2271
2272
2273
2274
2275
2276
2277
2278
2279
2280
2281
2282
2283
2284
2285
2286
2287
2288
2289
2290
2291
2292
2293
2294
2295
2296
2297
2298
2299
2300
2301
2302
2303
2304
2305
2306
2307
2308
2309
2310
2311
2312
2313
2314
2315
2316
2317
2318
2319
2320
2321
2322
2323
2324
2325
2326
2327
2328
2329
2330
2331
2332
2333
2334
2335
2336
2337
2338
2339
2340
2341
2342
2343
2344
2345
2346
2347
2348
2349
2350
2351
2352
2353
2354
2355
2356
2357
2358
2359
2360
2361
2362
2363
2364
2365
2366
2367
2368
2369
2370
2371
2372
2373
2374
2375
2376
2377
2378
2379
2380
2381
2382
2383
2384
2385
2386
2387
2388
2389
2390
2391
2392
2393
2394
2395
2396
2397
2398
2399
2400
2401
2402
2403
2404
2405
2406
2407
2408
2409
2410
2411
2412
2413
2414
2415
2416
2417
2418
2419
2420
2421
2422
2423
2424
2425
2426
2427
2428
2429
2430
2431
2432
2433
2434
2435
2436
2437
2438
2439
2440
2441
2442
2443
2444
2445
2446
2447
2448
2449
2450
2451
2452
2453
2454
2455
2456
2457
2458
2459
2460
2461
2462
2463
2464
2465
2466
2467
2468
2469
2470
2471
2472
2473
2474
2475
2476
2477
2478
2479
2480
2481
2482
2483
2484
2485
2486
2487
2488
2489
2490
2491
2492
2493
2494
2495
2496
2497
2498
2499
2500
2501
2502
2503
2504
2505
2506
2507
2508
2509
2510
2511
2512
2513
2514
2515
2516
2517
2518
2519
2520
2521
2522
2523
2524
2525
2526
2527
2528
2529
2530
2531
2532
2533
2534
2535
2536
2537
2538
2539
2540
2541
2542
2543
2544
2545
2546
2547
2548
2549
2550
2551
2552
2553
2554
2555
2556
2557
2558
2559
2560
2561
2562
2563
2564
2565
2566
2567
2568
2569
2570
2571
2572
2573
2574
2575
2576
2577
2578
2579
2580
2581
2582
2583
2584
2585
2586
2587
2588
2589
2590
2591
2592
2593
2594
2595
2596
2597
2598
2599
2600
2601
2602
2603
2604
2605
2606
2607
2608
2609
2610
2611
2612
2613
2614
2615
2616
2617
2618
2619
2620
2621
2622
2623
2624
2625
2626
2627
2628
2629
2630
2631
2632
2633
2634
2635
2636
2637
2638
2639
2640
2641
2642
2643
2644
2645
2646
2647
2648
2649
2650
2651
2652
2653
2654
2655
2656
2657
2658
2659
2660
2661
2662
2663
2664
2665
2666
2667
2668
2669
2670
2671
2672
2673
2674
2675
2676
2677
2678
2679
2680
2681
2682
2683
2684
2685
2686
2687
2688
2689
2690
2691
2692
2693
2694
2695
2696
2697
2698
2699
2700
2701
2702
2703
2704
2705
2706
2707
2708
2709
2710
2711
2712
2713
2714
2715
2716
2717
2718
2719
2720
2721
2722
2723
2724
2725
2726
2727
2728
2729
2730
2731
2732
2733
2734
2735
2736
2737
2738
2739
2740
2741
2742
2743
2744
2745
2746
2747
2748
2749
2750
2751
2752
2753
2754
2755
2756
2757
2758
2759
2760
2761
2762
2763
2764
2765
2766
2767
2768
2769
2770
2771
2772
2773
2774
2775
2776
2777
2778
2779
2780
2781
2782
2783
2784
2785
2786
2787
2788
2789
2790
2791
2792
2793
2794
2795
2796
2797
2798
2799
2800
2801
2802
2803
2804
2805
2806
2807
2808
2809
2810
2811
2812
2813
2814
2815
2816
2817
2818
2819
2820
2821
2822
2823
2824
2825
2826
2827
2828
2829
2830
2831
2832
2833
2834
2835
2836
2837
2838
2839
2840
2841
2842
2843
2844
2845
2846
2847
2848
2849
2850
2851
2852
2853
2854
2855
2856
2857
2858
2859
2860
2861
2862
2863
2864
2865
2866
2867
2868
2869
2870
2871
2872
2873
2874
2875
2876
2877
2878
2879
2880
2881
2882
2883
2884
2885
2886
2887
2888
2889
2890
2891
2892
2893
2894
2895
2896
2897
2898
2899
2900
2901
2902
2903
2904
2905
2906
2907
2908
2909
2910
2911
2912
2913
2914
2915
2916
2917
2918
2919
2920
2921
2922
2923
2924
2925
2926
2927
2928
2929
2930
2931
2932
2933
2934
2935
2936
2937
2938
2939
2940
2941
2942
2943
2944
2945
2946
2947
2948
2949
2950
2951
2952
2953
2954
2955
2956
2957
2958
2959
2960
2961
2962
2963
2964
2965
2966
2967
2968
2969
2970
2971
2972
2973
2974
2975
2976
2977
2978
2979
2980
2981
2982
2983
2984
2985
2986
2987
2988
2989
2990
2991
2992
2993
2994
2995
2996
2997
2998
2999
3000
3001
3002
3003
3004
3005
3006
3007
3008
3009
3010
3011
3012
3013
3014
3015
3016
3017
3018
3019
3020
3021
3022
3023
3024
3025
3026
3027
3028
3029
3030
3031
3032
3033
3034
3035
3036
3037
3038
3039
3040
3041
3042
3043
3044
3045
3046
3047
3048
3049
3050
3051
3052
3053
3054
3055
3056
3057
3058
3059
3060
3061
3062
3063
3064
3065
3066
3067
3068
3069
3070
3071
3072
3073
3074
3075
3076
3077
3078
3079
3080
3081
3082
3083
3084
3085
3086
3087
3088
3089
3090
3091
3092
3093
3094
3095
3096
3097
3098
3099
3100
3101
3102
3103
3104
3105
3106
3107
3108
3109
3110
3111
3112
3113
3114
3115
3116
3117
3118
3119
3120
3121
3122
3123
3124
3125
3126
3127
3128
3129
3130
3131
3132
3133
3134
3135
3136
3137
3138
3139
3140
3141
3142
3143
3144
3145
3146
3147
3148
3149
3150
3151
3152
3153
3154
3155
3156
3157
3158
3159
3160
3161
3162
3163
3164
3165
3166
3167
3168
3169
3170
3171
3172
3173
3174
3175
3176
3177
3178
3179
3180
3181
3182
3183
3184
3185
3186
3187
3188
3189
3190
3191
3192
3193
3194
3195
3196
3197
3198
3199
3200
3201
3202
3203
3204
3205
3206
3207
3208
3209
3210
3211
3212
3213
3214
3215
3216
3217
3218
3219
3220
3221
3222
3223
3224
3225
3226
3227
3228
3229
3230
3231
3232
3233
3234
3235
3236
3237
3238
3239
3240
3241
3242
3243
3244
3245
3246
3247
3248
3249
3250
3251
3252
3253
3254
3255
3256
3257
3258
3259
3260
3261
3262
3263
3264
3265
3266
3267
3268
3269
3270
3271
3272
3273
3274
3275
3276
3277
3278
3279
3280
3281
3282
3283
3284
3285
3286
3287
3288
3289
3290
3291
3292
3293
3294
3295
3296
3297
3298
3299
3300
3301
3302
3303
3304
3305
3306
3307
3308
3309
3310
3311
3312
3313
3314
3315
3316
3317
3318
3319
3320
3321
3322
3323
3324
3325
3326
3327
3328
3329
3330
3331
3332
3333
3334
3335
3336
3337
3338
3339
3340
3341
3342
3343
3344
3345
3346
3347
3348
3349
3350
3351
3352
3353
3354
3355
3356
3357
3358
3359
3360
3361
3362
3363
3364
3365
3366
3367
3368
3369
3370
3371
3372
3373
3374
3375
3376
3377
3378
3379
3380
3381
3382
3383
3384
3385
3386
3387
3388
3389
3390
3391
3392
3393
3394
3395
3396
3397
3398
3399
3400
3401
3402
3403
3404
3405
3406
3407
3408
3409
3410
3411
3412
3413
3414
3415
3416
3417
3418
3419
3420
3421
3422
3423
3424
3425
3426
3427
3428
3429
3430
3431
3432
3433
3434
3435
3436
3437
3438
3439
3440
3441
3442
3443
3444
3445
3446
3447
3448
3449
3450
3451
3452
3453
3454
3455
3456
3457
3458
3459
3460
3461
3462
3463
3464
3465
3466
3467
3468
3469
3470
3471
3472
3473
3474
3475
3476
3477
3478
3479
3480
3481
3482
3483
3484
3485
3486
3487
3488
3489
3490
3491
3492
3493
3494
3495
3496
3497
3498
3499
3500
3501
3502
3503
3504
3505
3506
3507
3508
3509
3510
3511
3512
3513
3514
3515
3516
3517
3518
3519
3520
3521
3522
3523
3524
3525
3526
3527
3528
3529
3530
3531
3532
3533
3534
3535
3536
3537
3538
3539
3540
3541
3542
3543
3544
3545
3546
3547
3548
3549
3550
3551
3552
3553
3554
3555
3556
3557
3558
3559
3560
3561
3562
3563
3564
3565
3566
3567
3568
3569
3570
3571
3572
3573
3574
3575
3576
3577
3578
3579
3580
3581
3582
3583
3584
3585
3586
3587
3588
3589
3590
3591
3592
3593
3594
3595
3596
3597
3598
3599
3600
3601
3602
3603
3604
3605
3606
3607
3608
3609
3610
3611
3612
3613
3614
3615
3616
3617
3618
3619
3620
3621
3622
3623
3624
3625
3626
3627
3628
3629
3630
3631
3632
3633
3634
3635
3636
3637
3638
3639
3640
3641
3642
3643
3644
3645
3646
3647
3648
3649
3650
3651
3652
3653
3654
3655
3656
3657
3658
3659
3660
3661
3662
3663
3664
3665
3666
3667
3668
3669
3670
3671
3672
3673
3674
3675
3676
3677
3678
3679
3680
3681
3682
3683
3684
3685
3686
3687
3688
3689
3690
3691
3692
3693
3694
3695
3696
3697
3698
3699
3700
3701
3702
3703
3704
3705
3706
3707
3708
3709
3710
3711
3712
3713
3714
3715
3716
3717
3718
3719
3720
3721
3722
3723
3724
3725
3726
3727
3728
3729
3730
3731
3732
3733
3734
3735
3736
3737
3738
3739
3740
3741
3742
3743
3744
3745
3746
3747
3748
3749
3750
3751
3752
3753
3754
3755
3756
3757
3758
3759
3760
3761
3762
3763
3764
3765
3766
3767
3768
3769
3770
3771
3772
3773
3774
3775
3776
3777
3778
3779
3780
3781
3782
3783
3784
3785
3786
3787
3788
3789
3790
3791
3792
3793
3794
3795
3796
3797
3798
3799
3800
3801
3802
3803
3804
3805
3806
3807
3808
3809
3810
3811
3812
3813
3814
3815
3816
3817
3818
3819
3820
3821
3822
3823
3824
3825
3826
3827
3828
3829
3830
3831
3832
3833
3834
3835
3836
3837
3838
3839
3840
3841
3842
3843
3844
3845
3846
3847
3848
3849
3850
3851
3852
3853
3854
3855
3856
3857
3858
3859
3860
3861
3862
3863
3864
3865
3866
3867
3868
3869
3870
3871
3872
3873
3874
3875
3876
3877
3878
3879
3880
3881
3882
3883
3884
3885
3886
3887
3888
3889
3890
3891
3892
3893
3894
3895
3896
3897
3898
3899
3900
3901
3902
3903
3904
3905
3906
3907
3908
3909
3910
3911
3912
3913
3914
3915
3916
3917
3918
3919
3920
3921
3922
3923
3924
3925
3926
3927
3928
3929
3930
3931
3932
3933
3934
3935
3936
3937
3938
3939
3940
3941
3942
3943
3944
3945
3946
3947
3948
3949
3950
3951
3952
3953
3954
3955
3956
3957
3958
3959
3960
3961
3962
3963
3964
3965
3966
3967
3968
3969
3970
3971
3972
3973
3974
3975
3976
3977
3978
3979
3980
3981
3982
3983
3984
3985
3986
3987
3988
3989
3990
3991
3992
3993
3994
3995
3996
3997
3998
3999
4000
4001
4002
4003
4004
4005
4006
4007
4008
4009
4010
4011
4012
4013
4014
4015
4016
4017
4018
4019
4020
4021
4022
4023
4024
4025
4026
4027
4028
4029
4030
4031
4032
4033
4034
4035
4036
4037
4038
4039
4040
4041
4042
4043
4044
4045
4046
4047
4048
4049
4050
4051
4052
4053
4054
4055
4056
4057
4058
4059
4060
4061
4062
4063
4064
4065
4066
4067
4068
4069
4070
4071
4072
4073
4074
4075
4076
4077
4078
4079
4080
4081
4082
4083
4084
4085
4086
4087
4088
4089
4090
4091
4092
4093
4094
4095
4096
4097
4098
4099
4100
4101
4102
4103
4104
4105
4106
4107
4108
4109
4110
4111
4112
4113
4114
4115
4116
4117
4118
4119
4120
4121
4122
4123
4124
4125
4126
4127
4128
4129
4130
4131
4132
4133
4134
4135
4136
4137
4138
4139
4140
4141
4142
4143
4144
4145
4146
4147
4148
4149
4150
4151
4152
4153
4154
4155
4156
4157
4158
4159
4160
4161
4162
4163
4164
4165
4166
4167
4168
4169
4170
4171
4172
4173
4174
4175
4176
4177
4178
4179
4180
4181
4182
4183
4184
4185
4186
4187
4188
4189
4190
4191
4192
4193
4194
4195
4196
4197
4198
4199
4200
4201
4202
4203
4204
4205
4206
4207
4208
4209
4210
4211
0.7208548545331415 0.02200682823522593 0
0.7195568204353424 0.9753651756887981 0
0.9758585920301559 0.7217795177015927 0
0.9727680525529963 0.2797606394726779 0
0.02897124654849476 0.2780220569108272 0
0.02532745774118161 0.7197130975963287 0
0.2836737212931265 0.9770121312165144 0
0.280180132387408 0.02574608060956252 0
0.02220601198388661 0.398829573609377 0
0.02395205043191118 0.6018934731124926 0
0.3967481298929827 0.9713270925763319 0
0.3928564055725627 0.02135117377897439 0
0.6029383399154076 0.02496054808093745 0
0.605966547716601 0.9761532263300532 0
0.9745286645945754 0.6029411764705889 0
0.974667401871127 0.3961127136996045 0
0.4830783494069744 0.02415397506537209 0
0.4853444264288627 0.9747564532017428 0
0.970846901940867 0.4854523519020166 0
0.01943122275805353 0.4866959575496361 0
0.8111180395975599 0.02539231309482726 0
0.8088235294117645 0.9745286645945753 0
0.02726232200131745 0.1938659680619841 0
0.02547133540542468 0.8088235294117645 0
0.1897321265062736 0.9776320669022198 0
0.1906794713182869 0.02408158408635241 0
0.9745382307932888 0.8082271531137519 0
0.9758123444725705 0.1893992100940544 0
0.9713802140197645 0.8980679805523413 0
0.02681816274221982 0.1017862070562562 0
0.8918985259095382 0.02693216480970573 0
0.1052402924030073 0.9721999561270945 0
0.1007310134673886 0.02829547236373908 0
0.02444701160174029 0.8975159141447082 0
0.9738677814605498 0.1031259984168643 0
0.8968351934405399 0.974501013118247 0
0.5438044691013282 0.02274798903327879 0
0.34185778345518 0.02572501430669805 0
0.3372937962341655 0.9787606468328839 0
0.9750926470216681 0.5433149735256741 0
0.6632824265435391 0.02517086578092886 0
0.5439818223225505 0.976336612869221 0
0.02497346232627601 0.6625754177412208 0
0.02332680642034402 0.3383621704254223 0
0.02468126711389385 0.5426120657181586 0
0.6624962668204535 0.9721237666155129 0
0.9703036766131958 0.3384351860887155 0
0.9745286645945754 0.6617647058823535 0
0.04426820290690198 0.9721972942689094 0
0.9546178731175867 0.02563509005313547 0
0.9730383433363425 0.9531083690541766 0
0.02476966034009842 0.04792344101947943 0
0.9748230738501942 0.5143368216088215 0
0.9506033675508843 0.5288331765947369 0
0.9505865990564486 0.5560416336306269 0
0.9277821920216291 0.5425917607389729 0
0.9273115241731796 0.567102580993182 0
0.9060238914942911 0.5538720949858267 0
0.6007956696420604 0.5239341309079757 0
0.6033009361576551 0.5070354198312916 0
0.9063505712770553 0.5302235346630223 0
0.8856526948723091 0.5417431993665272 0
0.8847895858186845 0.5636730501418122 0
0.866137637618773 0.5529507040282655 0
0.8651433728396303 0.5736288326934906 0
0.8475320228003167 0.5633653408768058 0
0.5938999745354216 0.5443287218581425 0
0.8475717334652864 0.5431263918163525 0
0.6024644089078642 0.4847301705412079 0
0.8468315819746727 0.5841285940119445 0
0.8294365323616743 0.5735114601884164 0
0.8295172582152965 0.5937078626907182 0
0.8122223722979256 0.5831560653811964 0
0.8121001853402496 0.6029629150483734 0
0.5830920559831831 0.5630480359419298 0
0.7954056389512092 0.5925851118969613 0
0.7942812319934038 0.6105740301215434 0
0.7791995573380919 0.6021934260616866 0
0.7778609085250514 0.6189542016914344 0
0.7805752532917621 0.584293753092047 0
0.7632609503804825 0.6109446191297445 0
0.7624564822507407 0.6279606225947568 0
0.7480644097267309 0.6195882261823453 0
0.5674494211382407 0.5794837212368216 0
0.7470901195030928 0.6361228870715765 0
0.7328939513360007 0.6273363723403091 0
0.7322250770459504 0.6438863554381965 0
0.7467305626053374 0.6530549339319809 0
0.7310062026469545 0.661205802399753 0
0.7334815875719801 0.6114718874593605 0
0.746183183472417 0.6705477491940102 0
0.7302696053250021 0.6786167618930288 0
0.7153921466341687 0.6691999731888487 0
0.549225753213033 0.5910753798042538 0
0.7145615620552743 0.6864238906456001 0
0.7002160268929547 0.6768988804658586 0
0.6990975293605514 0.6939128634981089 0
0.6851109462930447 0.6845969683846431 0
0.6839695794275732 0.7013155927184588 0
0.6707034974642028 0.6922049415413105 0
0.5291661223882241 0.5995102849475027 0
0.6691977225015167 0.7086210035858709 0
0.6543322802563452 0.6976475136016718 0
0.654308972392706 0.71548770676997 0
0.6407890799407263 0.706900305723913 0
0.7453918353827709 0.6886256292357277 0
0.6399897928045137 0.7229075700533955 0
0.6268074600501137 0.7141418446048136 0
0.5162846282437755 0.6021026219600555 0
0.6257482049096399 0.7300779477465611 0
0.6126069547116121 0.7213021659216052 0
0.6828854777225865 0.7181133678955272 0
0.6111736301369813 0.7365398158994169 0
0.599211235409184 0.7283866476200881 0
0.5973648036550724 0.745428087817523 0
0.5847422614144595 0.7335302020019349 0
0.4906058221499776 0.6030623936364059 0
0.6733992301870478 0.6770349134502434 0
0.5824055383329072 0.7512838331584221 0
0.5699806886103378 0.742613090253739 0
0.6254863852721564 0.7467095930520576 0
0.5685460579721699 0.75858833243655 0
0.5554487697181724 0.7495865422258255 0
0.5577941102346177 0.7319484176452338 0
0.5425924387451925 0.740808681967309 0
0.5413419582059662 0.7561109554521633 0
0.5287590354810534 0.7471916612181433 0
0.4691428802838294 0.5996647237484415 0
0.5300145566253753 0.7323431781117959 0
0.5163969005829023 0.7384340244123195 0
0.514875996776561 0.7533966571507836 0
0.5025889951039073 0.7443790539751094 0
0.5007864992087079 0.7595215073321747 0
0.4887565251169044 0.750242961640156 0
0.4910980163462318 0.734920390775411 0
0.4769733235150369 0.7405386933533923 0
0.4488172991913365 0.5901076773321872 0
0.4747741863646461 0.7558524297092969 0
0.4628720692013087 0.7463887955627734 0
0.4650972514237116 0.7316955393899025 0
0.4510560439979174 0.7369623535517458 0
0.4484527506260448 0.7519755949196253 0
0.4365195916620379 0.7420310575964097 0
0.4393891447237324 0.7266669082229509 0
0.4310924598385184 0.5774003442186437 0
0.4243365174432037 0.732284448952653 0
0.4216263056648066 0.7474429356210369 0
0.4097040582274051 0.7368031652332016 0
0.4135685489559785 0.7198798254612979 0
0.3981368263419669 0.7259966584641522 0
0.4003824276188297 0.7112181498295231 0
0.3861626458236598 0.7157067767808614 0
0.4165045459156292 0.5611467180070193 0
0.3828788332443281 0.7312866297893155 0
0.371247838470626 0.72013661885493 0
0.3740814943806579 0.7046770528247739 0
0.3596483082323688 0.7089000225805502 0
0.3623193484682548 0.6936325421715061 0
0.3477361335976842 0.6982156849693385 0
0.3511708552178037 0.6830780578280446 0
0.4059134137093304 0.5426526500403152 0
0.3360578936811907 0.6875968986811731 0
0.339651740902707 0.6723885027332531 0
0.3330986923216888 0.7037946063968379 0
0.3245311825886965 0.676851331592674 0
0.3281240107295446 0.6616705651947064 0
0.3130377589020832 0.6661139644454159 0
0.3166441111086317 0.6509283831232313 0
0.3015419161389103 0.655355746782268 0
0.3043741019500979 0.6401655976948225 0
0.3973516421898337 0.5170596771096276 0
0.4008526440899464 0.5301473745509601 0
0.2897933740304787 0.6446015102190268 0
0.2921086332750648 0.6297965770213787 0
0.2848871794041845 0.6590478493403216 0
0.2779203148796749 0.6338236585028922 0
0.2809764287611888 0.618701053148907 0
0.2660369012259813 0.6228151842920646 0
0.2700095170100112 0.6070327893920046 0
0.2860014123570144 0.6022974927063977 0
0.2739910380209691 0.5910203141995902 0
0.3965428775984664 0.4953707600230364 0
0.2587591244194029 0.5957373519732654 0
0.2629109880670306 0.5803240366197395 0
0.2777018417014842 0.5757809855784743 0
0.2670726457418037 0.5653444462281312 0
0.2815663755534094 0.5616043774708954 0
0.27124323549241 0.5510689821205226 0
0.2565089051179763 0.5546192914962323 0
0.2609702649419456 0.5401842119852898 0
0.4006018895931392 0.4697068786460884 0
0.3986170229766213 0.4828020933531167 0
0.2755343739088038 0.5366776417569589 0
0.2653989589250721 0.5260378011741192 0
0.2792469199929036 0.5225979507026109 0
0.2697063586881847 0.512507656635113 0
0.28305988439222 0.5093219276468991 0
0.273883024289126 0.4993501328573588 0
0.2868948511659112 0.4967124742551269 0
0.2779727650382859 0.4868336931350511 0
0.4095756318092476 0.4493650765415109 0
0.2647585638491708 0.489475423435985 0
0.2689328669270998 0.4765589261400781 0
0.2821726058354244 0.4745686172695909 0
0.2732468693319398 0.4638484986083742 0
0.2882233943209025 0.4624344548433118 0
0.2778447367283484 0.4513535169792539 0
0.2908426371192683 0.4486499821206574 0
0.28181573259619 0.4386190386950871 0
0.4218934675041498 0.4318952160745159 0
0.2947462135351672 0.4359618996298819 0
0.2850546170640444 0.4256639525507599 0
0.2984938692360073 0.4233262497721152 0
0.2890021344375755 0.4128162266598779 0
0.3048897720034814 0.4104208777879235 0
0.2944001026534961 0.4000950720887736 0
0.3080040242913974 0.3967038217058512 0
0.4377806082190288 0.4171409826943812 0
0.2987183863797531 0.3870385572069857 0
0.3125042449135937 0.3839346537307431 0
0.303064297059004 0.3735247628387676 0
0.3170651351061967 0.3706946211149932 0
0.3075059954371028 0.359899331839117 0
0.321760479899535 0.3569349926199059 0
0.4566667096977902 0.4055576741838458 0
0.3120396631064857 0.3459920967921237 0
0.3269204489453458 0.3431348390863298 0
0.3167048101417597 0.3317938219004328 0
0.3320231066259766 0.3288840668083655 0
0.3214725993843489 0.317154104285079 0
0.3367240115046183 0.3141584057355055 0
0.2974201555518695 0.3489957300218141 0
0.2782997537216229 0.4016188605874814 0
0.2635176584137924 0.4539695263340956 0
0.3262867790235544 0.3019929854081609 0
0.34278853417373 0.2988064460804521 0
0.4772578191142366 0.398984447137004 0
0.3314752913669314 0.2861914485031908 0
0.3148778847270992 0.2896635693328161 0
0.3479684011973005 0.2830642074605722 0
0.3593950000365303 0.2955170776550977 0
0.3643287859510973 0.2801608228425431 0
0.3751369863919534 0.2923074169064033 0
0.3802651713101841 0.2773648503443117 0
0.3901413836502984 0.2891745289398129 0
0.3956868119705353 0.2747117824841413 0
0.4989818414452507 0.3964060348041479 0
0.405889252669917 0.286494291812899 0
0.4108985448765484 0.2721637192434642 0
0.4210608485408323 0.2831907756604245 0
0.4257703860778708 0.2692983299255522 0
0.4353458115443711 0.2805493273142147 0
0.4404036843368831 0.266696627845771 0
0.5206187544016557 0.3984424825864922 0
0.4498234278191814 0.2778269191918945 0
0.4548544963034377 0.2640035538337542 0
0.4640782761148328 0.2750380343849543 0
0.4693090017280836 0.2614319260944599 0
0.4784359306584285 0.272359498101003 0
0.4836747465134412 0.2587760499317925 0
0.4928381637116211 0.269706955794917 0
0.5411855405519126 0.4057560560848956 0
0.4980441533092689 0.2561112706151363 0
0.5072975734386802 0.2670730293902728 0
0.5124315362834441 0.2533885271502151 0
0.5220430647679888 0.2645283549844558 0
0.5269687645814941 0.2506745435669469 0
0.5366624839373274 0.2620093166082606 0
0.542254205250152 0.2471396655807909 0
0.5520660445893429 0.2597691382925779 0
0.5638218230911797 0.4187151288856084 0
0.5526537142614308 0.4109383475752483 0
0.5572276714152775 0.2448016035080483 0
0.5669354712599363 0.2567392391685424 0
0.5872858683236144 0.4441408953950801 0
0.5767206106968619 0.4304483535923324 0
0.5951902533652885 0.459200858985565 0
0.5996529607725054 0.4719836248154984 0
0.572500025105157 0.2417954330855607 0
0.5826425997536917 0.2540239704662944 0
0.5772328009619112 0.2687482951140345 0
0.5927943191407909 0.2661824131950358 0
0.5985467113417465 0.2511626935634419 0
0.6088614129670245 0.2638207796276695 0
0.6150044128128486 0.2483404560623113 0
0.6254733032618356 0.2615322798998107 0
0.6187482658622765 0.2766770577981085 0
0.6358125873880354 0.2747523676107336 0
0.6424053894890134 0.2590046038862288 0
0.652758808597501 0.2727756845721029 0
0.6460368303988434 0.2886901422402246 0
0.6629248142692135 0.2864910214457034 0
0.656614984011205 0.3020043298352961 0
0.6729457243791885 0.2999099986215478 0
0.6661739960065787 0.3153035099292446 0
0.679850871598125 0.284438986723908 0
0.682713809878202 0.3131308417100012 0
0.6763324806564742 0.3281791432437924 0
0.6925216476020571 0.3261304563034898 0
0.6864108128515138 0.3411367473856022 0
0.7023170617228731 0.3390761979334923 0
0.6958730400688736 0.3537459845072461 0
0.7119096576683417 0.3520431725210346 0
0.7056047862282782 0.3670017011884254 0
0.7182607144192026 0.3362840970511391 0
0.7216641893767024 0.3643562285284206 0
0.7157803998498965 0.3803244183644384 0
0.7321077743959872 0.3775072596710763 0
0.4597741185535849 0.2499504014953313 0
0.3866198272317967 0.2621858677742921 0
0.3201076683450107 0.2730986372480703 0
0.3026603208200813 0.2768620330559247 0
0.7255545246621867 0.3934721103547346 0
0.7425059739994389 0.3917193779640358 0
0.6281793923798529 0.6988633951053608 0
0.2458746892430717 0.5434958835617469 0
0.6507324105100272 0.3165756938348687 0
0.5315230231702268 0.2758577569028833 0
0.386218973485611 0.3051220057051724 0
0.3378984606645032 0.3547280494019213 0
0.5143589849279289 0.2358327778473991 0
0.3082157350451386 0.2594560092981181 0
0.2899865230444182 0.2632723273576276 0
0.6784681088843975 0.3570760686547318 0
0.7097895231961686 0.3956878147372251 0
0.7188233123063366 0.4083308966009521 0
0.3168547183670934 0.6359864759326771 0
0.2916343942824583 0.518409725805189 0
0.4854902659373393 0.2830587577477356 0
0.3658277093494299 0.6787777874929821 0
0.4319013733697065 0.2930538809416679 0
0.8104246198967333 0.6233470156474513 0
0.7039580106118268 0.4103225584002145 0
0.7122875192130222 0.4222608686320859 0
0.2982976124627797 0.4565333218674162 0
0.3213519451481827 0.3936435413013574 0
0.3671449826038762 0.7350805439982826 0
0.295811638623498 0.2451303661754033 0
0.2767558887639244 0.2491108624740969 0
0.6978874148665368 0.4236960365875554 0
0.7064916840298243 0.4354391742226525 0
0.7208563247328379 0.4342483687533132 0
0.7145335251141577 0.4475692065350885 0
0.7011126564501333 0.4482115022103428 0
0.7085050186317797 0.4600895856426031 0
0.6953509622898905 0.460990875552716 0
0.7023570875838093 0.4723735746201809 0
0.5621572240617445 0.2294995578534307 0
0.6894717956272176 0.4734398675514441 0
0.6965922607572996 0.483951999678081 0
0.6815515117816497 0.4622321186502645 0
0.581430359168188 0.7678233353359867 0
0.7492983533000032 0.3750240951890139 0
0.7599138758556749 0.3898910708738606 0
0.7670881362069943 0.3732499109609376 0
0.7785602228457624 0.3885842144998263 0
0.7859665362723925 0.3706291649030066 0
0.7175633796476762 0.4733481972296038 0
0.6841046083208028 0.4849661167751838 0
0.6910380074797232 0.4950904531068239 0
0.2828577798500622 0.2302344893094765 0
0.2630300874592019 0.2343524308316178 0
0.2569963566540815 0.253775295593917 0
0.2431415268482078 0.2388441956463085 0
0.2365149773493943 0.2591630163192399 0
0.6791972615321407 0.495985586337218 0
0.6855681708086994 0.50557760360802 0
0.6744439048593877 0.5065440744099104 0
0.6804033734342659 0.5157813732799028 0
0.6684478641542611 0.5170951431431916 0
0.6752827665639572 0.5255451326881657 0
0.6651850140924591 0.5273336422824466 0
0.6712089018067092 0.5352596474854447 0
0.6611263033936072 0.5361573344218152 0
0.666829131430308 0.5443299969924653 0
0.6568966002299329 0.5452154188801122 0
0.6625404969018007 0.553283506630608 0
0.6527291898189052 0.5542076061835355 0
0.6583346391567376 0.5622008276014688 0
0.6486155671741896 0.5629485367425144 0
0.6541435681051964 0.5710823608974654 0
0.6444114197649824 0.5718211092097055 0
0.6981334243792899 0.5065916399811772 0
0.2231686787265175 0.2428549600812738 0
0.2156837138473934 0.2642527943777939 0
0.6499358943587936 0.5799968161533658 0
0.64021435935806 0.5807144131868693 0
0.2517241917897326 0.218380697610095 0
0.6833840512129168 0.5340782479842214 0
0.7975332107490405 0.3859763238629791 0
0.8048546835388602 0.3675714064684043 0
0.3024258530391332 0.2263451239919206 0
0.7897891530429156 0.4041268239509521 0
0.6684769776209567 0.4978624320391499 0
0.8092865893256532 0.4017683138340052 0
0.6456945935983149 0.5889367686701363 0
0.6347814076400735 0.5895517879790875 0
0.7931826460233792 0.3520312372829218 0
0.8127783129475186 0.3488239592009246 0
0.8005567366310449 0.33268552116438 0
0.2015183281729926 0.2471733135905647 0
0.1942667198072617 0.2690419020848374 0
0.641175203676198 0.5978642667081437 0
0.6314653313978249 0.5987220247005334 0
0.6546488896896667 0.5275335982374482 0
0.8204110399804116 0.3292812422342253 0
0.8080690644068231 0.3128879563327611 0
0.652049368769919 0.5974309527531219 0
0.6367421220025293 0.6073886549304809 0
0.6272261632799403 0.6082451166964598 0
0.6215160780675311 0.6001976677763458 0
0.6172574574532774 0.6085018317916989 0
0.6227358552576919 0.616690273512783 0
0.6130761208424411 0.6168027995756467 0
0.6683770267819701 0.5609183989681616 0
0.6436558422560898 0.5562019335457069 0
0.8014099922646933 0.4201973241912494 0
0.8210908448959936 0.4177098916402506 0
0.6076491816978642 0.6090641740119596 0
0.6035476041847597 0.6170867611320288 0
0.608575708050652 0.6248021991937928 0
0.5991952582107587 0.6250204496360164 0
0.5944817455198312 0.617295798255881 0
0.5900030210531981 0.6250074072432525 0
0.5945944672073851 0.6330012372252163 0
0.5852079811390088 0.6328377483308281 0
0.589750085626548 0.6411373682773092 0
0.5803017855755405 0.6407751656634763 0
0.5760458521231027 0.6325755618351245 0
0.5712440580945242 0.6405772545771596 0
0.5752241129299792 0.6487052096931383 0
0.5658345402901885 0.6482199734420627 0
0.562967455767309 0.6399719000645685 0
0.5561185796239063 0.646182427656923 0
0.560489277629338 0.655912203641476 0
0.5509475374377353 0.6549405288692084 0
0.5470258075435821 0.646600776939561 0
0.5416967040675545 0.6541538787450416 0
0.5377757806425718 0.6460254483690936 0
0.5327020106140152 0.6531544318071837 0
0.5291061345320289 0.6452504982862181 0
0.5240006066637279 0.6521521053679434 0
0.503276918518637 0.6035776239411434 0
0.5204995228005108 0.6444880123181743 0
0.5154653020215472 0.6513737519457955 0
0.5118751511600987 0.6436139349629374 0
0.5066504451682186 0.6502952419927965 0
0.510406212630924 0.6584644223945497 0
0.5016372302234867 0.6574359211399196 0
0.4980899310905152 0.6492069520075398 0
0.4929291153712516 0.6563194778613057 0
0.489326678194505 0.6481209528016055 0
0.484247687016656 0.6551718029703085 0
0.4807614476881635 0.647163560170636 0
0.4756213114784459 0.654131616152086 0
0.4721050616009365 0.6460658138396957 0
0.4669068615819926 0.6531650692434867 0
0.4633877536400104 0.6449255702132797 0
0.4580796860927669 0.6519365363806928 0
0.4545541826713819 0.6437137556664583 0
0.4491755751314378 0.6507782198545704 0
0.4455073680293592 0.6422357874838683 0
0.440073014464203 0.6497058491710331 0
0.4363422724781847 0.6409282375427821 0
0.8287059344290859 0.3093238276971556 0
0.8159796646340358 0.2923975043851479 0
0.2091662932372934 0.285386983619364 0
0.1879509758249008 0.2903579437720201 0
0.2029153142768576 0.3060929194146013 0
0.1818456674207834 0.3112528837352611 0
0.1968276086440834 0.3265627725519318 0
0.1758202179196349 0.331871841682207 0
0.1905907250774774 0.3471486080966896 0
0.1698969115766879 0.3523644887991929 0
0.1843406190432474 0.3675616237460152 0
0.1638376925111242 0.372634351363751 0
0.1782633150427526 0.3877531743589139 0
0.15784629126028 0.3927927273330918 0
0.1721978282738159 0.4081483032646686 0
0.1787177166984307 0.2525743456354404 0
0.1868462117706331 0.2297607630954232 0
0.4875623668930667 0.6635069353107131 0
0.838453902362533 0.2893458737310922 0
0.8245216761016179 0.2713686155226752 0
0.4307971240266862 0.6485942507051015 0
0.427238228634462 0.6398750105273876 0
0.5366367834707031 0.6611880450712475 0
0.8022281218134353 0.2749374251508264 0
0.8105342880015334 0.253468481532833 0
0.1519251054932108 0.4129954585543411 0
0.166256047026011 0.4284455529420589 0
0.4612696384890375 0.6606460715037382 0
0.8321654607560935 0.3422684834294781 0
0.8332935846760676 0.2498618132235713 0
0.8185850422503169 0.2315763638696999 0
0.7964308831336068 0.2360325185118991 0
0.8038208620429397 0.2134475524336917 0
0.7812811161221269 0.2179174625834113 0
0.7888687249007529 0.1952714944507884 0
0.766326409891867 0.198528364743318 0
0.8117045247088943 0.1907354046439561 0
0.7739246258374743 0.1767863691940821 0
0.7512238797260957 0.1800406113470415 0
0.4325745531489293 0.6322847165806231 0
0.4237740156804837 0.6311607831491769 0
0.4182606288262458 0.6384079130422833 0
0.4151428102481005 0.629727108211614 0
0.4205837272180351 0.6228062078105367 0
0.4118339031857369 0.6210891640627085 0
0.4064078269652053 0.6283363394784496 0
0.402964872374087 0.6192694673222393 0
0.3971717286253721 0.6267329254002844 0
0.39408641025659 0.6175280728856455 0
0.3999740517058232 0.610582720263223 0
0.3913082127093938 0.6087281190864425 0
0.3971802234072423 0.6021551063276025 0
0.388574007343425 0.6000716572408579 0
0.3824387905436726 0.6068580597508638 0
0.3799099524762803 0.598084616192661 0
0.3859856112403565 0.5914898247045705 0
0.3774827423133064 0.5894383894296648 0
0.3840024598765311 0.5836513608479879 0
0.3764375646943737 0.5800701671253197 0
0.3689285852415541 0.5871879288554095 0
0.3665474679218171 0.5781925587702414 0
0.3600101912531362 0.5849112110715551 0
0.3576738549219198 0.5755931940145186 0
0.3640637846593787 0.5691112043507935 0
0.3551114374518622 0.5664112784851476 0
0.3616962656220747 0.5600398282918954 0
0.3532669490152742 0.5572372425263067 0
0.3594538372867361 0.5510583789548266 0
0.3510361234168964 0.5483247372228839 0
0.3571968883079065 0.5422266532616079 0
0.3487726873830017 0.5395685744560602 0
0.3549863785193937 0.5335278237280341 0
0.3466923746505021 0.5308871873668881 0
0.3527975626320514 0.5247461289080171 0
0.3443554544870296 0.5223045186942989 0
0.3506450433167883 0.5161321095657172 0
0.3423168522914041 0.5136853231662331 0
0.3485787435521383 0.5075206816943387 0
0.3401946515298609 0.5050593297456305 0
0.3465026319266348 0.4988462004369513 0
0.8676134855321289 0.5920314435756919 0
0.6892196786615753 0.4099373365550796 0
0.3569330984030981 0.510137757913975 0
0.3472702637697614 0.5739753607843288 0
0.145660874973761 0.433291846971677 0
0.1602583014268161 0.4488888306309157 0
0.1603208005922944 0.3168406724845323 0
0.4347664478615378 0.6575611593386519 0
0.4056180424875069 0.6045261564232586 0
0.5340254552163188 0.6384014702679328 0
0.468734265602086 0.6382776043147468 0
0.8131361871850333 0.4360331599640833 0
0.8334467253429196 0.4341444860173344 0
0.3702931004389107 0.5626603260430453 0
0.1627254146604973 0.2354869255774018 0
0.1703083889597305 0.212573873050651 0
0.3411193023313117 0.544790180323522 0
0.7588620109552713 0.1581976198138481 0
0.7354091121295057 0.1623326341077708 0
0.7618942022917458 0.6800360268085287 0
0.7611234819481663 0.6989241235531909 0
0.7781812060097175 0.6899588396794369 0
0.7775089426840667 0.7096274735202399 0
0.7952734074872595 0.7002652065928927 0
0.7945282554258168 0.7206524798573172 0
0.776129053564071 0.7299836500028278 0
0.7937505470387936 0.7415687379712247 0
0.7747418039175502 0.7511496611694874 0
0.792806117248631 0.7629408913301454 0
0.7731187948470253 0.7731253510015051 0
0.7917415526851272 0.7852092726977959 0
0.7715902377635619 0.7956138122244287 0
0.7911515482841425 0.8080164947629723 0
0.8111584460220579 0.7528658124679286 0
0.7702856736634943 0.8181567777991386 0
0.7510171811579864 0.8058722623306225 0
0.7495480039593748 0.8284268339034994 0
0.7306305784597842 0.8162732911664228 0
0.7290180390068873 0.8386961908718367 0
0.7101958609638213 0.8265487322125264 0
0.7892635319417161 0.8351286038218102 0
0.8113776952619151 0.8204476387172526 0
0.7086880850690682 0.8491255480040989 0
0.6898361011466123 0.8365929068759482 0
0.4855489039243885 0.6403762417991765 0
0.3606564353330552 0.5275164718884248 0
0.140291798596441 0.4530231878176709 0
0.1544031363873354 0.4693691109789059 0
0.8108956034197424 0.8451073790103636 0
0.832938364291432 0.8327498817164389 0
0.3654823028597353 0.5452496335687559 0
0.3379264978553141 0.4963858490064479 0
0.3444984305056611 0.4903466001947325 0
0.3916396809124045 0.5851982459421817 0
0.3899737738657886 0.5781063226674337 0
0.1313569676088416 0.4742193016803399 0
0.1483160073350664 0.4902160802061618 0
0.7282209513413997 0.1868559945411913 0
0.7120420793275464 0.1665921332253885 0
0.168743168102808 0.4850785535388387 0
0.1631127906989144 0.505344949174361 0
0.1427537763506272 0.5105591147524762 0
0.1577070037332985 0.5257359268986342 0
0.1369296397312305 0.5312738177707872 0
0.1521259685997013 0.5463997683007411 0
0.7194536614473346 0.6187043396015958 0
0.5167791964242822 0.6372006567913804 0
0.5999792306935688 0.7133577072677393 0
0.7196242746923778 0.6034670185898308 0
0.143060108341728 0.3775376586530601 0
0.1311986844078913 0.5522464316714197 0
0.1465753958444173 0.5676536721615936 0
0.5984897227543778 0.5322309926629092 0
0.6029172612102671 0.5151510602402026 0
0.6035859203474616 0.497814359695562 0
0.5895630989287678 0.5521297773498648 0
0.576426843587977 0.5699190657065896 0
0.5604755740067291 0.5842480052141023 0
0.5411504005399939 0.5951983938706205 0
0.688267241531916 0.8592915519098712 0
0.6693848368250668 0.8467360510033929 0
0.1911336475668799 0.4027034522668492 0
0.5916544807294268 0.4513278253156484 0
0.4605951966947742 0.5958453121062642 0
0.4769240686649894 0.60095841609418 0
0.5825318335919123 0.4368470135881561 0
0.4414574060158411 0.5853868908619614 0
0.4157772139083763 0.4388967653209264 0
0.427844855400475 0.4255060884577533 0
0.5706819076010602 0.4243302169348604 0
0.4054645403660829 0.4576429953208743 0
0.5072396545562299 0.3968643668473406 0
0.4901709321918759 0.3966505656559222 0
0.5332158666820385 0.4019310157490313 0
0.3963051324915218 0.5040760677762598 0
0.4688090831425404 0.4011759691073989 0
0.4450641724654452 0.4121301119303981 0
0.4249362981129006 0.5712431701415855 0
0.4121708666498727 0.5535456444627449 0
0.7289698830573135 0.8614011528534692 0
0.8318010577408086 0.8586875626982486 0
0.8127285405897164 0.563879471696754 0
0.3441475034799354 0.6568016766508473 0
0.8543561696024097 0.8468266204181556 0
0.8557874718476618 0.8195379498670093 0
0.6895403956170063 0.8148116745792272 0
0.6348862150711487 0.5723618261750889 0
0.75743786028195 0.2210471989490362 0
0.2042253279510248 0.3611900640089902 0
0.7200792770849578 0.1442353590380953 0
0.6967464862672502 0.148730131431665 0
0.6887095991862335 0.1706041437908202 0
0.6737038503639022 0.153172286532111 0
0.451220319748329 0.6354870440682587 0
0.3527832929195071 0.4928288727246291 0
0.350867109858504 0.4845789053457148 0
0.3587033101619282 0.4869798219382091 0
0.3568441268022571 0.4790987840615297 0
0.3490513104140734 0.4764360296504 0
0.3551478966491113 0.4709926879555916 0
0.3473118272756882 0.4682158810624091 0
0.3535856028752981 0.462651099350419 0
0.3620957117573046 0.4656835951194954 0
0.3600939890131436 0.457111747791459 0
0.3519708939986226 0.4543429194301366 0
0.3585086995628554 0.4489496802336396 0
0.3662745477505274 0.4516823024861737 0
0.3649219960712319 0.4438250406510072 0
0.3504758379065157 0.4458540783345167 0
0.3722936757941632 0.4466443527284798 0
0.3711023420354307 0.4389051663459475 0
0.3782216256043964 0.4416500528712841 0
0.3771589053163876 0.4339455739405707 0
0.3697915777702788 0.4311070057951331 0
0.37613296536179 0.4260310088856938 0
0.3684999863071763 0.4230696842521202 0
0.3750525512670634 0.4178967419650793 0
0.3827804399795657 0.4211405513041504 0
0.3819002888765325 0.4127531934845369 0
0.3738407344323234 0.4094128157139545 0
0.3808877038121851 0.4043031977660278 0
0.3887915129672711 0.4076881160577195 0
0.3879259662814345 0.3993202824156311 0
0.3953415215993801 0.4028344801329278 0
0.3947572641905672 0.3944610685900758 0
0.4021483984432839 0.3978893667204275 0
0.401815855889241 0.3895388574069816 0
0.3944040300473286 0.3858509257765262 0
0.4011993188969304 0.3808988362241283 0
0.4090721067869308 0.3846834028123026 0
0.4084571530035768 0.3760147669760242 0
0.4162050367088849 0.3799196000710942 0
0.4157297420509176 0.3711826416523618 0
0.4234674230744936 0.3750923348665296 0
0.4230179902775916 0.3663440426802075 0
0.4309070155548541 0.3701771854272008 0
0.4303468699165643 0.3614709103161861 0
0.4382755412387226 0.3653244746060835 0
0.4377146919148871 0.356660315419093 0
0.4458616507183946 0.3604796771700526 0
0.4451586117501845 0.3517378035859709 0
0.453296437829285 0.3556569753839199 0
0.4526339688288109 0.3466513047554462 0
0.460985862602443 0.3506680097303396 0
0.4004907402990331 0.3717727964335537 0
0.4602498707576426 0.341473016283052 0
0.4684267310758395 0.3457367202768516 0
0.469099660906151 0.3546225479476199 0
0.4763798315239252 0.3499157881724611 0
0.4292422157978685 0.3529520443768812 0
0.4764995007044269 0.3584588062640442 0
0.4837402006897478 0.3539537953530921 0
0.483625634615132 0.3453026883475645 0
0.4913444509458157 0.3494354590657945 0
0.4911598261977443 0.340536373241034 0
0.4988754845748523 0.3449060813809048 0
0.4988049743027114 0.3535926556007753 0
0.506353221952989 0.3493071096846904 0
0.5072087810690303 0.3411542939576072 0
0.5143688493960996 0.3453576570614821 0
0.5135571019619544 0.3538577557009788 0
0.5214726913608261 0.3498275365089076 0
0.5220737004260715 0.3410127557799555 0
0.5295840442775616 0.3455931767693283 0
0.5288481933084394 0.3546247387037499 0
0.5370951020893761 0.3505668471532071 0
0.537740398941941 0.3413338619312643 0
0.54540067269697 0.346641132256732 0
0.5438264981346091 0.3569103882364706 0
0.5527829818175407 0.3521354329224545 0
0.5521475263876946 0.3610541564482964 0
0.5601244540253346 0.3575685971201143 0
0.5612690555491723 0.3480909942697586 0
0.5688452533450628 0.3535735642117246 0
0.5677998420122916 0.3628554655471903 0
0.5763266527386028 0.3591141803515401 0
0.5752336246575356 0.3681684427035776 0
0.5836906719612418 0.3645890075888034 0
0.582594746366357 0.3735768574152986 0
0.5910096388346169 0.3700365023230926 0
0.5897177226843709 0.379044440443987 0
0.5982927684412954 0.3755308508852235 0
0.5969878768253282 0.3845033723635494 0
0.6055717837657341 0.3809710818295348 0
0.6045504284019099 0.3903278180429274 0
0.612954613674335 0.3864362342300039 0
0.6119754632646185 0.3959672337355733 0
0.5848249464694242 0.3554662302295423 0
0.6205349839894172 0.3919504887002503 0
0.6194151552275028 0.4012987157201923 0
0.6217956672028329 0.3823048787180365 0
0.4699310841334475 0.3629543347773054 0
0.6111334899666669 0.4053667977899874 0
0.61821486722629 0.4105291231420809 0
0.6261761937166406 0.4071732532037494 0
0.6248379041580892 0.4161807037730955 0
0.5812332301495328 0.382205057629983 0
0.5449791952377757 0.3647401742713996 0
0.4460297247190692 0.3684005815385725 0
0.5963206080271118 0.3934592691779517 0
0.3729767226392521 0.4004489997828685 0
0.6169708376603592 0.4192515512063845 0
0.6234767042049827 0.4249945356114569 0
0.6316746515869955 0.4219397059535879 0
0.6301039129533562 0.4308532635112208 0
0.6386749359917288 0.4275037165055047 0
0.636969644526673 0.4364450425298019 0
0.6285318752311326 0.4396806513409682 0
0.6349883513241401 0.4450431983114935 0
0.4308940913502432 0.3784861247877537 0
0.6270495745111602 0.4478677561453848 0
0.633110114743763 0.4532181624115816 0
0.4165709914132653 0.3878935848639798 0
0.3744289781521454 0.4542724941702756 0
0.4766928615603768 0.3664758458767691 0
0.4706860674826265 0.3706106631602865 0
0.3963972769517808 0.4110917121737172 0
0.615594523435684 0.4274494272085742 0
0.6094882163660161 0.4222079023926762 0
0.6459360885713783 0.4335740364808389 0
0.1466631304958552 0.2181143018927914 0
0.1535767135993801 0.194465717309857 0
0.178501335948502 0.1890840263176763 0
0.1611917753886645 0.1708398069114347 0
0.1862369819227445 0.1654586852005595 0
0.1400545260387914 0.2411972731836312 0
0.1690423402091034 0.1463041358587005 0
0.1941650742818266 0.1413589389689243 0
0.2239313188427129 0.3012133097111294 0
0.793620422525896 0.4382643665721746 0
0.8049060443025181 0.4537316725745946 0
0.1436084604091404 0.1518096088829359 0
0.56699897455057 0.3717765212473791 0
0.8417129946684342 0.4148009614380648 0
0.8544937077565962 0.431374037432608 0
0.8632222022708881 0.4115920302222009 0
0.6677970199201343 0.8696226925325203 0
0.648991103192518 0.8567591278425049 0
0.6255509897627929 0.4556365343314446 0
0.6313195796228901 0.4609879891551923 0
0.1824891430329409 0.4438808688123511 0
0.1251661644913679 0.57370015770531 0
0.1410254965409024 0.589338700478923 0
0.1624987897889903 0.583568350082975 0
0.1564968299787459 0.6050881936268612 0
0.1353758582258108 0.6110023462275677 0
0.1512028340591781 0.6267958544389645 0
0.1298101731647904 0.6329980427127475 0
0.1464201578423711 0.6485557847528891 0
0.1665096535853072 0.6422989741352725 0
0.1623568925740281 0.6641680198375842 0
0.1413027954509051 0.6704780052825818 0
0.1578907625144729 0.685915851569284 0
0.1796294082797133 0.6788768242947674 0
0.1750579339395754 0.7012351290768167 0
0.1530589188681982 0.7082781703314229 0
0.170386725712424 0.7235541697151463 0
0.1921683504556319 0.7164444056227737 0
0.1876461395798701 0.7386497224073295 0
0.2091953493183141 0.7313667596193103 0
0.2050967913222798 0.7537588646395431 0
0.1841290158815599 0.7624346039109388 0
0.2007343106849583 0.7764168723301198 0
0.2226980203169661 0.7687611590390242 0
0.2184928978543385 0.7914671021398 0
0.1967714479594356 0.7996442659581364 0
0.2401177615976423 0.7838750812488245 0
0.2361946872677657 0.8063983205526809 0
0.2577393192096655 0.7988567670942157 0
0.2538178598123382 0.8213943384822641 0
0.2756980573858964 0.8138707775567573 0
0.2711468097541779 0.8353275130669321 0
0.2933854424970049 0.828649774196232 0
0.2495590004061939 0.8443322295031919 0
0.2882072532877652 0.8515718854979886 0
0.3107568076175748 0.8433031560071448 0
0.2799013257131976 0.7903763115758525 0
0.3149896676121928 0.8207606174400166 0
0.3315610583258179 0.8360893876040549 0
0.3282255107759043 0.8572891440541546 0
0.3493913198525032 0.8495662890299234 0
0.353101233713929 0.8274698876742994 0
0.3707523601651685 0.842678179646395 0
0.3670401131253194 0.8634887818242807 0
0.3877547497397819 0.8550988754815051 0
0.3917583975351355 0.8353173821925473 0
0.408427008611949 0.8470115042883403 0
0.4051706263985128 0.8684330685210399 0
0.4254951171056686 0.8598906684744522 0
0.4284647778998865 0.8384878790309191 0
0.4453843826518099 0.8512208097221066 0
0.8766143602533263 0.4290936435313173 0
0.6505377937479131 0.8345179336930776 0
0.6305181324356708 0.8443061679931226 0
0.6288029163241 0.8665631418912922 0
0.6103542751306573 0.85388567088451 0
0.4228601336149404 0.8821339183037399 0
0.243029011808189 0.7602902027234323 0
0.7294724478089765 0.446448235889523 0
0.6392624453179392 0.4595714566440482 0
0.6371593612742519 0.4667660933302882 0
0.6294134312655466 0.4688825404029361 0
0.635123199729789 0.4742817984148479 0
0.6278935274327443 0.4765294682102984 0
0.6331975686612883 0.4816348484735579 0
0.7552272534985043 0.7608762179914479 0
0.5550036105682185 0.6640944737675234 0
0.2134156353654668 0.7094243707006231 0
0.3877119240021805 0.6247753317839282 0
0.3909247561265351 0.6344435236635022 0
0.6663861799445965 0.1746601631524085 0
0.6514678329805772 0.1574698494559885 0
0.6579785971497548 0.135605848522661 0
0.6361474650556465 0.1405225958926243 0
0.6293784348114589 0.1616883357198 0
0.6142361660688184 0.1453225616349262 0
0.6090057032603871 0.8754389930024548 0
0.5898367626732429 0.863275467109111 0
0.6807742261001212 0.1913538381287114 0
0.1241779766519115 0.4380172248698293 0
0.3969018622848665 0.5793951635428751 0
0.2921355673385531 0.5719745543404022 0
0.6252518527125569 0.4836318556196312 0
0.6311832694459404 0.4885724619479361 0
0.6195162985792766 0.4505023131435443 0
0.5460717731687851 0.3370558631818719 0
0.706846637201086 0.6102713162157658 0
0.6424502882222061 0.4726166100490688 0
0.3363787072520317 0.487736593267307 0
0.6597776880268824 0.25664335468282 0
0.148200676142936 0.7310531287046143 0
0.4682043407976868 0.3363412134718313 0
0.247126256374961 0.584471488830247 0
0.2548282555185554 0.4794716784671897 0
0.8074771548949448 0.8710658836460075 0
0.8461432730073855 0.4515762246100108 0
0.5669458917287485 0.7753663783108518 0
0.5179225554670477 0.7241607292717204 0
0.5307867718509998 0.7183492069028345 0
0.5195900135090722 0.7106467565345445 0
0.8419819686775991 0.2275048135326452 0
0.8570697225145534 0.2466497660932134 0
0.8661858549799515 0.2234736433362504 0
0.6477529869542724 0.4239950386955993 0
0.4516250367827681 0.3375950980488747 0
0.1303692532351763 0.7152869162000375 0
0.1253946642252504 0.7391745188678823 0
0.6298847336420141 0.3882208904340462 0
0.6310997030879797 0.3779717291929204 0
0.6396427978749207 0.3842827546198533 0
0.3950342659679039 0.5726341471872143 0
0.5700095451915906 0.3439178718946907 0
0.4772436917842691 0.3739306156315658 0
0.3645713682949647 0.4813223858702798 0
0.3661898344372503 0.488782853655337 0
0.371483872037204 0.4838364429490322 0
0.37313661926741 0.4904368555838739 0
0.5051716865355865 0.6659023202619822 0
0.4245377037965016 0.65642972177022 0
0.4291303807802219 0.6661751734612552 0
0.4177659128933179 0.6648010256239832 0
0.4479838713733049 0.8300843056374463 0
0.4651170455316732 0.8427185866113891 0
0.46266895322517 0.8639579885991238 0
0.4826602446454529 0.8552825611512097 0
0.1215184117539647 0.5158022876905669 0
0.5134245676898588 0.7689759188206109 0
0.4985614094881923 0.77538789685661 0
0.5117561191501809 0.7851832665540377 0
0.182934340043329 0.5004597892424824 0
0.5380663257861814 0.3316689808009461 0
0.5470088013067437 0.3269195185012866 0
0.3542479883692948 0.2675197854381286 0
0.4065764845192135 0.7528209471074251 0
0.4189085993027752 0.7638039825243879 0
0.5995746017878584 0.641146048719297 0
0.242648082875348 0.6003403977068281 0
0.5943502355157381 0.6499648186973317 0
0.6049876698441747 0.6499030820163795 0
0.5991653760247105 0.6594603825469766 0
0.7072965674303762 0.5957956884354272 0
0.7194169443779769 0.5889341024894601 0
0.5858456069035065 0.6173397583203649 0
0.5901347488183041 0.6100509203145666 0
0.5821046162824537 0.6101615460357978 0
0.5859767988225719 0.6034768558670643 0
0.5783117255000427 0.6035559259630595 0
0.5747288945891847 0.6098556270804358 0
0.5820533003092284 0.5974251122020798 0
0.5891754126321918 0.5970511476755054 0
0.6043151178366422 0.2353428437796105 0
0.3356122467766949 0.518384702068403 0
0.2891613019912884 0.2108678987775888 0
0.3100197093752068 0.2068825609431004 0
0.2957672990183395 0.1910327364050576 0
0.3173517416100214 0.1868097347271986 0
0.3020544636915173 0.1691583790178324 0
0.3232589284640315 0.166615678231416 0
0.3386506394861881 0.1829192197287418 0
0.3438736250539932 0.1592621520106407 0
0.3600074102312691 0.178487412444982 0
0.3673427486007345 0.1580406263365844 0
0.3811424949420711 0.1732919308278305 0
0.3885821999285977 0.1541931242500706 0
0.4022947929521656 0.1691112778963442 0
0.4090036591425726 0.1490274452196323 0
0.4232713160623934 0.1649223108842609 0
0.4308587182022432 0.1466313845336812 0
0.4446394995004166 0.1618775970704277 0
0.4518542747723447 0.1424924339137172 0
0.4657387857844827 0.1575393599824823 0
0.4729059307647787 0.1384382945072644 0
0.4871772595363471 0.1548135989073895 0
0.4941087117273176 0.13464347701013 0
0.5084839703241192 0.1511835402014285 0
0.5154061993076221 0.1307036685025691 0
0.3092117452562424 0.1517808752579116 0
0.3752800804381837 0.1392837729316411 0
0.4380808394834009 0.1278766396511982 0
0.4162538215563588 0.1869885131160949 0
0.365298797343287 0.4060891999320122 0
0.3643179851131672 0.3963948328180882 0
0.3733868984862652 0.6049453157547902 0
0.4803582961946309 0.8772182048937085 0
0.1516998680813226 0.1266436335505609 0
0.8532496810178987 0.3093012912190221 0
0.78730771010039 0.3165103397405973 0
0.3435642648998066 0.4513764107845274 0
0.341946523986936 0.4422508188892727 0
0.8130188727963354 0.7111789706942854 0
0.7045140893200573 0.1260143278422409 0
0.7282771699327529 0.1213844886474493 0
0.782616542058702 0.1542597577266798 0
0.5871053354905422 0.2805409124925953 0
0.6870574071083123 0.8824621705909799 0
0.6083451532747791 0.4296689181624911 0
0.6027328156834626 0.4250709383803497 0
0.5852177102516189 0.5914672467510113 0
0.5919153990311034 0.5910803597950179 0
0.3840569723592387 0.4368025080613849 0
0.4302102051284908 0.2543617766583768 0
0.479606851004503 0.1749206717614146 0
0.4715770396764428 0.3777854453613112 0
0.3851000109738961 0.4439556437581498 0
0.3904193167288799 0.439553386414447 0
0.4794073315415072 0.1192869180175521 0
0.2557975949632837 0.5157151202172591 0
0.2623205238913295 0.6388781844869793 0
0.3060551820009 0.320408090525363 0
0.6541102860410598 0.7335650469709264 0
0.2890481777349499 0.3760814531102873 0
0.8535207756963255 0.8729654964865696 0
0.571458443185345 0.603658016526483 0
0.567866630970418 0.6094987965622882 0
0.6991932147610205 0.3109803175281647 0
0.4893259267152125 0.2455621201737471 0
0.3092659935572901 0.6815886924686767 0
0.2848340034688502 0.1737076765213812 0
0.6210955104368332 0.1250825666237401 0
0.5006281244997898 0.868139870469238 0
0.5379757093152961 0.3211838609767759 0
0.5476942217263651 0.3165647260596252 0
0.5294582057218409 0.1472076734596414 0
0.5370309752522077 0.1264455039305483 0
0.5224483871094902 0.1093313028850215 0
0.5450940204259096 0.1049367211857647 0
0.531397704282581 0.7050599810649734 0
0.5887013628644162 0.8869084035041538 0
0.6602642319465541 0.5788965443921259 0
0.6226200752815758 0.3718520126980382 0
0.6324533936370671 0.3671380837800894 0
0.6232802271240196 0.3606017026275806 0
0.4150912801388874 0.3622837906710094 0
0.3312650418610156 0.5027122849108652 0
0.6080577351297133 0.1659862346147333 0
0.1248696189762369 0.2035132362470018 0
0.624500955658685 0.4907024618504248 0
0.6295308426872019 0.4953437044833337 0
0.785848717517926 0.4555791603025758 0
0.7967779789721017 0.470850297898663 0
0.7785902115883045 0.4724871699045995 0
0.7885655072254545 0.4869539543028987 0
0.7712492767341359 0.4890492453976035 0
0.8077950846773683 0.4873613638707454 0
0.7809920758629831 0.5028628560691268 0
0.7645042360030424 0.5051401267885135 0
0.565119228216222 0.6650214858047852 0
0.5592601093155263 0.673677741665421 0
0.569582219218474 0.6748370353270188 0
0.5637279386808447 0.6839569160483443 0
0.2725769151465559 0.4285939503432034 0
0.8858391383155164 0.4089042028537341 0
0.4596800969491869 0.2871231958200464 0
0.8771929090250876 0.8605156519282846 0
0.1733482320638106 0.5399009067514462 0
0.7076843745976218 0.5817136968863096 0
0.7195746137354789 0.5749752900935396 0
0.5816885451297285 0.7853310280332153 0
0.5654605659841043 0.792992716847876 0
0.6230577428892706 0.4971487988544158 0
0.6278774981901853 0.5019465190722837 0
0.6345980338474616 0.5001272950429505 0
0.6326881311548056 0.5068972855481912 0
0.6258837480043117 0.5086105941595543 0
0.6307158804227897 0.5135570837504928 0
0.6241616773990106 0.5151393851419944 0
0.628760756834345 0.5200472293862594 0
0.6223466396192199 0.5216093621239731 0
0.6268753263546948 0.5265008692499817 0
0.620437316743897 0.5278907499683028 0
0.6249387037152379 0.5327978527327599 0
0.618600181355534 0.5344330873783847 0
0.638237764551715 0.4865368919872751 0
0.6230827140007611 0.5391467606749665 0
0.6167779096335747 0.5405528558052313 0
0.6213301602421204 0.5454871710981846 0
0.6150488114578337 0.5469771623788156 0
0.3806248042131966 0.6323392545603047 0
0.6102298199574474 0.6595696000823679 0
0.6158724113779709 0.6498371445658909 0
0.6217143570260935 0.6599576322718338 0
0.6277952169679742 0.6493968903491588 0
0.7739074192554154 0.5184062021430742 0
0.7577430995101836 0.5198515574029361 0
0.6184047082547002 0.4577400915356414 0
0.522533411999049 0.167315006903377 0
0.6553586662228689 0.4304447763045001 0
0.9001206547275349 0.4270396615000259 0
0.8818597480412131 0.2431489375886117 0
0.4985889252939092 0.8908539361115204 0
0.4029547735411032 0.7695767626937632 0
0.5883237189061854 0.585651968463587 0
0.5948493479343278 0.5853010706859345 0
0.125508445062975 0.1324045842193097 0
0.6212032760142804 0.2321638383365731 0
0.4016988222723211 0.8912449407797229 0
0.713389263919086 0.7037737832108767 0
0.6397968393172107 0.5052066137194323 0
0.6272251201592083 0.8876128359425748 0
0.4830381684041454 0.3700337617253729 0
0.2304904736801894 0.5887497090920704 0
0.8135637168234496 0.6900740615914547 0
0.8319698507351247 0.7012831232408894 0
0.8323558058185347 0.6793776013285977 0
0.851360527456209 0.6905920968263577 0
0.8507989103137735 0.7133088828766931 0
0.8709601470496466 0.7023256345001847 0
0.8697443949597792 0.724719778711695 0
0.871355334130095 0.6791995058765842 0
0.3475107201389857 0.3263563579046603 0
0.2953184914001833 0.558311868304286 0
0.2259519572507555 0.6054690325181319 0
0.5087047983417887 0.6362108950629516 0
0.5132793589270106 0.6302940604701786 0
0.5061992664432539 0.6295901217519051 0
0.51028213503818 0.6241136899153218 0
0.5168882499798679 0.6246718565458576 0
0.5036055227266544 0.623479551062765 0
0.4833031039599663 0.3771103059476905 0
0.4889255802226357 0.3734990037372127 0
0.8916293505747843 0.6911478185937976 0
0.8918331318568578 0.6673850021043397 0
0.5913721103126327 0.5799373341788088 0
0.5977731315630451 0.579585099825433 0
0.6195124427581721 0.5518501962631335 0
0.6131776823097973 0.5533759634102029 0
0.6210187506366529 0.477960751534711 0
0.3755484795138174 0.1932658316003272 0
0.1133813190883908 0.6172096867824185 0
0.1074949841087482 0.639809278036378 0
0.7012923672173101 0.6604425472469952 0
0.305112538167258 0.5676568531034518 0
0.8860168773328487 0.5188889231616048 0
0.4779969078359438 0.9002536821047022 0
0.6952200349867862 0.6025004867313311 0
0.694568046085525 0.6164168501140563 0
0.3779617998062318 0.4857395535016789 0
0.3765077798582239 0.479449528345159 0
0.5943582402170023 0.5743032261603642 0
0.6006401802287615 0.5739033925801849 0
0.604332631862611 0.57937997493186 0
0.6072405860108426 0.5733976027724824 0
0.3345045689757425 0.4484665208524081 0
0.3326466190897845 0.4388746434373106 0
0.3405096692942913 0.4323730723301874 0
0.2822492976061914 0.2818541164947544 0
0.5647836760415311 0.6036482084408779 0
0.5612482827066595 0.6092343619844388 0
0.4021291198993593 0.5732935239204995 0
0.4037459483989067 0.5805437599045965 0
0.5971574700947326 0.5687505440142716 0
0.6129600705649803 0.4533551735800269 0
0.1090521027057865 0.5576665800728327 0
0.3794103898066133 0.4918927622314803 0
0.3749089706517493 0.4964861252162009 0
0.4220723575550243 0.6749745416521523 0
0.4341455915124398 0.6764075714633027 0
0.4106309719032928 0.6736311374757846 0
0.8913151619345667 0.2197394284291181 0
0.8751604425809061 0.1998051464730026 0
0.9063172569639637 0.5069430824280997 0
0.6044587974483897 0.6694971641009079 0
0.3839473916763509 0.6423663715636252 0
0.4203095126383043 0.9055460878559004 0
0.7078442466663972 0.5681510009977943 0
0.7197273964365087 0.5612344906500959 0
0.7318826267098921 0.5681669009253112 0
0.3561790634728617 0.4022976058311127 0
0.3547446213382809 0.3924103781496985 0
0.3634067133050336 0.3860429136915218 0
0.6322679997355595 0.8227166486893727 0
0.3994667212570064 0.5672632696223001 0
0.3933510809042013 0.5659530236728448 0
0.7920293694706311 0.5178586391944117 0
0.6337914011472034 0.355709662278316 0
0.6241584905327415 0.3489508581281652 0
0.6177468108501197 0.558345131820481 0
0.61118585447399 0.5791311825067214 0
0.7482626532334702 0.507188425090316 0
0.8767342456423231 0.8863923501594434 0
0.6311660592361902 0.5319954026034536 0
0.5033162483792095 0.8457509902233872 0
0.6016628551786481 0.4322635339719393 0
0.5966316432595449 0.428094870151454 0
0.5972306961887972 0.4211585025236925 0
0.3916330398858744 0.4460510326382673 0
0.3979923497873137 0.5614417937585976 0
0.3915523783286505 0.5595811919685842 0
0.7426659739458824 0.5207430650329541 0
0.3084539113946546 0.5550908288038569 0
0.1057589210365862 0.7222949631271361 0
0.1001841945998837 0.7466729590764228 0
0.120374242346268 0.7638321225073487 0
0.4891704462651254 0.379949037922126 0
0.4945484096352798 0.3766530884628303 0
0.3809241291024162 0.4979820410482615 0
0.3766535724369029 0.502430139307026 0
0.5785021572211666 0.5914356826720139 0
0.4964615245044571 0.791715059827003 0
0.5214601944433088 0.6976383584297924 0
0.5096700152243742 0.7026965158268828 0
0.542194416961683 0.1640635329842396 0
0.5206295309700057 0.858800990074124 0
0.1339153701433413 0.1066487358437507 0
0.1604156418320594 0.1011401624351529 0
0.322000403993079 0.2234340481295307 0
0.5724204965395966 0.2830077797070535 0
0.581829161132549 0.2941678589363699 0
0.6573704801392776 0.4202644342867399 0
0.852954951791971 0.9020077147650502 0
0.415747516459565 0.7802140681440486 0
0.3973774048442563 0.4420263586183377 0
0.3956779920711643 0.4357419185978595 0
0.5232843253999967 0.8376658499189754 0
0.4841117490868009 0.3834708265993641 0
0.7670583460082909 0.5319380350144415 0
0.5642664969480615 0.6151690129637615 0
0.5575724552742856 0.6148520638264445 0
0.5546431557555739 0.6089961888900428 0
0.5510141343444848 0.6144254959922139 0
0.09605484172784989 0.7718774114309529 0
0.1157809752476487 0.7892457812502939 0
0.6533618839065072 0.4403336973235178 0
0.6632135593507642 0.4371915353519417 0
0.4084632704837614 0.5757716085832932 0
0.4102591996075808 0.5818758791807128 0
0.7527300892584747 0.4063099557006719 0
0.633755234938102 0.6602305952431315 0
0.6400947489251647 0.6492551261429895 0
0.6117635393910972 0.4596906138503603 0
0.7125439389361232 0.102593387521755 0
0.7372430064447169 0.09817375141042783 0
0.5914522178923958 0.4240563322561071 0
0.5920543656878566 0.4176942654106904 0
0.5864469633966691 0.4202621715180572 0
0.5869471241737251 0.4142569310299034 0
0.618388573932303 0.4927518596942885 0
0.9009307940079843 0.195710929014268 0
0.8842585668816603 0.1751068077820361 0
0.9098258556753295 0.1706691991466136 0
0.8936823192498613 0.1501085535748136 0
0.8672559223831346 0.1544051664610492 0
0.8767468659213146 0.1293926545954351 0
0.8506592622028424 0.1333703102833455 0
0.8597570381507861 0.1084679164441322 0
0.8330566548386673 0.1129938239276679 0
0.8862971359652919 0.1042412026195094 0
0.61057012317338 0.5423648936448073 0
0.6187871280243978 0.5098670565020245 0
0.5140872232317535 0.6188609217149108 0
0.5202060245437047 0.6192486965965681 0
0.1072569907160518 0.112214577879041 0
0.09885213046887514 0.138482000258378 0
0.5325441577273379 0.6930380229838801 0
0.5979474435111749 0.5903739008484584 0
0.2110977884180557 0.1603908498103966 0
0.2191156491457855 0.1365806530291274 0
0.5810460148479041 0.8037476536351182 0
0.643309234866045 0.3626492656724146 0
0.9072180287871294 0.2400039645299189 0
0.8972276438794436 0.2627504374421358 0
0.7550432070495714 0.3572841497446319 0
0.7804163575032006 0.6377942197039698 0
0.5482795961079868 0.6087194766266972 0
0.5446596120045337 0.6139527612841096 0
0.547361913375091 0.6197931980463232 0
0.5408526298953505 0.6193397347615013 0
0.5386981962007199 0.6136616801348425 0
0.3963717917124762 0.5553925187404034 0
0.3905322676264906 0.5535926491557068 0
0.4266834639560954 0.6858827031271628 0
0.4389086865774415 0.6871827069499331 0
0.5760533127470195 0.6848268836519035 0
0.5686372196277958 0.6946112804470858 0
0.3825110570235907 0.5039022867775317 0
0.3783269566828429 0.5082717001873426 0
0.3842356928825209 0.5098175662417794 0
0.3801889030710225 0.5143037856584849 0
0.5375873243102505 0.1863184914990005 0
0.5562704693434802 0.3222834758634967 0
0.3307667297577191 0.42875086460192 0
0.5386151339042556 0.310157191646751 0
0.5285979410544484 0.3153763015048185 0
0.5980888002730016 0.7764773607163075 0
0.3947574804920732 0.6444565795608387 0
0.3875534763313825 0.652866668774633 0
0.4015389081776097 0.4376453252120511 0
0.4004811311466493 0.4320534091630226 0
0.6161177095970556 0.5228867782166345 0
0.6483847966763825 0.4139886184384832 0
0.6585333094795962 0.4093522642763929 0
0.3825070061340151 0.4812153330761688 0
0.38117732047021 0.4752265506518775 0
0.5565824871011268 0.1817569444146895 0
0.4650701988830702 0.3747364613328774 0
0.4658122368439791 0.3814875410628566 0
0.9001783078980352 0.8747676698108371 0
0.9011617255438282 0.8475123777709707 0
0.6832737971422044 0.6090333848080062 0
0.6825155725217615 0.6223728482302251 0
0.514497667535161 0.6668660705916454 0
0.3730995535839654 0.6401575638291288 0
0.3696177215586174 0.6296998065501486 0
0.87187866941528 0.3904330295692962 0
0.8951557874068343 0.3875594543624223 0
0.8807458200719707 0.3685831383749726 0
0.9046359177663994 0.3655682198679139 0
0.6354311776479389 0.5190601016564017 0
0.3173625320097435 0.5643001500685892 0
0.3144857029542089 0.5763108202388542 0
0.8714694554375708 0.6563375543835349 0
0.8918886145909999 0.6438686834142725 0
0.09169624385688457 0.7976404794791686 0
0.1109225095935505 0.8151154796685098 0
0.0862532857377924 0.8237642321062044 0
0.1057673144658217 0.8413224965737759 0
0.1310420431868244 0.8327582321740392 0
0.1258850104126614 0.8588928094993045 0
0.1510130742941407 0.8501779485126225 0
0.1461571366212315 0.8765503260169527 0
0.1206096122654488 0.8854097742082515 0
0.1698540193186631 0.8655979695176228 0
0.1413363076756914 0.9033224564041598 0
0.8992247811555817 0.9021830153794006 0
0.606955777127694 0.4364120603183688 0
0.6008802311151832 0.4387711109294264 0
0.5814989939590214 0.4165782898148165 0
0.5818743419110128 0.4108324477406299 0
0.5766092266737662 0.4129639593734132 0
0.5771306574799535 0.4070873748547124 0
0.5718175923547473 0.4093370584040701 0
0.5723335149914263 0.4035085455305033 0
0.5670285224384551 0.4057735521956451 0
0.5675621030487565 0.3999106828665303 0
0.5621241895540063 0.4021520938108755 0
0.562729846054566 0.3963546417225556 0
0.5572645702900483 0.398588241496126 0
0.5579690415835097 0.3926466688477406 0
0.5523842885518839 0.3950021612700417 0
0.5530856050478868 0.3889977356956679 0
0.5474226715098325 0.3913861482607759 0
0.5481642608611654 0.3852416374690593 0
0.542511596699532 0.3877703193794442 0
0.5776124817268511 0.4014852750570566 0
0.5633074794616091 0.3906445605852611 0
0.7076319703436728 0.5550650899068604 0
0.8853762168761872 0.4957613197667474 0
0.3528310169100846 0.3821687141712355 0
0.3621222060327867 0.3753160688190272 0
0.610167455875041 0.2183831174359722 0
0.6280218704497302 0.2151066498304716 0
0.7590883164404127 0.4748776358090379 0
0.5995134407179854 0.3662791974212619 0
0.6448240353839662 0.3505013491725243 0
0.5922215445538143 0.4120619114033764 0
0.6961518321966597 0.5751728936301581 0
0.2132200428038032 0.5931165849228358 0
0.2183176098362622 0.5765735999890903 0
0.3249001735226044 0.4455426603304465 0
0.3271825662722715 0.4549132149592247 0
0.09024796971506971 0.6233479209609352 0
0.4946043572078745 0.3828051929859291 0
0.4999045217390333 0.3796756407788355 0
0.4998235871987906 0.3736206644882761 0
0.5052477299294055 0.3767499191213311 0
0.5049907867517918 0.3828176483818158 0
0.5105630680740894 0.3798796859201111 0
0.5108327795625389 0.373782191388234 0
0.5163592889276694 0.3767987148382767 0
0.5156613224001524 0.3832031917094104 0
0.5214921737108976 0.3803513260181994 0
0.5220239503581802 0.3738380085489182 0
0.5274223558053964 0.3774177801141743 0
0.5269501593205078 0.3839271047628613 0
0.592843696201276 0.1500202826531857 0
0.842523467446972 0.08769123827005221 0
0.8157168353831561 0.09208396437547667 0
0.4960540884434174 0.9137185362826794 0
0.5181336841174203 0.9044937824413714 0
0.3991585535371082 0.7868856828028461 0
0.3864482172793405 0.7751560952790131 0
0.5090261492231892 0.6744450981729762 0
0.4596086569225368 0.3787193774072884 0
0.4602506843496413 0.3852122763272336 0
0.4544180785088247 0.3827247818568926 0
0.4549423475084909 0.3889153572000923 0
0.44924190739051 0.3864793041838427 0
0.4497432347407286 0.392530797369725 0
0.4440135626056774 0.3899935470102234 0
0.4446161763778719 0.3960756834639059 0
0.4390531659062517 0.3936739918399017 0
0.4395803755778117 0.3996170610701625 0
0.4340610187098367 0.3972257308706917 0
0.4345887933143977 0.4031317391763903 0
0.4290292577872025 0.4006921857555355 0
0.4295094375985115 0.4067017732687299 0
0.4240375912807083 0.4041644390734062 0
0.4245274992059602 0.4102261690667217 0
0.4191044095454385 0.4077095677939035 0
0.4196510983092498 0.4136965985508763 0
0.4140982292002431 0.4112346764362125 0
0.4147927574409441 0.4171238926624179 0
0.5298750232797244 0.08740468669843449 0
0.5535450700442269 0.08301468469730966 0
0.9057860946550053 0.4840808218272617 0
0.3739629040105409 0.51267731623104 0
0.3757604294049886 0.5187171483780953 0
0.3820275947355966 0.5202870155898545 0
0.377796247739265 0.5247440529827042 0
0.3838347491036556 0.5261219771555833 0
0.3796988798647645 0.530723504209301 0
0.3857019302237167 0.5319673139408614 0
0.3814599415036623 0.5367565048931927 0
0.3874183024903758 0.5374369631697862 0
0.2086271092357723 0.610861579795878 0
0.2216950049164905 0.6227729727519198 0
0.5640228580727891 0.811602738567031 0
0.3949560251260635 0.5495167198117664 0
0.5851451385699272 0.5803016824116266 0
0.4996496941280179 0.6286977132521425 0
0.4971713641757422 0.6227014207503945 0
0.5009673217207871 0.6177577163425712 0
0.4947309687154001 0.6169552336333592 0
0.4910359560873745 0.6216299024547406 0
0.4886909471358758 0.6160603564734588 0
0.4851309757396061 0.620696682970127 0
0.4828976854618682 0.6151942688060491 0
0.4793468510481487 0.619764566040532 0
0.477023071010154 0.6142304862257407 0
0.4736935571428361 0.6191364792355476 0
0.4712154706064391 0.6132854389865799 0
0.4677149166885735 0.6183534114429696 0
0.4653090349373339 0.6123137004648066 0
0.4614909275674497 0.6170214185923492 0
0.4595626794336179 0.6116052845828009 0
0.4558850972701686 0.6164031569768817 0
0.4539638686683908 0.6096871692655693 0
0.449692457432309 0.6154894828143228 0
0.4468976481186676 0.6092821907582701 0
0.4428980993839161 0.6142998279830235 0
0.440343830425111 0.608097846418149 0
0.4503317193284344 0.6037283317887125 0
0.07994696256329176 0.8499947718809466 0
0.6609417628816326 0.4474290628897045 0
0.3988103528120437 0.916406855517113 0
0.4661250740898794 0.3878039269103226 0
0.9128166347828111 0.6795020928430451 0
0.9131174122724111 0.7030568776881018 0
0.733491014362045 0.509147028125538 0
0.7282656591842867 0.5241262243391704 0
0.3389392729574874 0.4220917020873167 0
0.5681261802239416 0.5981341740648546 0
0.5621990152318926 0.5980300655195735 0
0.5231554686066878 0.6246078471200537 0
0.5496669029233661 0.3052226930551936 0
0.08548965301888395 0.6471774636349271 0
0.1424218219712853 0.08064293293657981 0
0.5432139776192567 0.3815078365475714 0
0.5491498179391847 0.3787662174936728 0
0.3866035952340142 0.4503738330971596 0
0.3925911272890751 0.4521911653116517 0
0.3880637902039226 0.4562328742098418 0
0.3936326096569417 0.4580535607149481 0
0.3892913593973253 0.4619172855887025 0
0.6277711419732804 0.5431555552972677 0
0.3868467109512315 0.4772203164224372 0
0.6245283481975379 0.5567607901604343 0
0.8898562690928955 0.3461766995986095 0
0.9143430206216427 0.3430118451642878 0
0.4059444440254529 0.5866648731443619 0
0.4123279264344916 0.5878241232885195 0
0.4164151408035688 0.5831132844926986 0
0.4183128225105187 0.5887119881994174 0
0.6715793146733255 0.615263821792026 0
0.6706707853524885 0.6284636991639592 0
0.436352381360583 0.6130648177033976 0
0.433960473923111 0.6069081625033024 0
0.4379329021840702 0.6019885291413148 0
0.4317607843748044 0.6009580566111643 0
0.4275753483874777 0.6056971088976462 0
0.9199301767532957 0.1471542649908643 0
0.6601592824156796 0.6211364231063464 0
0.7757728463652516 0.4402017494267699 0
0.7390286341530288 0.4950655565030224 0
0.6170363890960808 0.4986790163826752 0
0.5290091326857427 0.3039164721620158 0
0.5185501594771127 0.3093405588561793 0
0.5192969471912064 0.2978249132901328 0
0.5087570372137515 0.303257590034783 0
0.5082338829135625 0.3148137632829842 0
0.4985281887773041 0.3089003404266883 0
0.6071366545188405 0.4556507770291868 0
0.1881800730922411 0.4801827706900965 0
0.2016590475950971 0.4952440411860353 0
0.20674431206703 0.4763573705471912 0
0.2197205468836363 0.4903941281098098 0
0.2145984288922076 0.5074485563862416 0
0.6165339238290378 0.4640903913757722 0
0.5159362170699102 0.1867418795276791 0
0.4644414353969009 0.6235074910793077 0
0.5607721962023615 0.621019119782023 0
0.5516500203143575 0.6036053849971446 0
0.4814938943296417 0.625685413420537 0
0.5370259018185504 0.8527198635299251 0
0.115291422041857 0.9124076394101758 0
0.1363876843197584 0.9305341084366228 0
0.1637580012272059 0.9223137128655006 0
0.07596132665709771 0.7543507141034131 0
0.6061038926027656 0.4613211374582726 0
0.5434946275746098 0.6256973161424071 0
0.5689612455649895 0.1009598897516166 0
0.899282732098677 0.3232605369170747 0
0.9242965909676294 0.3199245328239873 0
0.3844610596888918 0.5439763024680548 0
0.3705587760680493 0.5010265036722713 0
0.4313821391771512 0.6980529558730094 0
0.4437994813316769 0.6993306614833292 0
0.4511039951372149 0.6884725292746774 0
0.4561993514151412 0.6995578006094887 0
0.463201341452508 0.6893855402350213 0
0.4683511411290751 0.7003462575796748 0
0.4751350219886589 0.690455874188623 0
0.4800901145362986 0.7011102649869305 0
0.486729392016042 0.6915635300087102 0
0.6510112764827408 0.8129915193878759 0
0.6336685534535712 0.8019470398789261 0
0.6515780695544049 0.7927705378407417 0
0.6839360467948827 0.5956881746301096 0
0.5778763268695741 0.07722956729704811 0
0.3625155232550564 0.4284455557994383 0
0.4035657047963369 0.5627713363191751 0
0.6140830193945992 0.5725276653330178 0
0.6183058110137858 0.5790764984215555 0
0.813976613627317 0.668677978208694 0
0.4740014079328475 0.9241628421836805 0
0.5274318107072824 0.203397985476325 0
0.5101426545512686 0.204834596090722 0
0.3752186521970258 0.4731842585784297 0
0.4451760122339419 0.6204793529308732 0
0.3861482999369928 0.5649833063170139 0
0.9244408325348537 0.862099274559345 0
0.7319145739071107 0.5539099386325729 0
0.7446207646331295 0.561079408698726 0
0.7445163938761218 0.5759163503386178 0
0.6337852732725391 0.6387856548650508 0
0.8654623593023665 0.5091667597487921 0
0.7320350556329005 0.7933619757750436 0
0.542104954657318 0.7122030793412801 0
0.3722767421365539 0.37975783796115 0
0.371570766100778 0.3687335761695944 0
0.3609816163867693 0.3639325150812488 0
0.370906513590471 0.3571730640518977 0
0.4356833336363868 0.5962525625075362 0
0.4058908876866927 0.4342967712119999 0
0.4053282544295067 0.4285199902857793 0
0.3995738942277812 0.4260774107523864 0
0.5279709785400086 0.3707331482682965 0
0.2243950616702539 0.4730754239924005 0
0.2125950200712254 0.4592146747918616 0
0.229547883568534 0.456676979212891 0
0.2183845968818234 0.4436529406029662 0
0.2348275618114956 0.4405301610337607 0
0.2235332537904292 0.4277972336997155 0
0.2401232614598836 0.4243249994516376 0
0.2296572010150683 0.4119863046272722 0
0.2455187080046567 0.4081322705159709 0
0.2350129383313306 0.3958635559606378 0
0.2508611015647664 0.391973353534211 0
0.2396195532700685 0.3800482784238229 0
0.2560198059953997 0.375986333078924 0
0.2422440870974738 0.3625994649538702 0
0.2609807612687252 0.3594618780956306 0
0.2499391048850286 0.3465509508112385 0
0.3851457511977248 0.4935904428512856 0
0.3816594275982904 0.7929736817802955 0
0.3687109319148451 0.7807909389186443 0
0.3896489240522744 0.5272612028116179 0
0.4105968609271526 0.4311926506864881 0
0.6712829399725871 0.4442721070675927 0
0.2298634887458859 0.7238575065847803 0
0.2337432235940001 0.7030409687846804 0
0.2493645674481092 0.7166176169739722 0
0.2533083963109937 0.6968244615993475 0
0.2391050179299108 0.6837800853768949 0
0.2683732122735543 0.7101682325291004 0
0.5484354623281394 0.800635908585356 0
0.5418682399829512 0.3937056024819103 0
0.3463345109836575 0.3975167509951821 0
0.5960568960229919 0.292000089306086 0
0.5908310029772399 0.3050756080727008 0
0.6045285323604475 0.3031197626317792 0
0.5990933890752402 0.3155135462610536 0
0.6136202544752289 0.3159486752248198 0
0.5862712727834455 0.3176257467052951 0
0.5950756221463059 0.3291041881143205 0
0.3617582071961018 0.6379151642021091 0
0.357978200951324 0.6266686592523234 0
0.3655498915716973 0.648271521075189 0
0.360062100208764 0.3523494132912192 0
0.3700807548007439 0.3453414445425962 0
0.3810349322286921 0.3505187044085906 0
0.3803178980069013 0.338546074363082 0
0.3910458895092641 0.3439368892453311 0
0.3904359172374068 0.3317562039971721 0
0.401183894044308 0.3372446509265259 0
0.4006333441808603 0.3251164268562595 0
0.4115358580693406 0.3304778859799791 0
0.4108217781496576 0.3183628624231915 0
0.4218033811735171 0.3237814278437757 0
0.5175611198276346 0.6138932389571096 0
0.5233590043322325 0.6142368460307893 0
0.5119968938768964 0.6133312247786107 0
0.2993957759526995 0.5458833819834578 0
0.3115230448423398 0.5431156102324436 0
0.266771143509996 0.3429684016592773 0
0.2541588293921678 0.3293952243670507 0
0.9197550350549356 0.3843154235629355 0
0.328625401076945 0.4185841266327253 0
0.7237462602147797 0.4968536915778149 0
0.4175981906896376 0.9297420742949947 0
0.4662364113349947 0.8219613889233847 0
0.4507940260367314 0.8100796296040292 0
0.6114153490902814 0.5602046413680531 0
0.6072941038867552 0.5558860887515746 0
0.6819381993675834 0.6357461481300319 0
0.6697042510752786 0.6419236971236425 0
0.6060749439488236 0.4433486351773865 0
0.4889851290562327 0.3667004759789322 0
0.4299938635811418 0.5951537196844826 0
0.4555220569385925 0.394855830916647 0
0.2647049382318659 0.7295675234557507 0
0.2833751534305681 0.7230980914851817 0
0.2797809026958653 0.7423458706857643 0
0.2981789759360202 0.7357258660330828 0
0.2510390604640261 0.2740666993810055 0
0.4154508637668541 0.7948966828399452 0
0.6466613637801325 0.6601122181937815 0
0.6398668482955933 0.6716091977156942 0
0.4985026341607364 0.3200254711966553 0
0.4889241367840056 0.3139925030718186 0
0.5516915645185534 0.400700448250627 0
0.4220948375540329 0.5839659797344082 0
0.5371881449405623 0.390282480071565 0
0.2947417870385528 0.7550513399652901 0
0.3131100586940171 0.7484208831362427 0
0.3096928585350085 0.7677744996637859 0
0.3275250981470259 0.7609522724602289 0
0.3308683496310388 0.7417791280270769 0
0.3241941438918035 0.7803996053723958 0
0.2394083572074334 0.3341418015888842 0
0.6734707842771623 0.4334101285351428 0
0.400644561285016 0.5512994728196269 0
0.8325403297196639 0.6579108374335422 0
0.2721573029654784 0.3263749588385804 0
0.2593446866626771 0.3122920476267587 0
0.5368161343300262 0.6249040414704172 0
0.470135314704391 0.6799477394871821 0
0.9252237780998555 0.8344604800519904 0
0.9020104221077748 0.8200588559396855 0
0.9257822100015431 0.8069965787894312 0
0.9026499649377374 0.7927395667131141 0
0.9262990585804436 0.7798074440573587 0
0.688129532890044 0.1072440078390775 0
0.6962356435259682 0.08359516629873615 0
0.6713466031877677 0.08830738024278245 0
0.388410101403511 0.4828210066528732 0
0.5908715612832988 0.569575374693684 0
0.5928883453988419 0.5638147599906316 0
0.9048760369603499 0.765916015821933 0
0.8805963446917918 0.7756335041590829 0
0.9264335831268743 0.7475647243038661 0
0.5164610687142188 0.930222436686627 0
0.5393261047682718 0.9177960406816394 0
0.5933263224502797 0.6694590007709413 0
0.5982452080676832 0.6797323590571347 0
0.3500831602903804 0.6353782726351659 0
0.3462599335621953 0.6238420030776625 0
0.3543464746804484 0.6150126350832379 0
0.3426167671850565 0.6122125066775134 0
0.2356686873616075 0.1554236621060685 0
0.2441467976298457 0.1317134152590395 0
0.2276331767284379 0.1126088922580702 0
0.2528400132786456 0.1077060025176338 0
0.2359571890518638 0.08814111008255421 0
0.2610832969219435 0.08196531003604834 0
0.2782263973205438 0.1027876075307544 0
0.2865471713069377 0.07709357682845319 0
0.3033633922197122 0.0981207547989259 0
0.2441849655532835 0.06323285812549734 0
0.3122527542377574 0.07366360493719387 0
0.3286818209396638 0.09368506942632515 0
0.539094105841372 0.895300763230063 0
0.5798171916116559 0.8221495739569764 0
0.4145944040673071 0.5937632810021872 0
0.9218999597937476 0.2587719069630361 0
0.9331675565312516 0.2361279235481994 0
0.1127597095311769 0.6996269277706297 0
0.08768957298291924 0.706226371791147 0
0.1401277235176652 0.7804995093272463 0
0.5908309972534536 0.4300622961105641 0
0.4068046225889224 0.4394994031442754 0
0.6347393231778041 0.7822109851040113 0
0.6522785017436528 0.7732932561661593 0
0.6688802873956368 0.7836198176023139 0
0.6696011915494819 0.7643170813604719 0
0.6860985766604363 0.774523934017363 0
0.6866117431487764 0.7553372981335928 0
0.7029068388661732 0.7655338702381741 0
0.7038608962710426 0.7461295313188651 0
0.7430722994067044 0.7079973039351151 0
0.5221711876103974 0.3669191501510101 0
0.4452419361745116 0.4018118448410556 0
0.5997789124040672 0.4444078565474395 0
0.6116321419709702 0.4408192796503267 0
0.3800027088971705 0.4692004394045267 0
0.09452799096830872 0.8943924458038487 0
0.08885488120308715 0.921708844525715 0
0.3741127854380095 0.4670522557520849 0
0.4980500532004916 0.6123534202361967 0
0.4050737866180061 0.4230143499193563 0
0.4311777630828809 0.7727841485827085 0
0.07913991533228593 0.117670704941197 0
0.08883007690006178 0.09290453457923298 0
0.07063567710092594 0.144220331134379 0
0.09010956453115176 0.1648422415150382 0
0.6377656416916722 0.3944239709292116 0
0.6487930687975838 0.3911063928008334 0
0.5189677930263176 0.6753280774734827 0
0.1688923330108025 0.07567039250393959 0
0.5648734228977063 0.5931950674199163 0
0.5592027548051999 0.5932230577857154 0
0.3257146213274946 0.2564232013972566 0
0.767312327233752 0.1353928304174749 0
0.4414250041820902 0.5971987677901052 0
0.6660297911493382 0.8931055070496662 0
0.6863390813269665 0.9066422412720542 0
0.665094014062902 0.9178367814863606 0
0.6847272018279172 0.9312802299886289 0
0.7075110481995051 0.9201585699002407 0
0.9343232335410028 0.6921953348005142 0
0.2277562173686082 0.1785957150018846 0
0.5487259052294278 0.6715520510518992 0
0.6489845034797279 0.2427464171967376 0
0.6670436368833285 0.2400963974474442 0
0.6781553195286365 0.254653588201488 0
0.6856296276345958 0.2372893908883584 0
0.6972727508196399 0.252396849421891 0
0.7049446473925736 0.234536081346641 0
0.7167518168195355 0.2502989083493752 0
0.7089501595821047 0.2680513380054187 0
0.7284499130569722 0.266126922626347 0
0.7208497019978085 0.2839023650556937 0
0.7406056759441471 0.2831157603587736 0
0.74838387536538 0.2639358120934921 0
0.7321554717205425 0.2999507816885911 0
0.7611149667900433 0.2822683719375563 0
0.4336151897551255 0.5909139987011967 0
0.1030303119858418 0.5795792068147062 0
0.08617298026707865 0.5629786050039319 0
0.7360028253902375 0.432987074734813 0
0.3800040978293223 0.9003466994546749 0
0.3762916516818021 0.9260923499539931 0
0.3567338565699127 0.9091907890242448 0
0.2039830191962194 0.6292229395933124 0
0.2176930234585707 0.6417570201279122 0
0.4126348659086697 0.6538754049550215 0
0.612651340257967 0.4944981396741358 0
0.6139886175505112 0.4889774517664791 0
0.2004719198089143 0.5799947067960179 0
0.2063857007653395 0.5644433139026891 0
0.4832767328573192 0.7812196493138814 0
0.4639737681192216 0.6064595700123485 0
0.4582735206140698 0.3718709029236203 0
0.4113811144874682 0.3423389704003139 0
0.4187243133492667 0.4014748340144541 0
0.4805939025000847 0.6099566801229002 0
0.4288541136416936 0.3943071703012216 0
0.4251057211165789 0.4161713283156891 0
0.7446761110191082 0.4459103064923624 0
0.7379776251441743 0.4595727826171103 0
0.3010257510733394 0.7167884651332566 0
0.369570362274389 0.5171404528531575 0
0.9268132985280533 0.4951498901474974 0
0.926866820713677 0.4707250621507247 0
0.09232243726978745 0.540027652722269 0
0.5547872527000994 0.6939719410540327 0
0.5615607005058715 0.705948901846807 0
0.5743109264092906 0.7060400539446574 0
0.3801335810286961 0.3263729671061802 0
0.4439911433330176 0.3837617124493907 0
0.150980655679245 0.05433625777194928 0
0.3260884222198286 0.5725810324226329 0
0.3235575795211709 0.5846083907253354 0
0.3115885016396008 0.5885321784839567 0
0.3209806255115825 0.5970984044120043 0
0.3339158852445364 0.5931744445857708 0
0.5109972749377603 0.2907995238458699 0
0.6228608801646057 0.5636405502087334 0
0.6101358274302378 0.6802795109787404 0
0.1555967261816655 0.8230987545461534 0
0.5778786496627168 0.2263298289506505 0
0.5669491581403742 0.2134258130395595 0
0.5110305625925222 0.801787765954448 0
0.2718358832350257 0.6912836126978426 0
0.351141181770839 0.6036223865189877 0
0.4989240610382744 0.6738148400037931 0
0.5043579790990342 0.682720091306412 0
0.3407714409108092 0.4737643475517872 0
0.5458196783619175 0.6034823720419779 0
0.614886282724951 0.5856583328719387 0
0.5074850479936588 0.09231224110099179 0
0.515217175605073 0.0694206549943811 0
0.4920928279256137 0.07763671864419541 0
0.5258723546634606 0.7782224163117279 0
0.6464629792833525 0.6373289836548788 0
0.6386779284642384 0.6273723424837055 0
0.3828472697128438 0.3746730500968452 0
0.06599894860850186 0.6321807518287059 0
0.4834547147104824 0.3363164553759717 0
0.599469038455129 0.5634091581348216 0
0.5956576347927874 0.5580123302698217 0
0.3375422764340884 0.06982437053635299 0
0.3541983085672002 0.08919339157420325 0
0.3628457403024988 0.06549552615095222 0
0.3795094695336387 0.08467766163545365 0
0.885682331769435 0.4718616410604439 0
0.3755444267257663 0.5355974449398979 0
0.6548262514170252 0.358128989541714 0
0.6138309286527832 0.3537086032784176 0
0.6144386812392552 0.3422234382533274 0
0.6250224632686996 0.3369063148553563 0
0.6038215398079468 0.3474157742981891 0
0.6115722414400043 0.4996813357877443 0
0.2191896440980103 0.06811996327718089 0
0.3297802607010988 0.5593246951515668 0
0.5615821047071876 0.4079989143296323 0
0.8499320481656401 0.735941415041489 0
0.308745729410798 0.60107437440404 0
0.3176615285324412 0.6098244488415918 0
0.07448060126088263 0.6071434518089522 0
0.3569658095741214 0.4123588056880504 0
0.6577867344864177 0.1933413448871646 0
0.2508635617569831 0.4929285170604676 0
0.6152272371158406 0.810741377520999 0
0.6567594495544267 0.345865670514956 0
0.5504817050019387 0.6261040126073391 0
0.3092589692572263 0.4326607033544148 0
0.5333947995820273 0.374096230276992 0
0.4176861860556733 0.6146899360251603 0
0.6528317042874023 0.3699016365438463 0
0.61840417247252 0.3014305917970898 0
0.608055961662104 0.4904637684525087 0
0.5464813663016413 0.6324021814487528 0
0.7784353479940029 0.6706539635029196 0
0.9489491071706435 0.8490867110190181 0
0.6671137726675518 0.4164575106877537 0
0.6692250063978571 0.4057214747939452 0
0.9504295416159182 0.7656580600049447 0
0.3837621706174578 0.4599783711999791 0
0.7927334260098979 0.132163135323682 0
0.8074627897798243 0.1508217508183636 0
0.7779037615364972 0.1137403230228587 0
0.6161331322077037 0.2007179796977218 0
0.5989977919733462 0.2043696545037115 0
0.1994985514129863 0.6487060292732404 0
0.5956047541772416 0.4409745300478879 0
0.2135688831651364 0.6618767157652501 0
0.6099171760052496 0.4852487236140784 0
0.5667320491699479 0.6209928581048193 0
0.7449565451772309 0.5450052144580604 0
0.420168192769889 0.5788193076962994 0
0.9297740736497673 0.1903414597069399 0
0.3913019260827022 0.3559070188567965 0
0.641846519744107 0.4981279173187917 0
0.6479678914239179 0.5030112678794953 0
0.6499454129523186 0.4949418596233481 0
0.6451755166129387 0.5110697917102077 0
0.6543043949048708 0.5088602995978069 0
0.8633640377319887 0.2863207845332613 0
0.3946329023072577 0.4635142580083572 0
0.3902546882140648 0.4675433909611381 0
0.3443290293682137 0.7552666336498876 0
0.7196328631739639 0.757313101156355 0
0.7215284800315174 0.7370496486715064 0
0.5807706654678179 0.423304172617019 0
0.5209136646104208 0.6093972324011717 0
0.5264415982081134 0.6095843251648031 0
0.7687645475111581 0.2618250850857132 0
0.3451629835423035 0.1116222691687441 0
0.7570860270429408 0.5679071852353783 0
0.4198356999262502 0.6956136337471623 0
0.5825185740102652 0.3299157026228103 0
0.2409637318148798 0.5582532566380454 0
0.2300847088723822 0.5466276503083805 0
0.2356606203569586 0.5317842911482686 0
0.2199979703240643 0.5347641014849536 0
0.9328231115627102 0.6662074368481301 0
0.5290291298456051 0.6144336768654975 0
0.1903254142390122 0.6154435332497594 0
0.4349819411146786 0.4096069508526441 0
0.2081102335304998 0.4308559133031533 0
0.2308673758065069 0.6529295975711691 0
0.06898292115820243 0.5458640105557944 0
0.07524868236842663 0.5214921001119335 0
0.06429839977876628 0.5703365721594031 0
0.3985073667422472 0.4545891501873618 0
0.6269237187916171 0.3122480601818602 0
0.352157121315139 0.9335348021080164 0
0.3324266119789904 0.9178883722286445 0
0.3164208909251267 0.451683102999494 0
0.3190462437545679 0.4630014926883352 0
0.8717030070254076 0.6341863186926893 0
0.8923381397099908 0.6211263039982675 0
0.91223452228956 0.6320357459210904 0
0.910864615106652 0.606683099827164 0
0.9310769773092129 0.6172756390354077 0
0.4888739622718584 0.3032173925361358 0
0.4788089926957576 0.3087190176391881 0
0.479009802582207 0.3204730010828492 0
0.469324689573126 0.3151719919183233 0
0.6046064481521671 0.6911456903658135 0
0.3879342722516034 0.5052234793701402 0
0.3895318725538446 0.5109488031259112 0
0.7243471498367799 0.2321416806758242 0
0.7109791529181 0.2167479223088217 0
0.1901011423038223 0.5679388153426428 0
0.4736024320294415 0.7112364254304571 0
0.4859362646172803 0.7107156368662979 0
0.5717655062765125 0.4149795884351121 0
0.1858003918352157 0.09698323302024037 0
0.5684201175821173 0.2961684452646698 0
0.5588116974140241 0.2857545616531517 0
0.7497454852448227 0.4331176620920086 0
0.5235282412893061 0.6052585874488421 0
0.5895969419489606 0.3392243613568455 0
0.593045321794768 0.09545089600566498 0
0.604494679731865 0.07323131505259223 0
0.5760441502550389 0.6653738401619655 0
0.2775645386271827 0.3105224784760785 0
0.6799735856491318 0.06443601054885495 0
0.6561246523222541 0.06938456042248609 0
0.6445589402161623 0.09497376693494974 0
0.5727926282698905 0.8699897018494582 0
0.6295222569727037 0.5612712477393481 0
0.5911649007886559 0.5589543613088833 0
0.3349708992484737 0.620302147924797 0
0.7006916800940884 0.7828862169879685 0
0.6799287882866949 0.6496853875115306 0
0.8264959547177295 0.06676468172496397 0
0.8005072781163065 0.07037625129253089 0
0.8527906685994001 0.06184496425448338 0
0.3796592231157327 0.747524253556575 0
0.3755486081290941 0.6131554599038757 0
0.2503518370370961 0.6275441937308535 0
0.5892602150895307 0.1706385358751337 0
0.5604881775253141 0.9085807764109852 0
0.5600834287299291 0.931520624851911 0
0.5812839543933935 0.9229346221460102 0
0.6510942383879648 0.4498239724150875 0
0.6580656705916587 0.4571638072468703 0
0.4090205289548723 0.4147867983736622 0
0.4083961907162942 0.4087941298542336 0
0.4937195655488287 0.8096049759473996 0
0.338887153333113 0.4653092143596145 0
0.3324110000239373 0.4713729209249788 0
0.6458196989702347 0.3384038781525487 0
0.6821841710827583 0.4409441110460515 0
0.8586513515832546 0.3722992922218765 0
0.2266185433447993 0.0424562169440027 0
0.1577575108633934 0.9486104038376382 0
0.06425614196622675 0.170994953951342 0
0.0822731217502114 0.1907967063356561 0
0.04492926842230827 0.1519006371316384 0
0.5488697234974095 0.5999209992195826 0
0.5729322006729696 0.3201093398726226 0
0.4787496349278204 0.2961662682254068 0
0.5628041639590163 0.337829916620164 0
0.3682794327423337 0.5109921510101794 0
0.4207387705556333 0.311176531806114 0
0.43192976268051 0.317332421626608 0
0.4322197010357546 0.3291512386970717 0
0.4418877655221355 0.3227494089565925 0
0.4418796510524918 0.3114192244397833 0
0.507974480949194 0.325718798511871 0
0.6220561020314145 0.5858731754476785 0
0.6747197864057228 0.2260052583205424 0
0.546794380478178 0.8196497813459425 0
0.2761034772923144 0.7618689413922395 0
0.3392618061900952 0.8937330748645449 0
0.3142690022404531 0.9018887328185059 0
0.3087737182900869 0.9270968410234117 0
0.288833405109267 0.9106307327015977 0
0.3641930189659937 0.7988429012645486 0
0.5721298489311013 0.155261439909294 0
0.3029967110635446 0.5340533824862181 0
0.3147036808972435 0.5317484814646349 0
0.3227881313382221 0.5399574285099512 0
0.7557845703027886 0.5816411793175918 0
0.2838706603723413 0.9350928784490624 0
0.2640980370366527 0.9194371944815181 0
0.2683740971003934 0.8939611932032461 0
0.2438894152977397 0.902579268154967 0
0.2393694513297777 0.9286833782945489 0
0.2194564732356604 0.9111249580877157 0
0.2239263598781122 0.8854212067189761 0
0.2123280942371047 0.9344748893407704 0
0.2302742235121729 0.952551000916687 0
0.1991767778027934 0.8941545586193199 0
0.3989666142575976 0.5457381832138594 0
0.5641541329259963 0.6273337950791305 0
0.2214120755369652 0.3854275842893749 0
0.5518602944414562 0.2167140232892175 0
0.1195456529325368 0.0586468701020435 0
0.904266980397391 0.7393295159333224 0
0.9066190734780128 0.3007410874453605 0
0.9333856753525958 0.2962063832780361 0
0.06903601818446803 0.9032851934415285 0
0.06472596254328744 0.9305025374351661 0
0.4414126461111414 0.8959274996760542 0
0.4209510448549468 0.5947246311500091 0
0.4174218046405254 0.5998795652319744 0
0.06137600337553745 0.8324772378865637 0
0.05405007412702956 0.8586600637259137 0
0.667219261732775 0.6558210777981999 0
0.3938834770814457 0.5438698928847434 0
0.3975523054486778 0.5400081326068376 0
0.6311282944788796 0.5544247210543811 0
0.577522272883225 0.1346923049267552 0
0.5531209032981297 0.5986832085211313 0
0.1021512971868078 0.6630663192990296 0
0.07851661290108952 0.6710079359569614 0
0.4096857442159371 0.3058807015680342 0
0.5709038177728175 0.8487551153900613 0
0.4254317986892493 0.6169429315705237 0
0.5034627739151698 0.6126288018873113 0
0.5668620101483203 0.7169072163697825 0
0.9339147204953808 0.7177792031276401 0
0.5627498472052193 0.06192672862805493 0
0.4521388240370705 0.3166740382827198 0
0.2490243513786319 0.4364993666667611 0
0.4488312362064865 0.7109622578775837 0
0.8372557538546503 0.1577994554682401 0
0.5341484915057499 0.3669482628259942 0
0.5705253553855079 0.592984954114695 0
0.5673611825422435 0.588007349792638 0
0.347544841926313 0.425542393264167 0
0.2041324392239261 0.8682795193994832 0
0.3619216301162872 0.5945072699378778 0
0.3987860789255534 0.6546334719374326 0
0.3920476148476056 0.6634861312161797 0
0.379623744363097 0.6613131714682313 0
0.3806595932615009 0.6741090193169089 0
0.2331341307969244 0.5027342167708696 0
0.3883058244111371 0.06194617207687736 0
0.4048551205483266 0.08031770531514265 0
0.3958908887993915 0.1040238977036283 0
0.4143374578961691 0.05649831214376666 0
0.4300461388277094 0.07572494283694803 0
0.4403626279176411 0.04981005017398327 0
0.4284765774640465 0.5896626944461081 0
0.431911705970983 0.5862177533377422 0
0.5907870176933592 0.6903611177389913 0
0.744445513808571 0.591103129380146 0
0.3689088082797582 0.4712143421067179 0
0.3926037840632358 0.4782924398820738 0
0.7051822506038381 0.05918610835283122 0
0.4498556003204034 0.3050125700560958 0
0.3032092592782787 0.9534236933385107 0
0.4029637961007245 0.5970374429802381 0
0.2589380221325866 0.1501827483285766 0
0.6021953734011211 0.4576325106057957 0
0.6011463827584372 0.4634530565261608 0
0.60562166633061 0.4660487945201077 0
0.602740069583378 0.4522556444377488 0
0.3374445498670453 0.411236719613823 0
0.2691403819497771 0.2966409349283403 0
0.4666882851730542 0.8032356942152756 0
0.4542004522305342 0.7926781496264169 0
0.665172155198049 0.3657833708739448 0
0.6625617373883663 0.3774167409881604 0
0.6759139665576408 0.3727570339606059 0
0.6730060996264349 0.3851508426710256 0
0.6866635564972361 0.3832745006552026 0
0.5441691073253367 0.376001084765096 0
0.5496330815629942 0.3712354251077944 0
0.555356244118543 0.3763331902090487 0
0.6924044948187789 0.6429280816467233 0
0.6154058295190198 0.5042375441318699 0
0.6099715379371754 0.5049265660674515 0
0.5367851220432637 0.3955564417739243 0
0.5320743938081636 0.3927920531499682 0
0.4543326461340138 0.07024806266854927 0
0.4464213828385847 0.09387801487089309 0
0.6147694332243204 0.4837639320616626 0
0.6101146128535053 0.480454685280457 0
0.7047367862054787 0.7259089081621667 0
0.5789055573837446 0.9462183555561464 0
0.6022703223550344 0.9351191669581951 0
0.5978196758599177 0.454538907848444 0
0.3733326458454558 0.95180617284033 0
0.3059736723394237 0.7873247100307178 0
0.940047216557283 0.339967468935394 0
0.3258309386699682 0.529751197539945 0
0.3181560501594339 0.5206793674124335 0
0.5238548958167184 0.6675624352720465 0
0.5290899494734526 0.6765092689762742 0
0.5317469719039588 0.6094542654839135 0
0.6593403870266015 0.6072998768432472 0
0.6513604999074448 0.6149023700813775 0
0.2674485449418801 0.3894022931993166 0
0.729613229363284 0.4832013721196938 0
0.3807554211060288 0.3855852076329453 0
0.398888634038848 0.4191462813849969 0
0.3934198695433619 0.4232850944365046 0
0.2783829748912359 0.3558831706200366 0
0.6276668952540346 0.6286191215604415 0
0.6847367109100156 0.3954799592779267 0
0.3060821984454659 0.613779262899297 0
0.6522922816822956 0.6714427344431817 0
0.4440289227174299 0.6029321441517302 0
0.447994246106 0.5979132010949735 0
0.4530846749195829 0.5997928941014631 0
0.4557649591328445 0.603124591627732 0
0.4911675251067066 0.3319025535373339 0
0.294189478909257 0.1208254016375147 0
0.5216609365216506 0.2190994545205355 0
0.5040408265516643 0.220906738711911 0
0.4917263744506686 0.2083013153139683 0
0.3575597035495536 0.3389056486683418 0
0.3200078355192955 0.4251466034754861 0
0.6024236811897061 0.9105475791380457 0
0.6260116434111609 0.9248804504192365 0
0.6246613130424074 0.9506195816031215 0
0.9510406301726066 0.5823341066580265 0
0.3332755669380018 0.5377460822589937 0
0.06117758871181284 0.09721995230101854 0
0.07179395893940521 0.06965761333109244 0
0.6521278067921256 0.5181206523889877 0
0.8138167245393992 0.6467502966267061 0
0.8314598049965946 0.6358600919130581 0
0.6462867366028452 0.6833921963591173 0
0.3506895750369061 0.7864359306314797 0
0.7324023072962539 0.2123276020622293 0
0.87393784043932 0.3271228778447908 0
0.6534319513673992 0.7540514293260727 0
0.8695554817826698 0.7505985874226373 0
0.8458535179443375 0.7585602827810151 0
0.5592060057019721 0.3681670664373508 0
0.529848724048644 0.2918758414046459 0
0.2991209925739965 0.5936153920405782 0
0.8914463907394909 0.5962212723370247 0
0.3179326038322263 0.4144580248566094 0
0.3900365340304313 0.4164265389128525 0
0.5794919744315437 0.7186095353837543 0
0.5730742147173561 0.5881024154698463 0
0.4350931140171055 0.7989247570316973 0
0.5535193869926112 0.6324340960881769 0
0.4029899267271139 0.5568966093706198 0
0.408429101814345 0.559797478356221 0
0.4092801652478126 0.5644400230677051 0
0.4231121772802924 0.7087329304761687 0
0.5763339589667172 0.4186294738701614 0
0.2478905638992229 0.2943404376449963 0
0.5881130640257528 0.5749324727047991 0
0.5822874616530578 0.5751867762906109 0
0.5795115618444765 0.580094428753017 0
0.5854088407034664 0.5703617095665522 0
0.5767986784966395 0.5754142145584771 0
0.5743147140397795 0.5799841766320871 0
0.6149832047536331 0.3299745637561136 0
0.460646334280241 0.3913237765249032 0
0.46072483620056 0.39711005132341 0
0.4659893145396483 0.3943166860617678 0
0.4709445848612085 0.3906463622282834 0
0.6178570932542503 0.5165027857428219 0
0.6120752116232657 0.5185691388820913 0
0.6093683790813733 0.5241971289152334 0
0.6132950714677501 0.5129925837335926 0
0.6064930640987737 0.5192612693642814 0
0.6139167713753423 0.5286939433692814 0
0.6082629320141847 0.5293310609384982 0
0.6115962444292807 0.5351739094953676 0
0.6060241038310619 0.5380084248855538 0
0.6048173377677321 0.5431356906329752 0
0.6009191215293318 0.5394866890190821 0
0.5988608446805587 0.5445555959109947 0
0.6027206683133652 0.5474766729004749 0
0.5986941725080207 0.5496827289989934 0
0.4792071369107498 0.724344286218145 0
0.5945474260545932 0.4469089879455452 0
0.5860116124528494 0.4265380061631799 0
0.4508201860865217 0.3990373859312756 0
0.4498377615073781 0.4046743383627676 0
0.2964040168535672 0.0501543350226068 0
0.4405391333249759 0.4058651852465048 0
0.4109833477372398 0.4365880128810279 0
0.4112887383165162 0.4414953538585947 0
0.7009360632270726 0.2868371032738055 0
0.4389950563939056 0.5922479942748733 0
0.9495229072060423 0.2590383896705848 0
0.955847363251767 0.2352428246998217 0
0.4052329550189847 0.5523271331435606 0
0.3953340314176747 0.5932635200676013 0
0.4088221057716125 0.6129294940795369 0
0.3678330225599019 0.553811937040652 0
0.3758400238451753 0.5559207575968114 0
0.3730133944837365 0.5478258976775654 0
0.3784096138310815 0.564252825293302 0
0.659217286584227 0.3983700656300804 0
0.6361405030076496 0.1970155396190429 0
0.5666977660780537 0.4117265825875502 0
0.4867991521326975 0.2238188651358951 0
0.4752637310563609 0.2122594731551021 0
0.4697873065380404 0.2270145380634817 0
0.4582709576671691 0.2158585781362143 0
0.4638275687498926 0.1993140030311613 0
0.4463879724398102 0.2029906440254874 0
0.4410277555301781 0.2202635989941112 0
0.4287102094743228 0.2060462096036666 0
0.4234143526593378 0.2243784874007437 0
0.4109675448335597 0.2099022376539618 0
0.4056829405879432 0.2285886254528405 0
0.3933407841983485 0.2159985128707966 0
0.3877837457383733 0.2325504677131631 0
0.3754369497615022 0.2204973288797581 0
0.3699719041462143 0.2374860327896638 0
0.3577377786157159 0.2241365073154352 0
0.3512762444735575 0.239364073227035 0
0.4002861748380224 0.2464485728865641 0
0.4467577526542925 0.2918978098943971 0
0.6588728845296504 0.3306851977267683 0
0.4260563017725354 0.5794068448656176 0
0.3864879061040463 0.4994227054760101 0
0.3902671950304125 0.4954010271384219 0
0.3892005365279739 0.4901502548272961 0
0.3918869394688546 0.5006746251997152 0
0.4296642145613439 0.4127163847684311 0
0.4301427258310638 0.4179708850353521 0
0.525213289736368 0.6367255987402488 0
0.5317230440413639 0.6309416599485839 0
0.5567222250818142 0.4040481659854435 0
0.4235137379373032 0.3831820334076337 0
0.5403625369364484 0.3985789971198068 0
0.6104025037900007 0.4138952059323801 0
0.6039482277509157 0.4103213649391616 0
0.6029685490096228 0.4010465674247589 0
0.594811795524538 0.4021402858062904 0
0.5889489692382499 0.3968994509658796 0
0.5880936554469076 0.4032194492190351 0
0.3639683228405531 0.5363223622619793 0
0.3987455864012187 0.4601984980247333 0
0.03048825393979088 0.8371099387768302 0
0.4145125829531857 0.5774143730069989 0
0.4129504608409345 0.5718995792227859 0
0.5156196559616715 0.60926979463072 0
0.5107066455236834 0.607674225130802 0
0.4895782911251564 0.3859328896233977 0
0.4847675827399204 0.3891487456129254 0
0.4947214901016413 0.3885804882579409 0
0.4791853918661318 0.3865499028902838 0
0.4802136298662523 0.3924980991901634 0
0.4779881592709678 0.380516042938031 0
0.4725079792521959 0.384249161197971 0
0.5744605797089035 0.3770057023419085 0
0.5740991186048336 0.3853671196263761 0
0.5796708141251449 0.3898649003060643 0
0.5734882897283715 0.3920162515784141 0
0.5671263769647296 0.3807351342424254 0
0.5881253000921856 0.3885810228944043 0
0.6770168087749212 0.4749354603990941 0
0.6710995820167852 0.4662382929723153 0
0.6651378537285635 0.4743628994405731 0
0.5614124221097344 0.4131282560408511 0
0.3964483145041943 0.6748258505860715 0
0.3886451416895357 0.6851620639588363 0
0.4012711152571982 0.6877088391445059 0
0.3974515103999104 0.4484665663081581 0
0.4022862956895426 0.4508175766353578 0
0.4022611217925674 0.4460391792729717 0
0.471104068750332 0.3961433249867711 0
0.4854510220299614 0.3942756614203889 0
0.2902774170772726 0.5330640948108069 0
0.3797752516571515 0.8098398368468551 0
0.3448975472280986 0.8057344061029297 0
0.6617904200431636 0.9430414144251169 0
0.4149717030993302 0.4336014214288211 0
0.415765793687398 0.427974310609341 0
0.4107724581778943 0.4254888450948366 0
0.4774425524886726 0.6381490588063491 0
0.4730225385187119 0.631125041591084 0
0.4662678113565307 0.6308224549547164 0
0.3583106688797693 0.5193009989483923 0
0.6211327612197306 0.443148707408454 0
0.6215029051866601 0.4350195766007456 0
0.5321142702354791 0.2336203755679818 0
0.4382201305909145 0.3733518598937391 0
0.4287292324281302 0.6244621784804731 0
0.4361977998766629 0.6254455734201856 0
0.4419522392178339 0.6328871467696199 0
0.6228302936662213 0.4716501198462584 0
0.6165628202020074 0.4739090491541705 0
0.5579221599959395 0.6027375476601871 0
0.5462230466089035 0.397754918959208 0
0.5474574994218867 0.4026986907784152 0
0.3843570961842667 0.4871263965223757 0
0.3929643784540521 0.4863105751857801 0
0.7064078778223586 0.9493735114141163 0
0.7295048583738504 0.9341493973235286 0
0.7309269162313684 0.9086648865940328 0
0.7521029169673104 0.920980899763155 0
0.75395947818405 0.896383920858717 0
0.7751166155107252 0.9086765857079042 0
0.7547285076363164 0.9481246423621461 0
0.7805685292290054 0.8798724528074595 0
0.799752829595945 0.8975081141660968 0
0.7955886163664418 0.925269793227091 0
0.8217247358710829 0.9118399218366329 0
0.8227278384323129 0.9362179955950156 0
0.7536047210393537 0.8718231787594516 0
0.776196564107285 0.8576558206609144 0
0.3712261087882396 0.04065592761508818 0
0.3543132517942322 0.6690398653227316 0
0.5985474867155181 0.6096351391926909 0
0.6019413162618482 0.6011150472719247 0
0.6114821263537285 0.5997162253636465 0
0.4309642608031589 0.3868209678703377 0
0.3975990163396267 0.1980937416038915 0
0.4013168709321462 0.3488169383171424 0
0.5342392959234205 0.618579757754482 0
0.5951374712085278 0.4345157333251184 0
0.5910943173222644 0.4380699113305901 0
0.517915987890668 0.3205935286880504 0
0.5273318106904873 0.3267290988367346 0
0.4510410552822042 0.1872992280936073 0
0.3803099158582197 0.5498070474330277 0
0.6870431376264429 0.668796223285354 0
0.5822608111044408 0.5855508775041458 0
0.3678922476941131 0.529283673501358 0
0.499816008639999 0.3856147410923381 0
0.5045218363878368 0.388654157514335 0
0.510017930557894 0.3858800322461029 0
0.5149766134494266 0.3890667887613762 0
0.520766164345725 0.3864962969593164 0
0.5257979291061432 0.3900277809809437 0
0.5197755360099926 0.3915341957720719 0
0.5151374501944117 0.3938642101314478 0
0.3676041043186713 0.4590902909781512 0
0.3546741103477425 0.5013032334768946 0
0.361300157847538 0.4953086881531764 0
0.3614072886107528 0.5033401712148637 0
0.04981569453945633 0.5299406979151604 0
0.05750512365084282 0.5045197563916519 0
0.08232177859147172 0.497239547455313 0
0.06623605309645131 0.4791279314719917 0
0.0899789249747871 0.4723755075843386 0
0.07332114169098036 0.4538581483009753 0
0.04953607446327712 0.4596096267747871 0
0.05629557080889591 0.4351905923077194 0
0.081108576323351 0.4291752711862977 0
0.06429247042031933 0.4108042834628995 0
0.08870960975952269 0.4051632689014492 0
0.07214275751511651 0.3866892282898907 0
0.09623964132888368 0.3816223425952219 0
0.07973475545491882 0.3627726487882343 0
0.1038602258562153 0.3578925844850728 0
0.08747018691288883 0.3391524408019684 0
0.1117565738993715 0.3340596033116636 0
0.09546709133586195 0.3152280903703802 0
0.07082913093481319 0.3203439520368409 0
0.07715633663294275 0.2957285175349199 0
0.1034841127034531 0.2911541532970644 0
0.08512952198715101 0.2714227217759919 0
0.1131497518293618 0.4004742360399439 0
0.05482361690865811 0.3676924995471517 0
0.1118565295755486 0.2674610381843226 0
0.0945776660438426 0.2480402890966821 0
0.06824506438437428 0.2511351416740895 0
0.1275272010896242 0.2863497463617111 0
0.08184029099791229 0.2278282465814049 0
0.05226097572475985 0.2325707128391159 0
0.05021474074031479 0.3005350983990073 0
0.1289198485465484 0.3525165749618717 0
0.1055759603326135 0.2239736153291411 0
0.1081566819205597 0.4909313125628571 0
0.1363928120768143 0.3258171363528023 0
0.542420633001172 0.6083306688984571 0
0.5399528555024564 0.6029798085287243 0
0.6562272173229271 0.6481722059249484 0
0.4622595872463112 0.359554593742012 0
0.3306481442634696 0.6445506859488901 0
0.3728787884237557 0.5710833350966037 0
0.3810115450115537 0.5714196277167105 0
0.6123047752680674 0.7043100371667591 0
0.6403602557662016 0.564648328626422 0
0.6711754381961289 0.4866247549124732 0
0.6604165990809587 0.4847987962131095 0
0.6552340227647651 0.4769685661466748 0
0.4549096182085897 0.3642226382104449 0
0.6514095974323422 0.5370538637397494 0
0.6457217906357016 0.5304196541046319 0
0.6426037091225123 0.5383141170321727 0
0.6461458991340729 0.5469124740555942 0
0.6387475669527245 0.5447836644746672 0
0.3920512255237123 0.4729945484449944 0
0.3961787889651007 0.4753403816464383 0
0.4182254006134913 0.5738719182951952 0
0.417267990830137 0.5688957529370959 0
0.482431330572067 0.6333797871979642 0
0.489676248700837 0.6336688648003999 0
0.4946962131155797 0.640236195483021 0
0.5036673204491653 0.6424183815988602 0
0.5872790050757102 0.5658663090149774 0
0.4603391630327027 0.6357533552292906 0
0.4556315058009315 0.6285671186253726 0
0.2955553945004693 0.5058600624112179 0
0.2992569555097713 0.4940749688192319 0
0.307570882101289 0.5023792246102644 0
0.310839211262937 0.4911562115088038 0
0.3029339309934709 0.4827636280707572 0
0.3142072136289082 0.4808149004101008 0
0.3211328682933842 0.4879895185059392 0
0.3079017959888429 0.4714297407109224 0
0.4224834762448276 0.3371788783686465 0
0.4342396148589294 0.3395853250664433 0
0.730277088448548 0.5396129916406173 0
0.7167330998855131 0.5344409966046394 0
0.712556092848059 0.5216673072720297 0
0.7038643257648618 0.530746225764306 0
0.3879505513848662 0.521827238780091 0
0.3927883445685058 0.5232961573541836 0
0.3922720353064003 0.5180173873449846 0
0.395468095026076 0.52819132391927 0
0.3918464320192361 0.532507542816482 0
0.3867801136475467 0.5159586510808867 0
0.3945255450903591 0.5132186597752129 0
0.9480122197348427 0.8772471305861285 0
0.621068913302289 0.6375772553141386 0
0.5854049818403735 0.4322815337967795 0
0.5755054071189476 0.597299894345404 0
0.6723437394506587 0.6019716376942723 0
0.6735213403757339 0.5900572311814679 0
0.6847327000214911 0.5823580863849369 0
0.6734313763338147 0.5773756578383609 0
0.4863165577699017 0.6109641711531542 0
0.4837410891980403 0.606344349124468 0
0.4922541044628094 0.6110462088534131 0
0.4962043315279954 0.6074408880298986 0
0.04173810505385767 0.07541680315803001 0
0.4046554109759859 0.5475736217749514 0
0.6312557899897924 0.6844120101526725 0
0.7961405834312648 0.5739906542985682 0
0.7957592847848056 0.5555430759715618 0
0.8122456122654289 0.5455073189791962 0
0.7817835500023533 0.5656231944313709 0
0.3523507480055399 0.5909202006635011 0
0.3621904476059334 0.6056135496808637 0
0.5298681246639435 0.8070461311093193 0
0.7784399711057501 0.5456176389268583 0
0.7949447685956301 0.5371077294436279 0
0.8100341503383667 0.5266282323698622 0
0.809392351639543 0.5072799914040282 0
0.8277831568832358 0.5143634271259347 0
0.4564528494610067 0.4003940235040679 0
0.4610435384166996 0.4030190266750924 0
0.3046686333604354 0.5146754119598688 0
0.5507851667889226 0.4061424023252747 0
0.4081994781654003 0.5700157411385465 0
0.507475695943522 0.6174489486274122 0
0.4692914473689038 0.6080428650212693 0
0.4745179542654536 0.6086797156826302 0
0.472696839622937 0.6037317644342205 0
0.418162178233935 0.2417082827404219 0
0.7151737662173709 0.6508752493200566 0
0.7185061930855555 0.6338079347234785 0
0.3307415692407062 0.5468336740848321 0
0.3047936332843779 0.4466875407466365 0
0.4101858466937024 0.3934785176490251 0
0.2418202246096107 0.4690686823351699 0
0.2463836941175102 0.4535482320183074 0
0.3710153996295856 0.3066679897765962 0
0.3557834154747834 0.3123778137196008 0
0.4020968628608903 0.3608405020405108 0
0.3798526524504808 0.4485612899311434 0
0.8305401940261716 0.6145801561478899 0
0.4206869635566916 0.4197634370341198 0
0.6219160423686816 0.5720064831409915 0
0.2006784208391011 0.3818673546447728 0
0.1339352584096756 0.9581519115016615 0
0.6639552983197997 0.5074752162335121 0
0.7937156737915287 0.6564758644074409 0
0.6588477567822125 0.6337278480121624 0
0.4351800459643504 0.2378197978859562 0
0.4535669575485061 0.2347820819540374 0
0.458363988473553 0.6788666203382379 0
0.4462972542165828 0.6777166515409248 0
0.4544926584542609 0.6688680258644701 0
0.442150056198249 0.6668344438133842 0
0.6489228715365218 0.4604055223286911 0
0.4485842642723379 0.6279522533765443 0
0.4814421798894423 0.6813092455836279 0
0.4775144878713388 0.6701940703902007 0
0.669780998175949 0.8248102863364808 0
0.6182005387295954 0.09299452038111594 0
0.02743466629970309 0.368950603070878 0
0.7681336654662834 0.4576765095109041 0
0.05545938277875861 0.1940476623524876 0
0.27229021259758 0.3728365776595988 0
0.185745788072449 0.4235627938516164 0
0.5022932228399695 0.1715860858690458 0
0.6964162080617773 0.5617580570968839 0
0.6965641779840157 0.5494744610511023 0
0.6852322649986129 0.555013269894303 0
0.3504707995195084 0.3594998517723455 0
0.3160788087641251 0.7289419379004337 0
0.3316950972381479 0.7220091749632942 0
0.3483285176289392 0.7347201672571011 0
0.174574452235978 0.4643371227162419 0
0.347211036501515 0.4159871674551746 0
0.4052216119646753 0.6452535054771888 0
0.6860920858659949 0.04129289190376462 0
0.5320051294012693 0.3870433246729966 0
0.5272772716281283 0.3957053698121006 0
0.6231981055058083 0.4639912918131863 0
0.2865522417784195 0.704298512701055 0
0.290750126664812 0.6866624700685859 0
0.4898408704690986 0.3914503887071 0
0.4947110777498802 0.3936199177730027 0
0.6405737130177334 0.304524065793116 0
0.4210344407189456 0.09754668717965898 0
0.4125769991704249 0.1224235454031197 0
0.3840980293443316 0.5571020427552625 0
0.2161114032583169 0.3205840148734515 0
0.2093372296137391 0.3411478912344418 0
0.2227052385719453 0.3555105656850363 0
0.3698814326230955 0.105934441363952 0
0.7436083478045509 0.4810190383297869 0
0.7033889595730036 0.186144099899524 0
0.2575641945661992 0.4211748112953784 0
0.2619671183056915 0.4040680199250444 0
0.5049562020619941 0.7298525227659215 0
0.7829625409747272 0.4223036784137549 0
0.6098096978399059 0.6405482491020249 0
0.7000162262179261 0.5189822931946784 0
0.3201082415877942 0.5514370644752066 0
0.3194914091822678 0.1153914955938264 0
0.3371735194324266 0.1334805611067515 0
0.5773402903428714 0.3070695350087406 0
0.5636329332928414 0.3081663482313489 0
0.3199965303138983 0.4991143870263475 0
0.2591643245956703 0.6754713300938767 0
0.4993481445998317 0.3912351448983264 0
0.385805781807579 0.471341449257898 0
0.4644061346049141 0.04661543788579059 0
0.3533068431157529 0.1967652554446677 0
0.5169401248152068 0.32981433606306 0
0.6167350403576127 0.7907884940417558 0
0.6186252424065827 0.7715467165070733 0
0.6353393464041941 0.7630687314880384 0
0.4912684114672162 0.3589998517764371 0
0.4992726810046059 0.3615142412182524 0
0.5061795048396868 0.3577183526444957 0
0.5124753599359041 0.3615283592688633 0
0.5056231124656437 0.3645708802983907 0
0.5205935748275505 0.3593942219182108 0
0.5072403166355706 0.7159877841226636 0
0.2033146111119488 0.1837327026900158 0
0.2198287644913912 0.2020280048173599 0
0.1951341394855222 0.2067244704105469 0
0.3603206394414243 0.3262894617364525 0
0.3420000791014502 0.340144496612554 0
0.1970840573345576 0.694698565680045 0
0.2374602968726606 0.4846121077893178 0
0.3308407307206845 0.3682693711685275 0
0.3262091331737795 0.3812102465659007 0
0.3353231139604341 0.3923021782890772 0
0.3403110055118773 0.3789471679048982 0
0.02823216840576448 0.5113024761046344 0
0.5814493868823521 0.6250387235358561 0
0.2307043212733406 0.2797372068422548 0
0.2525330375276068 0.1775920222528707 0
0.6853307991398275 0.5681066392703532 0
0.4215077656362616 0.02798942954633782 0
0.02487870222476463 0.3100733420196121 0
0.8664689190345291 0.5312734937200392 0
0.8471558004671418 0.5220505711014819 0
0.8449500706860471 0.5011079426032317 0
0.8624784682952555 0.4838973753309205 0
0.8397016963568347 0.4824496649038645 0
0.8256885659749061 0.495534349994665 0
0.3329173555295639 0.2046197610122625 0
0.3726772197250157 0.3905518853645166 0
0.5626004038297894 0.2717718503563633 0
0.546301483336189 0.2757245514134014 0
0.5472227159219468 0.2910121889418353 0
0.5137708787543557 0.02388444298007303 0
0.5147900417667575 0.9757971544349733 0
0.5733600646203327 0.02263783832818411 0
0.02336354388641027 0.5719790788504981 0
0.631940649897484 0.02451698595562013 0
0.6169393202099109 0.04903338830393322 0
0.9759046995949106 0.6335902033081595 0
0.9748635434150086 0.3670670316921611 0
0.9474115121904728 0.3829083463259194 0
0.9500107664588883 0.4106010677175437 0
0.9735697491821148 0.4246865752293449 0
0.9516363744604059 0.4387635425704564 0
0.9748465522477391 0.4551765101580272 0
0.9269698036132989 0.4261629248804795 0
0.02702647442615824 0.6321923989169422 0
0.6464312538791334 0.4028782322013507 0
0.6402729327832263 0.4105753307354091 0
0.3957458008249883 0.4684509657874371 0
0.1327389291975244 0.02810218145884219 0
0.4073377783238277 0.444736533753644 0
0.2853403391169894 0.5475732579079433 0
0.6920681822516113 0.9751542101849064 0
0.02489677838606363 0.6912624109892872 0
0.04767744339288299 0.7040144466363507 0
0.05293533219057955 0.7327252008457755 0
0.05171307126621327 0.6752625043048937 0
0.02713061268870787 0.74816211382246 0
0.02611067724275867 0.7783410329335968 0
0.04836978330018271 0.7919933118246423 0
0.3096063752336868 0.02505284878028124 0
0.9765964011306318 0.6918190119669267 0
0.9750944078201359 0.3086203002255915 0
0.1843592734889435 0.9394812928817179 0
0.08367666422884024 0.9497993109675775 0
0.5918222242517832 0.8410221804659148 0
0.7549448796987309 0.244902361734249 0
0.1620274500167149 0.02636546728817951 0
0.5156165952513524 0.2777229957382975 0
0.6102562282847832 0.4653279889010259 0
0.6078457119896028 0.4702948180967142 0
0.6561642202479244 0.4670357648603718 0
0.5094843999938882 0.3920954420023308 0
0.578129242578347 0.6172352943005358 0
0.1777536394167236 0.5203671179270175 0
0.1928194769361613 0.5315599680577193 0
0.1967488593512985 0.512861608656272 0
0.2175534938013656 0.6856324246275228 0
0.3994192326917563 0.4649117110061811 0
0.6696743312264815 0.7447387686883773 0
0.6839573953073644 0.4251892359902 0
0.6128552414813955 0.8312192139352803 0
0.5295533541151647 0.624659239879517 0
0.5554975268249882 0.2000510866754499 0
0.5701896651266587 0.1956341686040854 0
0.2268484600588014 0.7462902669811838 0
0.6024262542408131 0.2781991937144791 0
0.8792857277893987 0.8054140006923547 0
0.8569204459313057 0.7931343857597397 0
0.8330236562366126 0.8073235994056553 0
0.3813526901396994 0.3625947781726857 0
0.465396786375335 0.6700507207586298 0
0.7528396165290259 0.7835631880511542 0
0.4400111476524031 0.410660875104736 0
0.389711001785873 0.698875441102308 0
0.5704966689124792 0.5834362264612314 0
0.5754826636151759 0.4238402179980876 0
0.6077951818335203 0.4498651186985645 0
0.3898070026283316 0.5475523130485148 0
0.2688372918864247 0.126723642055834 0
0.2854435473452768 0.1477261376272024 0
0.8347817721688657 0.04075927530820822 0
0.8610297905918831 0.0366182080911765 0
0.8806114038883468 0.05722553004382891 0
0.9102538750775686 0.05371912332052997 0
0.227871773812064 0.8578142546659149 0
0.210121706723661 0.8415458826146436 0
0.2501101325671049 0.8722895642397308 0
0.737801962728156 0.7483768788706694 0
0.5423818433640056 0.6992292426128559 0
0.5427791026623814 0.6879962330466423 0
0.1360674573767517 0.8067689760566894 0
0.1592428604601926 0.7964529469688688 0
0.8645326181535866 0.463798768822998 0
0.2495537366917859 0.0269755483936715 0
0.536352849171787 0.3591374526578053 0
0.02487622690933455 0.2218944192954376 0
0.02539849160112306 0.2490109731375575 0
0.7399662606063461 0.7278309032427464 0
0.5852929622094365 0.04975476700385939 0
0.7573304473853849 0.7393745900120643 0
0.4321137522026804 0.8191700333213664 0
0.4126380862090688 0.8276908295343606 0
0.1945850649521586 0.4617224054058974 0
0.6082142785639667 0.5144715233351326 0
0.6053530198042127 0.5108647420067379 0
0.09207193475607589 0.05428413744142113 0
0.07082133337323271 0.04106728080025812 0
0.6215197788778587 0.5034583756246575 0
0.6051137329794183 0.7602210326024204 0
0.3374381500349889 0.5679710795075312 0
0.3393303099375652 0.5592830720566183 0
0.3349650126586948 0.5801637327908318 0
0.6032765440997601 0.5682249128348722 0
0.6095332059820248 0.5669461148898929 0
0.8579042584698287 0.1788463314578194 0
0.03129560758271849 0.439883754263946 0
0.576019132344063 0.9728822040359482 0
0.6512980361389487 0.4861027486354235 0
0.690601224365374 0.3694952320150041 0
0.4461644445620002 0.407128473433815 0
0.5291215355397213 0.6048537988637018 0
0.5345745740209423 0.6049629867771041 0
0.5723301192251529 0.3328704071779007 0
0.6056519485423776 0.5952520049128419 0
0.9752080901408831 0.5719484523023883 0
0.6958369260046362 0.588871504449712 0
0.1731823840183165 0.8372242397821332 0
0.5935342774222874 0.6029418196784212 0
0.383096181506038 0.4296577702664097 0
0.1062086355936164 0.4229108879238506 0
0.1014932284571163 0.4480151400013563 0
0.511142784455518 0.8228855152891843 0
0.444703714223558 0.5926763614769848 0
0.4859062491079472 0.8301893782834091 0
0.4934821774383306 0.6277686979908441 0
0.6018606838528667 0.5198677630938903 0
0.4083731223336702 0.4017506893481519 0
0.6033944823984169 0.5022592321285724 0
0.5961337505291096 0.5404183501995109 0
0.8673529844415545 0.3501931295432192 0
0.4704132993875438 0.6247884771744476 0
0.5983329128948964 0.7964878182159155 0
0.6031301936584104 0.4889970692755281 0
0.6018179163395365 0.4804374751060837 0
0.8509300371956667 0.6247185590284206 0
0.4559842081487971 0.975248152448839 0
0.4277790344455324 0.974681023117595 0
0.4410814150193375 0.9496023302548874 0
0.611997948014999 0.3655930476016692 0
0.9527405621268565 0.7351189297612051 0
0.7495746445186422 0.02470164348234316 0
0.7309115994102301 0.04976905383981378 0
0.7625121374048036 0.0487677647383794 0
0.779327484208737 0.02413597521120203 0
0.6479982445514793 0.2112781505761684 0
0.3499728272784868 0.4352715762452057 0
0.5844567912783003 0.5590858368169406 0
0.4965652254527134 0.1905910861295379 0
0.6713570407017926 0.3436223178364286 0
0.1194080252003186 0.3095170102505265 0
0.5431345344038224 0.7261551841036658 0
0.6860770486148774 0.7359978836077434 0
0.5013635043284203 0.9529949604508051 0
0.2403972747683434 0.2004348472214327 0
0.6080809258163535 0.548820066179119 0
0.3895072990091957 0.4331308775808893 0
0.5997787308543919 0.5280772634947545 0
0.6029379559510202 0.5311034834644676 0
0.5230860665982894 0.6853794055470042 0
0.5119931952597613 0.6908307392887721 0
0.6036244647228922 0.4933505482127961 0
0.6075115595139203 0.4955978324700918 0
0.4709736513977429 0.9508261638282904 0
0.6294590883506346 0.2896773333918425 0
0.2952950871664961 0.474104518084924 0
0.5423120036894796 0.6390938919053111 0
0.7063271414206467 0.6243393161914387 0
0.5636778904860932 0.5817436337851399 0
0.5710684672769986 0.5761541448196505 0
0.5008102137545345 0.6079198412972119 0
0.7482904811955677 0.07358790709099916 0
0.5915571003343897 0.5482127628856001 0
0.5944135552790493 0.5521166007544277 0
0.587634571326545 0.5564274275880879 0
0.5530171317136761 0.5889420299564595 0
0.5537018137730383 0.5934774626012074 0
0.734802675544469 0.406798217369454 0
0.05937023754769011 0.2750121522951134 0
0.5038020367503595 0.3938266710683695 0
0.2844212054473276 0.3389091128500763 0
0.46470486832186 0.5976407675294029 0
0.4610131987273804 0.6009255595804085 0
0.4654883507696567 0.6017551250608744 0
0.5896427868429075 0.4475113776330201 0
0.4527624098605456 0.5919822372259193 0
0.4450998981989677 0.5877852887331118 0
0.5795134225454539 0.5663624501266772 0
0.5332344380497964 0.5980202498936864 0
0.4815875068389943 0.6019456034720361 0
0.6008652288082633 0.476177865058487 0
0.6052944398234814 0.4777099037547738 0
0.5076609309275757 0.603527719259369 0
0.498788362729658 0.6037073005749364 0
0.2934679220422119 0.8848582345478839 0
0.7716246003370243 0.4057171854931784 0
0.4246757589239271 0.4285914763710304 0
0.4234429483690319 0.4243144885355667 0
0.406627814042278 0.453091385069559 0
0.8295737503830973 0.5540426795266346 0
0.5119904546900506 0.6029334317537144 0
0.5982683473798898 0.4676625412978374 0
0.8499353211439047 0.3940372376376312 0
0.8377296388016771 0.3782637476952745 0
0.5206187544016563 0.6015575174135076 0
0.396658151788447 0.4908183190960319 0
0.6035388681852232 0.4179696795179983 0
0.7804168108184368 0.3359779383424871 0
0.7671634882455086 0.3199817532221213 0
0.7741496256845009 0.2999659496504579 0
0.7521711135226352 0.3035404236823386 0
0.7484244998221706 0.3244021812194469 0
0.7608116120433807 0.3390246481231849 0
0.7428748116778751 0.342777020196409 0
0.7946298633360781 0.2962511294575677 0
0.537205710794035 0.5965989360379832 0
0.4567144717246091 0.5938368157732179 0
0.5569078044303537 0.5866585589479441 0
0.4817023171362882 0.397532622089839 0
0.8239893339833437 0.4519907832246319 0
0.6332625354780205 0.6192199245742003 0
0.6317330029143964 0.5806238330172155 0
0.4155879762705447 0.4226197716297468 0
0.434574598356647 0.5800387472787509 0
0.4220139932289173 0.5679597802855019 0
0.4277571655326569 0.5745437791777815 0
0.6686730119632018 0.4550522161670565 0
0.8803082243177922 0.3048158550005456 0
0.3988467612841156 0.5215961303941267 0
0.4131122701597337 0.5575514943822115 0
0.5451124834707244 0.5933001068516712 0
0.3996698755102122 0.5259408653698059 0
0.3655743519788367 0.6180718031316175 0
0.9264705882352937 0.02755113588826236 0
0.9404701468984358 0.0528225967440269 0
0.9257303021185378 0.07816119193462467 0
0.954716050245898 0.07844535790603085 0
0.9418428947437212 0.1019365500069431 0
0.9552068161864926 0.1225252834923626 0
0.9724982711644399 0.0487744643282374 0
0.4379919118167505 0.5827565581097658 0
0.4038958072398456 0.5383937720829486 0
0.5986949944568027 0.5541244244093008 0
0.5289786192453382 0.400440399292767 0
0.5380481929307104 0.4030729388818129 0
0.3305223279060592 0.6066320594941668 0
0.4693314705601817 0.3255233403389229 0
0.553707964836742 0.1448758074351102 0
0.4033063662948808 0.4618923405788992 0
0.3970398033204469 0.508984791999494 0
0.3440353697020233 0.5861634476395996 0
0.5567263848967169 0.4136682495949788 0
0.3918573209578018 0.3671497267447942 0
0.838104435941609 0.976380636314784 0
0.8672522692332564 0.9745530923989421 0
0.8819480837189068 0.950030549075253 0
0.9112518054061592 0.9498428642620462 0
0.8489776758701859 0.9496582352678893 0
0.8669493997542629 0.9272665406998023 0
0.9262236501949852 0.9741366645469216 0
0.940789952412918 0.9498969637082558 0
0.9242818608165109 0.9205850763449323 0
0.9544908886962309 0.9233808507677927 0
0.778747639667573 0.9699014880356303 0
0.9766542175752043 0.1623136008162118 0
0.7978585671335331 0.6377935216198989 0
0.6581588104205978 0.4992568305323981 0
0.2734238365518949 0.8696871962395001 0
0.1765945575579507 0.6011091264222117 0
0.6642858785919403 0.1128363653167077 0
0.579882799511959 0.4334447804887174 0
0.5811800308383667 0.4288368217846973 0
0.5848052072317207 0.4405447091650452 0
0.5672560002312781 0.4212888469142042 0
0.4980383490235251 0.7076918875022862 0
0.49902921636258 0.6940100021196812 0
0.4023225552155706 0.5342486211550891 0
0.3973220093468154 0.5343173379352513 0
0.1439446695966815 0.7559088568980079 0
0.850341552835826 0.2034703849637659 0
0.2684905149930221 0.05059503937362952 0
0.05042712775079083 0.7642188264038581 0
0.1170588767534272 0.158062105854772 0
0.3042487227637337 0.6985402902600324 0
0.6439318713040896 0.4425697022054145 0
0.4148643281176821 0.6071973207943732 0
0.3062146597387911 0.8643465445736094 0
0.02404666670934985 0.9263551669103041 0
0.4205880331242537 0.4279655228735461 0
0.7087115957410934 0.8957414050015913 0
0.2894947391303093 0.3241575490239942 0
0.6629100102815028 0.5952410908404309 0
0.6439601742380359 0.1777059057254406 0
0.6183078486723856 0.6250227350782959 0
0.3167581206235183 0.5093864570121964 0
0.3267069000241415 0.5131764596108919 0
0.1199391183941378 0.3776733038250056 0
0.2459351092154651 0.7365642310709118 0
0.469200887732777 0.08515356027357501 0
0.04995085868496274 0.6507828922666878 0
0.85168106983222 0.6684628667138875 0
0.9736322381765321 0.8660154057566077 0
0.5192404541329712 0.8814824723735262 0
0.1715716690660996 0.5628896117328264 0
0.9041881434792951 0.5786367113490565 0
0.3452389055898102 0.870951356986857 0
0.5521052585307293 0.7821838510461303 0
0.8290607006337594 0.5342864368199104 0
0.974990719383702 0.7801533989966833 0
0.6786293528504423 0.4502226857263138 0
0.7187524571413614 0.5478455896688172 0
0.6693468832988336 0.8038038177452081 0
0.4957988417901878 0.05032600772860446 0
0.02650520275449753 0.868491650028296 0
0.3221566258887872 0.801694003313691 0
0.04897873143623299 0.1233606193226445 0
0.529284030305893 0.9547733148856689 0
0.6016337601887012 0.5579298142008094 0
0.7093590968764367 0.8005001287810056 0
0.442101886628713 0.3339730270301436 0
0.1724263724859459 0.274297732750844 0
0.2579013727268235 0.9444149923078636 0
0.8786457566422269 0.8332683136370785 0
0.1719599258762682 0.8940670382055742 0
0.561506547926476 0.5888385428883662 0
0.9495295454875639 0.8214964611522086 0
0.8521181944346954 0.3349454696124944 0
0.1360645787265657 0.692822482149643 0
0.5202417153404327 0.6310174964262076 0
0.4691059104951169 0.3038496834820521 0
0.2974951106798108 0.2940228441716236 0
0.6040503152731109 0.5269027396697826 0
0.4786017811463371 0.6053967636218789 0
0.8872778088102147 0.4497929304024301 0
0.9136124454333692 0.447153173761647 0
0.2981081515426157 0.8073791840318123 0
0.7817310763292273 0.2788117191468444 0
0.6228973416597064 0.181520264892117 0
0.9533574428599885 0.650283920983721 0
0.4930279468813036 0.6827759020902886 0
0.3246677185866111 0.4783612324088982 0
0.08175099980248407 0.7288631558155679 0
0.7357777643937904 0.7698818836443185 0
0.1105643671010377 0.9408002951614745 0
0.5872039601741591 0.6600786605176845 0
0.9514313758713847 0.1763169210367084 0
0.5000979893086314 0.2827148178728774 0
0.5391421051922399 0.6319067601972341 0
0.4047189598304389 0.6642088369657455 0
0.3388287711854524 0.632921243775776 0
0.3240425822401257 0.04870066984470672 0
0.1001519203821113 0.8677275658585974 0
0.9231693297398234 0.8895506851511328 0
0.8285849816020171 0.8853028418698845 0
0.9026366438787542 0.1257471116483155 0
0.5326097146452951 0.3808104635528513 0
0.6808930724304915 0.1306004945807439 0
0.8512329733323427 0.6469537857731975 0
0.2083827194585351 0.3994137857373929 0
0.433719849038688 0.7576008740066902 0
0.5541045093365076 0.7654790449665612 0
0.3631007898323851 0.752515975471225 0
0.1158980402767431 0.08645273914796242 0
0.6198133559831727 0.4868360893705754 0
0.7088381531552883 0.4837088401797103 0
0.1772876462633258 0.1213780884490382 0
0.202568892070933 0.1173706426255986 0
0.3851415043797558 0.4657586350037531 0
0.9515044949847742 0.5029537698980372 0
0.7591884142657899 0.7189563407110308 0
0.4605598039057621 0.7614068025066876 0
0.156484723870448 0.2579967780062098 0
0.4554178307792978 0.7227955533162219 0
0.9502615509770764 0.7937231826857297 0
0.6893736979348737 0.2689559345654692 0
0.4249139963446859 0.599214457761817 0
0.2095743082008727 0.2254402296655239 0
0.721734486686074 0.07781756241909388 0
0.8110810990564571 0.7960794378296272 0
0.8352967623949891 0.7807101265809334 0
0.8697028438073215 0.08312901847273557 0
0.4343610285674684 0.4196984375793931 0
0.8148516104131893 0.4686558294372514 0
0.3282700531074275 0.941695395210324 0
0.2702490584935856 0.2670996470141381 0
0.246900549582681 0.6451966092439942 0
0.2590536182770806 0.6561014660956636 0
0.3572541445584171 0.4406704899047688 0
0.659714230162767 0.514775921401994 0
0.7955243276222126 0.6793509856638065 0
0.6059681345631578 0.4823352023661819 0
0.6930800197463589 0.5267962908187152 0
0.5383964314691406 0.8729625352085443 0
0.5601105334868881 0.1218891190521502 0
0.3514446764585648 0.3710606714842853 0
0.7436168626564663 0.1397681115073426 0
0.8267411578167392 0.2080650476845161 0
0.2792326811884651 0.6740429630877462 0
0.2604955072710454 0.776023321572342 0
0.5300339648904556 0.3364017528603223 0
0.4457958137682871 0.3762152208518053 0
0.3988948943252854 0.5861681661204328 0
0.1245569709492332 0.655181709273277 0
0.6344626979315657 0.5391254536871897 0
0.3963645391922103 0.4995778023206806 0
0.7545794590633403 0.4928955516787097 0
0.975498073622499 0.7510699111025888 0
0.9176446994116068 0.2157267441253158 0
0.747399610362476 0.974854253644216 0
0.7801627643681346 0.9433940702896606 0
0.3669900400509574 0.4147397457928402 0
0.5861838671380097 0.6790938576436825 0
0.7737514914023591 0.354699508226195 0
0.166296259636792 0.7477497903322177 0
0.4723773929072169 0.2846055520039358 0
0.3142833589797497 0.241793616721297 0
0.8313574636738501 0.7228990969525162 0
0.5275634373371093 0.04542602554126629 0
0.06375881500845842 0.3443367888686075 0
0.7969886312158587 0.1728378001061797 0
0.7379511585379004 0.361082812718945 0
0.3929111585172143 0.538298194904107 0
0.2144505295982858 0.8141717510274203 0
0.1936069064881612 0.8249435823911863 0
0.4115007973732433 0.3529910405473338 0
0.4203497038665004 0.3484106099529065 0
0.2740303457395163 0.1909002632825901 0
0.613850819147841 0.4342047365462396 0
0.1108967630326236 0.467935634436866 0
0.162577778574529 0.7713223349241607 0
0.232150835376524 0.8290995676556929 0
0.3655702735850829 0.9763021263576845 0
0.3970993683792483 0.9410628785110905 0
0.1346585037381454 0.1772681727366286 0
0.4829894007205446 0.3624800986811583 0
0.6037140705636775 0.1860075939759634 0
0.6135864206055658 0.4460486834084205 0
0.7623004542859864 0.6619648869373175 0
0.442954866574167 0.8724853278225523 0
0.6053103844038075 0.3357968622175472 0
0.4389790532826452 0.9208191812987095 0
0.9120541647222251 0.6554801112269789 0
0.6278994790658413 0.3977460482477936 0
0.6474966351373093 0.8793660851230627 0
0.9494534534000494 0.3168357546978335 0
0.7229310246489431 0.4592921285660101 0
0.6338566445465518 0.9759895919430879 0
0.8931840506411561 0.7166184139686727 0
0.6054314590688389 0.5622906346446019 0
0.5376375137600442 0.3841963242667952 0
0.9502047468049348 0.4646110136615462 0
0.7359355979421869 0.2481383343799333 0
0.6041300537383254 0.4730766435433703 0
0.7142370795407459 0.3020415529430382 0
0.7240836832270493 0.3169282596515541 0
0.4522505981654473 0.6217250707169638 0
0.336829613626725 0.2701737040262321 0
0.1080200395595003 0.1829852439302295 0
0.250883474123686 0.5292853498610411 0
0.6270311493066948 0.6713806121778814 0
0.3842953612047637 0.877177206547022 0
0.6177477697045896 0.5925156935045617 0
0.119239063686283 0.5953847176964662 0
0.5994979127828777 0.130369920520974 0
0.2700659029507239 0.2144414262432965 0
0.2613142954811078 0.748898503102034 0
0.4310924598385182 0.4225996557813565 0
0.1657972689217463 0.2962448437737558 0
0.1497701337823009 0.2805967209169432 0
0.8481255152627534 0.2680743173758353 0
0.2932826241836994 0.7724791605255771 0
0.5265903795611359 0.6192943440411512 0
0.2603450175804583 0.5025362083626667 0
0.670473533325872 0.270659761698582 0
0.7091495687933183 0.872134033090858 0
0.371707820904556 0.5235007252331993 0
0.3718427564412664 0.2643174977985784 0
0.4994974135935977 0.2970106255255932 0
0.7286356485046956 0.6970635144840049 0
0.4353663982458555 0.7105813460308619 0
0.6852902725672644 0.7938190707246096 0
0.1521911561735121 0.3584264556755099 0
0.2545049391271449 0.6115834687697161 0
0.4866290207585811 0.7654113704958174 0
0.4752182698879677 0.3932148234768605 0
0.6777093961252101 0.5440793817326603 0
0.1297905108752991 0.4175707228092964 0
0.3149572429702609 0.4419744569463661 0
0.7031261335334003 0.4945347386463461 0
0.7109134646192188 0.503315905718837 0
0.6937948635394137 0.6298459387321614 0
0.4566556222727639 0.123684596531085 0
0.29075436595156 0.484842983272447 0
0.5637287180027157 0.8294271849395795 0
0.6972796055209718 0.7095573110398923 0
0.9299170457366774 0.3624468989928918 0
0.1955022313427137 0.5973153453522474 0
0.4214100004571558 0.6473096573219341 0
0.3986971981201974 0.8027896957988544 0
0.5273461083608049 0.7625125456419178 0
0.8291292743448113 0.3993402654592745 0
0.6318568320272393 0.2454984247330476 0
0.237803938801503 0.3179658133190172 0
0.1779732223733597 0.0493471294667932 0
0.09840713770682619 0.5156367814390624 0
0.4456649179725422 0.2512690399455378 0
0.07333191000931988 0.9749537328509192 0
0.4030842727301615 0.4133911900114118 0
0.5709875066761878 0.6154231618680699 0
0.2581215948197514 0.4660775906505358 0
0.6399391515894484 0.7398023873138607 0
0.2150392626219685 0.414469025885946 0
0.1591082807226562 0.9750154227360111 0
0.5455218188459312 0.6625044419788571 0
0.5012213615327265 0.1144910821972945 0
0.6116038682182806 0.2901840047732309 0
0.415226534412654 0.2577175279981994 0
0.3206838558241784 0.6930280209286577 0
0.4743519587522068 0.2482082864141914 0
0.3291545137863019 0.4022930858104668 0
0.6693756397498714 0.7260872962530691 0
0.1359518143656696 0.3965073512024565 0
0.9744415202713379 0.83688271987948 0
0.4996608610671963 0.3366761501201223 0
0.6418849821024031 0.4517720023860528 0
0.6911255127295868 0.2202601554493162 0
0.1149047355959145 0.5354422585611563 0
0.4944519463484504 0.3704042125441419 0
0.6162592179750521 0.5656117644601949 0
0.2964526093092909 0.6704686143655024 0
0.5539916800719172 0.6204150877299608 0
0.7551225334111618 0.5544127009469056 0
0.4615033197963884 0.7102366950457916 0
0.07459219035351017 0.8764222687996518 0
0.6174613580675518 0.690624303510429 0
0.5025338744717212 0.2438735980944948 0
0.604185771955878 0.6327096954354097 0
0.708545497698422 0.3242509135922196 0
0.3017912884272714 0.5804273619450172 0
0.2741130067652382 0.6489438296301846 0
0.7314015833843769 0.5818163228690962 0
0.552266645126432 0.6818992856910828 0
0.3101763774594991 0.3054495071765057 0
0.5537753866311235 0.7174799823485906 0
0.3947554788793348 0.7421163674759468 0
0.9548132515518392 0.9757252871830029 0
0.3326701260327446 0.2399216150107917 0
0.9282285302210599 0.5177825357450611 0
0.5537870669917578 0.3424156445280923 0
0.5498598358095624 0.6389193264229264 0
0.2516873906411595 0.5694135999591247 0
0.4007346024561947 0.6359736971859888 0
0.5701478284742789 0.6567502943927969 0
0.7010838879558179 0.3831161031238127 0
0.6871279367687217 0.2990594495714854 0
0.7275203525430575 0.4207658280706494 0
0.301022625896442 0.3350427335189674 0
0.5881744352676949 0.2389912050074031 0
0.6076449914946594 0.5849072236612424 0
0.02200494176743789 0.9549533162836314 0
0.8721737747618015 0.2648487991794703 0
0.3626387483555219 0.4744062207478905 0
0.5843148975344211 0.6495839937999821 0
0.2727433459772501 0.4147910043914334 0
0.2936497724528015 0.3629948769067762 0
0.4532508093969613 0.3767340547723746 0
0.5795651415583722 0.3404205742626754 0
0.597363422266126 0.5362193237957236 0
0.3453760897622957 0.4597994435238659 0
0.3894858530761126 0.3193143904594123 0
0.3637081839149565 0.4360591058879905 0
0.283367529671547 0.3878454689754073 0
0.8122617901095415 0.7320551469648658 0
0.5166038831206697 0.3703899745562734 0
0.5188825297655346 0.6590950146943058 0
0.4642238558051637 0.3675623982982961 0
0.4371582555548425 0.5871673576282244 0
0.4963229540136149 0.6644509549083799 0
0.3684259442723726 0.4949091590545992 0
0.5775119694860945 0.3498576092749504 0
0.3364251218357214 0.5281495475584483 0
0.1552412198914719 0.3370792045996737 0
0.3849225890791931 0.6156880066560959 0
0.816797706745847 0.382816285932073 0
0.7894993328401488 0.2576223535989446 0
0.6559301513477929 0.587848644224619 0
0.6650288143809653 0.5697315226567794 0
0.6432083053591077 0.5184804960581531 0
0.4090732339961389 0.5502701530561875 0
0.6364226242256166 0.4933748370734421 0
0.2524378132392778 0.9721163414791736 0
0.4530059960251467 0.4076253020687353 0
0.3713252822817817 0.5957507426426117 0
0.3991876184806918 0.3123164321370104 0
0.5965168037005792 0.8175613029550339 0
0.387739288187635 0.3905096792402973 0
0.3804937202919252 0.3951198753670478 0
0.3427546883192856 0.4820202252136508 0
0.4336950555050368 0.4152972689794517 0
0.3882323911226311 0.5717468699390561 0
0.4706046302594287 0.6617817969679499 0
0.1291713815809256 0.4959597123507605 0
0.07209876208617372 0.7811130803432282 0
0.3157689424835427 0.622799178998505 0
0.6649949175073192 0.4271142590702163 0
0.4730708577858967 0.3999697489574719 0
0.5248817374718261 0.3994019805530256 0
0.3945858415924449 0.4295809659232289 0
0.5934334152580931 0.4551138267187437 0
0.6378359750857985 0.5123785620738132 0
0.6402759670357816 0.5248569202144709 0
0.3228838098699405 0.435509095757824 0
0.6430057764084247 0.905517955988508 0
0.6058719498426142 0.3731493213824867 0
0.6402870885763465 0.4796494170051081 0
0.9092620187781054 0.4061779682153135 0
0.3767447990437989 0.6504688755963831 0
0.762642280002223 0.6451842828552957 0
0.4151877359788618 0.6842156848100583 0
0.6401862563694446 0.4185810011747402 0
0.3725313343097688 0.5068123710599036 0
0.634854108111765 0.3436678393542897 0
0.4759463455852012 0.3408970642319813 0
0.408373155670661 0.368418899554692 0
0.5397365272749067 0.6771636747994471 0
0.0459279688596298 0.02522621588926094 0
0.5920365718138773 0.361065042550093 0
0.5939938917540039 0.3497583986658525 0
0.4225292746736147 0.3576599399661703 0
0.4382014603607085 0.3878266182489454 0
0.3175467247694216 0.7103111464757902 0
0.6010440369863655 0.5848535710915513 0
0.4951126819159968 0.7210537519021967 0
0.6722469693702402 0.5524852461188565 0
0.2687573797712508 0.4420308307775847 0
0.3292989723897486 0.4930640486695665 0
0.5715459290313397 0.4197796359477671 0
0.5250740954741251 0.6008810867352915 0
0.3972705880672193 0.4865381993927301 0
0.04875620858858665 0.6118972904437496 0
0.4527228864110786 0.6589502594935566 0
0.6407633092906175 0.3737125265952929 0
0.4872084304779762 0.6271382248057688 0
0.4106361393719674 0.5992003799192334 0
0.9759534240052528 0.2482235290438931 0
0.3698882048371164 0.4772355297662515 0
0.7232907007644276 0.718780699903364 0
0.3926215484799764 0.5068011404382358 0
0.6139838082730572 0.377372429174744 0
0.4600935016298802 0.3318419825406534 0
0.4352350194187322 0.1912553101399028 0
0.4191013786499388 0.4352413013383445 0
0.4437775960133012 0.6567659863342392 0
0.752423973799047 0.1170721197729855 0
0.5794260145966028 0.696446711026304 0
0.5873707701926734 0.7063996869292404 0
0.4235390816175605 0.3979444513621635 0
0.553880112988917 0.3828475764934278 0
0.9448464561364434 0.2147996964149076 0
0.8335503046159072 0.1846781080035843 0
0.3537193807672194 0.6466463262785024 0
0.3932076405954369 0.3770695969185424 0
0.5019873838187912 0.6349470700839147 0
0.4263859456853932 0.4210543138599729 0
0.2355418167303057 0.5734690799423524 0
0.6261390447919853 0.5499915061372439 0
0.3774748254611824 0.542101578314627 0
0.7518553879094932 0.5319669906351694 0
0.5456005617770366 0.4066033572869255 0
0.3986867763023846 0.2998670292302764 0
0.3437871548071586 0.5959980984993414 0
0.1425256391003899 0.3035074592995922 0
0.1191285040830491 0.6775032743375323 0
0.5768645798332706 0.5843542559736195 0
0.4414421348074815 0.4145728783586409 0
0.1855848563810819 0.6350723228503182 0
0.1711190243002127 0.6209680007872312 0
0.5585130768337534 0.3868435935869921 0
0.2189228468235006 0.9761251401236577 0
0.4884233630263558 0.6729507755577693 0
0.5283475458273221 0.3629594957541779 0
0.1822668255576624 0.6589655016428915 0
0.7320214792941498 0.8845659038626286 0
0.626143289774939 0.324607162905229 0
0.3938008549548586 0.1373488396183382 0
0.6936053883744577 0.4358954185449682 0
0.5735102984543359 0.5727157348218342 0
0.453519930574691 0.02476148211191398 0
0.54407640021407 0.5987723976520385 0
0.4647177932847961 0.3995598396402847 0
0.9129870850421019 0.1016279391443822 0
0.8975971076498614 0.07968400092260186 0
0.4022901304624285 0.4059585947068116 0
0.1987795863493289 0.6741449697896046 0
0.1341942257854251 0.2637217561199272 0
0.6158281686932987 0.6698821077523094 0
0.6494227181844772 0.6249010430811556 0
0.4946146365374233 0.603344454586366 0
0.2259530149843685 0.5195526893346721 0
0.4212625287655785 0.6045075701235811 0
0.3680314424927204 0.6662711255168293 0
0.4605600642798399 0.8859064068996356 0
0.6599417492963541 0.6822652610689258 0
0.4462477744583842 0.7668254629057626 0
0.09701330807560393 0.6013724879004085 0
0.5323760843328967 0.3975788450954572 0
0.4513255357484209 0.3275769379691759 0
0.7523214891275771 0.4585217407981692 0
0.4178526922678359 0.2959599163857535 0
0.6424155121280555 0.119516574126292 0
0.4120576399376203 0.4457163426890695 0
0.4232384914468508 0.5751108804138054 0
0.04599066258812212 0.3273061460380088 0
0.5056409139558022 0.6078831577010387 0
0.2883044278900109 0.5844743734628606 0
0.2111312947306168 0.09293725421749544 0
0.849920604859372 0.6036326056384833 0
0.6389825792340058 0.2290074282080741 0
0.4191610599948553 0.5646327287002008 0
0.417817269507347 0.394968028178506 0
0.375581135888104 0.6885892010407815 0
0.7065260197102444 0.5427217210068347 0
0.02356150935604617 0.1345433469840284 0
0.3620956900848706 0.8858146514502707 0
0.6101138204613318 0.4750544217955653 0
0.3570953417632846 0.7684001247475851 0
0.5567987460104959 0.4089305935652052 0
0.3081534706167227 0.4593937371795134 0
0.7747264365979536 0.2398911634105423 0
0.4017435786659114 0.2626454940773322 0
0.594022951838113 0.2224418545821596 0
0.6035272040747284 0.3573663577677517 0
0.5989756846322553 0.4494740121479038 0
0.3824680289442697 0.4544713629615112 0
0.8239808857369958 0.1348340523706136 0
0.2414759959198359 0.5181171569984455 0
0.4080944527657048 0.5925357162486443 0
0.04033696572802142 0.4164873023351912 0
0.430859908631132 0.3050118003389101 0
0.3106874152533889 0.9785843813424513 0
0.2383945553321641 0.6167146467218649 0
0.3910331092900003 0.7583182656833019 0
0.2942574498957494 0.3086663217242033 0
0.6304713285459002 0.07119464281185878 0
0.4791100967037872 0.6609572443582516 0
0.3979885951185761 0.4787156639400924 0
0.5119624355563065 0.3973071017094068 0
0.6425098400656133 0.04755030577607533 0
0.9273000587138784 0.5905948126778787 0
0.9547384341293268 0.7053165122636376 0
0.4490732193407964 0.4098408279468282 0
0.733010910884545 0.5969210836274943 0
0.3786456672895598 0.4632965698092026 0
0.3440750512583574 0.2541224060119271 0
0.6377649708737247 0.3191368347471402 0
0.8092459585738478 0.1150946219560472 0
0.04891455946556839 0.8860229155548582 0
0.5968041985106797 0.4633305252005071 0
0.4228936560567348 0.390811595375356 0
0.4719894171456384 0.7713713550109083 0
0.7762155394668273 0.07111423705308151 0
0.5725598798122857 0.7287686879588836 0
0.7508832762875139 0.8495862958931012 0
0.3451997419752199 0.3886453955639744 0
0.4446502826452311 0.3429488153658578 0
0.3608301260102708 0.4201846458773727 0
0.89516303670205 0.9271072388785376 0
0.8426669203439632 0.925398081632878 0
0.04740923398329688 0.3917797971676152 0
0.4363697439481269 0.3482264952087381 0
0.7621560474214966 0.4244648272627496 0
0.399952636177112 0.4741322438426988 0
0.5397184454726041 0.7720278049301241 0
0.3706941051974525 0.5403630891817114 0
0.3099737452415946 0.4213688377927317 0
0.7923343645396417 0.04696611985885735 0
0.4138216267602533 0.4049249885988343 0
0.4373698136770174 0.3810535263931992 0
0.04469277836909352 0.5877146827159366 0
0.8117156630161865 0.7733571108457594 0
0.3475028982440265 0.05008030169075961 0
0.194279824060124 0.07195939740754032 0
0.7918560707745378 0.09402615561255795 0
0.53866956829115 0.2981817250796675 0
0.7599073116987343 0.4436340173795847 0
0.763988805536199 0.09461908232715188 0
0.02320363611719417 0.1647498606637624 0
0.5553647731263162 0.3320072851242306 0
0.3653371441106669 0.5220042572746442 0
0.4602471912514081 0.3219123560831944 0
0.6878417903166054 0.5442382761472982 0
0.4101992117739694 0.4201886501375456 0
0.5870131147622627 0.4370563679088991 0
0.9543945479697059 0.6779311537908805 0
0.6504825035552408 0.3806854532406466 0
0.1918397576446628 0.9159360750000997 0
0.2252954294910705 0.561805159796019 0
0.4732641843070276 0.5995533150683755 0
0.3458735746607289 0.7145634727078043 0
0.08147690131315632 0.5848028431133936 0
0.5232135289616526 0.7919795192183554 0
0.4270327811593347 0.5843854309300639 0
0.3368273538706456 0.4570342990280095 0
0.3077086140117654 0.5255226460143152 0
0.2032637207542675 0.04795580879080513 0
0.2436814177938105 0.6641658790151266 0
0.4885740319755137 0.6066361021104407 0
0.3784415888342274 0.62308299652582 0
0.6333540650011732 0.5254868907315355 0
0.7672354099918768 0.8377908664156928 0
0.582539674554418 0.2082418557105744 0
0.5278147294787753 0.659971558425674 0
0.5383138815556792 0.3781204973623935 0
0.369852642069881 0.3328956228733646 0
0.8304534200814641 0.7439565136475533 0
0.5472455545990329 0.2322448449693308 0
0.3400450544718436 0.2233155390745619 0
0.3464913119242867 0.5632817252599033 0
0.6132687763382689 0.4698110688172716 0
0.625998633233906 0.5928546195036757 0
0.2483232602034971 0.5064062438819417 0
0.6070746536525593 0.5007948810267655 0
0.6583113756553391 0.2258141632128713 0
0.3344690123742956 0.479353300057706 0
0.4758328989355772 0.3316244015436551 0
0.3552444885897426 0.1424149836158711 0
0.3818830520648981 0.2473416034200761 0
0.4587645225802499 0.7765799862491162 0
0.6466865640304416 0.6062248852442442 0
0.5912731864336422 0.4431104417050092 0
0.9494438425255652 0.604284123345977 0
0.5162540093997138 0.3980718054040195 0
0.5954299012832902 0.5963218077487751 0
0.6355085593677448 0.3315349735388277 0
0.7496955614719875 0.6047340409770722 0
0.2148762886029746 0.5500321700323558 0
0.5558279618740888 0.9539889476037425 0
0.888703567613477 0.2830542743622594 0
0.5737444143239456 0.4274621784172831 0
0.06892914798558858 0.6916757942042118 0
0.4099199660879211 0.6371297943768119 0
0.4580165119165425 0.9102267174342414 0
0.09486247411177195 0.684851103893252 0
0.7326399186008964 0.4709821186403701 0
0.6473833779964057 0.4785455853213764 0
0.4861983964304813 0.6026781828156053 0
0.04597243414097052 0.5580745179858252 0
0.557129886786659 0.6265206697504832 0
0.3352191384966234 0.5106036199004047 0
0.2343170576889183 0.6344858400246189 0
0.6961689225248935 0.3971025596366735 0
0.5785869898735755 0.6560983997131135 0
0.4231975360498753 0.6105000794102917 0
0.6382618194387599 0.5319573587310548 0
0.7423494580714419 0.4199695423332786 0
0.5726888166818044 0.6248650747480728 0
0.6401686558339124 0.6942430841885471 0
0.3743412688659314 0.7637842756093907 0
0.5990096483999672 0.7011148478937087 0
0.4494070934703582 0.5938199528734946 0
0.5412737850641831 0.06440946064928532 0
0.7755020227153884 0.6544146434813887 0
0.7274427194322142 0.3477087414193523 0
0.1186789557109587 0.2448487289363462 0
0.5362239622526105 0.6006063151388501 0
0.439387296993297 0.6195986955667019 0
0.1803206993306977 0.7858058172517324 0
0.5806374825286899 0.5706584910022928 0
0.2313057908041776 0.2213304891736657 0
0.9797818892104676 0.9254996753689797 0
0.5974307493321463 0.4151641629397296 0
0.6771133351770789 0.4140979398535796 0
0.5185811503550841 0.605480506570559 0
0.4750605841627175 0.3885208439420913 0
0.9325821946859958 0.6411507379462762 0
0.1935087387507206 0.5509282019733909 0
0.6133577547835577 0.5083499337603964 0
0.6094384730556994 0.5099375862735483 0
0.7197840424273505 0.5116363571002379 0
0.6739633402245367 0.5671040202111021 0
0.4115015807065778 0.7044928598497984 0
0.9501392021276603 0.281419797335509 0
0.6577231927835595 0.660850397807088 0
0.9531010723004464 0.3587161334958701 0
0.2022493351474753 0.4461238704450387 0
0.4308638962259627 0.5818506196447686 0
0.9490121515424988 0.1469582461006945 0
0.4326361086630687 0.6184964190977434 0
0.4790384152235247 0.1949181396595243 0
0.6659603196813459 0.354059747782304 0
0.87284017521207 0.612394712801233 0
0.3397525367561266 0.773978939152032 0
0.6606817443236145 0.3880733587077624 0
0.4958983434403113 0.6330637083220645 0
0.2987627660099508 0.6055166514789428 0
0.6054639206790691 0.3249815508895133 0
0.4297899786245737 0.6117044209159127 0
0.3637117137203275 0.2513320569721185 0
0.6020594816041859 0.535055393748568 0
0.9802164205741775 0.07548092883610891 0
0.7630234408505994 0.593045927292548 0
0.7410135590111804 0.2317114355602544 0
0.6814979897531008 0.9541946265256562 0
0.9443168368453869 0.9016246229728399 0
0.06163732291435159 0.9536773024535524 0
0.3593379305605039 0.6573457614191746 0
0.585273910386556 0.1154692898936808 0
0.483936605172576 0.328631796765565 0
0.9725032015456557 0.2178430909756869 0
0.5575508734268592 0.2972648474292399 0
0.3584486443193078 0.7226801650797336 0
0.6894551294520146 0.4486128757006037 0
0.6287505999642011 0.5373833788771187 0
0.3181538074794261 0.4723455930711494 0
0.6438012005669377 0.4912560306959901 0
0.554952241358009 0.8607330576319145 0
0.5682083233750312 0.6331317719746348 0
0.1827900516447485 0.5821359926214869 0
0.4569055763779284 0.598147370580917 0
0.9302692946911441 0.1243248992305938 0
0.3434853919972914 0.6432596410578364 0
0.2289552376993461 0.6696769404711926 0
0.7328280556272326 0.3300435295228579 0
0.5374022344762934 0.6087112891111319 0
0.6282034351265992 0.5683600135110441 0
0.4022340096647281 0.4548803786934585 0
0.3420143361377245 0.3665000524703257 0
0.5640169280277177 0.585467066320288 0
0.3684721197195671 0.4650914663106558 0
0.1271684383108911 0.2263294311177823 0
0.4262200513439932 0.7197010829433309 0
0.7167338831728922 0.7782461960971442 0
0.3211129677628777 0.8788445146409259 0
0.5639244704885871 0.3271136921663966 0
0.330819092213989 0.4631080078306785 0
0.6152625889314625 0.4789504252445777 0
0.04555901556463704 0.9141025607052924 0
0.5676581875718432 0.416897362471259 0
0.5830989018968071 0.3993758653238969 0
0.3477061464900608 0.9569778797818791 0
0.7050157270221866 0.6372723880804935 0
0.06763159705100175 0.8070059810083483 0
0.2200573163598485 0.02027271865684266 0
0.209262735334156 0.5243199253189859 0
0.4555294105941617 0.9334672736997718 0
0.3794992995771902 0.3145107272596179 0
0.5488673419613195 0.4095027147679129 0
0.6206645796941637 0.6797770581462048 0
0.5620921145583444 0.3760790615970385 0
0.4124465093215326 0.5615170394893246 0
0.5509295693621474 0.7057262612364865 0
0.5850985782433711 0.3469454347579732 0
0.4342268038843299 0.3919708958262196 0
0.4669655941879178 0.7200616998801036 0
0.7813217968946256 0.5307392894047862 0
0.7471222817075133 0.1997599543285632 0
0.6032535508579808 0.4477492347621356 0
0.6063036920594469 0.5336055956942569 0
0.8173924008350271 0.1713745038080647 0
0.6903282170050959 0.5157669241990952 0
0.476100758424541 0.6250630327032705 0
0.5861435157742587 0.1907992658056383 0
0.5403144529137821 0.3701808345290285 0
0.3411998333584009 0.5367426195325231 0
0.4600854953989514 0.310201764820952 0
0.4996960460465652 0.3676975009894613 0
0.6952100641225005 0.5380092037954129 0
0.3737043880679777 0.4611660961078722 0
0.5721696449204728 0.1763291277022108 0
0.825617510051933 0.3626632744524096 0
0.4125209117108853 0.5679801159999199 0
0.6655965180893066 0.04956692688642189 0
0.4902337303113332 0.3231048884496818 0
0.4015437197271274 0.5418470483112215 0
0.5832858283803181 0.5669887039309908 0
0.9784131611703362 0.1328215945880566 0
0.6564332051203681 0.4916703841917475 0
0.4851127832785997 0.09899696606369413 0
0.02440912926369232 0.4639818558204457 0
0.6442014935660707 0.4844181347290346 0
0.5917487925443092 0.5554405090157352 0
0.5405920418259301 0.6681683432207232 0
0.532159070547477 0.6018914896213173 0
0.4860012399556974 0.3980756401231739 0
0.9132184888197359 0.2798496984175278 0
0.4023080463067275 0.6992829418141583 0
0.8658123535962219 0.4451271209598728 0
0.6426920613445253 0.616668203399194 0
0.3471204705872765 0.4070177274138565 0
0.6184787839082687 0.4686903842013318 0
0.612389587964222 0.6321320268247324 0
0.9038451002763402 0.4647227258405015 0
0.360965609201525 0.1242731178144549 0
0.5113765398864728 0.3677966092580934 0
0.6059931562537354 0.4863798393287217 0
0.5366842698852108 0.2184984701292617 0
0.3895302801332906 0.5423853216245796 0
0.423716777225201 0.5891718795156446 0
0.5679567605960768 0.3944448257649241 0
0.58244598165285 0.405188059082814 0
0.628252521828403 0.5745921805622338 0
0.405649708253594 0.4485025476048833 0
0.4171338024476963 0.9526315500746372 0
0.1764535040730782 0.811194934483035 0
0.4374259543338025 0.4133905393688179 0
0.3333412265537651 0.8183496604269984 0
0.3737602430130038 0.5298460024513431 0
0.4081630633997293 0.5459914249514317 0
0.4516518973413954 0.3714886796593635 0
0.4901313294070688 0.7007993536618143 0
0.317410590886115 0.404362766846635 0
0.6325638811019216 0.5482706029500624 0
0.7957548777751959 0.5004633609682422 0
0.4649274519185831 0.4032866315893986 0
0.2940894332804387 0.6165894299848979 0
0.6325715396206931 0.4140764918284286 0
0.6449240884735608 0.9319491610417696 0
0.3682468830926085 0.01754642314015215 0
0.5727102546484434 0.3979028828184323 0
0.933826607995095 0.451299218192445 0
0.132352941176471 0.9817018550014937 0
0.6490412981239595 0.4701682118762616 0
0.4812049647251475 0.79777581682202 0
0.6076859584429759 0.1111598591475597 0
0.6028945652287688 0.5524198968266815 0
0.01834042343039272 0.07352941176470584 0
0.05010095483063981 0.052124609173828 0
0.604513622389637 0.5228326063902327 0
0.6733300409872953 0.4232538148273784 0
0.3236816482056434 0.5060973971400753 0
0.3577731864969054 0.4334511063998565 0
0.5054332991815694 0.3707029609239645 0
0.6340278106852079 0.4036874787662695 0
0.4689478264392138 0.7873189989922833 0
0.5682613925578592 0.3880130287549871 0
0.5878853302988785 0.5614403313659029 0
0.7682026793605121 0.5764113430895479 0
0.3888548635565167 0.4271970850087112 0
0.6453098573469092 0.9570409771098404 0
0.0735294117647064 0.01811942122023236 0
0.6433672528949756 0.4659055788456716 0
0.5619548985104745 0.8853630923007947 0
0.3926850938177918 0.492021933883191 0
0.4664171195297951 0.185693841148062 0
0.3981118720813175 0.5128983007910934 0
0.8331207312730508 0.4669265721085912 0
0.9319129744065531 0.1656367147786354 0
0.7314752947859421 0.9561907731414641 0
0.4897300290522806 0.2931740884372048 0
0.8272711158341068 0.7620177278084916 0
0.3634624719060964 0.5147127686769329 0
0.9539469493722779 0.6256215736623292 0
0.4676900296175877 0.3975242720791183 0
0.537540483738156 0.7876580161622444 0
0.6939485925965471 0.2027239161899457 0
0.7146023687853789 0.2003240974348406 0
0.5489320107471779 0.5955855300429928 0
0.5841774414399208 0.6701158243231343 0
0.5882943388147008 0.4405844651009247 0
0.2356158400219742 0.3465193280919758 0
0.9308634683407834 0.4018998968432445 0
0.04293578020003741 0.3501855244785626 0
0.378601846614282 0.4586369788497682 0
0.4585715609969357 0.6225241171202309 0
0.5596781116468726 0.3811721202776609 0
0.4493395504795201 0.3811830148228612 0
0.4184640752130141 0.4313355544649137 0
0.531809584057897 0.8243961101239248 0
0.4029616839382618 0.4660444917212121 0
0.3500880346843362 0.3488580178057052 0
0.4136181826904869 0.6447307396864188 0
0.5338276018251618 0.6136376031974295 0
0.768340189345895 0.5574377746080998 0
0.4402508572056053 0.3012790571341708 0
0.8395494027614304 0.01829091955694312 0
0.5601102434709028 0.4164398352168301 0
0.6720949246464591 0.2101109752521029 0
0.6165154885982347 0.439584201226155 0
0.5336491464461971 0.683901756796477 0
0.8817124103267 0.5816123623610795 0
0.55647352696305 0.5905137848794427 0
0.5228348781588666 0.3951264854943697 0
0.4915579946695449 0.9337704462432752 0
0.9784690938950327 0.9784690938950329 0
0.02153090610496711 0.9784690938950327 0
0.9784690938950329 0.02153090610496733 0
0.6919664094223617 0.01853156688436719 0
0.04240598351256342 0.4847007882378377 0
0.5792593422451794 0.9030664082704438 0
0.5323391743086821 0.6684335032021649 0
0.8456058566782012 0.3567722328257921 0
0.6178084884545033 0.7579264401332257 0
0.8893118415911239 0.7527759863618917 0
0.5001284324108755 0.32807639067382 0
0.521456512919838 0.2868162062363659 0
0.2835093438617032 0.2962718409527486 0
0.578429770286863 0.3957893074095465 0
0.4593535516463577 0.2986267592392152 0
0.7132608671573387 0.4926988053263343 0
0.02138115483985442 0.02138115483985426 0
0.2009852054569322 0.9555200984005772 0
0.3835613360945139 0.1218163102872274 0
0.6062751456232356 0.5045327054729936 0
0.1903562552853132 0.8526917744264108 0
0.6774876566895972 0.5597360790551695 0
0.5382264844586306 0.285958244962354 0
0.04675072082745269 0.2560299702583419 0
0.3048796713002839 0.6265194204219297 0
0.5088758762691019 0.3334120501508305 0
0.3654705675130109 0.2089762284944346 0
0.01876771705892527 0.4216283613358202 0
0.3858801566931916 0.5512718436407075 0
0.6760260744135499 0.6640310895997031 0
0.6647268091316729 0.5865896925385331 0
0.5397218658606332 0.5988311702456433 0
0.5418122452338376 0.204996011413851 0
0.04248185791369746 0.1763863573617681 0
0.2614559826237657 0.4330434634552246 0
0.4945921928267295 0.39750206934004 0
0.6023732512792358 0.4688740003996522 0
0.5470944491826916 0.8380497127143591 0
0.4021746581925929 0.590933251522086 0
0.6288401731581263 0.3019700127909771 0
0.6474220501150085 0.5236631230451421 0
0.6381572472983872 0.5514261721784751 0
0.4787510951779945 0.8125534508382979 0
0.3668217759236965 0.5050206656783268 0
0.4422152987517524 0.7825166601494038 0
0.5646220933668142 0.4150211728213446 0
0.3634070357191881 0.8141806227381818 0
0.3352855503436726 0.7914094138464935 0
0.6844254867086844 0.5239335261127203 0
0.3942377483003004 0.4823658329831668 0
0.3281491749341908 0.5214381809535891 0
0.5587121375001611 0.1638844116044235 0
0.09827746745901633 0.2041780961641841 0
0.3275279768504568 0.6291796219655947 0
0.4944679693460478 0.3649854653609935 0
0.3954720316003786 0.5203757994192502 0
0.2060930419896154 0.5383208733734811 0
0.4254325998083265 0.5935805526338614 0
0.5708323178418745 0.5797645672874476 0
0.3446585571698633 0.5540525281142987 0
0.5256793795864367 0.6296038048171715 0
0.6455098221239173 0.3271469884501758 0
0.5361575605850715 0.3993436477240065 0
0.6710244848695697 0.3960128944609305 0
0.04218387488340802 0.9409336367451897 0
0.5078565846430148 0.6117932716250349 0
0.4147988202199021 0.4429078446216727 0
0.5134862366413183 0.6817406823577294 0
0.5871490521159123 0.4087917647924343 0
0.4536478300535017 0.403389301075081 0
0.2642868407827947 0.2816827574718047 0
0.353593413497966 0.4201763632893288 0
0.04624036206348758 0.8152058736272461 0
0.7378932058681922 0.3134865736744631 0
0.5974604529796268 0.4083932074673438 0
0.7030573852298101 0.6489750480489695 0
0.228758758871435 0.3706775256879314 0
0.4588876643009219 0.6068375903344386 0
0.557513772132314 0.5971005444259895 0
0.4429841057037968 0.6257192380871173 0
0.3884302530265396 0.4217586995731661 0
0.419555461683673 0.4240238656837646 0
0.9145040224506491 0.7244346661119789 0
0.3245467741011605 0.6182042817193423 0
0.3291894557792142 0.4853009385818833 0
0.400163814922092 0.5372920474427147 0
0.8598903204597923 0.7722870903065691 0
0.8015905228265292 0.9515007289082037 0
0.4148085182650194 0.5646805243630438 0
0.3249985704192759 0.4692043493141459 0
0.8143501516217149 0.04864554014872513 0
0.33876554215962 0.4024775282834275 0
0.2589205883091782 0.2013431980834133 0
0.1764507163380739 0.9590117219090643 0
0.6019172601464086 0.5107843615287777 0
0.6900782739274297 0.6563582436920442 0
0.6105473958160064 0.5907941400640847 0
0.8244368006346936 0.4805244488156096 0
0.1939258763193885 0.4350176347880717 0
0.4580978052122955 0.1726529553615595 0
0.2983926195732041 0.5261151835484151 0
0.3633808135171955 0.5088407028988556 0
0.5838228140508104 0.3940965061114471 0
0.4614821682297265 0.628035046100508 0
0.5777824878661207 0.4268428446442473 0
0.1873891593255377 0.8775814698182902 0
0.5634381567782705 0.3853069998446242 0
0.5562219247781279 0.3139637943099258 0
0.4783644429215041 0.3957381458791519 0
0.6290025565272253 0.1075919614601819 0
0.2829032740840529 0.3667672070563718 0
0.480588405861274 0.2359768543976347 0
0.3979827414997036 0.8198961113708574 0
0.3814791594652611 0.2073663286898416 0
0.6100170431106425 0.8934800527206201 0
0.6220202800625902 0.9051176826058185 0
0.3231161177252174 0.9622001182688427 0
0.760962162159637 0.5443963924315892 0
0.2003895879282869 0.4176704343055049 0
0.0471285607464963 0.6315072613613328 0
0.3688841697561324 0.6105137052592902 0
0.5980793377966349 0.3410816579938191 0
0.3525608355976812 0.5820829802580605 0
0.885212549874424 0.7368084564796438 0
0.8786037935374582 0.9083887729072715 0
0.4751662676375012 0.06599595744014297 0
0.4612692429453156 0.1051012761485554 0
0.5979546297755958 0.9554048600675347 0
0.4279369112156315 0.7858672633495607 0
0.4361846077968943 0.1752399633483968 0
0.3940112846634652 0.1831948588639595 0
0.6105561022796141 0.7492694370370456 0
0.3710348876753118 0.3201930974396946 0
0.5575922798519829 0.04116624944209246 0
0.7937939001461002 0.8574347635297382 0
0.2661114574715688 0.854106723153516 0
0.4278885080592065 0.345370587416009 0
0.5921998506574081 0.7600434215021288 0
0.5911351722993567 0.7200168326783853 0
0.4415706524504618 0.5890152370115527 0
0.6598410979895262 0.5218339428200656 0
0.2578278132609901 0.4438182838503947 0
0.4429447245012061 0.4089461614288635 0
0.4784390036868227 0.6301705831839928 0
0.7451271394235223 0.4689946632388949 0
0.6782638432032193 0.4042499209882923 0
0.466082781897823 0.2395557655691057 0
0.4100208356351231 0.6942627918731367 0
0.06907663875454823 0.2106123517566056 0
0.3370063845954623 0.552440081760565 0
0.5952629920896649 0.4512859879452924 0
0.8236939337652563 0.9589507037002687 0
0.514636506954853 0.6054921160091702 0
0.5602947151598237 0.6329498565321231 0
0.2773074265971226 0.9547601370428711 0
0.4534447557915781 0.5955660156362101 0
0.06784797129287562 0.7121889173131541 0
0.6635411558257396 0.4638695794537421 0
0.598972561553015 0.4598132511842425 0
0.3763132364315375 0.8261438040093702 0
0.7709677912072257 0.9288490733172062 0
0.589769887527128 0.434265403982565 0
0.3261135318897267 0.4101869447520519 0
0.6277964214253275 0.58631865121094 0
0.467841971493166 0.2939828301983782 0
0.5155112065311063 0.3377079292657491 0
0.4684799087721157 0.6040448662678135 0
0.6339131139827834 0.5657399094590522 0
0.5231325502104278 0.3341272024053502 0
0.2152153245650992 0.371318949828034 0
0.3493562887810664 0.2119753397487635 0
0.6247719085263995 0.5796800343817645 0
0.9570855979750403 0.2977806177458619 0
0.4364161141292363 0.1089120169482219 0
0.5403807132054493 0.9375362953709998 0
0.3255945811105975 0.1491908111910512 0
0.932576152525025 0.2762899857687265 0
0.5032449185581622 0.3976380914916905 0
0.09961096272245412 0.0738749868608003 0
0.5188481012622211 0.3954761979873672 0
0.271122410064 0.6622897223600344 0
0.5782714025788391 0.6756940307357565 0
0.83698420758065 0.3247924916441947 0
0.595485129467488 0.5477792820816316 0
0.06737095135232318 0.6554997965548963 0
0.06289986152417726 0.5913963461809276 0
0.3934078315663421 0.4973453609250722 0
0.7915566421172019 0.6251575515317493 0
0.6408682891419213 0.7515027367341514 0
0.299615600852371 0.4653449228257433 0
0.390990929463103 0.5144001903945803 0
0.4971945457959202 0.2325762840215875 0
0.867647058823529 0.01500046037950048 0
0.543168618365789 0.4022976168169146 0
0.4747589256772721 0.3968643479309406 0
0.3554152534776101 0.4268088041618794 0
0.4085013923943648 0.5550647521285909 0
0.3890666272019847 0.4865101489244023 0
0.2224201724046618 0.4007207609401577 0
0.4171260817021126 0.8116321749603397 0
0.3657707373270555 0.4994956931765499 0
0.7189117911523399 0.4857103724930119 0
0.6037839734000586 0.5898047418896303 0
0.3698575616063635 0.6567340910151616 0
0.3838753810493464 0.5773847920731198 0
0.3966075210166072 0.5244192081684755 0
0.3099562512498797 0.133050155485306 0
0.4016515738938315 0.4578406725610654 0
0.6362883107660677 0.5586696477833857 0
0.6191119636021181 0.4823907826232119 0
0.4345000735850371 0.5836062071998503 0
0.3969060682168105 0.4721250036735314 0
0.9446638157022794 0.4844844116787196 0
0.7399473804243138 0.5323739869927885 0
0.7071387623694573 0.03864370365427572 0
0.5744797130878553 0.5919427028198138 0
0.5919473001241597 0.406921323737696 0
0.4139127384967791 0.3991098751544388 0
0.7076390018757951 0.5128765060861085 0
0.3397633632488809 0.6033990617850875 0
0.04508253025393305 0.2123881641210406 0
0.4052532868231714 0.4181054539653946 0
0.4925791077707195 0.6062115595001106 0
0.3977921962035536 0.04249585491575114 0
0.4211364348464594 0.5714163004146368 0
0.2245758115127031 0.3343624690352687 0
0.3701514443049763 0.5347449304873427 0
0.2903164853084499 0.8678113546398907 0
0.5625963997152013 0.3183273300887581 0
0.4041703580275023 0.5673938468747608 0
0.4079816640961424 0.2966361486786895 0
0.5393140701677859 0.363922102129962 0
0.8492908090897714 0.4687335780867988 0
0.662932206087802 0.4920426395777756 0
0.1221732512500802 0.455640615645277 0
0.6068678225155957 0.5074594039304046 0
0.576325540843883 0.8358697651906299 0
0.9550628229535572 0.1960599059888952 0
0.5666639408853489 0.5836284756832455 0
0.5170514362801861 0.3651495198572968 0
0.40308073374612 0.4416861382125977 0
0.6007654368257973 0.5948120089753942 0
0.5565519946706425 0.6380915213529436 0
0.2679370885427524 0.1664689411239204 0
0.3879782824238057 0.3825475645908527 0
0.6644336316825969 0.6685742456945569 0
$EndNodes
$Elements
11 8427 1 8427
0 1 15 1
1 1 
0 2 15 1
2 2 
0 3 15 1
3 3 
0 4 15 1
4 4 
0 5 15 1
5 5 
1 1 1 34
6 1 6 
7 6 7 
8 7 8 
9 8 9 
10 9 10 
11 10 11 
12 11 12 
13 12 13 
14 13 14 
15 14 15 
16 15 16 
17 16 17 
18 17 18 
19 18 19 
20 19 20 
21 20 21 
22 21 22 
23 22 23 
24 23 24 
25 24 25 
26 25 26 
27 26 27 
28 27 28 
29 28 29 
30 29 30 
31 30 31 
32 31 32 
33 32 33 
34 33 34 
35 34 35 
36 35 36 
37 36 37 
38 37 38 
39 38 2 
1 2 1 34
40 2 39 
41 39 40 
42 40 41 
43 41 42 
44 42 43 
45 43 44 
46 44 45 
47 45 46 
48 46 47 
49 47 48 
50 48 49 
51 49 50 
52 50 51 
53 51 52 
54 52 53 
55 53 54 
56 54 55 
57 55 56 
58 56 57 
59 57 58 
60 58 59 
61 59 60 
62 60 61 
63 61 62 
64 62 63 
65 63 64 
66 64 65 
67 65 66 
68 66 67 
69 67 68 
70 68 69 
71 69 70 
72 70 71 
73 71 3 
1 3 1 34
74 3 72 
75 72 73 
76 73 74 
77 74 75 
78 75 76 
79 76 77 
80 77 78 
81 78 79 
82 79 80 
83 80 81 
84 81 82 
85 82 83 
86 83 84 
87 84 85 
88 85 86 
89 86 87 
90 87 88 
91 88 89 
92 89 90 
93 90 91 
94 91 92 
95 92 93 
96 93 94 
97 94 95 
98 95 96 
99 96 97 
100 97 98 
101 98 99 
102 99 100 
103 100 101 
104 101 102 
105 102 103 
106 103 104 
107 104 4 
1 4 1 34
108 4 105 
109 105 106 
110 106 107 
111 107 108 
112 108 109 
113 109 110 
114 110 111 
115 111 112 
116 112 113 
117 113 114 
118 114 115 
119 115 116 
120 116 117 
121 117 118 
122 118 119 
123 119 120 
124 120 121 
125 121 122 
126 122 123 
127 123 124 
128 124 125 
129 125 126 
130 126 127 
131 127 128 
132 128 129 
133 129 130 
134 130 131 
135 131 132 
136 132 133 
137 133 134 
138 134 135 
139 135 136 
140 136 137 
141 137 1 
1 5 1 149
142 5 138 
143 138 139 
144 139 140 
145 140 141 
146 141 142 
147 142 143 
148 143 144 
149 144 145 
150 145 146 
151 146 147 
152 147 148 
153 148 149 
154 149 150 
155 150 151 
156 151 152 
157 152 153 
158 153 154 
159 154 155 
160 155 156 
161 156 157 
162 157 158 
163 158 159 
164 159 160 
165 160 161 
166 161 162 
167 162 163 
168 163 164 
169 164 165 
170 165 166 
171 166 167 
172 167 168 
173 168 169 
174 169 170 
175 170 171 
176 171 172 
177 172 173 
178 173 174 
179 174 175 
180 175 176 
181 176 177 
182 177 178 
183 178 179 
184 179 180 
185 180 181 
186 181 182 
187 182 183 
188 183 184 
189 184 185 
190 185 186 
191 186 187 
192 187 188 
193 188 189 
194 189 190 
195 190 191 
196 191 192 
197 192 193 
198 193 194 
199 194 195 
200 195 196 
201 196 197 
202 197 198 
203 198 199 
204 199 200 
205 200 201 
206 201 202 
207 202 203 
208 203 204 
209 204 205 
210 205 206 
211 206 207 
212 207 208 
213 208 209 
214 209 210 
215 210 211 
216 211 212 
217 212 213 
218 213 214 
219 214 215 
220 215 216 
221 216 217 
222 217 218 
223 218 219 
224 219 220 
225 220 221 
226 221 222 
227 222 223 
228 223 224 
229 224 225 
230 225 226 
231 226 227 
232 227 228 
233 228 229 
234 229 230 
235 230 231 
236 231 232 
237 232 233 
238 233 234 
239 234 235 
240 235 236 
241 236 237 
242 237 238 
243 238 239 
244 239 240 
245 240 241 
246 241 242 
247 242 243 
248 243 244 
249 244 245 
250 245 246 
251 246 247 
252 247 248 
253 248 249 
254 249 250 
255 250 251 
256 251 252 
257 252 253 
258 253 254 
259 254 255 
260 255 256 
261 256 257 
262 257 258 
263 258 259 
264 259 260 
265 260 261 
266 261 262 
267 262 263 
268 263 264 
269 264 265 
270 265 266 
271 266 267 
272 267 268 
273 268 269 
274 269 270 
275 270 271 
276 271 272 
277 272 273 
278 273 274 
279 274 275 
280 275 276 
281 276 277 
282 277 278 
283 278 279 
284 279 280 
285 280 281 
286 281 282 
287 282 283 
288 283 284 
289 284 285 
290 285 5 
2 1 2 8137
291 2659 3061 2661 
292 1255 2819 1257 
293 2236 3814 3201 
294 2410 2411 1731 
295 3160 4051 2315 
296 1020 2374 1047 
297 3005 3007 2252 
298 409 3426 2325 
299 1537 2472 2471 
300 2796 3454 2399 
301 3206 3678 1796 
302 2967 3163 1978 
303 2409 2410 1731 
304 2951 3994 1803 
305 2732 2870 2731 
306 2199 3610 2765 
307 3653 3737 1516 
308 1149 3407 2787 
309 2560 3109 636 
310 1902 2904 2571 
311 1304 3437 2487 
312 615 3583 2341 
313 2222 3737 3653 
314 1518 2677 1926 
315 1916 3319 2950 
316 1537 2471 1364 
317 2297 3678 3206 
318 2402 2442 1066 
319 3037 3751 2856 
320 673 3751 3037 
321 2215 3800 3186 
322 2624 3549 1803 
323 914 3215 2760 
324 609 2370 2368 
325 3201 3814 1836 
326 1034 2535 1049 
327 1734 3315 2051 
328 2342 2861 2132 
329 2779 3744 1552 
330 2738 3856 446 
331 903 2977 2468 
332 2724 3530 3132 
333 3309 4058 2869 
334 3360 3931 3229 
335 2302 2979 318 
336 2045 3093 2042 
337 606 2416 2415 
338 318 2902 2302 
339 3028 3959 3705 
340 1052 2583 1067 
341 2419 3494 2136 
342 2508 2510 1269 
343 1300 3454 2796 
344 1275 3110 2433 
345 2104 2677 1518 
346 2397 3711 693 
347 1471 3007 3005 
348 994 3135 2771 
349 2926 3738 3391 
350 2869 4209 3309 
351 1829 2681 2497 
352 3436 3733 2372 
353 2132 3703 2342 
354 2535 4040 2536 
355 617 2429 2428 
356 2325 3644 409 
357 3309 4209 1307 
358 1552 3148 2779 
359 2377 2981 1538 
360 3186 3800 1093 
361 2277 3353 1126 
362 2452 2868 1924 
363 1902 2571 2284 
364 2635 3629 2925 
365 2258 2967 1978 
366 2373 3845 2374 
367 2487 3336 1304 
368 1573 2846 2845 
369 2436 4052 3262 
370 2110 3863 3056 
371 239 2753 240 
372 2330 3255 429 
373 429 3362 2330 
374 2771 3135 2162 
375 2936 3998 1568 
376 3158 3222 2096 
377 2603 4100 1184 
378 3599 3773 3018 
379 921 3062 2925 
380 3628 4015 2354 
381 1473 2619 1989 
382 3280 3412 2814 
383 3134 3609 2562 
384 2701 3918 1957 
385 1806 3362 1805 
386 1024 2437 1021 
387 1020 2437 2374 
388 2338 2808 2055 
389 2925 3062 2629 
390 3689 3728 402 
391 1049 2558 1032 
392 510 2753 239 
393 2771 3307 1322 
394 693 3174 2397 
395 460 3412 3280 
396 2731 2870 1645 
397 2768 3392 2767 
398 3201 3363 2236 
399 2787 3407 2248 
400 2751 2875 2874 
401 2635 2925 2631 
402 1126 3281 2277 
403 2042 3093 2044 
404 1082 2437 1024 
405 518 2828 2399 
406 2403 2442 2402 
407 935 3363 3201 
408 2618 3354 2187 
409 2339 3231 2563 
410 2200 3796 2711 
411 497 3446 499 
412 2458 3052 2457 
413 2755 3609 557 
414 1960 4048 2326 
415 1770 3802 3769 
416 2164 3149 2167 
417 1813 3222 3158 
418 3591 3621 2268 
419 2468 3009 903 
420 924 3530 2525 
421 2480 3154 2174 
422 2265 3297 614 
423 622 3244 2805 
424 3146 3291 2602 
425 2633 2810 2380 
426 3262 4052 2941 
427 2918 3477 2934 
428 747 2588 943 
429 2602 3292 3146 
430 2816 2840 532 
431 2535 2536 1049 
432 553 2882 603 
433 2168 3110 1275 
434 2671 3464 3364 
435 3391 3738 2158 
436 2694 3628 2354 
437 3109 3192 636 
438 2341 3603 615 
439 1974 3163 1976 
440 2673 3311 885 
441 3143 3145 336 
442 3705 3959 2275 
443 3214 3910 2466 
444 3088 3925 2595 
445 1184 2604 2603 
446 2315 3304 3160 
447 1583 2936 1568 
448 2994 3520 386 
449 1257 2819 1268 
450 2746 3005 2092 
451 2682 3741 2210 
452 906 3750 2457 
453 838 3526 3168 
454 1344 3758 3186 
455 1585 2552 1735 
456 3192 3794 636 
457 2444 3556 1487 
458 2754 3177 2393 
459 2985 3133 2085 
460 2337 2745 2094 
461 1580 2899 2498 
462 2298 3856 2738 
463 2380 2811 2633 
464 2061 4043 3065 
465 2687 3891 1048 
466 2149 3617 2150 
467 1905 3385 1944 
468 2251 3575 3010 
469 1202 2551 1292 
470 2711 3610 2200 
471 2962 2963 2075 
472 583 3032 2520 
473 2595 3521 3088 
474 2212 3530 2724 
475 2925 3629 921 
476 2537 2558 1049 
477 3133 3553 2085 
478 421 2478 420 
479 2287 3783 2352 
480 1447 2565 2563 
481 1322 3506 2771 
482 636 3794 631 
483 885 3484 2673 
484 2352 3783 3717 
485 989 2687 1048 
486 3052 3569 2457 
487 833 2985 2983 
488 3769 3802 3121 
489 2385 3035 397 
490 1014 3563 2853 
491 2866 3970 2641 
492 555 2882 553 
493 3634 3717 375 
494 694 3103 695 
495 589 3436 2992 
496 2391 3327 332 
497 1803 3994 2624 
498 2326 3023 1960 
499 2699 3776 3545 
500 1054 2583 1052 
501 2478 3515 420 
502 2734 3728 3689 
503 1956 2701 1957 
504 2496 3549 2624 
505 10 2902 9 
506 2490 3791 3527 
507 2760 3215 2759 
508 732 2700 731 
509 1735 2552 2463 
510 783 3611 937 
511 2331 3841 2150 
512 1999 3529 3361 
513 1728 2409 1731 
514 2453 2456 1956 
515 1078 2868 2452 
516 1443 2594 1863 
517 2551 2552 1292 
518 2094 2744 2337 
519 3286 3894 1754 
520 2674 3464 2671 
521 316 2956 2955 
522 3527 3791 46 
523 777 2944 2785 
524 1307 2953 1246 
525 1741 2728 1302 
526 3010 3575 975 
527 2548 2840 2816 
528 2805 3244 2171 
529 3077 3815 2279 
530 2992 3436 2372 
531 2149 3638 3617 
532 2136 3494 3370 
533 1538 3759 2377 
534 1917 3317 2848 
535 2735 2736 2008 
536 1183 2861 2767 
537 917 2486 2485 
538 1562 3294 2351 
539 519 3392 2768 
540 2353 3444 952 
541 3056 3125 2110 
542 1782 2976 1784 
543 833 3133 2985 
544 2341 3583 2340 
545 1821 3411 2775 
546 1566 2723 1567 
547 3186 3758 2215 
548 1642 3614 3022 
549 2399 3454 518 
550 539 3964 3489 
551 2274 3344 2099 
552 1036 2535 1034 
553 3336 3420 1304 
554 2497 2820 1829 
555 1361 2471 2469 
556 2374 3845 1047 
557 3022 3496 1642 
558 3670 3816 2266 
559 1826 3031 1788 
560 2751 2878 2875 
561 2570 2815 922 
562 110 2541 109 
563 2274 3702 3344 
564 899 3179 2671 
565 583 2520 580 
566 3092 3093 2045 
567 2563 3231 1447 
568 2670 2872 290 
569 2745 3475 1272 
570 2086 3360 3229 
571 2549 3756 2552 
572 1477 2820 1559 
573 2947 3603 2564 
574 2440 3187 2204 
575 2470 3214 2466 
576 425 2478 421 
577 2697 3525 2698 
578 296 3314 2389 
579 2150 3617 2331 
580 2562 3609 2125 
581 1727 3338 1828 
582 1882 3566 2459 
583 2534 4040 2535 
584 3418 4157 606 
585 2610 3663 323 
586 617 2773 2429 
587 2530 3609 2755 
588 1829 3482 2681 
589 3281 3348 2277 
590 767 3562 2790 
591 1481 3224 1480 
592 477 4015 3628 
593 2782 3388 2781 
594 606 4157 2416 
595 2089 3886 3000 
596 2801 3516 3368 
597 2165 3149 2164 
598 2124 2833 2764 
599 1299 2932 2434 
600 1447 3501 2565 
601 293 2913 2483 
602 1184 3236 2604 
603 2732 3762 2870 
604 1147 3348 3281 
605 2510 2616 1269 
606 2764 4115 2124 
607 2790 3627 767 
608 2865 3277 1637 
609 2462 3572 2461 
610 2519 3980 2356 
611 3337 3420 3336 
612 3798 4003 2322 
613 2522 2525 2211 
614 2318 3939 3059 
615 2055 3231 2338 
616 2352 3717 3634 
617 2746 3950 3005 
618 441 3603 2947 
619 2418 2859 1399 
620 3168 3526 2310 
621 3146 4053 307 
622 287 2905 2596 
623 2619 4127 1989 
624 3113 3939 3571 
625 2726 3873 3176 
626 1712 2735 2008 
627 2498 2899 2016 
628 2686 2924 2561 
629 1155 3225 2961 
630 1123 2960 2958 
631 2141 3044 3016 
632 3661 3729 2194 
633 2525 3530 2211 
634 2385 3377 1386 
635 837 2786 1209 
636 352 3012 2475 
637 2003 3319 1916 
638 731 2700 1402 
639 3743 4099 2327 
640 3065 3066 2061 
641 1982 3477 2918 
642 2235 3128 1968 
643 3798 3924 3275 
644 2609 4100 2603 
645 1797 3164 2908 
646 2337 3475 2745 
647 3065 4043 2412 
648 3154 4070 2174 
649 2415 2584 606 
650 2687 3458 2062 
651 594 3388 2782 
652 1913 3907 3038 
653 1718 2759 2065 
654 2283 3130 2317 
655 1386 3529 2385 
656 2767 3392 1183 
657 1399 2858 2418 
658 3038 3907 2476 
659 1924 4036 2452 
660 2322 4003 3376 
661 1940 2933 2256 
662 1578 2465 2464 
663 2481 2482 2001 
664 2935 3354 2618 
665 2156 3804 2930 
666 2460 2461 1919 
667 1663 2810 2633 
668 2720 2724 456 
669 937 3611 2919 
670 2140 3398 3047 
671 614 3931 2265 
672 2457 3750 2454 
673 2930 3576 2156 
674 2699 3545 2700 
675 2765 3610 620 
676 2804 3513 449 
677 3187 3631 2204 
678 3169 3815 3077 
679 2496 2624 2495 
680 1123 4101 2960 
681 3300 4099 3743 
682 1636 2876 2115 
683 2132 2861 1183 
684 2726 3176 2405 
685 2688 2691 2690 
686 2212 2723 1566 
687 2680 2681 808 
688 1663 2633 2632 
689 2765 3370 2199 
690 2154 3576 3564 
691 290 3061 2670 
692 2390 3218 1126 
693 309 2541 110 
694 1941 2491 2447 
695 2785 2944 2783 
696 919 3519 2949 
697 2264 4194 2837 
698 2640 2866 2641 
699 1579 2899 1580 
700 1731 2412 1726 
701 2067 3546 2774 
702 1791 2591 1508 
703 1659 2631 2630 
704 2661 3061 2666 
705 2679 4019 3232 
706 2333 2728 1741 
707 830 3773 3599 
708 2079 3660 3283 
709 2549 2552 2551 
710 2838 3518 1323 
711 749 2588 747 
712 2933 3568 2256 
713 1361 2469 1359 
714 1863 2594 2524 
715 880 2496 2494 
716 2434 3393 1299 
717 2932 3403 3035 
718 2901 2931 476 
719 2670 3061 2659 
720 3424 3507 2031 
721 2264 2837 2836 
722 1719 3014 1721 
723 516 2770 1399 
724 2775 3411 2087 
725 3955 4083 2747 
726 2086 3229 2921 
727 2774 3546 3080 
728 2518 3612 595 
729 2460 2462 2461 
730 2423 2998 300 
731 2874 3190 2751 
732 1487 3556 2626 
733 1945 3230 2529 
734 2604 3236 2606 
735 794 2493 2138 
736 1613 3235 3144 
737 323 3900 2610 
738 2351 3537 1562 
739 2589 3872 2812 
740 316 2957 2956 
741 2887 3729 3661 
742 2156 3576 2154 
743 3047 3398 572 
744 1909 3315 1734 
745 2845 3015 1573 
746 2393 3686 2754 
747 2747 4083 1505 
748 1721 3014 1789 
749 897 3741 2682 
750 2066 3641 2615 
751 3000 3886 3306 
752 2979 2980 318 
753 2389 3315 296 
754 1333 2878 2750 
755 2786 3535 3523 
756 2896 3333 2895 
757 2458 3556 2948 
758 831 4111 2406 
759 3742 4121 2410 
760 2959 3313 2958 
761 2848 3317 1001 
762 2475 4149 352 
763 2889 3626 2226 
764 2309 3258 2310 
765 2286 2833 1903 
766 2678 3458 2687 
767 2494 2496 2495 
768 801 2492 2358 
769 3417 3830 2739 
770 397 3377 2385 
771 766 3259 686 
772 604 3476 3452 
773 1209 2786 1446 
774 2500 2562 2125 
775 936 4133 2683 
776 2681 4170 808 
777 2189 3481 2526 
778 465 3597 2439 
779 2170 2901 2693 
780 2589 2812 1151 
781 3292 4053 3146 
782 1708 2626 2455 
783 2521 3108 430 
784 2691 2692 2690 
785 609 2992 2370 
786 2588 2788 943 
787 595 3709 2518 
788 2752 2753 510 
789 1792 3525 2697 
790 2456 2701 1956 
791 1663 2632 1660 
792 1725 3338 1727 
793 1941 2447 1558 
794 2768 4107 519 
795 915 3153 2727 
796 2699 2700 735 
797 2223 3520 2994 
798 2361 4002 3084 
799 2633 2634 2632 
800 1909 3323 3021 
801 697 2614 696 
802 2263 3939 2318 
803 2242 3690 3115 
804 3145 3752 336 
805 3025 3260 2355 
806 1342 3980 2519 
807 2318 2591 1791 
808 1829 2820 1477 
809 3229 3931 614 
810 580 2520 602 
811 2151 3638 2149 
812 1286 3089 1068 
813 3075 3083 2545 
814 1659 2630 1656 
815 2786 3523 2785 
816 3023 3632 288 
817 846 2764 2424 
818 332 3766 2391 
819 2691 4007 2692 
820 2412 4043 1726 
821 2924 4123 2561 
822 3115 3690 1592 
823 3616 3945 1063 
824 1784 2976 1848 
825 1675 2460 1919 
826 517 3447 2404 
827 2013 3198 2011 
828 1428 2453 1956 
829 1618 2451 2218 
830 1325 3812 2672 
831 612 4019 2679 
832 2803 3513 2804 
833 698 3103 2405 
834 2210 3417 2682 
835 1246 2953 1266 
836 1364 2471 1361 
837 2226 2972 2889 
838 600 3417 2739 
839 2388 4124 562 
840 1046 2554 2553 
841 2497 2680 843 
842 3007 4008 2252 
843 521 2770 516 
844 2469 2471 2470 
845 1524 2480 2174 
846 2232 3924 3798 
847 2966 3216 2115 
848 679 2684 651 
849 581 3257 2487 
850 2324 2757 1711 
851 2547 2815 2570 
852 491 3048 489 
853 695 3103 698 
854 2432 3938 887 
855 2633 3964 2634 
856 1583 2937 2936 
857 317 3226 2777 
858 2631 2925 2630 
859 1032 2558 1030 
860 1578 2464 1357 
861 2672 4018 1325 
862 2566 2567 2195 
863 457 3160 2721 
864 2095 3562 3460 
865 2417 3031 1826 
866 40 3122 39 
867 1472 2619 1473 
868 2151 3665 3638 
869 2908 3224 1797 
870 1679 2481 2001 
871 3852 3973 3086 
872 2406 3733 831 
873 1323 3912 2838 
874 2326 3632 3023 
875 1913 3331 3200 
876 2529 2935 1945 
877 2054 3732 2191 
878 1381 2626 1708 
879 315 2737 2425 
880 1059 2615 2531 
881 2671 3364 899 
882 1293 2772 961 
883 896 3211 2528 
884 880 2494 817 
885 2404 3063 517 
886 1683 2484 2189 
887 2410 4121 2411 
888 2637 2639 832 
889 1021 2437 1020 
890 887 3838 2432 
891 2051 3315 2389 
892 875 2627 2539 
893 302 3195 2842 
894 1235 3001 1233 
895 1749 2772 1293 
896 3333 3902 2895 
897 1930 2593 2592 
898 737 2699 735 
899 2428 3148 617 
900 2772 3616 1063 
901 1490 3158 3043 
902 491 4155 3048 
903 2712 3308 2063 
904 2346 4189 2871 
905 2533 2534 1042 
906 612 3990 3486 
907 1471 3005 1503 
908 2817 4005 3047 
909 1913 3038 1415 
910 2958 3313 1123 
911 2761 2781 1290 
912 552 2584 554 
913 896 2528 729 
914 1204 2638 946 
915 690 4006 2427 
916 3335 4002 2923 
917 2692 3894 3286 
918 1514 2543 2542 
919 2966 3869 3216 
920 2663 3651 2793 
921 3130 3276 2317 
922 2105 3870 3579 
923 1551 3096 3095 
924 616 3621 3591 
925 2565 2947 2564 
926 2759 3215 2065 
927 2167 3149 2778 
928 2397 3174 2729 
929 2452 4036 2365 
930 1567 2723 1697 
931 2980 3922 318 
932 1564 2522 2211 
933 466 3597 465 
934 2963 3507 3424 
935 2368 3772 609 
936 1750 2566 2195 
937 2901 4177 2693 
938 9 2902 318 
939 1622 2500 2125 
940 1082 3831 2437 
941 3693 3844 2153 
942 146 3012 147 
943 1711 2757 1407 
944 1299 3403 2932 
945 2578 4109 2697 
946 514 2859 512 
947 614 3297 544 
948 1976 3163 2483 
949 2948 3556 2444 
950 2189 2526 1685 
951 735 2700 732 
952 2398 3711 2397 
953 2674 3554 836 
954 2579 4109 2578 
955 3054 3260 3025 
956 1912 3331 1913 
957 3474 3633 2482 
958 1701 2722 1703 
959 2876 2966 2115 
960 840 2702 2580 
961 3043 3158 2096 
962 952 3811 2353 
963 1215 3387 2673 
964 2921 3229 549 
965 2300 3241 2776 
966 512 2859 605 
967 2346 2871 2348 
968 1817 2999 1424 
969 10 2920 2902 
970 1474 3089 1286 
971 2422 3329 299 
972 606 2584 552 
973 2745 4086 3115 
974 2125 2530 1624 
975 388 3739 2430 
976 2917 3226 317 
977 778 3973 3852 
978 2330 3362 1806 
979 353 3190 2874 
980 2937 3844 3693 
981 3283 3660 2585 
982 2405 3176 698 
983 1374 2812 1787 
984 2438 3977 603 
985 2837 4073 1744 
986 934 2942 2941 
987 1789 3014 2580 
988 1818 2972 2226 
989 875 2539 821 
990 2433 3209 1275 
991 2137 3845 3695 
992 3645 3692 2609 
993 2586 2587 789 
994 1262 2798 1291 
995 3160 3304 2722 
996 2968 3563 1014 
997 1422 2873 1835 
998 903 2978 2977 
999 320 3121 3120 
1000 1573 2982 2846 
1001 2961 3225 2172 
1002 455 3990 612 
1003 2900 3915 2899 
1004 2520 3032 2134 
1005 1059 2531 983 
1006 305 3970 2866 
1007 2817 3047 576 
1008 3681 3793 2805 
1009 2608 3645 2609 
1010 2430 3585 388 
1011 1340 3446 497 
1012 2227 3734 3227 
1013 2525 3287 924 
1014 1239 3001 1235 
1015 1426 2594 1443 
1016 838 3168 2493 
1017 2863 2864 621 
1018 1014 2853 1011 
1019 1292 2552 1585 
1020 1930 2592 1628 
1021 1906 3378 2892 
1022 1318 3469 2732 
1023 1805 3362 2450 
1024 1655 2629 2628 
1025 2764 2833 2286 
1026 2424 3846 846 
1027 3030 3918 360 
1028 2714 2715 1739 
1029 2578 2697 874 
1030 2721 3114 457 
1031 1939 3385 1905 
1032 2484 2946 2189 
1033 2612 2613 704 
1034 1978 3163 1974 
1035 2678 2687 991 
1036 3319 3960 2582 
1037 1046 2553 1028 
1038 2899 3915 2015 
1039 2485 2575 917 
1040 2338 3231 2339 
1041 2425 3198 315 
1042 934 2941 2940 
1043 2804 3681 2805 
1044 3274 3849 674 
1045 1174 3319 2582 
1046 1744 3792 2837 
1047 2822 2823 938 
1048 1645 2999 2731 
1049 1066 3390 2402 
1050 2963 3424 2075 
1051 2923 4002 2362 
1052 2873 2874 1835 
1053 936 2683 667 
1054 3296 3312 3161 
1055 3083 4118 2545 
1056 1730 2409 1728 
1057 2583 3310 1067 
1058 2869 4058 3037 
1059 3510 3614 3509 
1060 2497 2681 2680 
1061 661 2691 2688 
1062 3361 3529 1386 
1063 1463 2749 2748 
1064 674 3849 3673 
1065 739 2578 874 
1066 2392 4016 3463 
1067 2718 2719 1866 
1068 3368 3673 2801 
1069 2853 3563 2000 
1070 2298 2738 1941 
1071 2122 3045 2056 
1072 1302 2728 1236 
1073 2499 3175 2131 
1074 701 4007 2691 
1075 2865 3809 3277 
1076 499 3446 518 
1077 2806 2976 1782 
1078 985 2585 1059 
1079 562 3491 2388 
1080 758 2822 938 
1081 3127 4159 547 
1082 2827 3446 1340 
1083 1572 2622 2621 
1084 320 3120 3119 
1085 2003 3960 3319 
1086 823 2581 875 
1087 2693 2841 2170 
1088 2857 3259 766 
1089 1126 3353 2390 
1090 302 3570 21 
1091 2437 3831 2375 
1092 2842 3570 302 
1093 3305 3313 2959 
1094 2181 2996 2264 
1095 2942 3262 2941 
1096 912 3067 2479 
1097 1408 2551 1202 
1098 505 2863 621 
1099 1010 2851 2850 
1100 2448 4162 3112 
1101 3113 3571 908 
1102 1220 2622 1310 
1103 722 3432 719 
1104 2743 2747 2741 
1105 641 3078 639 
1106 1088 2812 1374 
1107 1480 3224 1987 
1108 1783 2929 1219 
1109 2949 3519 2451 
1110 3307 3511 1322 
1111 2045 3219 3092 
1112 1446 2786 2784 
1113 2615 3641 2531 
1114 2971 3529 1999 
1115 360 3918 2701 
1116 2725 3184 314 
1117 403 2625 383 
1118 3283 3891 3448 
1119 2495 2820 2497 
1120 2779 3272 2143 
1121 2009 2577 1844 
1122 3122 3968 39 
1123 1043 2533 1042 
1124 2745 3115 1967 
1125 2721 3160 2722 
1126 2881 2882 555 
1127 97 3561 3473 
1128 3035 3403 397 
1129 2445 4165 1925 
1130 1538 2981 1353 
1131 2684 2685 2561 
1132 1641 3288 2825 
1133 2482 3633 2993 
1134 3460 3562 767 
1135 871 2942 879 
1136 743 2702 840 
1137 932 2611 448 
1138 1919 2752 2481 
1139 2191 3732 3268 
1140 3026 3658 3643 
1141 3561 3983 2296 
1142 147 3012 352 
1143 2571 2904 478 
1144 843 2680 813 
1145 3359 3709 595 
1146 2464 2467 1538 
1147 3221 3676 2186 
1148 2351 3538 3537 
1149 1514 2542 1515 
1150 2819 3984 2345 
1151 2063 2617 1894 
1152 3567 3984 2819 
1153 2462 3935 3572 
1154 796 2493 794 
1155 827 2637 832 
1156 2023 3006 2410 
1157 2546 2547 1504 
1158 952 3444 949 
1159 413 3680 2760 
1160 2434 4154 3393 
1161 3090 3295 3095 
1162 1823 3272 2779 
1163 2259 3395 2777 
1164 3738 3799 2299 
1165 3112 4162 928 
1166 2606 3236 1499 
1167 802 2492 801 
1168 2327 2972 1818 
1169 991 2687 989 
1170 3359 3780 3709 
1171 3095 3295 1551 
1172 3195 4091 2842 
1173 2823 4191 3942 
1174 2541 3196 109 
1175 3179 3404 2662 
1176 2791 3194 935 
1177 333 3676 3221 
1178 1772 3667 3653 
1179 1342 2519 540 
1180 2732 3996 1318 
1181 365 2740 361 
1182 288 3289 3023 
1183 2959 3306 3305 
1184 2530 2755 1930 
1185 993 2678 991 
1186 2688 2689 690 
1187 2564 3603 2341 
1188 1944 3385 2452 
1189 330 2866 2640 
1190 2296 3983 2295 
1191 2131 3959 3028 
1192 2179 3955 3919 
1193 2397 2729 1763 
1194 2427 4106 690 
1195 2483 3163 293 
1196 304 2896 54 
1197 612 2679 453 
1198 314 3184 68 
1199 300 3713 2423 
1200 790 2586 789 
1201 2235 4049 3128 
1202 2169 2931 2901 
1203 1828 3338 2788 
1204 2570 3101 2550 
1205 1057 2583 1054 
1206 2392 3463 2424 
1207 1508 2591 1437 
1208 1798 2922 2362 
1209 1883 2836 1879 
1210 3107 4190 2696 
1211 2278 3606 2052 
1212 1842 2488 2023 
1213 2104 2780 2677 
1214 3227 3940 2227 
1215 2357 3622 292 
1216 2559 2560 636 
1217 897 2682 396 
1218 1332 3288 1641 
1219 1537 2473 2472 
1220 2662 3369 3003 
1221 2629 3062 2840 
1222 2595 3925 2524 
1223 2435 3975 1959 
1224 593 3303 638 
1225 3390 3575 2251 
1226 2884 3300 3195 
1227 1655 2628 1652 
1228 2068 3667 3590 
1229 1896 2712 2063 
1230 2001 2993 2484 
1231 1306 3166 2814 
1232 1010 2850 1007 
1233 2762 2763 372 
1234 2614 3344 696 
1235 2776 4135 2300 
1236 2264 2836 1883 
1237 3153 3154 2727 
1238 1255 3567 2819 
1239 3258 3582 2310 
1240 332 3327 2915 
1241 2420 3971 1317 
1242 1501 2568 2566 
1243 1557 2675 1554 
1244 705 2612 704 
1245 3057 3918 3030 
1246 1899 2544 2175 
1247 3387 3409 2074 
1248 365 2743 2740 
1249 1399 2859 514 
1250 1569 3816 3670 
1251 2158 3738 2299 
1252 845 2857 766 
1253 2740 2743 2741 
1254 3463 4016 1241 
1255 968 2442 967 
1256 1903 2833 1479 
1257 2136 3657 2419 
1258 1786 2929 1783 
1259 686 3259 669 
1260 836 3464 2674 
1261 518 3446 2828 
1262 296 3885 3020 
1263 3308 3511 3307 
1264 2362 4002 2361 
1265 2862 2865 2863 
1266 1245 2879 1243 
1267 1417 4096 2616 
1268 2189 3887 3481 
1269 2400 4167 643 
1270 2769 4098 2770 
1271 3173 3439 3063 
1272 2793 3651 294 
1273 2722 3304 1703 
1274 2141 3045 3044 
1275 2329 2768 1851 
1276 2546 2815 2547 
1277 2590 3818 3607 
1278 953 2636 952 
1279 3607 3701 2590 
1280 1797 3224 1481 
1281 1369 2831 2726 
1282 2467 3759 1538 
1283 2201 3240 3018 
1284 2627 3671 3358 
1285 1699 2718 1866 
1286 2752 4035 2481 
1287 2536 2537 1049 
1288 311 3825 3687 
1289 1243 2879 1495 
1290 1551 3303 3096 
1291 359 2773 617 
1292 1876 2592 2532 
1293 493 2765 620 
1294 2673 3484 1215 
1295 2471 3840 2470 
1296 2622 2844 2621 
1297 2250 3390 2251 
1298 2543 2695 2542 
1299 357 2773 359 
1300 2812 3872 1787 
1301 3571 3939 2263 
1302 2770 2858 1399 
1303 3063 3439 517 
1304 2950 3839 1916 
1305 917 4032 2486 
1306 2221 2881 1496 
1307 2196 3566 1882 
1308 3357 3565 3172 
1309 2217 3515 2478 
1310 1788 3031 2798 
1311 1269 3533 2508 
1312 603 3988 2438 
1313 1998 3035 2385 
1314 639 3078 1516 
1315 371 2763 895 
1316 3665 3668 3643 
1317 2075 3833 2962 
1318 2350 3459 2046 
1319 1752 2540 2169 
1320 1169 3004 3003 
1321 3544 4210 2106 
1322 3636 3780 1222 
1323 2559 2684 2561 
1324 1583 3851 2937 
1325 3350 3554 3351 
1326 946 2638 944 
1327 1204 3461 2638 
1328 3194 3363 935 
1329 2897 3902 3217 
1330 2645 3004 2644 
1331 2104 3579 2780 
1332 1424 2999 1230 
1333 2371 4029 3775 
1334 2493 3168 2138 
1335 1483 2546 1504 
1336 1839 2943 2106 
1337 1310 2622 1572 
1338 1047 4197 1018 
1339 2378 3985 3704 
1340 604 3552 3476 
1341 1317 3924 2232 
1342 2131 3028 2499 
1343 3432 4208 719 
1344 2620 4127 2619 
1345 1814 2791 1142 
1346 1572 2621 1776 
1347 879 2942 934 
1348 2553 2557 1082 
1349 1714 2735 1712 
1350 1578 2466 2465 
1351 2162 3135 2943 
1352 1042 2535 1036 
1353 1111 3312 3296 
1354 2459 3778 1882 
1355 1496 2881 566 
1356 651 2684 644 
1357 63 3289 288 
1358 976 2766 975 
1359 3367 3756 2550 
1360 1957 3918 2234 
1361 2669 2970 2969 
1362 2731 2999 1817 
1363 2783 2944 1946 
1364 3128 4185 1968 
1365 2473 3038 2476 
1366 1999 3252 2971 
1367 3195 3300 2101 
1368 3695 3845 2373 
1369 3653 3667 2222 
1370 53 2896 2894 
1371 2451 3519 2218 
1372 1537 3038 2473 
1373 659 2688 690 
1374 500 3893 2441 
1375 2798 3031 1291 
1376 1400 2904 1902 
1377 1475 2566 1750 
1378 336 3428 3143 
1379 2702 4069 2580 
1380 634 2559 636 
1381 2671 3179 2654 
1382 1317 4080 2420 
1383 1785 2861 2342 
1384 2761 3399 2518 
1385 3489 3964 2811 
1386 1720 2759 1718 
1387 1867 2575 2485 
1388 1459 2880 1271 
1389 2452 3385 1078 
1390 1438 2756 1514 
1391 1992 2847 2434 
1392 1959 4052 2435 
1393 1641 2794 1330 
1394 3473 3561 2296 
1395 1155 2973 857 
1396 3769 3858 3147 
1397 2889 2972 298 
1398 3279 3542 3162 
1399 1774 2981 2377 
1400 434 3763 2450 
1401 3509 3614 1642 
1402 456 4021 2720 
1403 1941 2738 2491 
1404 2473 2474 2472 
1405 2540 2931 2169 
1406 2374 2437 2375 
1407 1841 2943 1839 
1408 2693 4177 2694 
1409 1446 2784 1561 
1410 1501 4206 2568 
1411 3395 3903 2777 
1412 489 3375 485 
1413 1189 2854 1490 
1414 2576 4047 3171 
1415 797 3434 1159 
1416 2760 4132 413 
1417 2803 2804 1937 
1418 1126 3218 1120 
1419 1369 2726 1371 
1420 2487 3257 2039 
1421 2542 2695 2160 
1422 2065 3215 2734 
1423 1568 3998 1825 
1424 762 2776 911 
1425 2616 4079 1417 
1426 2565 3868 2947 
1427 1271 2880 1050 
1428 2011 3198 2425 
1429 1925 4094 2445 
1430 2466 2468 2465 
1431 2133 3015 2845 
1432 3144 3649 1613 
1433 2822 4191 2823 
1434 2461 2752 1919 
1435 2262 3198 2013 
1436 643 3726 2400 
1437 3207 3963 3100 
1438 2874 2875 1835 
1439 1855 2828 2827 
1440 2892 3943 1906 
1441 1463 2750 2749 
1442 3783 3919 365 
1443 3135 3544 2106 
1444 875 3671 2627 
1445 2617 3307 2771 
1446 2897 3217 1377 
1447 3112 3832 2448 
1448 2332 3563 2968 
1449 2744 3553 3133 
1450 899 3404 3179 
1451 2351 3741 3538 
1452 655 2778 653 
1453 2401 3479 2880 
1454 526 2770 521 
1455 1558 2447 1476 
1456 1225 2831 1228 
1457 2737 3908 337 
1458 1519 2922 1798 
1459 2677 3765 1926 
1460 1072 2857 845 
1461 961 2772 959 
1462 2781 3388 1290 
1463 1867 2485 1843 
1464 1539 2757 1901 
1465 2371 3775 2369 
1466 2321 3591 2268 
1467 2008 3053 2324 
1468 2615 3660 3512 
1469 2093 2814 2813 
1470 2695 3594 2160 
1471 3018 3773 2201 
1472 2487 3437 581 
1473 472 2904 1400 
1474 1435 3978 2365 
1475 709 2867 1232 
1476 1835 2876 1636 
1477 2770 4098 2858 
1478 1090 2806 835 
1479 2818 2819 2345 
1480 1798 2360 1781 
1481 1519 1781 1441 
1482 337 3909 2737 
1483 2758 2760 2759 
1484 2378 3704 2122 
1485 2567 3884 3081 
1486 1519 1798 1781 
1487 2536 2538 2537 
1488 2608 3565 929 
1489 1374 1519 1441 
1490 3631 3713 2205 
1491 1374 1441 1174 
1492 2350 4176 3459 
1493 2750 2878 2751 
1494 1798 2361 2360 
1495 299 3329 84 
1496 3316 3340 3165 
1497 2002 2479 2155 
1498 1215 3409 3387 
1499 2712 4102 3308 
1500 1579 2900 2899 
1501 2955 4158 316 
1502 2746 3936 1875 
1503 2509 2781 2761 
1504 2850 2852 2849 
1505 1774 2056 1526 
1506 1046 2555 2554 
1507 539 4145 3964 
1508 2734 3215 3072 
1509 3006 3742 2410 
1510 679 4199 2684 
1511 2758 2759 1720 
1512 2465 2467 2464 
1513 1799 3230 1945 
1514 92 3314 296 
1515 1673 2460 1675 
1516 789 2588 749 
1517 2380 3588 2811 
1518 1200 1438 1170 
1519 2303 4048 1960 
1520 2457 3569 906 
1521 3269 4146 2839 
1522 3078 3653 1516 
1523 1088 1374 1174 
1524 2266 3816 2996 
1525 2609 3692 870 
1526 1407 2757 1405 
1527 482 2704 613 
1528 2488 3006 2023 
1529 1018 4197 2968 
1530 1285 1472 1286 
1531 295 3522 2898 
1532 2815 2816 922 
1533 1809 2783 1946 
1534 2953 4172 1266 
1535 2532 4159 3127 
1536 2447 2448 1820 
1537 2875 2878 2877 
1538 2811 3588 3126 
1539 415 2829 1187 
1540 884 1170 883 
1541 2543 2696 2695 
1542 2851 2852 2850 
1543 907 3207 3100 
1544 911 2797 764 
1545 1287 2626 1381 
1546 2440 3773 830 
1547 3478 3479 2401 
1548 2704 2754 613 
1549 1522 2480 1524 
1550 2871 4189 297 
1551 1924 2868 650 
1552 2922 2923 2362 
1553 2020 4044 3059 
1554 1908 3761 3372 
1555 2894 2896 2895 
1556 2685 2686 2561 
1557 1219 2929 2927 
1558 1796 3678 2916 
1559 2867 3738 2926 
1560 1067 1285 1068 
1561 1412 2453 1428 
1562 3053 3596 2324 
1563 1930 2755 2593 
1564 374 2762 372 
1565 2945 3225 1155 
1566 1490 3043 1489 
1567 2555 2556 2554 
1568 2485 2486 1990 
1569 2913 3233 2483 
1570 2443 4104 401 
1571 1264 2798 1262 
1572 729 2528 726 
1573 325 339 338 
1574 2098 2263 1791 
1575 1616 2451 1618 
1576 2244 3851 2283 
1577 2639 4067 832 
1578 1317 3971 3924 
1579 1438 4195 2756 
1580 2404 2796 1861 
1581 704 2614 697 
1582 2526 2527 2067 
1583 2766 3010 975 
1584 290 3989 3061 
1585 2540 3131 2931 
1586 2634 2635 2631 
1587 2160 2521 1931 
1588 2970 3989 290 
1589 2275 3959 3408 
1590 1088 1174 1060 
1591 2559 2561 2560 
1592 2494 2495 843 
1593 1172 1416 1153 
1594 2934 3477 2133 
1595 2828 3446 2827 
1596 817 2494 815 
1597 2997 4062 2614 
1598 1934 2803 1937 
1599 1735 2462 2460 
1600 1708 2454 2453 
1601 2237 4061 3995 
1602 2414 4172 2953 
1603 962 3002 1289 
1604 3408 3959 3937 
1605 1742 2020 2019 
1606 901 3186 1093 
1607 2178 2835 2834 
1608 2411 2412 1731 
1609 1187 2854 1189 
1610 2550 3756 2549 
1611 1774 2122 2056 
1612 53 2894 52 
1613 1357 2464 1355 
1614 2971 3252 2973 
1615 2002 2155 1615 
1616 2492 4004 2358 
1617 2046 2488 1842 
1618 1349 2981 1774 
1619 1349 1526 1326 
1620 1553 2098 1791 
1621 1712 2008 1711 
1622 2938 3180 1147 
1623 1677 2481 1679 
1624 2093 2813 1874 
1625 1842 2023 1767 
1626 1901 2544 1899 
1627 1952 3239 3152 
1628 2910 2911 112 
1629 2733 2735 1714 
1630 1404 1405 1403 
1631 1501 2566 1475 
1632 2065 2734 2733 
1633 2719 2721 1866 
1634 1234 1236 1235 
1635 1294 1475 1293 
1636 929 3565 3357 
1637 3687 3825 2258 
1638 2082 2985 2085 
1639 347 2873 1422 
1640 2344 2818 2345 
1641 1200 1461 1438 
1642 2929 3826 2928 
1643 1436 1742 1741 
1644 1651 2548 2546 
1645 111 2911 309 
1646 1476 1820 1461 
1647 2554 2557 2553 
1648 1064 1202 1065 
1649 1485 2522 1564 
1650 1989 2727 2480 
1651 2204 3631 2205 
1652 3235 3786 3144 
1653 1863 2523 2522 
1654 2056 2141 2057 
1655 1307 4209 2953 
1656 1961 3199 3036 
1657 1142 2791 910 
1658 3081 3808 2567 
1659 361 2740 358 
1660 884 1200 1170 
1661 807 883 805 
1662 1349 1774 1526 
1663 1761 2160 1931 
1664 1742 2019 1741 
1665 1285 1286 1068 
1666 1707 1941 1558 
1667 1600 3240 2201 
1668 2195 2540 1752 
1669 2248 3407 3167 
1670 123 3861 122 
1671 1499 3650 2606 
1672 1988 2965 2964 
1673 3048 3375 489 
1674 3059 3963 2020 
1675 430 3768 2521 
1676 1000 1064 1041 
1677 1553 1791 1508 
1678 2688 2690 2689 
1679 840 2579 2578 
1680 2365 4036 1435 
1681 1473 1989 1522 
1682 1472 1473 1286 
1683 3121 3858 3769 
1684 2441 3657 500 
1685 2125 3609 2530 
1686 943 2703 2702 
1687 2829 2854 1187 
1688 1135 2975 1136 
1689 1876 2532 2379 
1690 2718 2720 2719 
1691 372 2763 371 
1692 2234 3918 3057 
1693 2835 3708 1249 
1694 1755 2354 1955 
1695 1232 1234 1233 
1696 1205 1426 1206 
1697 801 838 799 
1698 3919 3955 2743 
1699 3541 3791 2490 
1700 1764 2780 1771 
1701 1355 1538 1353 
1702 1957 2234 2110 
1703 301 2892 2891 
1704 2112 2824 2178 
1705 801 2358 838 
1706 3444 3528 1203 
1707 3103 3870 2105 
1708 2888 2889 298 
1709 2287 3919 3783 
1710 2547 2570 2550 
1711 1402 1403 896 
1712 1236 1238 1235 
1713 311 2920 11 
1714 1203 1205 1204 
1715 1428 1956 1440 
1716 1294 1501 1475 
1717 2461 2753 2752 
1718 2845 2846 1991 
1719 3541 4203 3791 
1720 2412 3801 3065 
1721 2696 4190 2695 
1722 2889 3630 3626 
1723 3643 3658 2239 
1724 1067 1068 1051 
1725 1324 3318 2244 
1726 1048 3891 3283 
1727 1853 2827 2329 
1728 1675 1919 1677 
1729 807 884 883 
1730 591 3303 593 
1731 1681 2484 1683 
1732 1476 2447 1820 
1733 2801 3987 3516 
1734 2142 3230 1799 
1735 1234 1235 1233 
1736 1939 4191 3385 
1737 1843 1990 1576 
1738 1618 2218 1620 
1739 702 2830 678 
1740 2715 2716 1739 
1741 1381 1708 1412 
1742 795 3434 797 
1743 1660 2632 1659 
1744 1064 1065 1041 
1745 1202 1292 1065 
1746 2528 2529 839 
1747 1228 2831 1369 
1748 1524 2174 1616 
1749 1585 1735 1673 
1750 3188 3606 2278 
1751 756 2822 758 
1752 1006 2849 2848 
1753 2762 3823 2763 
1754 815 843 813 
1755 2750 3895 1333 
1756 653 679 651 
1757 1238 1487 1287 
1758 1750 2195 1752 
1759 2628 2840 2548 
1760 3558 3564 1099 
1761 340 2998 2423 
1762 2489 3527 289 
1763 1707 2298 1941 
1764 2093 3280 2814 
1765 2384 3273 3074 
1766 1359 1578 1357 
1767 3950 4003 1503 
1768 1651 2546 1483 
1769 644 2684 2559 
1770 3315 3885 296 
1771 1656 2630 1655 
1772 1843 2485 1990 
1773 3851 4017 2283 
1774 2940 3205 934 
1775 2454 2456 2453 
1776 1289 1293 961 
1777 2178 2834 1980 
1778 1679 2001 1681 
1779 1436 1741 1302 
1780 1289 1294 1293 
1781 2911 2912 309 
1782 2799 2870 2801 
1783 3204 4120 3473 
1784 1489 3042 1543 
1785 1870 2930 1873 
1786 2989 3861 123 
1787 973 1066 971 
1788 1793 4003 3798 
1789 1483 1504 1408 
1790 1020 1047 1018 
1791 634 636 631 
1792 1614 1615 1472 
1793 1090 2976 2806 
1794 1426 1443 1206 
1795 1405 1539 1406 
1796 1989 2480 1522 
1797 1205 1206 1204 
1798 1359 2469 1578 
1799 2122 3704 3045 
1800 292 4120 2357 
1801 2175 2223 2176 
1802 1710 1711 1407 
1803 944 2638 2637 
1804 1916 2002 1615 
1805 1763 2729 1588 
1806 2906 2907 291 
1807 1443 1863 1485 
1808 821 2539 819 
1809 300 2998 58 
1810 2138 2323 793 
1811 1876 2379 1932 
1812 383 2625 381 
1813 2063 3307 2617 
1814 3082 3190 353 
1815 1697 2718 1699 
1816 726 839 724 
1817 1683 2189 1685 
1818 1564 2211 1566 
1819 2455 2457 2454 
1820 2755 3551 2593 
1821 1735 2460 1673 
1822 2463 2569 2462 
1823 1487 2626 1287 
1824 2882 3988 603 
1825 2676 3806 2995 
1826 870 4100 2609 
1827 2819 4139 1268 
1828 2898 3182 328 
1829 2862 2863 507 
1830 3197 3218 2390 
1831 1438 1514 1439 
1832 113 2910 112 
1833 2432 3838 937 
1834 2905 3785 2596 
1835 1628 2592 1630 
1836 659 690 657 
1837 1539 1899 1540 
1838 1837 3034 1188 
1839 1232 1233 708 
1840 1722 2758 1720 
1841 293 3163 2967 
1842 959 1063 956 
1843 1699 1866 1701 
1844 959 2772 1063 
1845 1000 1041 997 
1846 339 3430 3251 
1847 303 3046 3036 
1848 289 3764 2489 
1849 1203 1204 946 
1850 1901 2545 2544 
1851 1325 3340 3316 
1852 2629 2840 2628 
1853 1755 1955 1581 
1854 325 2998 340 
1855 819 880 817 
1856 815 2494 843 
1857 3381 4165 4078 
1858 2094 2745 1967 
1859 1925 4165 3381 
1860 2226 3626 2792 
1861 731 896 729 
1862 1181 3532 3129 
1863 1319 3531 3022 
1864 887 2826 888 
1865 2479 4116 912 
1866 2154 3564 3558 
1867 1355 2464 1538 
1868 2987 3411 1821 
1869 2848 4020 1917 
1870 1708 2453 1412 
1871 1624 2530 1626 
1872 507 2863 505 
1873 1219 2927 890 
1874 306 3027 32 
1875 650 2868 670 
1876 644 2559 634 
1877 1059 3660 2615 
1878 2174 2451 1616 
1879 2221 2882 2881 
1880 3206 4071 2297 
1881 1622 2125 1624 
1882 678 3078 641 
1883 859 2945 1155 
1884 1052 1067 1051 
1885 1685 2526 1687 
1886 2414 2953 2952 
1887 726 2528 839 
1888 1620 2500 1622 
1889 1718 2065 1716 
1890 1539 1901 1899 
1891 2523 2525 2522 
1892 1330 2794 1328 
1893 981 1062 979 
1894 2491 4162 2447 
1895 2061 2758 1722 
1896 1630 2592 1876 
1897 1919 2481 1677 
1898 1899 2175 1900 
1899 1879 2836 1497 
1900 2481 4035 2482 
1901 2324 4031 2757 
1902 2270 2713 2712 
1903 2799 2800 1635 
1904 1716 2733 1714 
1905 1068 3089 2533 
1906 857 2973 855 
1907 2911 3164 2912 
1908 2632 2634 2631 
1909 590 3420 3337 
1910 2105 3579 2104 
1911 2019 3207 2334 
1912 1956 1957 1440 
1913 889 2806 1782 
1914 1233 3001 2612 
1915 3152 3239 1162 
1916 2715 2717 2716 
1917 2662 3404 3369 
1918 3021 3046 3019 
1919 1028 2553 1026 
1920 2617 2771 2162 
1921 2529 3230 839 
1922 409 3644 405 
1923 3140 4117 2607 
1924 1687 2067 1689 
1925 653 2778 679 
1926 1937 2805 2171 
1927 1911 2974 2445 
1928 1030 1046 1028 
1929 2211 2212 1566 
1930 661 2688 659 
1931 1416 2590 2589 
1932 1249 4141 2835 
1933 1884 2181 1883 
1934 1405 2757 1539 
1935 979 2766 976 
1936 1863 2522 1485 
1937 2961 2973 1155 
1938 2548 2816 2815 
1939 2349 2350 2046 
1940 85 2990 299 
1941 2503 2782 2504 
1942 2248 3167 1512 
1943 2482 2993 2001 
1944 1918 2046 1842 
1945 1404 1407 1405 
1946 2883 3792 1744 
1947 805 2492 802 
1948 1366 1537 1364 
1949 79 3291 3146 
1950 625 831 618 
1951 2760 3680 914 
1952 665 701 663 
1953 2285 2392 2286 
1954 1872 2839 2093 
1955 2151 3668 3665 
1956 1869 2938 1109 
1957 3826 4022 2928 
1958 3085 3383 3086 
1959 2840 3062 532 
1960 1626 1930 1628 
1961 3003 3369 1169 
1962 54 2896 53 
1963 2624 2820 2495 
1964 530 604 528 
1965 1768 1842 1767 
1966 2867 2926 1232 
1967 2814 3166 2813 
1968 739 874 737 
1969 303 2885 88 
1970 1884 2224 2181 
1971 1153 2589 1151 
1972 325 338 56 
1973 1724 2061 1722 
1974 322 2884 23 
1975 1400 1479 1421 
1976 2799 2801 2800 
1977 2400 3726 2825 
1978 971 2442 968 
1979 1815 2845 1991 
1980 2693 2694 2354 
1981 1946 2790 2789 
1982 2473 2475 2474 
1983 3016 3877 2141 
1984 298 2886 25 
1985 3429 3699 2517 
1986 2001 2484 1681 
1987 118 2887 295 
1988 1710 1712 1711 
1989 1970 2952 2359 
1990 2392 2424 2286 
1991 823 875 821 
1992 2569 3488 925 
1993 1402 1404 1403 
1994 11 2920 10 
1995 1006 2848 1003 
1996 1061 1088 1060 
1997 2871 3570 2348 
1998 983 2531 981 
1999 2325 3426 2076 
2000 1152 1153 1151 
2001 932 3788 2611 
2002 298 2972 2886 
2003 1248 2879 1245 
2004 1626 2530 1930 
2005 1103 2860 1104 
2006 26 2888 298 
2007 301 2891 51 
2008 985 1059 983 
2009 295 2898 117 
2010 2862 3809 2865 
2011 2748 2749 2742 
2012 819 2539 880 
2013 333 2890 60 
2014 619 625 618 
2015 482 613 480 
2016 1058 1060 1057 
2017 1389 1408 1202 
2018 2830 3078 678 
2019 603 3977 2921 
2020 1026 1082 1024 
2021 2218 2500 1620 
2022 1188 3034 414 
2023 37 3116 36 
2024 3582 3735 3168 
2025 2821 2822 756 
2026 296 3020 91 
2027 1060 2582 1057 
2028 741 2578 739 
2029 472 1400 1171 
2030 672 936 667 
2031 786 3542 3279 
2032 1189 1489 1316 
2033 2106 2401 1838 
2034 61 2914 333 
2035 1034 1049 1032 
2036 2854 3157 1490 
2037 1187 1189 1188 
2038 81 2905 287 
2039 1157 2930 1870 
2040 2855 2857 1072 
2041 1127 3218 3197 
2042 1910 3007 1212 
2043 114 2906 291 
2044 1687 2526 2067 
2045 15 2913 293 
2046 2993 4108 2484 
2047 731 1402 896 
2048 1475 1750 1749 
2049 48 2915 289 
2050 120 2866 330 
2051 1912 1913 1415 
2052 745 2702 743 
2053 1955 4015 2595 
2054 743 840 741 
2055 1779 2273 1928 
2056 611 618 610 
2057 2698 3525 3008 
2058 580 602 578 
2059 2763 3050 895 
2060 2585 3660 1059 
2061 1598 2124 2081 
2062 1497 2220 1496 
2063 1030 2558 1046 
2064 1409 1483 1408 
2065 2703 4069 2702 
2066 2638 2639 2637 
2067 1479 1598 1421 
2068 1630 1876 1632 
2069 2697 2698 874 
2070 2188 3559 3151 
2071 987 2585 985 
2072 714 2867 711 
2073 2648 3004 2645 
2074 3394 4084 3241 
2075 2360 2388 2363 
2076 2668 4018 2672 
2077 1011 2853 1010 
2078 943 2702 745 
2079 385 403 383 
2080 329 2793 126 
2081 1283 1496 566 
2082 371 375 368 
2083 2863 2865 2864 
2084 445 615 443 
2085 2547 2550 2549 
2086 3607 3818 2384 
2087 2548 2815 2546 
2088 1784 1785 1783 
2089 2285 2286 1903 
2090 335 3122 3117 
2091 1761 1931 1762 
2092 2221 2883 2882 
2093 3510 3834 2224 
2094 663 2691 661 
2095 1427 1581 1426 
2096 472 1171 470 
2097 1489 3043 3042 
2098 1045 1051 1043 
2099 1834 2405 2105 
2100 1807 2783 1809 
2101 2592 4159 2532 
2102 3683 3936 2746 
2103 2468 2977 2465 
2104 3691 3736 1470 
2105 2574 3785 331 
2106 1237 1302 1236 
2107 840 2578 741 
2108 2706 3177 2754 
2109 537 616 535 
2110 1582 1755 1581 
2111 1303 1436 1302 
2112 947 1203 946 
2113 1283 1497 1496 
2114 1892 2162 1890 
2115 2030 3037 2856 
2116 998 1000 997 
2117 1048 2585 987 
2118 794 2138 793 
2119 2360 4124 2388 
2120 2996 3816 2264 
2121 340 341 339 
2122 1752 2169 1753 
2123 484 2704 482 
2124 945 946 944 
2125 2784 2785 2783 
2126 1728 1731 1726 
2127 3904 3923 2787 
2128 1484 1651 1483 
2129 2065 2733 1716 
2130 1825 2415 1826 
2131 829 2637 827 
2132 989 1048 987 
2133 2918 2934 1145 
2134 3105 4047 2576 
2135 1074 2855 1072 
2136 390 3739 388 
2137 2762 4041 3823 
2138 1750 1752 1751 
2139 1211 2974 1911 
2140 1400 1421 1171 
2141 2353 3528 3444 
2142 1771 2398 2397 
2143 861 2945 859 
2144 1894 2617 1892 
2145 1809 1946 1811 
2146 981 2531 1062 
2147 1881 1884 1883 
2148 3211 4026 2528 
2149 1844 2577 1867 
2150 825 2581 823 
2151 694 3870 3103 
2152 2465 2977 2467 
2153 371 895 375 
2154 709 1232 708 
2155 129 2970 290 
2156 813 2680 810 
2157 827 832 825 
2158 2447 4162 2448 
2159 1754 3795 3286 
2160 1154 1172 1153 
2161 448 2611 445 
2162 667 2683 665 
2163 895 898 375 
2164 589 2992 587 
2165 68 3184 67 
2166 944 2637 829 
2167 3269 3688 3268 
2168 3251 3430 2072 
2169 718 4119 3799 
2170 290 2872 128 
2171 2607 3650 3140 
2172 2864 3646 1877 
2173 540 2519 537 
2174 1039 1042 1036 
2175 1003 2848 1001 
2176 2168 3720 3110 
2177 2709 2710 2707 
2178 1771 2397 1763 
2179 2705 2706 2704 
2180 695 696 689 
2181 1811 2789 1813 
2182 1515 1761 1760 
2183 922 3866 2570 
2184 781 3611 783 
2185 3151 3559 1094 
2186 630 631 629 
2187 874 2699 737 
2188 2023 2410 2409 
2189 342 343 341 
2190 1090 3767 2976 
2191 587 609 585 
2192 1991 2847 1992 
2193 1767 2409 1730 
2194 393 600 390 
2195 2675 2676 2098 
2196 2314 3304 2315 
2197 632 634 631 
2198 882 944 829 
2199 1838 2880 1459 
2200 2717 2832 2716 
2201 3426 3833 2076 
2202 645 651 644 
2203 635 644 634 
2204 451 932 448 
2205 1568 1825 1788 
2206 2736 3053 2008 
2207 2836 2837 2220 
2208 2068 3590 2069 
2209 2019 2334 2333 
2210 1800 3789 3276 
2211 1454 2799 1635 
2212 1659 2632 2631 
2213 1509 1553 1508 
2214 1881 1883 1879 
2215 343 347 346 
2216 348 349 347 
2217 2685 2991 2686 
2218 1026 2553 1082 
2219 3066 4132 2061 
2220 1236 2728 1238 
2221 1645 2870 2799 
2222 1278 3029 958 
2223 699 704 697 
2224 1784 1847 1785 
2225 2895 3902 2897 
2226 1089 2812 1088 
2227 1896 2063 1894 
2228 363 365 361 
2229 1220 3282 2622 
2230 1151 2812 1089 
2231 2884 3195 302 
2232 1803 3879 2951 
2233 1176 1230 898 
2234 2705 2707 2706 
2235 493 620 491 
2236 1176 1424 1230 
2237 1062 2766 979 
2238 3758 4022 3718 
2239 381 1420 378 
2240 836 3554 3350 
2241 1515 2542 1761 
2242 2776 3241 911 
2243 1898 2712 1896 
2244 895 1176 898 
2245 751 3097 773 
2246 1189 1316 1188 
2247 711 2867 709 
2248 1849 2767 1847 
2249 3385 4191 2821 
2250 605 2862 509 
2251 3720 3867 2304 
2252 2676 3571 2098 
2253 1615 2619 1472 
2254 652 653 651 
2255 1489 1543 1316 
2256 566 2881 559 
2257 1109 2938 1110 
2258 484 2705 2704 
2259 2974 4165 2445 
2260 2008 2324 1711 
2261 1988 2964 1511 
2262 832 2581 825 
2263 1187 1188 414 
2264 542 1342 540 
2265 799 2493 796 
2266 1573 3015 1347 
2267 2727 3154 2480 
2268 1969 2869 2030 
2269 3647 3652 2713 
2270 2729 2730 1817 
2271 1689 2774 1691 
2272 546 614 544 
2273 2475 3012 2474 
2274 830 3962 2440 
2275 358 2740 931 
2276 1851 2768 1849 
2277 665 2683 701 
2278 3110 3720 2304 
2279 2322 2918 1167 
2280 655 3271 2778 
2281 840 2580 2579 
2282 471 472 470 
2283 415 1187 414 
2284 3180 3348 1147 
2285 445 2611 615 
2286 455 612 453 
2287 654 655 653 
2288 3021 3885 1909 
2289 89 3019 303 
2290 3202 3647 2713 
2291 2927 2928 1344 
2292 381 2625 1420 
2293 351 3082 353 
2294 931 3082 356 
2295 2742 3082 931 
2296 2959 3986 3306 
2297 420 2829 417 
2298 771 789 749 
2299 3001 3715 2613 
2300 1503 4003 1793 
2301 754 2821 756 
2302 2533 3089 2534 
2303 1782 1783 1219 
2304 2612 3001 2613 
2305 3276 3789 2317 
2306 956 2636 953 
2307 793 2586 790 
2308 3899 3921 2422 
2309 303 3036 2885 
2310 1766 1767 1730 
2311 1972 2952 1970 
2312 2582 2583 1057 
2313 1345 1645 1454 
2314 1323 3731 3178 
2315 1478 1739 1738 
2316 1890 2943 1841 
2317 3168 3735 2138 
2318 396 2682 393 
2319 3118 3574 2957 
2320 2521 3594 3108 
2321 2741 2748 2742 
2322 747 943 745 
2323 1497 2836 2220 
2324 2561 4123 2560 
2325 2908 3164 2910 
2326 2174 2949 2451 
2327 2940 2941 1959 
2328 2710 3518 2838 
2329 701 2691 663 
2330 496 2765 493 
2331 1782 1784 1783 
2332 537 2519 616 
2333 1588 2729 1817 
2334 1051 2533 1043 
2335 1326 3246 1172 
2336 2249 2787 2248 
2337 1902 1903 1479 
2338 2495 2497 843 
2339 325 340 339 
2340 2269 2270 1898 
2341 1946 2789 1811 
2342 1405 1406 1403 
2343 656 657 655 
2344 1173 1326 1172 
2345 2614 4062 3344 
2346 603 2921 551 
2347 2738 3471 2491 
2348 399 897 396 
2349 1911 2367 2366 
2350 2056 2057 1526 
2351 2566 2568 2567 
2352 1561 2784 1807 
2353 3579 3870 2398 
2354 2067 2774 1689 
2355 358 931 356 
2356 2334 2948 2444 
2357 996 997 993 
2358 2270 2712 1898 
2359 2124 2984 2983 
2360 2581 3671 875 
2361 1915 2780 1764 
2362 1371 2726 1834 
2363 1892 2617 2162 
2364 724 3049 722 
2365 2377 2378 2122 
2366 1853 2329 1851 
2367 1478 1738 1468 
2368 1911 2366 1910 
2369 707 708 705 
2370 2284 2285 1903 
2371 2990 4093 299 
2372 2318 4044 2591 
2373 453 2679 451 
2374 1588 1817 1424 
2375 328 2909 2906 
2376 792 793 790 
2377 2544 3755 2175 
2378 2386 4093 2990 
2379 1327 1349 1326 
2380 528 2769 526 
2381 1090 4064 3767 
2382 605 3952 2802 
2383 1877 4057 2864 
2384 708 2612 705 
2385 2136 2765 496 
2386 957 959 956 
2387 2448 2449 1820 
2388 1866 2722 1701 
2389 509 2862 507 
2390 578 2817 576 
2391 800 801 799 
2392 1056 1057 1054 
2393 112 2911 111 
2394 1581 2594 1426 
2395 628 629 626 
2396 417 2829 415 
2397 1825 1826 1788 
2398 2644 3311 2673 
2399 2952 2953 2359 
2400 3344 3702 696 
2401 1340 4000 2827 
2402 1169 4200 3004 
2403 2155 2620 2619 
2404 408 409 405 
2405 505 621 502 
2406 1462 1476 1461 
2407 2415 2416 1826 
2408 498 2136 496 
2409 1150 1151 1089 
2410 3024 3025 286 
2411 1668 3185 1981 
2412 3034 3426 409 
2413 451 2679 932 
2414 837 3535 2786 
2415 1597 3492 3470 
2416 2804 2805 1937 
2417 1708 2455 2454 
2418 2141 2157 2057 
2419 2059 3758 3718 
2420 3022 3614 2118 
2421 1328 2794 1772 
2422 2257 3013 1595 
2423 3399 3612 2518 
2424 393 2682 600 
2425 299 4093 2422 
2426 2355 4180 3025 
2427 1849 2768 2767 
2428 3608 3740 1865 
2429 3020 3021 3019 
2430 314 3786 2725 
2431 2271 3589 3202 
2432 479 480 478 
2433 2472 3840 2471 
2434 723 724 722 
2435 1521 3260 3054 
2436 1739 4179 2714 
2437 1238 1287 1239 
2438 2131 3175 1160 
2439 351 353 349 
2440 2466 3910 2468 
2441 2769 2770 526 
2442 760 2776 762 
2443 1168 2131 1160 
2444 2477 4149 2475 
2445 2271 3202 2270 
2446 412 414 410 
2447 2329 4107 2768 
2448 598 610 592 
2449 889 1782 1219 
2450 1568 1788 1375 
2451 1785 2342 1786 
2452 1211 1911 1910 
2453 1514 2756 2543 
2454 1735 2463 2462 
2455 620 4155 491 
2456 1855 2827 1853 
2457 2656 3033 2674 
2458 304 3333 2896 
2459 758 938 760 
2460 1438 1439 1170 
2461 1645 2799 1454 
2462 1697 2723 2718 
2463 378 2762 374 
2464 1491 1568 1375 
2465 3005 3950 1503 
2466 1066 2442 971 
2467 3041 3214 2470 
2468 2421 3899 2422 
2469 3202 3589 1194 
2470 871 3261 2942 
2471 350 351 349 
2472 2580 4069 1789 
2473 1779 1928 1780 
2474 1285 1614 1472 
2475 960 961 959 
2476 1502 1576 1501 
2477 1870 1872 1871 
2478 1655 2630 2629 
2479 2668 4114 4018 
2480 1872 2093 1874 
2481 951 952 949 
2482 943 2788 2703 
2483 997 2678 993 
2484 3251 4178 304 
2485 625 2933 831 
2486 798 799 796 
2487 1867 2576 2575 
2488 2178 3875 2835 
2489 481 482 480 
2490 1256 1269 1254 
2491 1332 1641 1330 
2492 2757 4031 1901 
2493 2504 2782 2507 
2494 1755 2841 2693 
2495 464 465 462 
2496 1814 3194 2791 
2497 1479 2833 1598 
2498 3014 3843 2579 
2499 752 1078 754 
2500 892 2927 1344 
2501 2403 4046 2442 
2502 658 659 657 
2503 30 3024 286 
2504 962 1289 961 
2505 1005 1006 1003 
2506 648 3267 1924 
2507 2291 2960 2290 
2508 1776 2621 1779 
2509 1539 1540 1406 
2510 3004 3311 2644 
2511 362 363 361 
2512 2707 2838 2706 
2513 359 361 358 
2514 1460 1815 1814 
2515 2155 3712 2620 
2516 2846 2847 1991 
2517 1391 3272 1823 
2518 2290 3150 3077 
2519 1157 1870 1869 
2520 357 358 356 
2521 3175 3220 1164 
2522 1292 1585 1584 
2523 1815 1991 1816 
2524 1373 1478 1468 
2525 2056 3045 2141 
2526 682 3104 672 
2527 340 342 341 
2528 1252 1417 1250 
2529 1950 2940 1959 
2530 1495 3298 677 
2531 335 3117 3116 
2532 355 356 351 
2533 483 484 482 
2534 883 2492 805 
2535 1733 2248 1512 
2536 419 420 417 
2537 2401 2880 1838 
2538 2177 3467 3219 
2539 1744 3666 2883 
2540 1857 2828 1855 
2541 2455 2458 2457 
2542 1654 1655 1652 
2543 877 2806 889 
2544 551 2921 549 
2545 1473 1522 1474 
2546 2657 3033 2656 
2547 806 807 805 
2548 2499 3220 3175 
2549 480 2571 478 
2550 1507 1508 1437 
2551 2957 3574 2956 
2552 1577 1843 1576 
2553 1373 1468 1335 
2554 2507 2781 2509 
2555 776 2797 1090 
2556 3157 3158 1490 
2557 2644 2673 2642 
2558 67 3405 66 
2559 2223 2994 2176 
2560 889 1219 890 
2561 2509 2761 2511 
2562 2517 3699 2516 
2563 1477 1558 1476 
2564 2960 4101 3150 
2565 975 3575 973 
2566 2133 3477 3015 
2567 2379 2380 1932 
2568 2621 2844 2273 
2569 301 2893 2892 
2570 1080 1328 1079 
2571 1078 2821 754 
2572 478 2904 473 
2573 343 348 347 
2574 3031 3771 1291 
2575 941 1168 1160 
2576 527 528 526 
2577 890 2927 892 
2578 2927 2929 2928 
2579 762 911 764 
2580 343 346 341 
2581 1262 1291 1260 
2582 955 956 953 
2583 3323 3827 3021 
2584 835 2806 877 
2585 2399 2828 1857 
2586 1863 2524 2523 
2587 725 726 724 
2588 1328 1772 1079 
2589 2450 3813 434 
2590 473 2904 472 
2591 585 3032 583 
2592 883 3284 2492 
2593 553 603 551 
2594 776 1090 835 
2595 2133 2845 1815 
2596 1556 1557 1554 
2597 1859 2399 1857 
2598 3470 3492 2166 
2599 764 2797 776 
2600 1873 2839 1872 
2601 1511 2964 1603 
2602 1847 2861 1785 
2603 529 530 528 
2604 364 366 363 
2605 2677 2780 1915 
2606 370 371 368 
2607 367 368 366 
2608 1007 2850 1006 
2609 877 889 886 
2610 2869 3037 2030 
2611 1415 3038 1366 
2612 512 605 509 
2613 1585 1673 1672 
2614 1143 1460 1142 
2615 1437 2591 1436 
2616 1009 1010 1007 
2617 2195 4173 2540 
2618 1287 1381 1288 
2619 449 3681 2804 
2620 2175 2176 1900 
2621 717 718 715 
2622 2511 2761 2518 
2623 3117 3122 3119 
2624 964 3002 962 
2625 929 3645 2608 
2626 2924 3904 2787 
2627 1899 1900 1540 
2628 1844 1867 1843 
2629 1334 1335 1332 
2630 2714 3193 2715 
2631 1331 1332 1330 
2632 638 3303 1551 
2633 713 714 711 
2634 1876 1932 1632 
2635 3521 4015 477 
2636 2534 2535 1042 
2637 1443 1485 1444 
2638 1107 1157 1109 
2639 1487 4181 2444 
2640 403 3995 2625 
2641 2124 2983 2081 
2642 1329 1330 1328 
2643 937 3784 2432 
2644 2652 2662 2650 
2645 1353 2981 1350 
2646 2587 2588 789 
2647 2486 2903 1990 
2648 3095 3096 3094 
2649 1559 1707 1558 
2650 2009 3674 2577 
2651 32 3027 31 
2652 727 729 726 
2653 1878 1879 1497 
2654 1019 1020 1018 
2655 2895 2897 2893 
2656 2507 2782 2781 
2657 1422 1835 1636 
2658 695 697 696 
2659 316 3116 2957 
2660 3257 3356 2034 
2661 1921 2070 1923 
2662 2740 2741 931 
2663 2843 2879 1248 
2664 2041 2487 2039 
2665 1522 1524 1523 
2666 938 2776 760 
2667 1354 1355 1353 
2668 401 3644 2443 
2669 2547 2549 1504 
2670 2596 3930 287 
2671 1673 1675 1674 
2672 469 470 466 
2673 1434 3029 1278 
2674 531 533 530 
2675 2730 2732 2731 
2676 2928 3758 1344 
2677 3036 3199 2885 
2678 3091 3094 3093 
2679 1652 2628 1651 
2680 2061 4132 2758 
2681 315 3605 134 
2682 2511 2518 2513 
2683 2923 3701 3607 
2684 1662 1663 1660 
2685 1996 3035 1998 
2686 1460 2934 2133 
2687 2348 3570 2842 
2688 1823 2779 2428 
2689 660 661 659 
2690 1614 1916 1615 
2691 1738 1908 1773 
2692 1658 1659 1656 
2693 2458 4024 3052 
2694 567 1283 566 
2695 2347 2818 2344 
2696 967 3002 964 
2697 1425 1588 1424 
2698 2734 3689 2733 
2699 1010 2853 2851 
2700 2269 2271 2270 
2701 814 815 813 
2702 572 2939 569 
2703 1598 2081 1599 
2704 3145 3786 314 
2705 3002 3039 1289 
2706 3177 3178 2393 
2707 1381 1412 1382 
2708 1776 1779 1778 
2709 1321 3022 2118 
2710 2381 2382 2347 
2711 581 3356 3257 
2712 2906 2909 2907 
2713 1416 2589 1153 
2714 1018 2968 1015 
2715 109 3196 108 
2716 873 935 869 
2717 1312 1375 1264 
2718 935 3201 869 
2719 1290 3399 2761 
2720 1347 3015 1547 
2721 1406 3211 1403 
2722 1045 1052 1051 
2723 3033 3554 2674 
2724 1064 1389 1202 
2725 1238 2728 1487 
2726 2469 2470 2466 
2727 1807 2784 2783 
2728 1250 2843 1248 
2729 3161 3312 1988 
2730 1904 2404 1861 
2731 1460 1814 1142 
2732 1164 1324 1165 
2733 1874 2813 1921 
2734 420 3515 2829 
2735 1934 1937 1936 
2736 1872 1874 1871 
2737 3003 3004 2648 
2738 1764 1771 1763 
2739 602 2817 578 
2740 1870 1871 1869 
2741 1412 1428 1413 
2742 1461 4195 1438 
2743 1514 1515 1439 
2744 1992 2434 1994 
2745 972 973 971 
2746 475 478 473 
2747 2613 2614 704 
2748 721 722 719 
2749 1475 1749 1293 
2750 1923 2803 1934 
2751 2692 3286 2690 
2752 2162 2943 1890 
2753 3806 3954 2396 
2754 2224 4087 3510 
2755 2335 3029 1434 
2756 1039 1043 1042 
2757 1234 2926 1237 
2758 1524 1616 1525 
2759 1969 2030 1545 
2760 36 3116 316 
2761 867 1836 865 
2762 867 3201 1836 
2763 730 731 729 
2764 1589 1763 1588 
2765 1946 2944 2790 
2766 1398 3183 1600 
2767 2359 2869 1969 
2768 2314 2315 2298 
2769 1675 1677 1676 
2770 816 817 815 
2771 804 805 802 
2772 1211 1910 1212 
2773 1884 4087 2224 
2774 3019 3046 303 
2775 1230 1345 1231 
2776 1834 2726 2405 
2777 1880 1881 1879 
2778 2784 2786 2785 
2779 2656 2671 2654 
2780 1798 2362 2361 
2781 4077 4157 1305 
2782 3081 3884 486 
2783 1118 1126 1120 
2784 2356 3956 2519 
2785 335 3116 37 
2786 1157 1869 1109 
2787 1087 1142 910 
2788 2344 2345 2114 
2789 1980 2834 1977 
2790 670 2868 752 
2791 3808 4173 2195 
2792 55 338 304 
2793 22 2884 302 
2794 1449 2988 1528 
2795 87 2885 327 
2796 347 1422 346 
2797 941 1160 942 
2798 24 2886 322 
2799 330 2887 119 
2800 974 975 973 
2801 1139 1211 1140 
2802 1374 1787 1519 
2803 1886 3115 1592 
2804 2114 2824 2112 
2805 2983 3700 833 
2806 2263 2318 1791 
2807 841 1079 702 
2808 3157 3515 2217 
2809 59 2890 300 
2810 2057 3246 1526 
2811 1230 2999 1345 
2812 2382 2818 2347 
2813 1743 3211 1406 
2814 882 945 944 
2815 326 2888 27 
2816 50 2891 332 
2817 1110 2938 1113 
2818 116 2898 328 
2819 577 578 576 
2820 2474 3781 2472 
2821 1205 1427 1426 
2822 619 626 625 
2823 2630 2925 2629 
2824 380 381 378 
2825 2112 2178 1980 
2826 1787 2922 1519 
2827 2545 4118 2544 
2828 1616 1618 1617 
2829 3275 3924 1981 
2830 2860 2930 1157 
2831 2790 3562 2789 
2832 1214 3007 1471 
2833 1815 1816 1814 
2834 3976 3991 3406 
2835 1083 3085 1085 
2836 1189 1490 1489 
2837 331 2905 82 
2838 2774 3105 1691 
2839 611 619 618 
2840 1968 2094 1967 
2841 328 2906 115 
2842 323 2913 16 
2843 683 3295 3090 
2844 1957 2110 2109 
2845 1113 1147 1116 
2846 332 2915 49 
2847 3222 3562 2095 
2848 1554 2675 1553 
2849 1485 1564 1486 
2850 288 2914 62 
2851 338 3251 304 
2852 2710 2838 2707 
2853 1372 1373 1335 
2854 933 3205 1343 
2855 625 3568 2933 
2856 3140 3141 3138 
2857 90 3020 3019 
2858 1234 1237 1236 
2859 892 1344 894 
2860 1122 1127 1125 
2861 1352 1353 1350 
2862 1755 2693 2354 
2863 1104 2860 1107 
2864 382 383 381 
2865 865 2945 861 
2866 3241 4084 911 
2867 1574 2808 2338 
2868 2944 3483 2790 
2869 410 3034 409 
2870 2442 4046 967 
2871 1977 2414 1975 
2872 1324 2244 1664 
2873 2814 3412 1306 
2874 783 937 785 
2875 3522 4085 2898 
2876 2070 2803 1923 
2877 2708 2709 2707 
2878 2626 3556 2455 
2879 408 410 409 
2880 1598 2833 2124 
2881 1564 1566 1565 
2882 2169 2901 2170 
2883 1991 1992 1816 
2884 2232 2322 1167 
2885 910 2791 873 
2886 1025 1026 1024 
2887 818 819 817 
2888 1212 3007 1214 
2889 3089 3753 2534 
2890 2779 3148 2428 
2891 305 2866 121 
2892 2767 2861 1847 
2893 1709 1710 1407 
2894 52 2894 301 
2895 1998 2385 2173 
2896 604 2769 528 
2897 2673 3387 2642 
2898 2237 3995 2313 
2899 2228 3173 1943 
2900 1471 1503 1492 
2901 2369 3677 2139 
2902 1966 1967 1886 
2903 598 611 610 
2904 1677 1679 1678 
2905 2545 3596 3075 
2906 384 385 383 
2907 2650 3003 2648 
2908 1356 1357 1355 
2909 3074 3607 2384 
2910 1436 2591 1742 
2911 19 2871 297 
2912 1174 2582 1060 
2913 579 580 578 
2914 699 705 704 
2915 1139 2974 1211 
2916 2030 2856 2855 
2917 125 2793 294 
2918 1136 2975 1139 
2919 1576 4206 1501 
2920 1637 3646 2865 
2921 1131 3888 2573 
2922 1167 2918 1145 
2923 1950 1959 1958 
2924 314 3752 3145 
2925 1389 1409 1408 
2926 2580 3014 2579 
2927 534 535 533 
2928 2360 2363 1781 
2929 1740 2335 1434 
2930 435 436 434 
2931 1921 2813 2070 
2932 2517 3780 3636 
2933 3090 3091 1276 
2934 348 350 349 
2935 810 2680 808 
2936 572 3398 2939 
2937 2041 3336 2487 
2938 1006 2850 2849 
2939 3268 3688 2191 
2940 2290 3077 2281 
2941 1768 1918 1842 
2942 1918 2349 2046 
2943 1128 1131 1130 
2944 1651 2628 2548 
2945 2907 2908 291 
2946 412 415 414 
2947 1834 2105 2104 
2948 2354 4015 1955 
2949 1118 3281 1126 
2950 1807 1809 1808 
2951 888 2826 941 
2952 1441 3319 1174 
2953 934 3205 933 
2954 1400 1902 1479 
2955 1618 1620 1619 
2956 3543 3788 932 
2957 3204 3473 2296 
2958 2616 4096 1269 
2959 1859 2796 2399 
2960 1929 2208 2207 
2961 1994 2932 1996 
2962 1428 1440 1429 
2963 2854 3515 3157 
2964 2383 3246 2057 
2965 467 4152 3925 
2966 576 3047 573 
2967 873 2791 935 
2968 2181 2264 1883 
2969 1977 2834 2414 
2970 1460 2133 1815 
2971 4141 4172 2835 
2972 2345 2824 2114 
2973 1948 2940 1950 
2974 1375 2798 1264 
2975 838 2493 799 
2976 996 998 997 
2977 1937 2171 1936 
2978 3335 3607 3074 
2979 1988 3312 2965 
2980 1427 1582 1581 
2981 1870 1873 1872 
2982 1848 1849 1847 
2983 2656 2674 2671 
2984 387 388 385 
2985 1063 2636 956 
2986 2977 3760 2467 
2987 291 2910 113 
2988 127 2872 329 
2989 2434 2932 1994 
2990 2706 2754 2704 
2991 441 2947 437 
2992 2755 3829 3551 
2993 2336 2958 2294 
2994 1164 3220 1324 
2995 490 491 489 
2996 1713 1714 1712 
2997 1809 1811 1810 
2998 1132 1135 1134 
2999 820 821 819 
3000 1001 3317 1000 
3001 2664 2667 2660 
3002 1679 1681 1680 
3003 333 3221 2890 
3004 146 3450 3012 
3005 2234 3863 2110 
3006 2577 3674 3105 
3007 2818 4139 2819 
3008 3090 3095 3091 
3009 1766 1768 1767 
3010 3590 3667 2794 
3011 901 1093 1092 
3012 559 2881 555 
3013 2600 2608 2603 
3014 1861 2796 1859 
3015 2330 3415 3255 
3016 1358 1359 1357 
3017 1017 1018 1015 
3018 22 302 21 
3019 89 303 88 
3020 55 304 54 
3021 122 305 121 
3022 792 794 793 
3023 1543 2963 2962 
3024 1582 2841 1755 
3025 771 790 789 
3026 1785 1786 1783 
3027 57 325 56 
3028 24 322 23 
3029 87 327 86 
3030 120 330 119 
3031 2960 3150 2290 
3032 1136 1139 1138 
3033 966 967 964 
3034 2313 2677 1915 
3035 19 297 18 
3036 92 296 91 
3037 945 947 946 
3038 52 301 51 
3039 59 300 58 
3040 85 299 84 
3041 26 298 25 
3042 2835 3875 3708 
3043 3085 3086 2257 
3044 118 295 117 
3045 125 294 124 
3046 788 887 848 
3047 1417 2843 1250 
3048 3137 3140 3138 
3049 1013 1014 1011 
3050 998 1001 1000 
3051 3193 3604 2715 
3052 1948 3205 2940 
3053 1096 1099 1098 
3054 707 709 708 
3055 28 326 27 
3056 83 331 82 
3057 3383 3466 3086 
3058 94 324 93 
3059 17 323 16 
3060 2654 3179 2652 
3061 127 329 126 
3062 116 328 115 
3063 50 332 49 
3064 61 333 60 
3065 1147 3281 1116 
3066 1975 2952 1972 
3067 1079 2830 702 
3068 1757 3013 2433 
3069 672 3104 936 
3070 1409 1484 1483 
3071 812 813 810 
3072 752 754 753 
3073 1681 1683 1682 
3074 1761 1762 1760 
3075 2586 3770 2587 
3076 312 3256 3191 
3077 30 286 29 
3078 81 287 80 
3079 1750 1751 1749 
3080 129 290 128 
3081 114 291 113 
3082 2778 3271 2167 
3083 96 292 95 
3084 15 293 14 
3085 63 288 62 
3086 48 289 47 
3087 1545 2855 1074 
3088 1595 3013 1757 
3089 1491 1583 1568 
3090 1061 1089 1088 
3091 2439 3777 465 
3092 1058 1061 1060 
3093 3091 3095 3094 
3094 685 3090 1276 
3095 1161 3175 1164 
3096 1161 1164 1163 
3097 1214 1471 1309 
3098 2019 2333 1741 
3099 565 566 559 
3100 1113 2938 1147 
3101 389 390 388 
3102 433 434 431 
3103 628 630 629 
3104 428 429 426 
3105 1232 2926 1234 
3106 2859 3952 605 
3107 90 3019 89 
3108 1553 2675 2098 
3109 544 3297 542 
3110 317 3389 2917 
3111 424 425 421 
3112 1237 1303 1302 
3113 464 466 465 
3114 1085 3085 1593 
3115 1143 2934 1460 
3116 2281 3077 2279 
3117 3164 3485 2912 
3118 1056 1058 1057 
3119 3322 4087 1884 
3120 970 971 968 
3121 736 737 735 
3122 2943 3135 2106 
3123 536 537 535 
3124 1823 2428 1942 
3125 1360 1361 1359 
3126 2909 4150 2320 
3127 2176 2994 2396 
3128 629 3568 626 
3129 2593 4159 2592 
3130 1087 1143 1142 
3131 1761 2542 2160 
3132 2964 2965 2089 
3133 323 3233 2913 
3134 2294 2960 2291 
3135 1839 2106 1838 
3136 1902 2284 1903 
3137 2969 2970 130 
3138 2082 2085 2084 
3139 2285 2393 2392 
3140 471 473 472 
3141 1312 1491 1375 
3142 516 1399 514 
3143 2660 3033 2657 
3144 1420 2762 378 
3145 2124 4115 2984 
3146 2643 2644 2642 
3147 1127 1128 1125 
3148 1561 1807 1806 
3149 609 3032 585 
3150 1152 1154 1153 
3151 1606 2089 1608 
3152 613 2571 480 
3153 442 443 441 
3154 2416 2501 2417 
3155 1150 1152 1151 
3156 575 576 573 
3157 1752 1753 1751 
3158 2381 3181 2382 
3159 2327 4099 2972 
3160 1697 1699 1698 
3161 377 378 374 
3162 571 572 569 
3163 2208 3707 3129 
3164 1439 3284 1170 
3165 2220 2221 1496 
3166 2994 2995 2396 
3167 2336 2959 2958 
3168 1107 2860 1157 
3169 293 2967 14 
3170 2023 2409 1767 
3171 598 3060 611 
3172 356 3082 351 
3173 1283 2939 1878 
3174 888 941 940 
3175 1023 1024 1021 
3176 1836 2945 865 
3177 1345 1454 1346 
3178 889 890 886 
3179 3246 4175 1172 
3180 2749 3190 2742 
3181 469 471 470 
3182 492 493 491 
3183 2323 2586 793 
3184 2610 3900 297 
3185 1284 3172 2025 
3186 662 663 661 
3187 525 526 521 
3188 3006 3069 422 
3189 3137 3138 321 
3190 841 1080 1079 
3191 388 3585 385 
3192 582 583 580 
3193 1027 1028 1026 
3194 1371 1834 1518 
3195 2932 3035 1996 
3196 1303 1437 1436 
3197 488 489 485 
3198 630 632 631 
3199 1715 1716 1714 
3200 1958 2303 1960 
3201 1779 2621 2273 
3202 3469 3762 2732 
3203 3374 4139 4092 
3204 2169 2170 1753 
3205 3781 3840 2472 
3206 414 3034 410 
3207 1449 3162 2988 
3208 2608 2609 2603 
3209 538 540 537 
3210 2016 3775 2498 
3211 822 823 821 
3212 1950 1958 1951 
3213 980 981 979 
3214 1699 1701 1700 
3215 754 756 755 
3216 3306 3986 3000 
3217 951 953 952 
3218 2860 3576 2930 
3219 645 652 651 
3220 632 635 634 
3221 635 645 644 
3222 1080 1329 1328 
3223 327 2990 86 
3224 78 3146 307 
3225 1249 1250 1248 
3226 1668 1981 1962 
3227 839 3049 724 
3228 2747 2748 2741 
3229 1970 2359 1969 
3230 1190 3162 1192 
3231 549 3229 546 
3232 1948 1950 1949 
3233 1180 3161 1196 
3234 1546 1969 1545 
3235 1620 1622 1621 
3236 752 2868 1078 
3237 1683 1685 1684 
3238 2092 3683 2746 
3239 1484 1652 1651 
3240 1454 1635 1455 
3241 2649 2650 2648 
3242 1504 2551 1408 
3243 2405 3103 2105 
3244 1600 2201 1601 
3245 1528 2988 1531 
3246 1955 2594 1581 
3247 1891 1892 1890 
3248 2778 3149 679 
3249 328 3182 2909 
3250 1251 1252 1250 
3251 1531 2331 1533 
3252 756 758 757 
3253 1285 3310 1614 
3254 444 445 443 
3255 2838 3177 2706 
3256 1593 3085 2257 
3257 2662 3003 2650 
3258 3753 4040 2534 
3259 3473 4120 292 
3260 1850 1851 1849 
3261 1608 3000 1611 
3262 1603 2964 1606 
3263 967 3920 3002 
3264 758 760 759 
3265 3712 3941 2620 
3266 738 739 737 
3267 3400 3513 3166 
3268 1107 1109 1108 
3269 2247 2420 2387 
3270 1363 1364 1361 
3271 2695 4190 3594 
3272 2651 2652 2650 
3273 350 355 351 
3274 2165 3797 2991 
3275 2987 3331 1912 
3276 1733 2249 2248 
3277 652 654 653 
3278 541 542 540 
3279 2334 2444 2333 
3280 1331 1334 1332 
3281 654 656 655 
3282 1345 2999 1645 
3283 2802 3809 605 
3284 1717 1718 1716 
3285 3493 3736 3691 
3286 2424 2764 2286 
3287 1893 1894 1892 
3288 1663 3238 2810 
3289 57 2998 325 
3290 1329 1331 1330 
3291 2089 3000 1608 
3292 2414 2952 1975 
3293 1233 2612 708 
3294 2667 3033 2660 
3295 2411 3801 2412 
3296 2198 2278 2052 
3297 3715 4207 2613 
3298 1131 1132 1130 
3299 1005 1007 1006 
3300 982 983 981 
3301 1238 1239 1235 
3302 2155 2619 1615 
3303 392 393 390 
3304 584 585 583 
3305 447 448 445 
3306 1391 1823 1393 
3307 1029 1030 1028 
3308 1366 3038 1537 
3309 1593 2257 1595 
3310 2754 4066 613 
3311 1638 1838 1459 
3312 2825 4110 1641 
3313 2921 3977 2086 
3314 2501 2503 2502 
3315 2613 2997 2614 
3316 3121 3802 3120 
3317 31 3024 30 
3318 1531 2988 2331 
3319 1811 1813 1812 
3320 657 4106 655 
3321 2730 2731 1817 
3322 2839 3688 3269 
3323 3024 3026 3025 
3324 437 2947 436 
3325 1738 1773 1468 
3326 475 479 478 
3327 1062 3602 2766 
3328 479 481 480 
3329 429 3255 426 
3330 760 762 761 
3331 2118 2121 2119 
3332 2958 2960 2294 
3333 1507 1509 1508 
3334 1779 1780 1778 
3335 1967 3115 1886 
3336 130 2970 129 
3337 664 665 663 
3338 2641 2642 2193 
3339 3209 3973 778 
3340 359 362 361 
3341 357 359 358 
3342 1335 3288 1332 
3343 831 3733 618 
3344 2249 2924 2787 
3345 533 3552 530 
3346 2030 2855 1545 
3347 1567 1697 1696 
3348 440 441 437 
3349 2910 3164 2911 
3350 2647 2648 2645 
3351 2054 2191 2156 
3352 3101 4074 2550 
3353 355 357 356 
3354 363 3783 365 
3355 955 957 956 
3356 470 3597 466 
3357 450 451 448 
3358 88 2885 87 
3359 717 719 718 
3360 56 338 55 
3361 23 2884 22 
3362 1230 1231 898 
3363 25 2886 24 
3364 119 2887 118 
3365 713 715 714 
3366 51 2891 50 
3367 27 2888 26 
3368 866 867 865 
3369 117 2898 116 
3370 841 3102 1080 
3371 655 4106 3271 
3372 1041 2678 997 
3373 2675 3806 2676 
3374 308 2969 131 
3375 2314 3879 3304 
3376 91 3020 90 
3377 60 2890 59 
3378 1031 1032 1030 
3379 322 3300 2884 
3380 1176 1425 1424 
3381 2070 3513 2803 
3382 481 483 482 
3383 824 825 823 
3384 62 2914 61 
3385 1685 1687 1686 
3386 1081 3165 1383 
3387 1294 1502 1501 
3388 386 3865 2994 
3389 586 587 585 
3390 395 396 393 
3391 1253 1254 1252 
3392 82 2905 81 
3393 115 2906 114 
3394 535 3591 533 
3395 2202 2440 2204 
3396 16 2913 15 
3397 1874 1921 1920 
3398 49 2915 48 
3399 2059 3679 1647 
3400 1701 1703 1702 
3401 868 869 867 
3402 2729 3174 2730 
3403 75 3137 321 
3404 1100 1103 1102 
3405 1757 2433 1801 
3406 1622 1624 1623 
3407 1160 1161 942 
3408 1068 2533 1051 
3409 1509 1554 1553 
3410 1852 1853 1851 
3411 2847 3974 406 
3412 587 2992 609 
3413 1319 3022 1321 
3414 2527 3546 2067 
3415 1759 3284 1439 
3416 1954 2231 2230 
3417 1774 2377 2122 
3418 1077 1545 1074 
3419 1911 2445 2367 
3420 3092 3219 3097 
3421 1334 1372 1335 
3422 1606 2964 2089 
3423 3026 3054 3025 
3424 1283 1878 1497 
3425 2839 4146 3280 
3426 2653 2654 2652 
3427 375 3717 368 
3428 1976 1977 1975 
3429 2973 3252 855 
3430 656 658 657 
3431 2785 3523 777 
3432 3091 3093 3092 
3433 74 3142 73 
3434 3046 3965 3036 
3435 666 667 665 
3436 304 4178 3333 
3437 443 3603 441 
3438 1952 3152 1954 
3439 734 735 732 
3440 543 544 542 
3441 648 1924 650 
3442 1321 2118 1465 
3443 1398 1600 1411 
3444 1104 1107 1106 
3445 1135 1136 1134 
3446 798 800 799 
3447 1255 1256 1254 
3448 984 985 983 
3449 342 3631 3187 
3450 1292 1584 1065 
3451 592 3436 589 
3452 3274 4014 3842 
3453 1895 1896 1894 
3454 1200 1462 1461 
3455 1192 3162 1449 
3456 2777 3903 317 
3457 1787 3701 2922 
3458 349 2873 347 
3459 3197 4013 2573 
3460 2426 2980 2979 
3461 670 752 687 
3462 3184 3405 67 
3463 1556 2618 1557 
3464 1120 3218 1122 
3465 2040 2041 2039 
3466 419 421 420 
3467 978 979 976 
3468 121 2866 120 
3469 398 399 396 
3470 2894 2895 2893 
3471 3185 3275 1981 
3472 452 453 451 
3473 1350 2981 1349 
3474 2615 3835 2066 
3475 692 3097 751 
3476 3097 3219 773 
3477 2025 3172 2028 
3478 3136 3140 3137 
3479 1624 1626 1625 
3480 925 3935 2569 
3481 1154 1173 1172 
3482 362 364 363 
3483 1257 1258 1256 
3484 1243 1495 677 
3485 1687 1689 1688 
3486 1443 1444 1206 
3487 671 672 667 
3488 1306 3400 3166 
3489 20 2871 19 
3490 1921 1923 1922 
3491 3178 3912 1323 
3492 2655 2656 2654 
3493 126 2793 125 
3494 2875 2877 2876 
3495 2552 3756 2463 
3496 1093 3151 1094 
3497 1145 2934 1143 
3498 2143 3744 2779 
3499 887 888 848 
3500 2476 2477 2475 
3501 1033 1034 1032 
3502 1015 2968 1014 
3503 1889 1890 1841 
3504 2839 3280 2093 
3505 941 2826 1168 
3506 79 3146 78 
3507 2297 2336 2294 
3508 1295 4092 3860 
3509 2573 3888 3197 
3510 1196 3161 1482 
3511 3084 3640 2361 
3512 2789 3222 1813 
3513 1654 1656 1655 
3514 2038 2039 2036 
3515 1928 1929 1780 
3516 1719 1720 1718 
3517 2289 2290 2281 
3518 545 546 544 
3519 2020 3207 2019 
3520 941 942 940 
3521 1093 1094 1092 
3522 2890 3934 300 
3523 681 682 672 
3524 1113 1116 1114 
3525 2081 2985 2082 
3526 2835 4172 2834 
3527 1587 1948 1947 
3528 1064 3317 1389 
3529 1598 1599 1421 
3530 1078 3385 2821 
3531 1979 1980 1977 
3532 826 827 825 
3533 1365 1366 1364 
3534 1854 1855 1853 
3535 859 1155 857 
3536 1974 1975 1972 
3537 2042 2044 2041 
3538 1738 3761 1908 
3539 1164 1165 1163 
3540 721 723 722 
3541 2177 3219 2045 
3542 2700 3545 1402 
3543 1482 1988 1511 
3544 957 960 959 
3545 307 3136 77 
3546 1869 3180 2938 
3547 740 741 739 
3548 1159 3434 1574 
3549 400 401 399 
3550 683 3090 685 
3551 2705 2708 2707 
3552 342 3187 343 
3553 2014 2261 2260 
3554 131 2969 130 
3555 3049 3230 2142 
3556 483 485 484 
3557 1247 1248 1245 
3558 986 987 985 
3559 1259 1260 1258 
3560 1611 3206 1609 
3561 1312 3130 1491 
3562 3027 3658 3026 
3563 128 2872 127 
3564 1908 2400 1773 
3565 2636 3811 952 
3566 1578 2469 2466 
3567 2771 3506 994 
3568 1606 1608 1607 
3569 364 367 366 
3570 1557 3806 2675 
3571 3189 3243 1186 
3572 1116 1118 1117 
3573 685 1276 692 
3574 2039 3257 2036 
3575 1923 1934 1933 
3576 370 372 371 
3577 367 370 368 
3578 1110 1113 1112 
3579 1173 1327 1326 
3580 2293 2294 2291 
3581 2476 3907 2477 
3582 1324 1664 1165 
3583 548 549 546 
3584 527 529 528 
3585 1473 1474 1286 
3586 2111 2112 1980 
3587 1372 1505 1373 
3588 1649 3817 2200 
3589 31 3027 3024 
3590 1943 3063 1904 
3591 1992 1994 1993 
3592 2948 4204 369 
3593 1211 1212 1140 
3594 1614 3310 2003 
3595 2185 3581 2184 
3596 2449 3853 2756 
3597 2507 2509 2508 
3598 529 531 530 
3599 3117 3118 2957 
3600 762 764 763 
3601 2598 2600 2599 
3602 2385 3529 2173 
3603 2813 3166 2070 
3604 58 2998 57 
3605 872 873 869 
3606 723 725 724 
3607 864 865 861 
3608 326 3969 2809 
3609 525 527 526 
3610 2147 3289 3191 
3611 404 405 401 
3612 2554 3917 2557 
3613 1327 1350 1349 
3614 3495 3899 2421 
3615 3337 3805 590 
3616 313 3147 44 
3617 2856 2857 2855 
3618 3452 3828 604 
3619 3029 4161 3913 
3620 742 743 741 
3621 1897 1898 1896 
3622 1603 1606 1605 
3623 1425 1589 1588 
3624 1626 1628 1627 
3625 3138 3139 321 
3626 1009 1011 1010 
3627 1139 1140 1138 
3628 880 3656 2496 
3629 86 2990 85 
3630 1118 1120 1119 
3631 800 802 801 
3632 369 4024 2948 
3633 2343 2344 2114 
3634 1176 3050 1425 
3635 2113 2114 2112 
3636 2028 2598 2597 
3637 832 3933 2581 
3638 2742 3190 3082 
3639 3726 4110 2825 
3640 781 783 782 
3641 3013 3209 2433 
3642 1482 3161 1988 
3643 3022 3531 3496 
3644 1856 1857 1855 
3645 326 3630 2888 
3646 1383 3165 1542 
3647 1689 1691 1690 
3648 1414 1415 1366 
3649 1471 1492 1309 
3650 1658 1660 1659 
3651 688 689 682 
3652 658 660 659 
3653 2358 3526 838 
3654 3116 3117 2957 
3655 1784 1848 1847 
3656 1878 1880 1879 
3657 2697 4109 1792 
3658 2018 2219 1494 
3659 33 306 32 
3660 909 910 873 
3661 78 307 77 
3662 132 308 131 
3663 111 309 110 
3664 12 311 11 
3665 99 310 98 
3666 45 313 44 
3667 66 312 65 
3668 960 962 961 
3669 3136 3137 76 
3670 3023 3289 2147 
3671 2879 3699 1495 
3672 1954 3152 2231 
3673 3421 3597 1171 
3674 2773 3018 2429 
3675 1517 3342 1370 
3676 988 989 987 
3677 1348 3189 1186 
3678 1721 1722 1720 
3679 64 3289 63 
3680 2504 2507 2506 
3681 1542 2014 2013 
3682 567 2939 1283 
3683 967 4046 3920 
3684 1120 1122 1121 
3685 3018 3240 2429 
3686 573 3047 572 
3687 1589 1764 1763 
3688 2139 3524 1548 
3689 1904 3063 2404 
3690 1740 2807 2335 
3691 2244 2283 1664 
3692 1934 1936 1935 
3693 1772 3653 2830 
3694 751 773 769 
3695 454 455 453 
3696 1099 1100 1098 
3697 3139 3144 3143 
3698 14 2967 13 
3699 783 785 784 
3700 77 3136 76 
3701 1503 1793 1492 
3702 2268 2269 1898 
3703 1542 3165 2014 
3704 1261 1262 1260 
3705 3105 3674 1691 
3706 2509 2511 2510 
3707 2208 2209 2207 
3708 1831 3193 2714 
3709 1950 1951 1949 
3710 2428 2429 1942 
3711 2724 3927 456 
3712 108 3196 319 
3713 1316 1837 1188 
3714 331 3921 2574 
3715 494 496 493 
3716 1086 1087 910 
3717 1958 1960 1951 
3718 2600 2603 2601 
3719 3165 3340 2014 
3720 1994 1996 1995 
3721 1172 4175 1416 
3722 330 3729 2887 
3723 1831 2714 2159 
3724 828 829 827 
3725 1981 2245 1962 
3726 1772 2830 1079 
3727 2477 3907 3125 
3728 1122 1125 1124 
3729 2577 3105 2576 
3730 1875 3189 1348 
3731 2270 3202 2713 
3732 2670 3595 2872 
3733 1788 2798 1375 
3734 2517 3636 3429 
3735 3318 3844 2244 
3736 1979 3233 2111 
3737 1880 1882 1881 
3738 2198 2279 2278 
3739 2875 2876 1835 
3740 689 3702 682 
3741 1823 1942 1393 
3742 1294 3039 1502 
3743 2817 3637 2196 
3744 2346 2347 2344 
3745 804 806 805 
3746 2935 4026 1743 
3747 694 695 689 
3748 2348 2381 2347 
3749 2885 3199 327 
3750 422 3742 3006 
3751 1948 1949 1947 
3752 3198 3605 315 
3753 2218 3820 2500 
3754 3119 3120 3118 
3755 1287 1288 1239 
3756 2646 3970 3861 
3757 774 781 780 
3758 2028 3172 2598 
3759 1543 2962 1316 
3760 881 882 829 
3761 1502 1577 1576 
3762 2420 2421 2387 
3763 2841 3250 2170 
3764 571 573 572 
3765 3191 3256 2147 
3766 1531 1533 1532 
3767 1932 3332 1632 
3768 1608 1611 1609 
3769 744 745 743 
3770 1628 1630 1629 
3771 76 3137 75 
3772 2780 3579 1771 
3773 3158 3892 1813 
3774 725 727 726 
3775 377 380 378 
3776 1516 3060 599 
3777 895 3050 1176 
3778 1723 1724 1722 
3779 2661 2664 2660 
3780 2756 4195 2449 
3781 764 776 775 
3782 2081 2082 1599 
3783 2511 2513 2512 
3784 2004 2841 1582 
3785 990 991 989 
3786 1707 2951 2314 
3787 588 589 587 
3788 1858 1859 1857 
3789 531 534 533 
3790 1263 1264 1262 
3791 1546 1970 1969 
3792 1046 2558 2555 
3793 44 3147 43 
3794 1048 3283 2585 
3795 1462 1477 1476 
3796 407 408 405 
3797 2659 2660 2657 
3798 575 577 576 
3799 2433 3110 1801 
3800 1943 3173 3063 
3801 458 459 455 
3802 321 3142 74 
3803 1528 1531 1530 
3804 3771 3926 1291 
3805 3162 3542 2988 
3806 590 3805 3745 
3807 1966 1968 1967 
3808 565 567 566 
3809 1077 1546 1545 
3810 1707 2314 2298 
3811 2352 3423 1833 
3812 353 2874 2873 
3813 1585 1672 1584 
3814 2748 3837 1463 
3815 373 3320 376 
3816 2600 3565 2608 
3817 311 3386 2920 
3818 411 412 410 
3819 2652 3179 2662 
3820 428 431 429 
3821 3843 4109 2579 
3822 2272 2328 2271 
3823 2708 2711 2709 
3824 2709 3223 2710 
3825 1996 1998 1997 
3826 497 498 496 
3827 319 3170 107 
3828 1343 3205 1587 
3829 752 753 687 
3830 2085 3128 2084 
3831 3605 3669 133 
3832 2416 2417 1826 
3833 1017 1019 1018 
3834 1422 1636 1450 
3835 727 730 729 
3836 1725 1726 1724 
3837 2643 2645 2644 
3838 1280 3239 1952 
3839 461 462 459 
3840 485 3375 484 
3841 1495 3429 3298 
3842 776 835 834 
3843 577 579 578 
3844 1389 3317 1917 
3845 424 426 425 
3846 1019 1021 1020 
3847 107 3170 106 
3848 1533 1535 1534 
3849 1139 2975 2974 
3850 835 877 876 
3851 380 382 381 
3852 341 3430 339 
3853 2279 3815 2278 
3854 3152 3592 2231 
3855 1103 1104 1102 
3856 806 808 807 
3857 550 551 549 
3858 2004 3635 3250 
3859 1860 1861 1859 
3860 3219 3467 773 
3861 894 3186 901 
3862 382 384 383 
3863 1522 1523 1474 
3864 3284 4004 2492 
3865 2641 2643 2642 
3866 698 699 697 
3867 3686 4066 2754 
3868 2539 3656 880 
3869 2208 3129 2209 
3870 2751 3190 2749 
3871 1345 1346 1231 
3872 2513 2515 2514 
3873 877 886 885 
3874 1352 1354 1353 
3875 2219 3248 1494 
3876 1630 1632 1631 
3877 2823 3942 1860 
3878 746 747 745 
3879 785 788 787 
3880 1945 2935 2618 
3881 1107 1108 1106 
3882 1636 2115 1694 
3883 1013 1015 1014 
3884 1466 1912 1415 
3885 499 500 498 
3886 2157 3273 2384 
3887 2847 4154 2434 
3888 416 417 415 
3889 3722 3725 1987 
3890 1577 1844 1843 
3891 2837 3792 2220 
3892 488 490 489 
3893 1035 1036 1034 
3894 2649 2651 2650 
3895 425 3836 2478 
3896 2595 4015 3521 
3897 1998 2173 2172 
3898 75 321 74 
3899 108 319 107 
3900 135 315 134 
3901 9 318 8 
3902 102 317 101 
3903 36 316 35 
3904 42 320 41 
3905 69 314 68 
3906 1289 3039 1294 
3907 2668 2672 2665 
3908 2647 2649 2648 
3909 3442 4030 334 
3910 1673 1674 1672 
3911 384 387 385 
3912 3330 4048 2303 
3913 2978 3760 2977 
3914 3139 3143 3142 
3915 812 814 813 
3916 2173 2971 2961 
3917 1056 3167 1058 
3918 446 3890 2738 
3919 1807 1808 1806 
3920 814 816 815 
3921 754 755 753 
3922 1809 1810 1808 
3923 2515 2517 2516 
3924 1477 1559 1558 
3925 2201 2202 1601 
3926 2727 3675 915 
3927 71 336 70 
3928 104 334 103 
3929 137 337 136 
3930 38 335 37 
3931 1144 1145 1143 
3932 501 502 500 
3933 1316 2962 1837 
3934 3274 3842 2832 
3935 1404 1709 1407 
3936 3183 3240 1600 
3937 2622 4134 2844 
3938 1600 1601 1411 
3939 2676 3997 3571 
3940 2289 2291 2290 
3941 1325 4018 3340 
3942 433 435 434 
3943 1606 1607 1605 
3944 2193 3387 2074 
3945 1834 2104 1518 
3946 65 3191 64 
3947 1128 1130 1129 
3948 1974 1976 1975 
3949 2864 3402 621 
3950 2258 3825 2967 
3951 3406 3991 1008 
3952 1160 3175 1161 
3953 3091 3092 1276 
3954 1403 3211 896 
3955 2684 4199 2685 
3956 1381 1382 1288 
3957 1726 4043 1724 
3958 639 1516 599 
3959 1796 2916 2259 
3960 966 968 967 
3961 680 702 678 
3962 2891 3766 332 
3963 490 492 491 
3964 3117 3119 3118 
3965 3029 3270 958 
3966 1641 3590 2794 
3967 1265 1312 1264 
3968 1044 1045 1043 
3969 3139 3142 321 
3970 3144 3145 3143 
3971 2293 2297 2294 
3972 1862 1904 1861 
3973 2651 2653 2652 
3974 2557 3831 1082 
3975 816 818 817 
3976 972 974 973 
3977 2438 3988 3666 
3978 2020 3963 3207 
3979 627 628 626 
3980 463 464 462 
3981 2303 4089 3330 
3982 504 505 502 
3983 1874 1920 1871 
3984 557 3829 2755 
3985 2591 4044 1742 
3986 1727 1728 1726 
3987 1549 1550 1378 
3988 387 389 388 
3989 1249 1251 1250 
3990 970 972 971 
3991 1392 3299 1279 
3992 3012 3450 2474 
3993 534 536 535 
3994 2014 2260 2013 
3995 1675 1676 1674 
3996 2518 3709 2513 
3997 992 993 991 
3998 1590 3457 2394 
3999 94 3622 324 
4000 1524 1525 1523 
4001 2483 3233 1979 
4002 2721 2722 1866 
4003 1957 2109 1440 
4004 718 3799 715 
4005 1485 1486 1444 
4006 1247 1249 1248 
4007 2176 2396 2187 
4008 47 3527 46 
4009 866 868 867 
4010 1710 1713 1712 
4011 2261 2795 2260 
4012 1945 2618 1556 
4013 2810 3332 1932 
4014 2369 3775 3677 
4015 1848 1850 1849 
4016 3093 4039 2044 
4017 292 3622 95 
4018 506 507 505 
4019 2730 3996 2732 
4020 2741 2742 931 
4021 1801 3110 2304 
4022 3059 4044 2318 
4023 2501 4157 4077 
4024 2653 2655 2654 
4025 1412 1413 1382 
4026 864 866 865 
4027 301 2894 2893 
4028 2226 2792 2225 
4029 1023 1025 1024 
4030 2184 3341 601 
4031 1710 3008 1713 
4032 591 592 589 
4033 1109 1110 1108 
4034 756 757 755 
4035 788 848 847 
4036 1749 3616 2772 
4037 1041 3458 2678 
4038 1860 4042 2823 
4039 418 419 417 
4040 1071 1072 845 
4041 3244 3740 3608 
4042 1612 1796 1795 
4043 758 759 757 
4044 748 749 747 
4045 508 509 507 
4046 2682 3417 600 
4047 2753 3896 240 
4048 465 3897 462 
4049 818 820 819 
4050 579 582 580 
4051 2568 4206 2903 
4052 631 3794 629 
4053 1535 1666 1665 
4054 1773 3288 1468 
4055 1818 2225 1800 
4056 869 3201 867 
4057 1976 1979 1977 
4058 1609 3206 1612 
4059 2364 3871 2807 
4060 730 732 731 
4061 890 892 891 
4062 1038 1039 1036 
4063 353 2873 349 
4064 2717 3274 2832 
4065 703 841 702 
4066 760 761 759 
4067 2342 3618 3581 
4068 948 949 947 
4069 339 3251 338 
4070 1354 1356 1355 
4071 340 2423 342 
4072 1431 2987 1821 
4073 440 442 441 
4074 1166 1167 1145 
4075 1256 4095 1269 
4076 2598 2599 2597 
4077 2735 4188 2736 
4078 1113 1114 1112 
4079 995 996 993 
4080 2276 2746 1875 
4081 879 934 933 
4082 599 3060 598 
4083 2287 2352 1833 
4084 593 598 592 
4085 1559 2951 1707 
4086 1252 4096 1417 
4087 536 538 537 
4088 1666 2239 2238 
4089 2655 2657 2656 
4090 2068 2069 1148 
4091 675 678 641 
4092 2501 2502 2417 
4093 1905 1943 1904 
4094 357 3599 2773 
4095 2983 2985 2081 
4096 1590 2394 2017 
4097 2100 3860 2102 
4098 1992 1993 1816 
4099 2038 2040 2039 
4100 1251 1253 1252 
4101 1608 1609 1607 
4102 334 4030 3787 
4103 1564 1565 1486 
4104 1616 1617 1525 
4105 435 437 436 
4106 660 662 661 
4107 3626 3630 2230 
4108 1210 3231 2055 
4109 1094 1096 1095 
4110 552 553 551 
4111 3262 3932 2436 
4112 1076 3248 1077 
4113 2698 2699 874 
4114 1531 1532 1530 
4115 2368 2369 2139 
4116 3745 3805 3096 
4117 894 901 900 
4118 1693 1800 1315 
4119 892 894 893 
4120 1677 1678 1676 
4121 1317 2232 1167 
4122 706 707 705 
4123 1921 1922 1920 
4124 3015 3477 1547 
4125 150 3057 151 
4126 2136 3370 2765 
4127 2096 3222 2095 
4128 538 541 540 
4129 1566 1567 1565 
4130 1811 1812 1810 
4131 1269 4096 1254 
4132 2157 2384 2383 
4133 2955 2956 2240 
4134 1454 1455 1346 
4135 2669 4114 2668 
4136 1096 1098 1097 
4137 546 3229 614 
4138 820 822 821 
4139 2984 3700 2983 
4140 389 392 390 
4141 1910 4008 3007 
4142 1515 1760 1759 
4143 3769 3929 1770 
4144 174 3076 175 
4145 1533 1534 1532 
4146 2117 2139 1548 
4147 2972 4099 2886 
4148 1979 2111 1980 
4149 1203 3528 1205 
4150 1587 3205 1948 
4151 1132 1134 1133 
4152 1377 3498 2897 
4153 1276 3097 692 
4154 1638 1839 1838 
4155 1229 3227 1227 
4156 1618 1619 1617 
4157 770 771 749 
4158 1053 1054 1052 
4159 1084 1185 842 
4160 283 3016 284 
4161 1270 2130 1457 
4162 3470 3493 1597 
4163 2718 2723 2720 
4164 773 774 769 
4165 868 872 869 
4166 554 555 553 
4167 1344 3186 894 
4168 1480 1986 1195 
4169 2600 2601 2599 
4170 3126 3489 2811 
4171 2364 2807 1740 
4172 160 3100 161 
4173 2923 3607 3335 
4174 3060 3438 611 
4175 3172 3565 2598 
4176 795 796 794 
4177 629 3794 3568 
4178 2040 2042 2041 
4179 1116 1117 1114 
4180 974 976 975 
4181 2016 2899 2015 
4182 901 1092 1091 
4183 1850 1852 1851 
4184 1146 3321 2308 
4185 511 512 509 
4186 2121 3614 3510 
4187 1743 3354 2935 
4188 312 3191 65 
4189 99 3395 310 
4190 1729 1730 1728 
4191 888 940 939 
4192 1706 1875 1348 
4193 2503 2504 2502 
4194 158 3051 159 
4195 1923 1933 1922 
4196 1118 1119 1117 
4197 1952 1954 1953 
4198 442 444 443 
4199 1343 1587 1586 
4200 2435 2436 2126 
4201 781 782 780 
4202 1002 1003 1001 
4203 1280 1952 1520 
4204 1428 1429 1413 
4205 1025 1027 1026 
4206 1253 1255 1254 
4207 271 3155 272 
4208 783 784 782 
4209 273 3067 274 
4210 2211 3530 2212 
4211 2669 4186 4114 
4212 1505 3550 1373 
4213 436 3763 434 
4214 2370 2992 2372 
4215 791 792 790 
4216 2908 2910 291 
4217 401 4104 399 
4218 1185 3102 842 
4219 2715 3604 2717 
4220 1180 3296 3161 
4221 1912 3411 2987 
4222 950 951 949 
4223 257 3127 258 
4224 1136 1138 1137 
4225 213 3088 214 
4226 582 584 583 
4227 2669 3989 2970 
4228 710 711 709 
4229 2603 2604 2601 
4230 2342 3703 3618 
4231 1709 3008 1710 
4232 1944 2228 1943 
4233 444 447 445 
4234 1635 3604 3193 
4235 3517 4107 4000 
4236 2031 3396 1156 
4237 197 3112 198 
4238 1255 1257 1256 
4239 244 3101 245 
4240 1073 1074 1072 
4241 194 3107 195 
4242 541 543 542 
4243 1419 2319 1745 
4244 3958 4011 556 
4245 262 3134 263 
4246 2820 3994 1559 
4247 2661 2665 2664 
4248 1224 2010 1500 
4249 309 4038 2541 
4250 2792 3626 2231 
4251 182 3064 183 
4252 1356 1358 1357 
4253 926 3557 2946 
4254 1310 1572 1571 
4255 1122 3218 1127 
4256 1120 1121 1119 
4257 628 3328 630 
4258 920 3808 3081 
4259 1781 2950 1441 
4260 2659 2661 2660 
4261 2015 3325 1197 
4262 1679 1680 1678 
4263 630 3328 643 
4264 2750 2751 2749 
4265 1827 2004 1582 
4266 3208 3256 312 
4267 447 450 448 
4268 502 3893 500 
4269 1161 1163 1162 
4270 2111 2113 2112 
4271 1122 1124 1121 
4272 1836 3225 2945 
4273 468 469 466 
4274 3053 3076 728 
4275 202 3124 203 
4276 734 736 735 
4277 1587 1947 1830 
4278 762 763 761 
4279 3250 3635 2148 
4280 3024 3027 3026 
4281 1934 1935 1933 
4282 2034 3356 1179 
4283 3143 3428 3142 
4284 584 586 585 
4285 1257 1259 1258 
4286 1526 3246 1326 
4287 2370 2371 2369 
4288 1837 3426 3034 
4289 1891 1893 1892 
4290 1852 1854 1853 
4291 392 395 393 
4292 229 3079 230 
4293 187 3069 188 
4294 2006 2917 2307 
4295 1225 3419 2831 
4296 3351 3554 2667 
4297 474 475 473 
4298 2463 3367 2569 
4299 1889 1891 1890 
4300 93 3314 92 
4301 2421 4081 3495 
4302 450 452 451 
4303 736 738 737 
4304 2113 2343 2114 
4305 1572 1776 1775 
4306 1170 3284 883 
4307 1493 1494 1274 
4308 2537 4068 2558 
4309 1796 2259 1795 
4310 928 4162 3471 
4311 2430 2739 1927 
4312 1994 1995 1993 
4313 2280 2281 2279 
4314 84 3329 83 
4315 1268 4139 3374 
4316 872 909 873 
4317 842 3102 841 
4318 1358 1360 1359 
4319 1397 2126 1395 
4320 66 3405 312 
4321 558 559 555 
4322 1681 1682 1680 
4323 2118 2119 1465 
4324 2051 2052 2050 
4325 395 398 396 
4326 449 3513 3400 
4327 1383 1542 1541 
4328 1004 1005 1003 
4329 1960 3023 2147 
4330 1971 1972 1970 
4331 1511 1603 1602 
4332 1603 1605 1604 
4333 1076 1077 1074 
4334 1269 4095 3533 
4335 3937 3938 2214 
4336 2106 4210 2401 
4337 1801 2304 1802 
4338 2640 3729 330 
4339 3013 3973 3209 
4340 909 1086 910 
4341 2320 3722 2909 
4342 3995 4061 2625 
4343 3483 3627 2790 
4344 543 545 544 
4345 21 3570 20 
4346 822 824 823 
4347 2372 2406 2371 
4348 2425 2737 2426 
4349 2197 2198 2052 
4350 80 3291 79 
4351 2507 2508 2506 
4352 2331 3617 1533 
4353 1274 3248 1076 
4354 1542 2013 2011 
4355 1535 1665 1534 
4356 849 2143 851 
4357 1199 2015 1197 
4358 3141 3649 3138 
4359 1128 1129 1125 
4360 1765 1766 1730 
4361 2084 3128 2128 
4362 343 3187 348 
4363 1893 1895 1894 
4364 1612 3206 1796 
4365 2902 2920 2080 
4366 2149 2150 1282 
4367 1854 1856 1855 
4368 1936 1938 1935 
4369 1746 2018 1494 
4370 624 648 647 
4371 2825 3288 1773 
4372 1635 3193 1455 
4373 398 400 399 
4374 785 787 784 
4375 1963 3227 1229 
4376 1488 2060 1217 
4377 1482 1511 1510 
4378 1549 1984 1550 
4379 1794 2005 1610 
4380 2121 3322 2119 
4381 545 548 546 
4382 1259 1261 1260 
4383 1593 1595 1594 
4384 2058 2059 1647 
4385 2292 2293 2291 
4386 1270 3293 2130 
4387 978 980 979 
4388 2473 2476 2475 
4389 1087 1144 1143 
4390 1713 1715 1714 
4391 1391 1393 1392 
4392 1620 1621 1619 
4393 1996 1997 1995 
4394 2425 2426 2012 
4395 1639 2153 2152 
4396 3532 3672 3129 
4397 2288 2289 2281 
4398 1646 1647 1390 
4399 1757 1801 1758 
4400 2509 2510 2508 
4401 1595 1757 1596 
4402 808 4170 807 
4403 2006 2307 2306 
4404 1422 1450 346 
4405 1927 3342 1517 
4406 1210 2055 1208 
4407 2986 2987 1431 
4408 2343 2346 2344 
4409 2245 2247 2246 
4410 313 3228 3147 
4411 1360 1363 1361 
4412 980 982 981 
4413 1954 2230 2229 
4414 1212 1214 1213 
4415 2205 3934 3757 
4416 2439 3597 3421 
4417 1579 3502 2900 
4418 1746 2302 2080 
4419 2584 3698 554 
4420 1973 1974 1972 
4421 1697 1698 1696 
4422 524 3213 597 
4423 400 404 401 
4424 2788 3338 2703 
4425 797 798 796 
4426 854 855 852 
4427 597 1435 608 
4428 492 494 493 
4429 1683 1684 1682 
4430 1734 2050 1385 
4431 1776 1778 1777 
4432 1313 3130 1312 
4433 2006 2306 2005 
4434 597 3213 1435 
4435 850 1999 391 
4436 3261 3262 2942 
4437 1027 1029 1028 
4438 954 955 953 
4439 548 550 549 
4440 3672 3847 2209 
4441 1191 3443 3352 
4442 824 826 825 
4443 4078 4125 2572 
4444 542 3297 1342 
4445 3775 4029 2498 
4446 1469 1499 1301 
4447 2144 2725 1830 
4448 322 4099 3300 
4449 1085 1593 1341 
4450 1196 1482 1481 
4451 373 374 372 
4452 1395 3299 1392 
4453 1067 3310 1285 
4454 2102 3860 3181 
4455 2247 2387 2386 
4456 764 775 763 
4457 1699 1700 1698 
4458 1947 2144 1830 
4459 1104 1106 1105 
4460 662 664 663 
4461 610 3733 3436 
4462 1986 3210 1195 
4463 2852 3848 2849 
4464 524 3425 3213 
4465 1449 1528 1527 
4466 2260 2262 2013 
4467 1528 1530 1529 
4468 145 3450 146 
4469 3141 3650 1499 
4470 1055 1056 1054 
4471 73 3428 72 
4472 1192 1449 1448 
4473 716 717 715 
4474 2348 2842 2381 
4475 844 1075 1070 
4476 1998 2172 1997 
4477 607 2021 596 
4478 2916 3678 2295 
4479 1394 1398 1396 
4480 2346 2348 2347 
4481 982 984 983 
4482 1587 1830 1586 
4483 1612 1795 1794 
4484 1649 2200 2199 
4485 1797 3485 3164 
4486 1513 1733 1512 
4487 102 3389 317 
4488 1182 3547 3433 
4489 2511 2512 2510 
4490 774 3467 781 
4491 376 3320 849 
4492 1429 2986 1431 
4493 1008 1009 1007 
4494 930 1184 878 
4495 740 3483 742 
4496 646 677 623 
4497 1029 1031 1030 
4498 788 847 787 
4499 1668 1962 1961 
4500 1964 3294 1963 
4501 1666 2238 1665 
4502 1856 1858 1857 
4503 1715 1717 1716 
4504 648 650 649 
4505 452 454 453 
4506 2173 2961 2172 
4507 1146 2308 1453 
4508 888 939 848 
4509 1100 1102 1101 
4510 2259 2777 1795 
4511 853 1391 1279 
4512 1261 1263 1262 
4513 2971 2973 2961 
4514 2956 3263 2240 
4515 334 3389 103 
4516 1149 1150 1089 
4517 1746 2080 2018 
4518 547 4159 3551 
4519 1949 3208 1947 
4520 664 666 665 
4521 1398 1411 1410 
4522 1214 1309 1273 
4523 2144 3184 2725 
4524 315 3908 2737 
4525 1762 2309 1983 
4526 1336 2227 1338 
4527 788 3838 887 
4528 839 3230 3049 
4529 2035 2036 2034 
4530 1609 1612 1610 
4531 2269 2272 2271 
4532 2044 3337 3336 
4533 2914 3676 333 
4534 2406 4029 2371 
4535 1099 3564 1100 
4536 1031 1033 1032 
4537 2011 2012 1541 
4538 1224 3242 2010 
4539 712 713 711 
4540 1542 2011 1541 
4541 1071 1073 1072 
4542 1401 1705 1704 
4543 2513 2514 2512 
4544 2219 3249 3248 
4545 1794 2006 2005 
4546 2499 3028 1640 
4547 1263 1265 1264 
4548 638 1551 640 
4549 2028 2597 2596 
4550 1493 1746 1494 
4551 2302 2902 2080 
4552 1376 1512 1069 
4553 949 3444 947 
4554 1132 1133 1130 
4555 2025 2028 2027 
4556 1605 1732 1604 
4557 1550 3443 1378 
4558 513 514 512 
4559 2528 4026 2529 
4560 408 411 410 
4561 1895 1897 1896 
4562 2801 3673 2800 
4563 738 740 739 
4564 404 407 405 
4565 666 671 667 
4566 856 857 855 
4567 1534 1536 1532 
4568 2335 4161 3029 
4569 1394 3183 1398 
4570 1800 3276 1315 
4571 2965 3886 2089 
4572 1609 1610 1607 
4573 671 681 672 
4574 1612 1794 1610 
4575 1298 3439 3173 
4576 1705 2054 2053 
4577 2312 3196 2541 
4578 1379 1668 1667 
4579 1379 3185 1668 
4580 835 876 834 
4581 2069 3328 1148 
4582 776 834 775 
4583 2107 2129 1650 
4584 2705 3375 2708 
4585 642 683 676 
4586 2736 3076 3053 
4587 984 986 985 
4588 2183 2184 601 
4589 2954 2955 2240 
4590 675 680 678 
4591 1480 1987 1986 
4592 1116 3281 1118 
4593 1653 1654 1652 
4594 1161 1162 942 
4595 2033 2034 1179 
4596 1952 1953 1520 
4597 1000 3317 1064 
4598 467 3925 3088 
4599 877 885 876 
4600 1110 1112 1111 
4601 681 688 682 
4602 1858 1860 1859 
4603 1864 1865 1670 
4604 1329 1333 1331 
4605 412 416 415 
4606 1685 1686 1684 
4607 586 588 587 
4608 2646 2647 2645 
4609 2208 3790 3707 
4610 720 721 719 
4611 2192 2193 2074 
4612 1546 1971 1970 
4613 2690 3736 2689 
4614 1343 1586 1469 
4615 2011 2425 2012 
4616 1103 3576 2860 
4617 2515 2516 2514 
4618 3564 3576 1103 
4619 937 3838 785 
4620 1914 1915 1764 
4621 2805 3793 622 
4622 632 3247 635 
4623 574 575 573 
4624 858 859 857 
4625 1636 1694 1450 
4626 2054 2156 2154 
4627 3378 3766 2892 
4628 2198 2280 2279 
4629 1701 1702 1700 
4630 650 670 669 
4631 1242 1243 677 
4632 1929 3855 2208 
4633 1506 1507 1437 
4634 1081 3316 3165 
4635 3129 3672 2209 
4636 2238 2954 2240 
4637 1383 1541 1493 
4638 1383 1493 1274 
4639 2604 2606 2605 
4640 1768 3258 1918 
4641 2238 2240 1665 
4642 2237 2313 1915 
4643 1622 1623 1621 
4644 2640 2641 2193 
4645 1081 1383 1274 
4646 2048 2074 1442 
4647 1530 1770 1529 
4648 1860 1862 1861 
4649 454 458 455 
4650 1603 1604 1602 
4651 1136 1137 1134 
4652 1669 1670 1380 
4653 97 3473 96 
4654 3102 3265 1080 
4655 1468 3288 1335 
4656 2312 2541 2311 
4657 3817 4055 2200 
4658 106 3442 105 
4659 287 3291 80 
4660 683 685 684 
4661 1960 2147 1951 
4662 1094 1095 1092 
4663 2037 2038 2036 
4664 1451 1963 1229 
4665 1959 3975 1958 
4666 1897 2268 1898 
4667 1144 1166 1145 
4668 1363 1365 1364 
4669 426 3255 425 
4670 1432 1649 1648 
4671 1732 2311 1604 
4672 3049 3432 722 
4673 3666 3988 2883 
4674 1190 3279 3162 
4675 2210 2351 1964 
4676 860 861 859 
4677 1584 3458 1065 
4678 890 891 886 
4679 986 988 987 
4680 1818 2226 2225 
4681 1885 1886 1592 
4682 568 569 567 
4683 1871 3180 1869 
4684 2289 2292 2291 
4685 2282 2431 1865 
4686 1586 1613 1469 
4687 619 627 626 
4688 1717 1719 1718 
4689 774 780 779 
4690 862 864 861 
4691 1732 2312 2311 
4692 670 687 686 
4693 1929 2207 2206 
4694 3220 3318 1324 
4695 1511 1602 1510 
4696 458 461 459 
4697 1125 3169 1124 
4698 350 830 355 
4699 826 828 827 
4700 2658 2659 2657 
4701 633 2301 2091 
4702 940 1280 939 
4703 1529 2161 1527 
4704 2062 3891 2687 
4705 2349 3684 2350 
4706 1343 1469 1301 
4707 685 692 691 
4708 933 1343 1301 
4709 1190 1191 779 
4710 487 488 485 
4711 1965 1966 1886 
4712 2666 2668 2665 
4713 2856 3259 2857 
4714 1557 3954 3806 
4715 1096 1097 1095 
4716 1081 1274 1076 
4717 1693 1818 1800 
4718 564 565 559 
4719 1563 2075 1339 
4720 461 463 462 
4721 2332 3845 2137 
4722 1687 1688 1686 
4723 1947 3208 2144 
4724 2787 3923 1149 
4725 525 1222 527 
4726 3698 3878 2301 
4727 432 433 431 
4728 2202 2204 2203 
4729 2520 4027 602 
4730 1971 1973 1972 
4731 2292 2295 2293 
4732 2304 2305 1802 
4733 2351 3294 1964 
4734 2878 4063 2877 
4735 688 694 689 
4736 1444 3461 1206 
4737 1073 1076 1074 
4738 1862 1905 1904 
4739 1703 1803 1702 
4740 1334 1463 1372 
4741 1297 3269 3268 
4742 2524 4163 2595 
4743 3352 3443 2168 
4744 1973 2123 1978 
4745 1816 3194 1814 
4746 1528 1529 1527 
4747 3199 3719 327 
4748 1073 1081 1076 
4749 2280 2288 2281 
4750 1624 1625 1623 
4751 1736 2186 2029 
4752 2623 4095 4065 
4753 784 786 782 
4754 2949 3721 919 
4755 1104 1105 1102 
4756 740 742 741 
4757 692 751 750 
4758 1540 1743 1406 
4759 892 893 891 
4760 569 2939 567 
4761 1200 3482 1462 
4762 2856 3751 3259 
4763 324 3314 93 
4764 2082 2084 2083 
4765 1083 3383 3085 
4766 1265 1313 1312 
4767 901 1091 900 
4768 2100 2102 2101 
4769 3191 3289 64 
4770 680 703 702 
4771 2140 2196 1882 
4772 2319 2320 1745 
4773 1985 2489 1984 
4774 1421 3421 1171 
4775 1246 1247 1245 
4776 1397 2435 2126 
4777 297 3900 18 
4778 2292 2296 2295 
4779 1512 3167 1069 
4780 1228 1369 1368 
4781 2933 3754 831 
4782 1954 2229 1953 
4783 1574 2338 1575 
4784 1114 1115 1112 
4785 550 552 551 
4786 1449 1527 1448 
4787 1555 1556 1554 
4788 2995 3747 2676 
4789 1801 1802 1758 
4790 2137 3238 1662 
4791 1192 1378 1191 
4792 695 698 697 
4793 2563 2565 2564 
4794 1976 2483 1979 
4795 1244 1245 1243 
4796 1165 1308 1163 
4797 932 3803 3543 
4798 1591 1592 1367 
4799 1448 1549 1378 
4800 1942 3183 1393 
4801 742 744 743 
4802 1314 2100 1692 
4803 1159 1574 1452 
4804 427 428 426 
4805 894 900 893 
4806 1166 1317 1167 
4807 1973 1978 1974 
4808 17 3900 323 
4809 1100 1101 1098 
4810 753 3203 687 
4811 376 377 374 
4812 751 769 768 
4813 416 418 417 
4814 515 516 514 
4815 2701 3857 360 
4816 423 424 421 
4817 988 990 989 
4818 2529 4026 2935 
4819 494 497 496 
4820 320 3858 3121 
4821 933 1301 930 
4822 2288 3204 2289 
4823 2022 2151 2149 
4824 1128 3888 1131 
4825 1482 1510 1481 
4826 1180 1195 1105 
4827 98 3561 97 
4828 2044 3336 2041 
4829 593 599 598 
4830 370 373 372 
4831 1494 3248 1274 
4832 828 881 829 
4833 3016 3044 284 
4834 1419 3285 2319 
4835 2604 2605 2601 
4836 2006 3226 2917 
4837 2967 3825 13 
4838 2052 3606 2050 
4839 359 617 362 
4840 2429 3240 1942 
4841 2055 3380 1208 
4842 1799 1945 1556 
4843 497 499 498 
4844 3207 3810 2334 
4845 2339 2563 2341 
4846 2043 2045 2042 
4847 1824 3965 3046 
4848 3429 3636 2021 
4849 83 3329 331 
4850 879 933 930 
4851 1626 1627 1625 
4852 1825 3878 2415 
4853 1337 2031 1156 
4854 2606 2607 2605 
4855 3402 4128 3893 
4856 2046 3459 2488 
4857 1106 1180 1105 
4858 610 3436 592 
4859 1549 1985 1984 
4860 552 554 553 
4861 2449 4195 1820 
4862 627 1148 628 
4863 1365 1414 1366 
4864 3178 3731 1241 
4865 2051 2197 2052 
4866 703 842 841 
4867 2661 2666 2665 
4868 471 474 473 
4869 2421 2422 2387 
4870 2454 3750 2456 
4871 142 344 143 
4872 777 3483 2944 
4873 2599 2602 2597 
4874 499 501 500 
4875 501 504 502 
4876 2285 3686 2393 
4877 1607 3234 1605 
4878 1836 3814 3225 
4879 602 3637 2817 
4880 2224 3449 2181 
4881 2229 2355 1953 
4882 2404 4076 2796 
4883 963 964 962 
4884 1689 1690 1688 
4885 862 871 870 
4886 2575 3534 917 
4887 1070 1071 845 
4888 464 468 466 
4889 1510 1797 1481 
4890 1605 3234 1732 
4891 648 649 647 
4892 847 2022 1282 
4893 1907 2364 1740 
4894 624 3267 648 
4895 1532 3237 1530 
4896 1313 3276 3130 
4897 2280 2357 2288 
4898 504 506 505 
4899 1905 1944 1943 
4900 1657 1658 1656 
4901 1570 1740 1434 
4902 506 508 507 
4903 2014 3340 2261 
4904 1110 1111 1108 
4905 554 558 555 
4906 774 779 769 
4907 1369 1371 1370 
4908 1098 3285 1097 
4909 138 345 139 
4910 508 511 509 
4911 1433 1434 1278 
4912 2893 3943 2892 
4913 803 804 802 
4914 588 591 589 
4915 939 3278 848 
4916 1795 3226 1794 
4917 2738 3890 3471 
4918 520 521 516 
4919 1595 1596 1594 
4920 1280 1281 939 
4921 1130 3188 1129 
4922 1121 1123 1119 
4923 2084 2128 2127 
4924 2777 3226 1795 
4925 1719 1721 1720 
4926 1757 1758 1596 
4927 1736 3324 2186 
4928 2245 2246 1962 
4929 2043 2919 2177 
4930 2756 3853 2543 
4931 860 3261 862 
4932 1196 1480 1195 
4933 282 354 283 
4934 2858 3696 2418 
4935 1216 2103 1218 
4936 147 352 148 
4937 2022 2149 1282 
4938 2584 3878 3698 
4939 1393 1394 1392 
4940 439 440 437 
4941 1520 1521 1281 
4942 1574 3434 2808 
4943 2123 2258 1978 
4944 605 3809 2862 
4945 2005 3234 1610 
4946 1070 1325 1071 
4947 630 643 632 
4948 570 571 569 
4949 2795 4186 308 
4950 765 766 686 
4951 2094 3553 2744 
4952 945 948 947 
4953 780 1190 779 
4954 1193 1579 1498 
4955 1222 3780 3359 
4956 2666 2669 2668 
4957 1530 3237 1770 
4958 28 3969 326 
4959 1280 1520 1281 
4960 591 593 592 
4961 1192 1448 1378 
4962 523 525 521 
4963 700 3762 3469 
4964 1580 2498 2146 
4965 881 1178 882 
4966 2394 2395 2017 
4967 1593 1594 1341 
4968 1087 3326 1144 
4969 2272 2356 2328 
4970 1734 2051 2050 
4971 1661 1662 1660 
4972 1371 1518 1517 
4973 1190 1192 1191 
4974 862 870 864 
4975 2197 3266 2198 
4976 847 1282 787 
4977 377 3361 380 
4978 1033 1035 1034 
4979 1377 3216 1141 
4980 650 669 649 
4981 1212 1213 1140 
4982 2036 3257 2034 
4983 879 930 878 
4984 670 686 669 
4985 286 3969 29 
4986 1794 3226 2006 
4987 1391 1392 1279 
4988 848 3278 847 
4989 1284 2024 1086 
4990 687 765 686 
4991 2395 3972 3507 
4992 2310 3582 3168 
4993 744 746 745 
4994 2028 2596 2027 
4995 1706 2276 1875 
4996 911 4084 2797 
4997 3086 3973 2257 
4998 699 706 705 
4999 300 3934 3713 
5000 2247 3971 2420 
5001 2651 2663 2653 
5002 2655 2658 2657 
5003 1398 1410 1396 
5004 1102 3210 1101 
5005 1180 1196 1195 
5006 1196 1481 1480 
5007 1446 1561 1560 
5008 2198 3266 2280 
5009 860 862 861 
5010 1865 3740 1670 
5011 141 3009 142 
5012 2402 4187 2009 
5013 1191 3352 779 
5014 1499 3236 1301 
5015 1944 2365 2228 
5016 637 1573 1347 
5017 855 3252 852 
5018 1985 2490 2489 
5019 1802 2391 1758 
5020 1244 1307 1246 
5021 853 3272 1391 
5022 511 513 512 
5023 990 992 991 
5024 1938 3197 2390 
5025 2126 3299 1395 
5026 1209 1446 1445 
5027 1492 3185 1309 
5028 364 1552 367 
5029 930 3236 1184 
5030 577 581 579 
5031 2739 3739 600 
5032 2289 3204 2292 
5033 1830 3235 1586 
5034 1039 1044 1043 
5035 2202 3773 2440 
5036 646 1242 677 
5037 768 1275 750 
5038 2150 3302 1282 
5039 2658 2670 2659 
5040 1561 1806 1805 
5041 854 856 855 
5042 757 836 755 
5043 2143 3272 851 
5044 858 860 859 
5045 331 3785 2905 
5046 856 858 857 
5047 2642 3387 2193 
5048 3092 3097 1276 
5049 406 4154 2847 
5050 1455 1831 1456 
5051 1045 1053 1052 
5052 1138 1146 1137 
5053 844 3254 1075 
5054 2725 3235 1830 
5055 2400 2825 1773 
5056 151 3057 3030 
5057 143 3040 144 
5058 1736 1737 1410 
5059 2920 3386 2080 
5060 2283 2317 1664 
5061 140 903 141 
5062 571 574 573 
5063 1793 3275 1492 
5064 1066 3575 3390 
5065 868 929 872 
5066 1610 3234 1607 
5067 152 360 153 
5068 871 879 878 
5069 898 3634 375 
5070 850 3252 1999 
5071 844 845 766 
5072 1131 4125 1132 
5073 1846 2137 1662 
5074 2229 2809 2355 
5075 2594 4163 2524 
5076 3234 3416 1732 
5077 1705 3732 2054 
5078 439 2241 622 
5079 2283 4017 3130 
5080 2117 2368 2139 
5081 1351 1352 1350 
5082 1628 1629 1627 
5083 1746 3245 2302 
5084 1435 3267 608 
5085 3119 3782 320 
5086 2247 2386 2246 
5087 558 564 559 
5088 2074 3409 1442 
5089 1721 1723 1722 
5090 1016 1017 1015 
5091 2212 4156 2723 
5092 3414 4083 3955 
5093 5 3011 138 
5094 1284 3357 3172 
5095 2098 3571 2263 
5096 649 673 647 
5097 683 684 676 
5098 468 1182 469 
5099 2175 3755 2223 
5100 2832 3842 668 
5101 685 691 684 
5102 1044 3915 3898 
5103 844 1070 845 
5104 2176 2187 1900 
5105 909 1284 1086 
5106 1246 1266 1247 
5107 707 710 709 
5108 698 3176 699 
5109 809 810 808 
5110 1646 2058 1647 
5111 2708 3375 3048 
5112 2320 3725 3722 
5113 998 1002 1001 
5114 692 750 691 
5115 2029 2326 1737 
5116 2025 2026 2024 
5117 407 3243 408 
5118 3139 3649 3144 
5119 1586 3235 1613 
5120 1414 1466 1415 
5121 691 778 684 
5122 1691 2250 1690 
5123 677 3298 623 
5124 2739 3342 1927 
5125 3946 4069 2703 
5126 2643 2646 2645 
5127 2166 3492 1387 
5128 1812 2217 2216 
5129 148 3055 149 
5130 1920 3180 1871 
5131 2202 2203 1601 
5132 3402 3893 621 
5133 2504 2506 2505 
5134 2157 2383 2057 
5135 1505 3837 2747 
5136 529 595 531 
5137 1999 3361 391 
5138 1022 1023 1021 
5139 2380 2810 1932 
5140 144 902 145 
5141 1012 1013 1011 
5142 2060 3366 1217 
5143 565 568 567 
5144 1077 3249 1546 
5145 1244 1246 1245 
5146 1536 3237 1532 
5147 3142 3428 73 
5148 306 3957 2954 
5149 3075 3596 728 
5150 1993 3194 1816 
5151 484 3375 2705 
5152 948 950 949 
5153 376 391 377 
5154 2021 3339 596 
5155 380 3361 1386 
5156 1630 1631 1629 
5157 574 2032 1179 
5158 2012 3245 1541 
5159 942 3239 940 
5160 849 3320 2143 
5161 853 854 852 
5162 574 1179 575 
5163 380 1386 382 
5164 2831 3873 2726 
5165 1311 1569 1221 
5166 1662 3238 1663 
5167 1427 1827 1582 
5168 1723 1725 1724 
5169 2040 2043 2042 
5170 1478 4179 1739 
5171 2037 2214 2213 
5172 765 844 766 
5173 2571 4066 2284 
5174 285 904 5 
5175 1493 3245 1746 
5176 751 768 750 
5177 851 852 850 
5178 1411 1736 1410 
5179 2953 4209 2359 
5180 2221 3792 2883 
5181 2807 3871 2130 
5182 832 4067 3933 
5183 856 863 858 
5184 3390 4187 2402 
5185 792 795 794 
5186 1572 1775 1571 
5187 1668 1961 1667 
5188 3338 3946 2703 
5189 1214 1273 1213 
5190 2027 2574 2026 
5191 1251 1267 1253 
5192 1086 3326 1087 
5193 1541 3245 1493 
5194 1440 2986 1429 
5195 2035 2037 2036 
5196 2903 4206 1990 
5197 2526 3481 2527 
5198 1547 3477 1982 
5199 746 748 747 
5200 1394 1395 1392 
5201 2898 4085 3182 
5202 2033 2035 2034 
5203 2113 2610 2343 
5204 1129 3169 1125 
5205 1831 2159 1832 
5206 3208 3405 2144 
5207 1596 1906 1594 
5208 1094 3559 1096 
5209 1105 3210 1102 
5210 992 995 993 
5211 940 3239 1280 
5212 373 376 374 
5213 1309 1379 1273 
5214 2228 3625 3173 
5215 2926 3391 1237 
5216 1242 3309 1244 
5217 871 878 870 
5218 1951 3256 1949 
5219 1705 2053 1704 
5220 1101 3285 1098 
5221 965 966 964 
5222 1393 3183 1394 
5223 483 487 485 
5224 2153 3318 2152 
5225 2877 4198 2876 
5226 2231 4075 2792 
5227 1419 1745 1650 
5228 1097 1419 1418 
5229 1725 1727 1726 
5230 419 423 421 
5231 1864 2282 1865 
5232 1997 2236 1995 
5233 1933 2277 1922 
5234 157 369 158 
5235 1095 3345 1092 
5236 2711 4155 3610 
5237 149 905 150 
5238 1301 3236 930 
5239 1284 2025 2024 
5240 3227 3445 1227 
5241 771 791 790 
5242 428 432 431 
5243 1643 2255 2134 
5244 513 515 514 
5245 1938 2390 1935 
5246 645 668 652 
5247 2477 3125 3056 
5248 1242 1244 1243 
5249 640 641 639 
5250 699 3176 706 
5251 1069 3167 1056 
5252 479 1296 481 
5253 1396 1397 1395 
5254 3248 3249 1077 
5255 2037 2213 2038 
5256 284 3044 285 
5257 2054 2154 2053 
5258 2368 2370 2369 
5259 515 520 516 
5260 520 523 521 
5261 2025 2027 2026 
5262 1096 3559 1099 
5263 2058 2215 2059 
5264 153 3070 154 
5265 768 2168 1275 
5266 2872 3595 329 
5267 1097 1418 1095 
5268 851 853 852 
5269 162 379 163 
5270 2048 2192 2074 
5271 1515 1759 1439 
5272 376 849 391 
5273 969 970 968 
5274 523 3339 525 
5275 2059 3718 3679 
5276 1632 1747 1631 
5277 2051 2389 2197 
5278 2181 3449 2996 
5279 2192 2640 2193 
5280 687 3203 765 
5281 1669 1864 1670 
5282 2167 2427 2166 
5283 2880 3479 1050 
5284 444 449 447 
5285 1092 3345 1091 
5286 2164 2166 1387 
5287 849 851 850 
5288 2903 3593 486 
5289 2043 2177 2045 
5290 151 3030 152 
5291 474 601 475 
5292 1736 2029 1737 
5293 2187 3954 2618 
5294 2870 3987 2801 
5295 607 3298 2021 
5296 384 397 387 
5297 1394 1396 1395 
5298 2048 2194 2192 
5299 995 1181 996 
5300 3777 3897 465 
5301 624 647 646 
5302 2050 3343 1385 
5303 2282 2573 2431 
5304 638 639 599 
5305 439 622 440 
5306 642 675 641 
5307 1647 3547 1390 
5308 1321 1465 1464 
5309 640 642 641 
5310 1692 1693 1315 
5311 608 624 623 
5312 1144 1388 1166 
5313 2573 4012 1131 
5314 642 676 675 
5315 886 3484 885 
5316 1665 3263 1534 
5317 412 3382 416 
5318 742 3483 777 
5319 1133 3188 1130 
5320 1319 1321 1320 
5321 1389 1917 1409 
5322 1637 1638 1459 
5323 2696 3601 3107 
5324 2711 3796 2709 
5325 3131 3951 2931 
5326 2005 3416 3234 
5327 159 3051 907 
5328 1035 1038 1036 
5329 276 562 277 
5330 1949 3256 3208 
5331 1040 1319 1198 
5332 1281 3278 939 
5333 811 812 810 
5334 1257 1268 1259 
5335 2179 2287 1833 
5336 2470 3840 3041 
5337 763 899 761 
5338 951 954 953 
5339 181 413 182 
5340 4040 4182 2536 
5341 1534 3263 1536 
5342 272 560 273 
5343 748 770 749 
5344 1146 1385 1137 
5345 520 524 523 
5346 1589 1914 1764 
5347 142 3009 344 
5348 849 850 391 
5349 853 1279 854 
5350 2033 2275 2035 
5351 156 3052 157 
5352 1864 2572 2282 
5353 3238 3332 2810 
5354 638 640 639 
5355 2931 3951 476 
5356 1458 1459 1271 
5357 1840 1841 1839 
5358 642 3295 683 
5359 1929 2206 1780 
5360 713 716 715 
5361 424 427 426 
5362 2887 3661 295 
5363 1845 2009 1844 
5364 710 712 711 
5365 1162 3239 942 
5366 1379 1423 1273 
5367 782 3279 780 
5368 568 570 569 
5369 186 422 187 
5370 1776 1777 1775 
5371 624 646 623 
5372 608 623 607 
5373 1546 3249 1971 
5374 154 906 155 
5375 167 386 168 
5376 510 4035 2752 
5377 161 3058 162 
5378 161 3100 3058 
5379 179 914 180 
5380 2876 4198 2966 
5381 717 720 719 
5382 281 3017 282 
5383 3860 4092 3181 
5384 3326 3495 1388 
5385 1002 1004 1003 
5386 435 439 437 
5387 2708 3048 2711 
5388 597 608 607 
5389 1402 3545 1404 
5390 432 1223 433 
5391 1137 3343 1134 
5392 1005 1008 1007 
5393 2292 3204 2296 
5394 1314 1315 1313 
5395 3203 3254 765 
5396 3433 3547 2182 
5397 176 402 177 
5398 173 728 174 
5399 344 3040 143 
5400 1832 1833 1456 
5401 2304 3867 2305 
5402 1455 1456 1346 
5403 1091 2047 1442 
5404 593 638 599 
5405 432 1224 1223 
5406 1419 1650 1418 
5407 1091 1442 900 
5408 1766 1769 1768 
5409 228 495 229 
5410 1745 2107 1650 
5411 418 3366 419 
5412 1671 2095 1207 
5413 264 556 265 
5414 1868 3192 3109 
5415 2370 2372 2371 
5416 2646 2989 2647 
5417 1199 2016 2015 
5418 1551 3295 640 
5419 2100 2101 1692 
5420 223 486 224 
5421 2073 3874 3217 
5422 1693 2327 1818 
5423 1186 3243 407 
5424 2102 3195 2101 
5425 172 3075 173 
5426 2280 3266 2357 
5427 876 1169 834 
5428 637 1186 407 
5429 1134 3343 1133 
5430 248 532 249 
5431 178 3072 179 
5432 1297 2243 463 
5433 1614 2003 1916 
5434 2240 3263 1665 
5435 1453 1734 1385 
5436 733 734 732 
5437 279 563 280 
5438 2214 2432 2213 
5439 1071 3316 1073 
5440 1778 2086 1777 
5441 568 1240 570 
5442 1447 3231 1210 
5443 2308 3323 1453 
5444 795 797 796 
5445 862 3261 871 
5446 274 3067 912 
5447 1083 1084 842 
5448 1162 3592 3152 
5449 1085 1341 1141 
5450 170 394 171 
5451 1667 1824 1423 
5452 258 547 259 
5453 212 467 213 
5454 2436 3697 2126 
5455 280 3073 281 
5456 2993 3633 926 
5457 163 3113 164 
5458 1325 3316 1071 
5459 1694 2073 2072 
5460 1297 3422 3269 
5461 211 3287 212 
5462 1756 2316 2233 
5463 96 3473 292 
5464 2364 4057 3871 
5465 2167 3271 2427 
5466 138 3011 345 
5467 3855 3976 2413 
5468 169 3087 170 
5469 166 3071 167 
5470 253 539 254 
5471 1455 3193 1831 
5472 1195 3210 1105 
5473 2549 2551 1504 
5474 2388 3615 2363 
5475 1341 1377 1141 
5476 1083 1085 1084 
5477 171 3083 172 
5478 597 607 596 
5479 703 1083 842 
5480 103 3389 102 
5481 2004 3250 2841 
5482 1085 1141 1084 
5483 218 476 219 
5484 185 3068 186 
5485 973 3575 1066 
5486 2082 2083 1599 
5487 1944 2452 2365 
5488 1065 3458 1041 
5489 159 907 160 
5490 395 406 398 
5491 1108 3296 1106 
5492 780 3279 1190 
5493 2183 2185 2184 
5494 893 1215 891 
5495 2204 2205 2203 
5496 243 522 244 
5497 1261 1295 1263 
5498 2119 2459 2120 
5499 1733 3109 2249 
5500 2595 4163 1955 
5501 1146 1453 1385 
5502 1309 3185 1379 
5503 274 912 275 
5504 1377 3217 3216 
5505 541 594 543 
5506 2512 2616 2510 
5507 1649 2199 1648 
5508 464 3365 468 
5509 1753 2148 1751 
5510 536 1290 538 
5511 1106 3296 1180 
5512 2160 3594 2521 
5513 1727 1729 1728 
5514 3067 3712 2479 
5515 1953 3260 1520 
5516 525 3339 1222 
5517 1061 1149 1089 
5518 1880 2140 1882 
5519 1453 1909 1734 
5520 2053 2188 1704 
5521 278 3084 279 
5522 1862 1939 1905 
5523 198 928 199 
5524 2080 3386 2018 
5525 242 3488 243 
5526 275 3491 276 
5527 1206 3461 1204 
5528 1888 1889 1841 
5529 903 3009 141 
5530 231 3349 232 
5531 454 460 458 
5532 1117 3305 1114 
5533 232 3264 233 
5534 233 503 234 
5535 191 430 192 
5536 1336 3435 2227 
5537 524 597 596 
5538 2062 3458 1584 
5539 2504 2505 2502 
5540 1053 1055 1054 
5541 530 3552 604 
5542 193 927 194 
5543 1080 3265 1329 
5544 352 3055 148 
5545 508 517 511 
5546 2032 2033 1179 
5547 207 456 208 
5548 2773 3599 3018 
5549 2939 3398 1878 
5550 238 510 239 
5551 643 3247 632 
5552 237 3474 238 
5553 450 1306 452 
5554 570 3384 571 
5555 1856 2300 1858 
5556 2448 3832 2449 
5557 1144 3326 1388 
5558 1119 3313 1117 
5559 196 438 197 
5560 2024 3495 3326 
5561 286 4180 3969 
5562 199 3471 200 
5563 1347 1348 1186 
5564 1265 1314 1313 
5565 468 1226 1182 
5566 1942 3240 3183 
5567 955 3270 957 
5568 2075 3424 1339 
5569 1379 1667 1423 
5570 164 908 165 
5571 312 3405 3208 
5572 165 3098 166 
5573 2161 3290 1527 
5574 2374 2375 1748 
5575 206 3111 207 
5576 2209 3212 2207 
5577 1914 2237 1915 
5578 461 1297 463 
5579 254 3489 255 
5580 220 3131 221 
5581 2147 3256 1951 
5582 463 3365 464 
5583 786 3279 782 
5584 847 3278 2022 
5585 1762 1983 1760 
5586 133 3669 132 
5587 2301 2936 2091 
5588 2653 3301 2655 
5589 1500 1925 1669 
5590 852 3252 850 
5591 100 3395 99 
5592 1224 1500 1380 
5593 1315 3276 1313 
5594 2049 2068 1148 
5595 192 3108 193 
5596 1520 3260 1521 
5597 354 3016 283 
5598 1303 1506 1437 
5599 190 3106 191 
5600 183 3064 913 
5601 2047 2048 1442 
5602 3021 3827 3046 
5603 1549 3290 1985 
5604 532 4001 2816 
5605 184 3099 185 
5606 765 3254 844 
5607 1451 1964 1963 
5608 524 596 523 
5609 2611 3583 615 
5610 3088 3521 214 
5611 1484 1653 1652 
5612 3298 3429 2021 
5613 947 3444 1203 
5614 2262 3669 3605 
5615 2811 3964 2633 
5616 183 913 184 
5617 582 1304 584 
5618 1850 2190 1852 
5619 346 3430 341 
5620 1639 3613 2153 
5621 1401 1704 1646 
5622 222 3081 223 
5623 1178 3480 882 
5624 335 3968 3122 
5625 214 3521 215 
5626 2241 3244 622 
5627 1448 3290 1549 
5628 656 674 658 
5629 596 3339 523 
5630 1450 3430 346 
5631 201 446 202 
5632 3203 3351 3254 
5633 1182 3433 469 
5634 2355 3260 1953 
5635 1966 2235 1968 
5636 1827 2007 2004 
5637 2418 3952 2859 
5638 1314 1692 1315 
5639 1429 1431 1430 
5640 723 772 725 
5641 693 3468 3174 
5642 1563 2076 2075 
5643 550 606 552 
5644 2306 3416 2005 
5645 209 3132 210 
5646 3415 3836 3255 
5647 1804 3461 1444 
5648 255 3126 256 
5649 389 1299 392 
5650 1873 3688 2839 
5651 490 519 492 
5652 1462 3482 1829 
5653 558 633 564 
5654 1831 1832 1456 
5655 226 917 227 
5656 1500 1669 1380 
5657 1226 1390 1182 
5658 1694 2072 1450 
5659 411 3382 412 
5660 513 1298 515 
5661 1226 1401 1390 
5662 1401 1646 1390 
5663 1073 3316 1081 
5664 977 978 976 
5665 198 3112 928 
5666 1567 1696 1695 
5667 1240 1639 1384 
5668 144 3040 902 
5669 258 3127 547 
5670 1867 2577 2576 
5671 3170 3442 106 
5672 1729 1765 1730 
5673 3120 3573 3118 
5674 1832 2179 1833 
5675 1639 2152 1640 
5676 2152 3220 2499 
5677 250 921 251 
5678 504 1300 506 
5679 246 922 247 
5680 1097 3285 1419 
5681 12 3825 311 
5682 1808 2330 1806 
5683 256 923 257 
5684 230 918 231 
5685 1547 1706 1348 
5686 189 3123 190 
5687 1840 2802 1888 
5688 188 916 189 
5689 355 3599 357 
5690 1224 1380 1223 
5691 272 3155 560 
5692 787 3302 784 
5693 404 637 407 
5694 408 3243 411 
5695 1297 3268 2243 
5696 427 3242 428 
5697 2141 3877 2157 
5698 545 1305 548 
5699 1009 1012 1011 
5700 720 1156 721 
5701 1019 1022 1021 
5702 1376 1513 1512 
5703 1639 1640 1384 
5704 265 3156 266 
5705 3196 3639 319 
5706 2152 2499 1640 
5707 3151 3379 2188 
5708 905 3057 150 
5709 1055 1069 1056 
5710 1004 3406 1005 
5711 221 920 222 
5712 3861 3970 305 
5713 779 3352 769 
5714 2084 2127 2083 
5715 1527 3290 1448 
5716 1038 3325 1039 
5717 2431 3608 1865 
5718 904 3011 5 
5719 1431 1821 1467 
5720 210 924 211 
5721 3076 3580 175 
5722 608 3267 624 
5723 188 3069 916 
5724 1244 3309 1307 
5725 474 2182 601 
5726 784 3302 786 
5727 3305 3306 1115 
5728 627 2049 1148 
5729 1013 1016 1015 
5730 168 3520 169 
5731 499 518 501 
5732 241 925 242 
5733 2808 3953 2055 
5734 1016 1220 1175 
5735 1114 3305 1115 
5736 2933 3911 3754 
5737 487 1183 488 
5738 954 958 955 
5739 800 803 802 
5740 2127 2439 2083 
5741 2207 2265 2206 
5742 1314 3397 2100 
5743 230 3079 918 
5744 1240 1384 570 
5745 2567 3808 2195 
5746 1821 2775 1822 
5747 2506 2623 2505 
5748 1239 3715 3001 
5749 235 926 236 
5750 1513 1868 1733 
5751 728 3596 3053 
5752 1111 3296 1108 
5753 1135 4078 2975 
5754 1654 1657 1656 
5755 637 1347 1186 
5756 960 963 962 
5757 1148 3328 628 
5758 3136 4117 3140 
5759 1885 1965 1886 
5760 812 833 814 
5761 261 557 262 
5762 282 3017 354 
5763 1601 3324 1411 
5764 1914 2376 2237 
5765 1222 3359 527 
5766 3025 4180 286 
5767 1371 1517 1370 
5768 797 1158 798 
5769 1150 1177 1152 
5770 3050 3373 1425 
5771 360 3070 153 
5772 1518 1926 1517 
5773 2930 3804 1873 
5774 1464 1548 1320 
5775 1509 1555 1554 
5776 1369 1370 1368 
5777 3232 3803 2679 
5778 205 3114 206 
5779 1329 3265 1333 
5780 586 590 588 
5781 227 3534 228 
5782 1812 2216 1810 
5783 884 3482 1200 
5784 2024 3326 1086 
5785 369 3051 158 
5786 1418 3345 1095 
5787 2936 2937 2091 
5788 770 3380 771 
5789 2496 3656 3549 
5790 152 3030 360 
5791 851 3272 853 
5792 2119 3322 2459 
5793 2672 3746 2665 
5794 2217 2478 2216 
5795 215 477 216 
5796 2144 3405 3184 
5797 149 3055 905 
5798 728 3076 174 
5799 3127 4028 2532 
5800 1138 3321 1146 
5801 423 3253 424 
5802 1347 1547 1348 
5803 1926 1927 1517 
5804 658 3368 660 
5805 203 3159 204 
5806 560 3712 3067 
5807 3147 3858 43 
5808 2563 2564 2341 
5809 1022 2266 1201 
5810 2110 3200 2109 
5811 1547 1982 1706 
5812 1591 1885 1592 
5813 3539 3641 2066 
5814 1123 3313 1119 
5815 1140 3321 1138 
5816 806 809 808 
5817 707 3419 710 
5818 769 3352 768 
5819 3017 3273 354 
5820 2956 3574 3263 
5821 3757 3934 3221 
5822 730 733 732 
5823 419 3366 423 
5824 3573 3574 3118 
5825 306 3658 3027 
5826 818 846 820 
5827 3917 4072 2557 
5828 1638 1840 1839 
5829 2038 3334 2040 
5830 3028 3600 1640 
5831 1965 3232 1966 
5832 285 3044 904 
5833 1657 3914 3876 
5834 2129 3587 1650 
5835 681 693 688 
5836 2128 2407 2127 
5837 560 3067 273 
5838 416 1216 418 
5839 733 1590 1207 
5840 1492 3275 3185 
5841 1777 2438 1775 
5842 3470 4006 3493 
5843 1574 1575 1452 
5844 1385 3343 1137 
5845 1570 1907 1740 
5846 270 915 271 
5847 3010 3659 2251 
5848 2170 3250 1753 
5849 1016 1175 1017 
5850 134 3605 133 
5851 2338 2339 1575 
5852 266 919 267 
5853 564 3440 565 
5854 1433 1570 1434 
5855 1643 2117 1548 
5856 2978 4060 345 
5857 46 3791 45 
5858 2119 2120 1465 
5859 753 3350 3203 
5860 662 700 664 
5861 289 3527 47 
5862 907 3100 160 
5863 2095 3460 1207 
5864 413 3064 182 
5865 2049 2222 2068 
5866 1590 2017 1671 
5867 1181 3505 996 
5868 966 969 968 
5869 2182 2183 601 
5870 1220 1310 1221 
5871 204 457 205 
5872 2092 2252 1488 
5873 1732 3416 2312 
5874 1093 3800 3151 
5875 2976 3767 1848 
5876 1922 3348 1920 
5877 259 3551 260 
5878 571 3384 574 
5879 626 3568 625 
5880 2309 2310 1983 
5881 1891 2078 1893 
5882 2305 3327 1802 
5883 428 3242 432 
5884 2423 3713 3631 
5885 3372 3981 1908 
5886 633 2090 564 
5887 2254 3706 3223 
5888 666 1318 671 
5889 969 1270 1050 
5890 623 3298 607 
5891 1282 3302 787 
5892 1658 1661 1660 
5893 2363 2950 1781 
5894 2829 3515 2854 
5895 467 3088 213 
5896 1451 2088 1964 
5897 2077 3538 2443 
5898 640 3295 642 
5899 755 3350 753 
5900 872 3357 909 
5901 3350 3351 3203 
5902 1411 3324 1736 
5903 1935 3353 1933 
5904 1563 2077 2076 
5905 1561 1805 1560 
5906 391 3361 377 
5907 1327 1351 1350 
5908 706 3419 707 
5909 3128 4049 2128 
5910 1446 1560 1445 
5911 1040 1197 1038 
5912 2185 3826 3581 
5913 2213 3334 2038 
5914 3167 3407 1058 
5915 1310 1571 1311 
5916 2587 3770 3748 
5917 3271 4106 2427 
5918 2408 2430 1927 
5919 3290 3541 1985 
5920 422 3069 187 
5921 1506 1790 1507 
5922 3820 4011 2500 
5923 994 3544 3135 
5924 824 1241 826 
5925 712 3445 713 
5926 1216 1217 418 
5927 1218 1488 1217 
5928 2142 3432 3049 
5929 2349 3880 3684 
5930 2903 3884 2568 
5931 1401 3623 1705 
5932 1822 2099 1467 
5933 2689 4006 690 
5934 69 3752 314 
5935 963 965 964 
5936 803 1272 804 
5937 680 3383 703 
5938 2562 4011 3958 
5939 522 3101 244 
5940 2395 3042 2017 
5941 487 2132 1183 
5942 2199 3370 1648 
5943 495 3079 229 
5944 1179 3356 575 
5945 297 4189 2610 
5946 2043 3334 2919 
5947 809 2337 811 
5948 3598 3664 2123 
5949 1897 2321 2268 
5950 500 3657 498 
5951 3811 3850 2007 
5952 574 3384 2032 
5953 736 767 738 
5954 2328 3589 2271 
5955 1185 3869 2966 
5956 3041 3840 3781 
5957 4012 4125 1131 
5958 1737 3330 1410 
5959 1664 3346 1165 
5960 616 3591 535 
5961 157 3052 369 
5962 1165 3346 1308 
5963 336 3752 70 
5964 927 3107 194 
5965 759 3464 757 
5966 950 3451 951 
5967 1570 2419 1907 
5968 1602 3485 1510 
5969 1555 1799 1556 
5970 1805 2180 1560 
5971 3124 3159 203 
5972 2445 4010 2367 
5973 438 3112 197 
5974 903 4060 2978 
5975 2655 3301 2658 
5976 3449 3462 1201 
5977 1321 1464 1320 
5978 269 3153 270 
5979 2406 4111 4029 
5980 2255 2520 2134 
5981 3568 3794 2256 
5982 834 3369 775 
5983 494 1340 497 
5984 2793 3944 2663 
5985 1384 3384 570 
5986 498 3657 2136 
5987 2531 3641 1062 
5988 2092 3005 2252 
5989 1802 3327 2391 
5990 1995 3363 1993 
5991 234 3557 235 
5992 2071 2267 1695 
5993 720 1336 1156 
5994 1882 3778 1881 
5995 1025 1037 1027 
5996 154 3070 906 
5997 2980 3909 3508 
5998 3508 3922 2980 
5999 2077 2443 2325 
6000 1270 1457 1271 
6001 1637 3277 1638 
6002 761 3364 759 
6003 431 3813 429 
6004 1218 2092 1488 
6005 1022 1201 1023 
6006 2455 3556 2458 
6007 633 2091 2090 
6008 923 3127 257 
6009 1762 3880 2309 
6010 162 3058 379 
6011 7 3508 6 
6012 2223 3755 3087 
6013 2088 3417 2210 
6014 716 3435 717 
6015 1091 3345 2047 
6016 1579 1580 1498 
6017 2268 3621 2269 
6018 468 3365 1226 
6019 1672 2062 1584 
6020 1457 1877 1458 
6021 446 3124 202 
6022 268 561 269 
6023 373 3500 3320 
6024 2461 3572 2753 
6025 3181 4091 2102 
6026 2995 3806 2396 
6027 1868 3109 1733 
6028 2950 3319 1441 
6029 2077 2325 2076 
6030 2663 3301 2653 
6031 1193 3502 1579 
6032 1319 1320 1198 
6033 710 1225 712 
6034 999 3511 3308 
6035 3702 4129 682 
6036 1117 3313 3305 
6037 527 3359 529 
6038 2988 3542 2331 
6039 2088 2210 1964 
6040 828 1323 881 
6041 3107 3601 195 
6042 1926 2408 1927 
6043 575 3356 577 
6044 1719 3843 3014 
6045 469 3433 471 
6046 1486 1804 1444 
6047 2063 3308 3307 
6048 974 977 976 
6049 1458 1637 1459 
6050 33 3957 306 
6051 673 3347 647 
6052 1338 1562 1339 
6053 1382 1544 1288 
6054 809 811 810 
6055 1467 3441 1430 
6056 675 3466 680 
6057 803 2242 1272 
6058 2152 3318 3220 
6059 2173 3529 2971 
6060 344 3214 3040 
6061 773 3467 774 
6062 2102 4091 3195 
6063 768 3352 2168 
6064 1410 3330 1396 
6065 2161 3541 3290 
6066 475 3341 479 
6067 2333 4181 2728 
6068 1632 3332 1747 
6069 1228 1368 1229 
6070 986 999 988 
6071 1368 1451 1229 
6072 1396 3330 1397 
6073 1562 1563 1339 
6074 1154 1362 1173 
6075 951 3451 954 
6076 1163 3592 1162 
6077 1432 1648 1433 
6078 379 3113 163 
6079 978 994 980 
6080 424 3253 427 
6081 1012 3282 1013 
6082 577 3356 581 
6083 557 3134 262 
6084 2073 3902 3333 
6085 733 1207 734 
6086 1474 3753 3089 
6087 1277 1432 1278 
6088 2846 3974 2847 
6089 1670 3624 1380 
6090 3182 4150 2909 
6091 3199 4140 3719 
6092 969 1050 970 
6093 1220 1221 1175 
6094 963 1819 965 
6095 3247 3371 635 
6096 1291 4065 1260 
6097 1661 1846 1662 
6098 1577 1845 1844 
6099 2417 3771 3031 
6100 1671 2096 2095 
6101 1228 1229 1227 
6102 416 3382 1216 
6103 1453 3323 1909 
6104 954 1277 958 
6105 1198 1199 1197 
6106 601 3341 475 
6107 1354 1597 1356 
6108 948 2097 950 
6109 1840 1888 1841 
6110 915 3155 271 
6111 1567 1695 1565 
6112 1213 3321 1140 
6113 1216 1218 1217 
6114 742 777 744 
6115 1416 3818 2590 
6116 1432 3685 1649 
6117 958 3270 955 
6118 3602 3641 3539 
6119 1005 3406 1008 
6120 992 1194 995 
6121 1769 3258 1768 
6122 909 3357 1284 
6123 1029 1642 1031 
6124 757 3464 836 
6125 1525 1644 1523 
6126 1378 3443 1191 
6127 3414 3955 2179 
6128 179 3072 914 
6129 1778 3360 2086 
6130 891 3484 886 
6131 1040 1198 1197 
6132 3125 3200 2110 
6133 2097 2253 950 
6134 1846 2332 2137 
6135 173 3075 728 
6136 155 3569 156 
6137 836 3350 755 
6138 1100 3564 1103 
6139 1373 3550 1478 
6140 1462 1829 1477 
6141 1966 3232 2235 
6142 1571 1744 1311 
6143 1888 2418 1889 
6144 2339 2340 1575 
6145 42 3858 320 
6146 1358 1470 1360 
6147 1002 2108 1004 
6148 1657 3456 1658 
6149 2996 3449 1201 
6150 1225 1228 1227 
6151 565 3440 568 
6152 281 3073 3017 
6153 1225 1227 712 
6154 370 3500 373 
6155 1337 3424 2031 
6156 837 1208 770 
6157 611 3438 619 
6158 167 3071 386 
6159 2256 3192 1868 
6160 1591 1887 1885 
6161 432 3242 1224 
6162 717 3435 720 
6163 2233 4174 4133 
6164 3471 4162 2491 
6165 186 3068 422 
6166 1963 3940 3227 
6167 676 3466 675 
6168 1055 1193 1069 
6169 1338 1339 1337 
6170 2381 4091 3181 
6171 2664 3577 2667 
6172 929 3357 872 
6173 276 3491 562 
6174 1464 1643 1548 
6175 982 1322 984 
6176 2865 3646 2864 
6177 2391 3378 1758 
6178 1310 1311 1221 
6179 1661 2000 1846 
6180 797 1159 1158 
6181 1197 3325 1038 
6182 3004 4200 3311 
6183 2667 3554 3033 
6184 854 3455 856 
6185 1445 1447 1210 
6186 1242 3347 3309 
6187 2207 3212 2265 
6188 1259 3374 1261 
6189 1432 1433 1278 
6190 1209 1210 1208 
6191 1039 3325 1044 
6192 3299 3455 1279 
6193 2907 4122 2908 
6194 615 3603 443 
6195 2203 3324 1601 
6196 1216 3382 2103 
6197 3263 3574 1536 
6198 2713 4102 2712 
6199 563 3073 280 
6200 3144 3786 3145 
6201 1510 3485 1797 
6202 1035 1040 1038 
6203 1336 1338 1337 
6204 439 3427 2241 
6205 2108 2413 1004 
6206 1756 2087 1466 
6207 1643 2134 2117 
6208 2171 3774 1936 
6209 172 3083 3075 
6210 1429 1430 1413 
6211 2040 3334 2043 
6212 771 3380 791 
6213 1805 2450 2180 
6214 3040 3041 902 
6215 1845 2403 2402 
6216 1513 1940 1868 
6217 647 3347 646 
6218 1552 3500 367 
6219 748 837 770 
6220 646 3347 1242 
6221 965 3293 966 
6222 2379 3588 2380 
6223 212 3287 467 
6224 2076 3833 2075 
6225 1277 1278 958 
6226 170 3087 394 
6227 1852 3394 1854 
6228 382 3377 384 
6229 529 3359 595 
6230 1973 3598 2123 
6231 1780 3360 1778 
6232 1516 3737 3060 
6233 1279 3455 854 
6234 394 3083 171 
6235 1590 1671 1207 
6236 2419 2441 1907 
6237 2782 4112 594 
6238 1678 2079 1676 
6239 447 3400 450 
6240 1580 2145 1498 
6241 1827 2353 2007 
6242 2243 3365 463 
6243 1336 1337 1156 
6244 2002 3615 2479 
6245 3064 3066 3065 
6246 2954 3957 2955 
6247 386 3520 168 
6248 279 3084 563 
6249 1351 1387 1352 
6250 1425 3373 1589 
6251 1592 3690 1367 
6252 2097 2254 2253 
6253 2733 3689 2735 
6254 2072 3430 1450 
6255 2109 2986 1440 
6256 1758 3378 1596 
6257 1223 3427 433 
6258 1270 1271 1050 
6259 882 3480 945 
6260 1193 1376 1069 
6261 317 3903 101 
6262 1457 1458 1271 
6263 3132 3927 2724 
6264 714 3799 3738 
6265 1159 1452 1367 
6266 856 3455 863 
6267 2164 2167 2166 
6268 1747 2373 1748 
6269 1540 3354 1743 
6270 1715 1792 1717 
6271 413 4132 3066 
6272 2598 3565 2600 
6273 2427 3470 2166 
6274 2339 2341 2340 
6275 1209 1445 1210 
6276 2342 3581 1786 
6277 1940 2256 1868 
6278 20 3570 2871 
6279 1555 2135 1799 
6280 1506 2158 1790 
6281 2479 3712 2155 
6282 538 3388 541 
6283 243 3488 522 
6284 2317 3346 1664 
6285 2266 2996 1201 
6286 2312 3639 3196 
6287 367 3500 370 
6288 164 3113 908 
6289 912 3491 275 
6290 1159 1367 1158 
6291 223 3081 486 
6292 2107 3522 2129 
6293 481 3355 483 
6294 1363 1754 1365 
6295 581 3437 579 
6296 2277 3348 1922 
6297 175 3580 176 
6298 2352 3634 3423 
6299 166 3098 3071 
6300 837 1209 1208 
6301 1452 1591 1367 
6302 568 3440 1240 
6303 539 3489 254 
6304 1906 3498 1594 
6305 1920 3348 3180 
6306 2022 3536 2151 
6307 1386 3377 382 
6308 1223 3624 3427 
6309 1933 3353 2277 
6310 1900 3354 1540 
6311 1193 1498 1376 
6312 228 3534 495 
6313 2390 3353 1935 
6314 387 3403 389 
6315 232 3349 3264 
6316 1845 2402 2009 
6317 169 3520 3087 
6318 233 3264 503 
6319 1596 3378 1906 
6320 1621 1633 1619 
6321 713 3445 716 
6322 2236 3363 1995 
6323 1698 3358 1696 
6324 2986 3331 2987 
6325 3371 3372 668 
6326 3055 3056 905 
6327 899 3364 761 
6328 185 3099 3068 
6329 543 3401 545 
6330 633 3698 2301 
6331 775 3404 763 
6332 1993 3363 3194 
6333 928 3471 199 
6334 476 4177 2901 
6335 1594 3498 1341 
6336 135 3908 315 
6337 318 3922 8 
6338 2037 3408 2214 
6339 4065 4095 1258 
6340 3130 4017 1491 
6341 1684 2066 1682 
6342 471 3433 474 
6343 238 3474 510 
6344 2337 2744 811 
6345 392 3393 395 
6346 1431 1467 1430 
6347 2118 3614 2121 
6348 3044 3045 904 
6349 996 3505 998 
6350 1341 3498 1377 
6351 207 3111 456 
6352 429 3813 3362 
6353 3304 3879 1703 
6354 323 3663 3233 
6355 430 3108 192 
6356 533 4196 3552 
6357 609 3772 3032 
6358 488 3392 490 
6359 191 3106 430 
6360 193 3108 927 
6361 556 3156 265 
6362 908 3098 165 
6363 337 3908 136 
6364 1040 3531 1319 
6365 635 3371 645 
6366 1281 3536 3278 
6367 3079 3171 3080 
6368 703 3383 1083 
6369 3493 4006 2689 
6370 534 3399 536 
6371 1702 2116 1700 
6372 224 3593 225 
6373 156 3569 3052 
6374 2085 4185 3128 
6375 1643 3504 2255 
6376 1821 1822 1467 
6377 2000 4205 2853 
6378 316 4158 35 
6379 1263 3397 1265 
6380 2135 2446 2142 
6381 906 3569 155 
6382 4064 4084 2190 
6383 1688 2064 1686 
6384 449 3400 447 
6385 1169 3369 834 
6386 584 3420 586 
6387 310 3561 98 
6388 1404 3545 1709 
6389 452 3412 454 
6390 1580 2146 2145 
6391 1760 3619 1759 
6392 547 3551 259 
6393 924 3287 211 
6394 913 3099 184 
6395 902 3450 145 
6396 2159 3414 1832 
6397 579 3437 582 
6398 1013 3282 1016 
6399 3166 3513 2070 
6400 1414 1756 1466 
6401 255 3489 3126 
6402 1499 4090 3141 
6403 918 3349 231 
6404 1351 2163 1387 
6405 2309 4023 3258 
6406 3822 4082 3266 
6407 3408 3937 2214 
6408 1696 2071 1695 
6409 1638 3277 1840 
6410 1756 3548 2316 
6411 1864 3381 2572 
6412 2090 3440 564 
6413 1771 3579 2398 
6414 1346 3423 1231 
6415 2295 3678 2293 
6416 548 3418 550 
6417 1674 3448 1672 
6418 2816 4001 922 
6419 1158 3690 3465 
6420 1747 1748 1631 
6421 3551 4159 2593 
6422 3425 3625 3213 
6423 2163 2165 2164 
6424 1205 3528 1427 
6425 479 3341 1296 
6426 2158 2299 1790 
6427 2361 4124 2360 
6428 384 3377 397 
6429 2188 3379 1704 
6430 1721 1789 1723 
6431 3278 3536 2022 
6432 3058 3059 379 
6433 1822 2274 2099 
6434 2809 3854 326 
6435 1217 3366 418 
6436 1156 3396 721 
6437 925 3488 242 
6438 1627 1634 1625 
6439 3064 3065 913 
6440 2250 2251 1690 
6441 900 3409 893 
6442 1599 3421 1421 
6443 190 3123 3106 
6444 2128 3486 2407 
6445 2135 2142 1799 
6446 3596 4031 2324 
6447 4053 4117 307 
6448 2824 3875 2178 
6449 2570 3866 3101 
6450 1706 3376 2276 
6451 3072 3215 914 
6452 433 3427 435 
6453 917 3534 227 
6454 221 3131 920 
6455 2919 3784 937 
6456 1878 3398 1880 
6457 721 3396 723 
6458 176 3580 402 
6459 1268 3374 1259 
6460 2689 3736 3493 
6461 2310 3526 1983 
6462 2883 3988 2882 
6463 1669 3381 1864 
6464 1810 3415 1808 
6465 195 3601 196 
6466 2139 3677 3524 
6467 3 3966 71 
6468 72 3966 3 
6469 4 3967 104 
6470 105 3967 4 
6471 2 3968 38 
6472 39 3968 2 
6473 256 3126 923 
6474 329 3944 2793 
6475 1925 3381 1669 
6476 1840 3277 2802 
6477 920 3081 222 
6478 710 3419 1225 
6479 2888 3630 2889 
6480 3957 4158 2955 
6481 2532 4028 2379 
6482 503 3557 234 
6483 2026 3495 2024 
6484 619 3438 627 
6485 3770 3779 1765 
6486 1646 3379 2058 
6487 1756 2233 2087 
6488 1833 3423 1456 
6489 2275 3408 2035 
6490 2979 4144 2426 
6491 3039 3490 1502 
6492 458 3422 461 
6493 210 3132 924 
6494 1641 4110 3590 
6495 1423 3724 3584 
6496 206 3114 3111 
6497 1704 3379 1646 
6498 916 3123 189 
6499 2849 4020 2848 
6500 397 3403 387 
6501 3602 4183 2766 
6502 2500 4011 2562 
6503 2138 3735 2323 
6504 215 3521 477 
6505 486 3593 224 
6506 3261 3662 3262 
6507 680 3466 3383 
6508 1215 3484 891 
6509 3079 3080 918 
6510 2099 3441 1467 
6511 2035 3408 2037 
6512 1828 4045 3748 
6513 719 4208 718 
6514 2968 4197 2332 
6515 1237 3391 1303 
6516 385 3585 403 
6517 3427 3624 2241 
6518 1658 3456 1661 
6519 1442 3409 900 
6520 2991 3727 2686 
6521 3386 3664 2018 
6522 3440 3613 1240 
6523 763 3404 899 
6524 945 3480 948 
6525 645 3371 668 
6526 3073 3074 3017 
6527 483 3355 487 
6528 3364 3464 759 
6529 1183 3392 488 
6530 2239 3665 3643 
6531 1727 1828 1729 
6532 1261 3374 1295 
6533 435 3427 439 
6534 1101 3555 3285 
6535 1171 3597 470 
6536 668 4184 2832 
6537 1296 3355 481 
6538 450 3400 1306 
6539 2206 3360 1780 
6540 966 3293 969 
6541 1893 3452 1895 
6542 308 4186 2969 
6543 1208 3380 770 
6544 2989 3620 2647 
6545 1569 3670 1221 
6546 2373 2374 1748 
6547 1016 3282 1220 
6548 2163 2164 1387 
6549 1884 3778 3322 
6550 1521 3536 1281 
6551 1832 3414 2179 
6552 1753 3250 2148 
6553 3249 3598 1971 
6554 1158 3465 798 
6555 2468 3910 3009 
6556 938 4135 2776 
6557 1982 3376 1706 
6558 3312 3749 2965 
6559 563 3335 3073 
6560 520 3425 524 
6561 3125 3907 3200 
6562 2486 3593 2903 
6563 541 3388 594 
6564 3537 3538 2077 
6565 3321 3584 2308 
6566 515 3425 520 
6567 2090 3613 3440 
6568 1873 3804 3688 
6569 2506 3533 2623 
6570 2827 4000 2329 
6571 1466 3411 1912 
6572 1409 3410 1484 
6573 1589 3373 1914 
6574 395 3393 406 
6575 2154 3558 2053 
6576 2982 4103 400 
6577 2208 3855 3790 
6578 1290 3388 538 
6579 860 3662 3261 
6580 3132 3530 924 
6581 235 3557 926 
6582 3264 3481 503 
6583 288 3632 2914 
6584 1470 3736 3286 
6585 1 3982 137 
6586 6 3982 1 
6587 2375 3540 1748 
6588 977 3544 978 
6589 1058 3407 1061 
6590 461 3422 1297 
6591 893 3409 1215 
6592 460 3422 458 
6593 506 3447 508 
6594 1306 3412 452 
6595 954 3451 1277 
6596 454 3412 460 
6597 1265 3397 1314 
6598 1295 3397 1263 
6599 998 3505 1002 
6600 674 3368 658 
6601 365 3919 2743 
6602 1507 3413 1509 
6603 594 3401 543 
6604 1423 3584 1273 
6605 1135 4125 4078 
6606 266 3156 919 
6607 508 3447 517 
6608 2508 3533 2506 
6609 2413 3406 1004 
6610 887 3938 2826 
6611 413 3066 3064 
6612 1017 3431 1019 
6613 870 3692 864 
6614 1790 3413 1507 
6615 734 3460 736 
6616 2800 3604 1635 
6617 3216 3869 1141 
6618 2219 3664 3598 
6619 1112 3749 1111 
6620 1985 3541 2490 
6621 196 3601 438 
6622 536 3399 1290 
6623 1111 3749 3312 
6624 2219 3598 3249 
6625 2658 3595 2670 
6626 1267 3567 1253 
6627 2187 3354 1900 
6628 389 3403 1299 
6629 405 3644 401 
6630 822 3463 824 
6631 671 3468 681 
6632 2190 3394 1852 
6633 595 3612 531 
6634 1175 3431 1017 
6635 1227 3445 712 
6636 501 3454 504 
6637 664 3469 666 
6638 3328 3726 643 
6639 720 3435 1336 
6640 3210 3555 1101 
6641 1023 3462 1025 
6642 2908 4122 3224 
6643 1986 3555 3210 
6644 3285 3555 2319 
6645 582 3437 1304 
6646 586 3420 590 
6647 3036 3965 1961 
6648 474 3433 2182 
6649 1456 3423 1346 
6650 3617 3638 1535 
6651 1185 3928 3102 
6652 1304 3420 584 
6653 1053 3502 1055 
6654 511 3439 513 
6655 2445 4094 4010 
6656 562 3640 277 
6657 868 3645 929 
6658 457 3114 205 
6659 2053 3558 2188 
6660 1463 3895 2750 
6661 3615 3839 2363 
6662 3369 3404 775 
6663 550 3418 606 
6664 1940 3911 2933 
6665 1241 4016 3178 
6666 1299 3393 392 
6667 1787 3872 3701 
6668 957 3453 960 
6669 545 3401 1305 
6670 916 3459 3123 
6671 1751 3616 1749 
6672 204 3159 457 
6673 1917 3410 1409 
6674 495 3171 3079 
6675 727 3457 730 
6676 3553 4185 2085 
6677 3032 3772 2134 
6678 3457 3694 2394 
6679 3040 3214 3041 
6680 2137 3695 3238 
6681 3223 4055 2254 
6682 1300 3447 506 
6683 723 3396 772 
6684 2120 3504 1465 
6685 3507 3972 3864 
6686 970 3479 972 
6687 1914 3373 2376 
6688 1418 3587 3345 
6689 3008 3525 1713 
6690 504 3454 1300 
6691 1895 3476 1897 
6692 1272 3475 804 
6693 2439 3421 2083 
6694 2794 3667 1772 
6695 2679 3803 932 
6696 1465 3504 1464 
6697 490 3392 519 
6698 969 3293 1270 
6699 2915 4138 289 
6700 3448 3948 3283 
6701 1339 3424 1337 
6702 517 3439 511 
6703 2651 3651 2663 
6704 3054 3668 1521 
6705 3254 3577 1075 
6706 3187 3962 348 
6707 2083 3421 1599 
6708 492 3517 494 
6709 798 3465 800 
6710 1305 3418 548 
6711 3342 3578 1370 
6712 972 3478 974 
6713 1084 3869 1185 
6714 1427 3528 1827 
6715 3200 3331 2109 
6716 1298 3425 515 
6717 2426 4144 2012 
6718 696 3702 689 
6719 2262 3605 3198 
6720 2153 3844 3318 
6721 3129 3707 1181 
6722 3140 3650 3141 
6723 1249 3708 1251 
6724 3591 4196 533 
6725 1533 3617 1535 
6726 682 4129 3104 
6727 278 3640 3084 
6728 2253 3451 950 
6729 2490 3527 2489 
6730 518 3454 501 
6731 237 3633 3474 
6732 513 3439 1298 
6733 3156 3519 919 
6734 2698 3776 2699 
6735 1880 3398 2140 
6736 1175 3670 3431 
6737 3238 3695 3332 
6738 1680 3512 1678 
6739 1986 3725 3555 
6740 320 3782 41 
6741 3173 3625 1298 
6742 181 3680 413 
6743 3717 3783 366 
6744 3101 3866 245 
6745 236 3633 237 
6746 627 3438 2049 
6747 618 3733 610 
6748 2459 3566 2120 
6749 1201 3462 1023 
6750 270 3153 915 
6751 3159 3160 457 
6752 3555 3725 2319 
6753 1808 3415 2330 
6754 914 3680 180 
6755 1099 3559 3558 
6756 1207 3460 734 
6757 2048 3682 2194 
6758 1027 3509 1029 
6759 3558 3559 2188 
6760 1031 3496 1033 
6761 3443 3720 2168 
6762 980 3506 982 
6763 2789 3562 3222 
6764 1022 3431 2266 
6765 804 3475 806 
6766 1253 3567 1255 
6767 1050 3479 970 
6768 984 3511 986 
6769 1061 3407 1149 
6770 554 3698 558 
6771 2216 3415 1810 
6772 218 3654 476 
6773 3233 3663 2111 
6774 2130 3871 1457 
6775 3189 3655 3243 
6776 2358 3619 3526 
6777 3150 4101 1124 
6778 978 3544 994 
6779 714 3738 2867 
6780 1435 4036 3267 
6781 1303 3391 1506 
6782 3242 3586 2010 
6783 1390 3547 1182 
6784 1786 3826 2929 
6785 3074 3273 3017 
6786 2130 4037 2807 
6787 123 3993 2989 
6788 3270 3453 957 
6789 921 3629 251 
6790 600 3739 390 
6791 1019 3431 1022 
6792 1563 3537 2077 
6793 1451 3578 2088 
6794 3345 3587 2047 
6795 487 3355 2132 
6796 1550 3867 3720 
6797 216 3628 217 
6798 1181 3707 3505 
6799 3584 3724 2308 
6800 863 3662 858 
6801 1573 4103 2982 
6802 2217 3892 3157 
6803 2736 3580 3076 
6804 2946 4108 926 
6805 2113 3663 2610 
6806 308 3999 2795 
6807 277 3640 278 
6808 3467 3611 781 
6809 1502 3490 1577 
6810 3225 3814 2172 
6811 2060 3916 3642 
6812 1696 3358 2071 
6813 1548 3524 1320 
6814 1565 3503 1486 
6815 2311 3824 1604 
6816 2313 3765 2677 
6817 2200 3610 2199 
6818 427 3586 3242 
6819 926 3633 236 
6820 3592 4075 2231 
6821 1536 3573 3237 
6822 251 3629 252 
6823 2521 3684 1931 
6824 3501 4113 2565 
6825 2990 3719 2386 
6826 1812 3892 2217 
6827 3200 3907 1913 
6828 1173 3472 1327 
6829 3292 4126 2605 
6830 681 3468 693 
6831 1352 3492 1354 
6832 1333 3895 1331 
6833 660 3516 662 
6834 795 3723 3434 
6835 3351 3577 3254 
6836 2948 4024 2458 
6837 3832 4054 2449 
6838 3000 3986 1611 
6839 733 3457 1590 
6840 561 3153 269 
6841 3638 3665 1666 
6842 2527 3481 3264 
6843 3384 3600 2032 
6844 1384 3600 3384 
6845 1484 3410 1653 
6846 1333 4063 2878 
6847 3465 3690 2242 
6848 2503 4112 2782 
6849 2588 4045 2788 
6850 2602 4126 3292 
6851 368 3717 366 
6852 2087 3807 2775 
6853 700 3469 664 
6854 561 3154 3153 
6855 3267 4036 1924 
6856 3046 3827 1824 
6857 2033 3705 2275 
6858 477 3628 216 
6859 519 3517 492 
6860 1661 3456 2000 
6861 3925 4152 2523 
6862 122 3861 305 
6863 3108 3594 927 
6864 2519 3956 616 
6865 1413 3514 1382 
6866 1318 3468 671 
6867 2568 3884 2567 
6868 1273 3584 1213 
6869 666 3469 1318 
6870 1961 4140 3199 
6871 3343 3606 1133 
6872 3797 3862 2991 
6873 1509 3413 1555 
6874 3264 3349 2527 
6875 2184 3618 3341 
6876 1971 3598 1973 
6877 1152 3497 1154 
6878 3026 3643 3054 
6879 3087 3520 2223 
6880 3370 3494 1648 
6881 3122 3782 3119 
6882 2078 3452 1893 
6883 809 3475 2337 
6884 531 3612 534 
6885 792 3723 795 
6886 2109 3331 2986 
6887 1387 3492 1352 
6888 2239 4056 2238 
6889 2523 4152 2525 
6890 2667 3577 3351 
6891 1213 3584 3321 
6892 2446 3432 2142 
6893 2456 3857 2701 
6894 402 3728 177 
6895 1308 3592 1163 
6896 100 3903 3395 
6897 736 3460 767 
6898 878 4100 870 
6899 1370 3578 1368 
6900 830 3599 355 
6901 2284 3686 2285 
6902 1463 3837 1372 
6903 178 3728 3072 
6904 2182 3679 2183 
6905 1368 3578 1451 
6906 95 3622 94 
6907 2788 4045 1828 
6908 881 3518 1178 
6909 1631 3540 1629 
6910 2544 4118 3755 
6911 1713 3525 1715 
6912 730 3457 733 
6913 3577 3746 1075 
6914 444 3681 449 
6915 1070 3812 1325 
6916 2087 3411 1466 
6917 253 3714 539 
6918 2267 3503 1695 
6919 2423 3631 342 
6920 3134 3958 263 
6921 1025 3462 1037 
6922 2161 3929 3228 
6923 2180 3501 1560 
6924 3138 3649 3139 
6925 960 3453 963 
6926 1570 3494 2419 
6927 948 3480 2097 
6928 1535 3638 1666 
6929 3964 4145 2634 
6930 1650 3587 1418 
6931 3259 3751 669 
6932 3749 3886 2965 
6933 2432 3784 2213 
6934 800 3465 803 
6935 1562 3537 1563 
6936 824 3463 1241 
6937 744 3523 746 
6938 2597 3930 2596 
6939 2719 4171 2721 
6940 2830 3653 3078 
6941 1298 3625 3425 
6942 1837 3833 3426 
6943 3368 3516 660 
6944 2796 4076 1300 
6945 778 4148 3209 
6946 1672 3448 2062 
6947 3441 3514 1430 
6948 1296 3703 3355 
6949 1648 3494 1433 
6950 2647 3620 2649 
6951 326 3854 3630 
6952 3062 4143 532 
6953 1693 3743 2327 
6954 1686 3539 1684 
6955 1897 3476 2321 
6956 806 3475 809 
6957 3141 4090 3649 
6958 2145 3487 1498 
6959 1536 3574 3573 
6960 2231 3626 2230 
6961 1765 3779 1766 
6962 803 3465 2242 
6963 217 3654 218 
6964 1552 4153 3148 
6965 3381 4078 2572 
6966 1002 3505 2108 
6967 1177 3497 1152 
6968 40 3782 3122 
6969 2174 4070 2949 
6970 963 3453 1819 
6971 2426 3909 2980 
6972 2634 4145 2635 
6973 669 3751 649 
6974 1591 3499 1887 
6975 3073 3335 3074 
6976 1055 3502 1193 
6977 637 4103 1573 
6978 1790 3730 3413 
6979 3300 3743 2101 
6980 1968 4185 2094 
6981 3253 3586 427 
6982 1178 3706 3480 
6983 622 3793 440 
6984 1231 3634 898 
6985 1044 3898 1045 
6986 2720 4021 2719 
6987 1739 3761 1738 
6988 974 3478 977 
6989 4000 4107 2329 
6990 1464 3504 1643 
6991 1445 3501 1447 
6992 1376 3487 1513 
6993 3148 4153 617 
6994 1194 3647 3202 
6995 3080 4047 2774 
6996 1433 3494 1570 
6997 3365 3623 1226 
6998 1033 3531 1035 
6999 3150 4193 3077 
7000 3455 3697 863 
7001 2627 4192 2539 
7002 778 3852 684 
7003 3450 3781 2474 
7004 1694 3874 2073 
7005 2538 3821 2537 
7006 1560 3501 1445 
7007 1133 3606 3188 
7008 3009 3910 344 
7009 2596 3785 2027 
7010 2624 3994 2820 
7011 1983 3619 1760 
7012 2050 3606 3343 
7013 1469 4090 1499 
7014 2269 3621 2272 
7015 662 3516 700 
7016 3476 3552 2321 
7017 345 4060 139 
7018 1037 3510 3509 
7019 2502 3771 2417 
7020 3209 4148 1275 
7021 3060 3737 3438 
7022 494 3517 1340 
7023 1575 3499 1452 
7024 2172 3814 1997 
7025 995 3532 1181 
7026 1247 4141 1249 
7027 2909 3722 2907 
7028 1529 3929 2161 
7029 3258 4023 1918 
7030 3157 3892 3158 
7031 617 4153 362 
7032 921 4143 3062 
7033 2315 3856 2298 
7034 1803 3549 1702 
7035 2541 4038 2311 
7036 3799 4119 2299 
7037 1498 3487 1376 
7038 994 3506 980 
7039 1640 3600 1384 
7040 3512 3835 2615 
7041 1037 3509 1027 
7042 986 3511 999 
7043 2340 3499 1575 
7044 3126 3588 923 
7045 1198 3524 1199 
7046 1848 3767 1850 
7047 3608 3774 2171 
7048 3293 3648 2130 
7049 746 3535 748 
7050 2747 3837 2748 
7051 1827 3528 2353 
7052 180 3680 181 
7053 1323 3518 881 
7054 591 3745 3303 
7055 1452 3499 1591 
7056 1365 3548 1414 
7057 3547 3679 2182 
7058 2243 3623 3365 
7059 3709 3780 2515 
7060 3072 3728 2734 
7061 3493 3691 1597 
7062 2823 4135 938 
7063 3178 4016 2393 
7064 1320 3524 1198 
7065 2440 3962 3187 
7066 534 3612 3399 
7067 3043 4033 3042 
7068 1029 3509 1642 
7069 1218 3683 2092 
7070 846 4115 2764 
7071 2334 4204 2948 
7072 668 3842 652 
7073 2937 3693 2091 
7074 1737 4048 3330 
7075 2438 3666 1775 
7076 1666 3665 2239 
7077 3301 3595 2658 
7078 3431 3670 2266 
7079 3020 3885 3021 
7080 2649 3651 2651 
7081 1642 3496 1031 
7082 140 4060 903 
7083 1327 3472 1351 
7084 1845 3490 2403 
7085 918 3546 3349 
7086 132 3669 308 
7087 1513 3487 1940 
7088 2851 3876 2852 
7089 1506 3391 2158 
7090 2323 3770 2586 
7091 3684 3880 1931 
7092 2418 3696 1889 
7093 2148 3616 1751 
7094 7 3922 3508 
7095 1486 3503 1804 
7096 1275 4148 750 
7097 1881 3778 1884 
7098 982 3506 1322 
7099 1334 3895 1463 
7100 2737 3909 2426 
7101 866 3645 868 
7102 2192 3729 2640 
7103 2716 3761 1739 
7104 1322 3511 984 
7105 2096 4033 3043 
7106 3096 3805 3094 
7107 3217 3902 2073 
7108 2919 3611 2177 
7109 1555 3413 2135 
7110 1354 3492 1597 
7111 1962 4140 1961 
7112 919 3721 267 
7113 1571 3666 1744 
7114 772 3694 725 
7115 1272 4086 2745 
7116 1602 3824 3485 
7117 3188 3815 1129 
7118 1240 3613 1639 
7119 1382 3514 1544 
7120 3508 3909 337 
7121 3452 3476 1895 
7122 1695 3503 1565 
7123 1955 4163 2594 
7124 777 3523 744 
7125 2107 4150 3182 
7126 1362 3472 1173 
7127 1577 3490 1845 
7128 557 3609 3134 
7129 833 4088 3133 
7130 3423 3634 1231 
7131 3286 3795 1470 
7132 1288 3715 1239 
7133 2018 3664 2219 
7134 2101 3743 1692 
7135 2743 3955 2747 
7136 2197 3822 3266 
7137 366 3783 363 
7138 2892 3766 2891 
7139 1633 3979 3821 
7140 3299 3697 3455 
7141 1430 3514 1413 
7142 2408 3585 2430 
7143 1194 3532 995 
7144 1885 3543 1965 
7145 3386 3687 3664 
7146 2328 3847 3672 
7147 2536 4182 2538 
7148 2918 4202 1982 
7149 1678 3512 2079 
7150 2686 3904 2924 
7151 2489 4142 1984 
7152 2302 4144 2979 
7153 3366 3642 423 
7154 1226 3623 1401 
7155 3542 3841 2331 
7156 2214 3938 2432 
7157 411 3655 3382 
7158 3355 3703 2132 
7159 3628 3654 217 
7160 2422 4093 2387 
7161 2513 3709 2515 
7162 748 3535 837 
7163 1417 3992 2843 
7164 1629 3560 1627 
7165 2435 4052 2436 
7166 2991 3859 2165 
7167 1887 3543 1885 
7168 1380 3624 1223 
7169 2295 3983 2916 
7170 1035 3531 1040 
7171 2029 3632 2326 
7172 2606 3650 2607 
7173 268 3721 561 
7174 1124 4101 1121 
7175 972 3479 3478 
7176 833 3700 814 
7177 3898 3915 2900 
7178 459 3990 455 
7179 2599 4126 2602 
7180 3434 3723 2808 
7181 2605 4126 2601 
7182 1458 3646 1637 
7183 4041 4061 2376 
7184 3244 3608 2171 
7185 2521 3768 3684 
7186 1552 3744 3500 
7187 3536 3668 2151 
7188 327 3719 2990 
7189 3522 4151 2129 
7190 1154 3497 1362 
7191 2664 3746 3577 
7192 1351 3472 2163 
7193 350 3962 830 
7194 2539 4192 3656 
7195 2393 4016 2392 
7196 1611 4071 3206 
7197 992 3647 1194 
7198 2569 3935 2462 
7199 3471 3890 200 
7200 2638 4166 2639 
7201 3045 3704 904 
7202 1500 4094 1925 
7203 2994 3865 2995 
7204 3283 3948 2079 
7205 261 3829 557 
7206 1715 3525 1792 
7207 767 3627 738 
7208 2002 3839 3615 
7209 3028 3705 3600 
7210 2196 4005 2817 
7211 3094 4039 3093 
7212 246 3866 922 
7213 988 3652 990 
7214 3551 3829 260 
7215 1747 3695 2373 
7216 264 3958 556 
7217 990 3647 992 
7218 999 3652 988 
7219 3461 4166 2638 
7220 1523 3753 1474 
7221 2060 3642 3366 
7222 2252 3905 1488 
7223 201 3890 446 
7224 456 3927 208 
7225 434 3813 431 
7226 1891 3696 2078 
7227 858 3662 860 
7228 2129 3682 3587 
7229 1748 3540 1631 
7230 3721 4070 561 
7231 2300 4164 3241 
7232 476 3951 219 
7233 3526 3619 1983 
7234 674 4014 3274 
7235 1860 3942 1862 
7236 588 3745 591 
7237 3120 3802 3573 
7238 2947 3868 436 
7239 2205 3757 2203 
7240 2111 3663 2113 
7241 248 4001 532 
7242 1916 3839 2002 
7243 2000 3563 1846 
7244 2293 3678 2297 
7245 2322 4202 2918 
7246 2357 4120 2288 
7247 2186 3757 3221 
7248 999 4102 3652 
7249 2758 4132 2760 
7250 209 3927 3132 
7251 2120 3716 3504 
7252 3197 3888 1127 
7253 1414 3548 1756 
7254 2797 4084 4064 
7255 220 3951 3131 
7256 3642 3916 3710 
7257 693 3711 688 
7258 3926 4065 1291 
7259 2574 3921 3899 
7260 2225 3789 1800 
7261 1709 3776 3008 
7262 3228 4203 2161 
7263 1684 3539 2066 
7264 2555 3979 2556 
7265 1362 3797 3472 
7266 532 4143 249 
7267 3620 3651 2649 
7268 267 3721 268 
7269 1928 3976 3855 
7270 2922 3701 2923 
7271 4078 4165 2975 
7272 3115 4086 2242 
7273 369 4204 3051 
7274 2177 3611 3467 
7275 241 3896 925 
7276 1149 3923 1150 
7277 2064 3539 1686 
7278 1754 3548 1365 
7279 519 4107 3517 
7280 1008 4131 1009 
7281 3341 3618 1296 
7282 1877 3646 1458 
7283 2116 4192 3889 
7284 3995 4211 2313 
7285 3339 3636 1222 
7286 3505 3707 2108 
7287 3037 4058 673 
7288 3986 4071 1611 
7289 1725 3946 3338 
7290 2672 3812 3746 
7291 3761 4184 3372 
7292 423 3642 3253 
7293 252 3714 253 
7294 3451 3685 1277 
7295 486 3884 2903 
7296 2443 3644 2325 
7297 3629 3714 252 
7298 2590 3872 2589 
7299 2643 3970 2646 
7300 884 4170 3482 
7301 1702 3549 2116 
7302 2273 3991 3976 
7303 1397 4089 2435 
7304 3623 3732 1705 
7305 2946 3887 2189 
7306 1690 3659 1688 
7307 3311 4200 885 
7308 772 3972 3694 
7309 2021 3636 3339 
7310 226 4032 917 
7311 922 4001 247 
7312 3748 4045 2587 
7313 2449 4054 3853 
7314 3578 3830 2088 
7315 1550 3720 3443 
7316 1521 3668 3536 
7317 3622 4082 324 
7318 965 3648 3293 
7319 2683 4174 701 
7320 400 4097 2982 
7321 2879 4136 3699 
7322 738 3627 740 
7323 2222 3667 2068 
7324 2186 3676 2029 
7325 1597 3691 1356 
7326 1846 3563 2332 
7327 1194 3589 3532 
7328 3496 3531 1033 
7329 1647 3679 3547 
7330 2556 3917 2554 
7331 3589 3672 3532 
7332 324 4082 3822 
7333 177 3728 178 
7334 1819 3648 965 
7335 3227 3734 3445 
7336 2562 3958 3134 
7337 864 3692 866 
7338 1745 4150 2107 
7339 2209 3847 3212 
7340 1543 3961 2963 
7341 1241 3731 826 
7342 2127 3777 2439 
7343 2165 3859 3149 
7344 250 4143 921 
7345 3109 4123 2249 
7346 2728 4181 1487 
7347 2253 3685 3451 
7348 2007 3635 2004 
7349 676 3852 3466 
7350 2345 3984 2824 
7351 1358 3691 1470 
7352 3447 4076 2404 
7353 2328 3672 3589 
7354 1775 3666 1571 
7355 2134 3772 2117 
7356 2391 3766 3378 
7357 503 3887 3557 
7358 2278 3815 3188 
7359 828 3731 1323 
7360 621 3893 502 
7361 604 3828 2769 
7362 2026 3899 3495 
7363 2220 3792 2221 
7364 2610 4189 2343 
7365 3057 3863 2234 
7366 715 3799 714 
7367 3504 3716 2255 
7368 3413 3730 2135 
7369 1654 3914 1657 
7370 1961 3965 1667 
7371 2227 4147 1338 
7372 2015 3915 3325 
7373 3500 3744 3320 
7374 3080 3546 918 
7375 2103 3683 1218 
7376 1627 3560 1634 
7377 2273 3976 1928 
7378 3867 4142 2305 
7379 2377 3759 2378 
7380 442 3681 444 
7381 740 3627 3483 
7382 3688 3804 2191 
7383 3047 4005 2140 
7384 2419 3657 2441 
7385 41 3782 40 
7386 3243 3655 411 
7387 364 4153 1552 
7388 2826 3938 3937 
7389 400 4103 404 
7390 2094 4185 3553 
7391 2306 3639 3416 
7392 2251 3659 1690 
7393 294 3993 124 
7394 1987 3725 1986 
7395 725 3694 727 
7396 907 3810 3207 
7397 3472 3797 2163 
7398 2582 3960 2583 
7399 2123 3687 2258 
7400 1703 3879 1803 
7401 904 3704 3011 
7402 1688 3659 2064 
7403 866 3692 3645 
7404 691 4148 778 
7405 3523 3535 746 
7406 2313 4211 3765 
7407 1356 3691 1358 
7408 1166 4080 1317 
7409 1889 3696 1891 
7410 885 4200 876 
7411 1858 4042 1860 
7412 3510 4087 2121 
7413 2720 4156 2724 
7414 345 4201 2978 
7415 4133 4174 2683 
7416 1691 3674 2250 
7417 1769 3582 3258 
7418 2364 4128 3402 
7419 2157 3877 3273 
7420 2853 4205 2851 
7421 1063 3850 2636 
7422 2064 3602 3539 
7423 846 3846 820 
7424 2367 3916 2366 
7425 2282 4012 2573 
7426 3324 3757 2186 
7427 2029 3676 3632 
7428 2543 3853 2696 
7429 1670 3740 3624 
7430 2821 4191 2822 
7431 3056 4149 2477 
7432 2515 3780 2517 
7433 2560 4123 3109 
7434 3474 4035 510 
7435 2524 3925 2523 
7436 124 3993 123 
7437 727 3694 3457 
7438 3314 3822 2389 
7439 1793 3798 3275 
7440 406 4097 398 
7441 3042 3961 1543 
7442 2792 3906 2225 
7443 2228 3978 3625 
7444 1199 3677 2016 
7445 2587 4045 2588 
7446 3445 3734 716 
7447 1856 4164 2300 
7448 2031 3864 3396 
7449 2257 3973 3013 
7450 3480 3706 2097 
7451 3438 3737 2049 
7452 3133 4088 2744 
7453 926 4108 2993 
7454 3639 3819 319 
7455 1717 3843 1719 
7456 3485 3824 2912 
7457 3658 4056 2239 
7458 2512 4079 2616 
7459 1820 4195 1461 
7460 2047 3682 2048 
7461 1875 3936 3189 
7462 2557 4072 3947 
7463 2766 4183 3010 
7464 2540 4173 3131 
7465 3042 4033 2017 
7466 3613 3693 2153 
7467 2323 3779 3770 
7468 2714 4179 2159 
7469 3255 3836 425 
7470 2232 3798 2322 
7471 3303 3745 3096 
7472 3349 3546 2527 
7473 70 3752 69 
7474 3593 4032 225 
7475 1907 4128 2364 
7476 3008 3776 2698 
7477 2069 3726 3328 
7478 2843 4136 2879 
7479 3416 3639 2312 
7480 3587 3682 2047 
7481 3291 3930 2602 
7482 812 4088 833 
7483 2229 3854 2809 
7484 3382 3655 2103 
7485 3643 3668 3054 
7486 558 3698 633 
7487 1251 3708 1267 
7488 2201 3773 2202 
7489 2307 3819 2306 
7490 2665 3746 2664 
7491 2969 4186 2669 
7492 1470 3795 1360 
7493 2576 3949 2575 
7494 3524 3677 1199 
7495 3379 3800 2058 
7496 3482 4170 2681 
7497 2415 3878 2584 
7498 2478 3836 2216 
7499 3540 3560 1629 
7500 3286 3736 2690 
7501 311 3687 3386 
7502 2484 4108 2946 
7503 2625 4061 1420 
7504 2844 3991 2273 
7505 3573 3802 3237 
7506 1221 3670 1175 
7507 3538 4104 2443 
7508 3600 3705 2032 
7509 902 3781 3450 
7510 1990 4206 1576 
7511 3253 3710 3586 
7512 1277 3685 1432 
7513 791 3723 792 
7514 2558 4068 2555 
7515 814 3700 816 
7516 2966 4198 1185 
7517 2724 4156 2212 
7518 905 3863 3057 
7519 1936 3774 1938 
7520 3486 4019 612 
7521 1363 3795 1754 
7522 3979 4068 3821 
7523 2488 4105 3006 
7524 3273 3877 354 
7525 3876 3914 2852 
7526 2864 4057 3402 
7527 1965 3803 3232 
7528 1825 3998 3878 
7529 2319 3725 2320 
7530 2636 3850 3811 
7531 2032 3705 2033 
7532 2255 4027 2520 
7533 45 3791 313 
7534 3241 4164 3394 
7535 2386 3719 2246 
7536 688 3711 694 
7537 3156 3820 3519 
7538 4092 4139 2382 
7539 1724 4043 2061 
7540 656 4014 674 
7541 3342 3830 3578 
7542 990 3652 3647 
7543 1989 4127 2727 
7544 3059 3939 379 
7545 2721 4171 3114 
7546 3880 4023 2309 
7547 3661 4151 3522 
7548 3055 4149 3056 
7549 2299 3730 1790 
7550 2954 4056 306 
7551 334 3787 3389 
7552 287 3930 3291 
7553 2230 3854 2229 
7554 2086 3977 1777 
7555 2797 4064 1090 
7556 3358 3889 2627 
7557 1824 3724 1423 
7558 1744 4073 1311 
7559 2272 3956 2356 
7560 785 3838 788 
7561 2716 4184 3761 
7562 1367 3690 1158 
7563 3177 3912 3178 
7564 1115 3749 1112 
7565 2194 3729 2192 
7566 912 4116 3491 
7567 3245 4144 2302 
7568 2308 3724 3323 
7569 1127 3888 1128 
7570 1168 3959 2131 
7571 2431 3774 3608 
7572 2501 4077 2503 
7573 2436 3932 3697 
7574 863 3932 3662 
7575 2183 3718 2185 
7576 2191 3804 2156 
7577 295 3661 3522 
7578 3050 3823 3373 
7579 2265 3931 2206 
7580 2685 3859 2991 
7581 2260 3999 2262 
7582 826 3731 828 
7583 2545 4031 3596 
7584 2763 3823 3050 
7585 3581 3618 2184 
7586 818 4025 846 
7587 1931 3880 1762 
7588 310 3983 3561 
7589 3937 3959 1168 
7590 3847 3980 3212 
7591 2066 3835 1682 
7592 3538 3741 897 
7593 2557 3947 3831 
7594 1828 3748 1729 
7595 2097 3706 2254 
7596 3774 4013 1938 
7597 3061 3989 2666 
7598 2613 4207 2997 
7599 915 3675 3155 
7600 2126 3697 3299 
7601 3394 4164 1854 
7602 613 4066 2571 
7603 706 3873 3419 
7604 897 4104 3538 
7605 1692 3743 1693 
7606 2431 4013 3774 
7607 3625 3978 3213 
7608 2395 3961 3042 
7609 1698 3889 3358 
7610 319 3819 3170 
7611 3068 3742 422 
7612 2007 3850 3635 
7613 2365 3978 2228 
7614 1544 3715 1288 
7615 674 3673 3368 
7616 643 4167 3247 
7617 1671 4033 2096 
7618 2416 4157 2501 
7619 2243 3732 3623 
7620 649 3751 673 
7621 2055 3953 3380 
7622 2116 3889 1700 
7623 822 3846 3463 
7624 2886 4099 322 
7625 2307 4030 3819 
7626 324 3822 3314 
7627 2611 3788 3583 
7628 1633 3882 1619 
7629 1888 3952 2418 
7630 1742 4044 2020 
7631 3358 3671 2071 
7632 2316 4174 2233 
7633 294 3651 3620 
7634 3268 3732 2243 
7635 3065 3801 913 
7636 690 4106 657 
7637 399 4104 897 
7638 3675 3941 3155 
7639 3228 3769 3147 
7640 1037 3834 3510 
7641 1525 4034 1644 
7642 925 3896 3572 
7643 1674 3948 3448 
7644 1583 4017 3851 
7645 2161 4203 3541 
7646 3104 3883 936 
7647 1266 4172 4141 
7648 2430 3739 2739 
7649 2744 4088 811 
7650 3689 4188 2735 
7651 3711 3870 694 
7652 2241 3740 3244 
7653 3466 3852 3086 
7654 1723 3946 1725 
7655 2215 3758 2059 
7656 2196 3637 3566 
7657 3302 3841 786 
7658 3549 3656 2116 
7659 2049 3737 2222 
7660 2917 3787 2307 
7661 260 3829 261 
7662 2306 3819 3639 
7663 2210 3741 2351 
7664 1634 3881 1625 
7665 462 3897 459 
7666 13 3825 12 
7667 563 4002 3335 
7668 3685 3817 1649 
7669 1305 4157 3418 
7670 1621 3901 1633 
7671 3791 4203 313 
7672 590 3745 588 
7673 2962 3833 1837 
7674 3677 3775 2016 
7675 2382 4139 2818 
7676 3373 3823 2376 
7677 1729 3748 1765 
7678 3006 4105 3069 
7679 3070 3750 906 
7680 2079 3948 1676 
7681 2618 3954 1557 
7682 1928 3855 1929 
7683 1053 3898 3502 
7684 2091 3693 2090 
7685 2951 3879 2314 
7686 3610 4155 620 
7687 2775 4137 1822 
7688 2774 4047 3105 
7689 3788 4169 3583 
7690 786 3841 3542 
7691 3098 3747 3071 
7692 2897 3943 2893 
7693 1680 3835 3512 
7694 2135 3730 2446 
7695 2717 3849 3274 
7696 3724 3827 3323 
7697 3216 3874 2115 
7698 2941 4052 1959 
7699 1926 3765 2408 
7700 2838 3912 3177 
7701 3512 3660 2079 
7702 3087 3755 394 
7703 3652 4102 2713 
7704 1789 4069 3946 
7705 716 3734 3435 
7706 562 4124 3640 
7707 2413 3976 3406 
7708 3332 3695 1747 
7709 3374 4092 1295 
7710 3624 3740 2241 
7711 2185 4022 3826 
7712 1260 4065 1258 
7713 3696 4098 2078 
7714 442 3793 3681 
7715 2376 4061 2237 
7716 1908 4167 2400 
7717 1132 4125 1135 
7718 3694 3972 2394 
7719 1495 3699 3429 
7720 3058 3963 3059 
7721 2252 4008 3905 
7722 3632 3676 2914 
7723 1420 4041 2762 
7724 2359 4209 2869 
7725 4025 4115 846 
7726 1254 4096 1252 
7727 3435 3734 2227 
7728 1185 4198 3928 
7729 2146 3754 2145 
7730 1958 3975 2303 
7731 3280 4146 460 
7732 2117 3772 2368 
7733 3486 4049 4019 
7734 3571 3997 908 
7735 1258 4095 1256 
7736 2826 3937 1168 
7737 3039 3920 3490 
7738 1505 4083 3550 
7739 1850 3767 2190 
7740 3637 3716 3566 
7741 2311 4038 3824 
7742 1824 3827 3724 
7743 2505 3771 2502 
7744 2027 3785 2574 
7745 3428 3966 72 
7746 908 3997 3098 
7747 3723 3953 2808 
7748 1075 3812 1070 
7749 936 3883 3807 
7750 440 3793 442 
7751 3548 3894 2316 
7752 43 3858 42 
7753 2450 3763 2180 
7754 3334 3784 2919 
7755 3889 4192 2627 
7756 3459 4176 3123 
7757 1644 3753 1523 
7758 1981 3924 2245 
7759 2912 4038 309 
7760 3664 3687 2123 
7761 3581 3826 1786 
7762 3237 3802 1770 
7763 1909 3885 3315 
7764 1372 3837 1505 
7765 3534 3949 495 
7766 2725 3786 3235 
7767 2834 4172 2414 
7768 245 3866 246 
7769 1177 3727 3497 
7770 2723 4156 2720 
7771 3320 3744 2143 
7772 3372 4184 668 
7773 2583 3960 3310 
7774 1360 3795 1363 
7775 3181 4092 2382 
7776 3294 3940 1963 
7777 3762 3987 2870 
7778 1766 3779 1769 
7779 3764 4142 2489 
7780 1124 4193 3150 
7781 3566 3716 2120 
7782 2407 3777 2127 
7783 2366 4008 1910 
7784 1604 3824 1602 
7785 2203 3757 3324 
7786 2795 3999 2260 
7787 2807 4037 2335 
7788 1813 3892 1812 
7789 1115 3886 3749 
7790 3151 3800 3379 
7791 18 3900 17 
7792 652 3842 654 
7793 3449 3834 3462 
7794 3490 3920 2403 
7795 3189 3936 3655 
7796 3619 4004 1759 
7797 2088 3830 3417 
7798 1997 3814 2236 
7799 1984 3867 1550 
7800 3362 3813 2450 
7801 1129 3815 3169 
7802 3393 4154 406 
7803 200 3890 201 
7804 3389 3787 2917 
7805 2058 3800 2215 
7806 2150 3841 3302 
7807 2213 3784 3334 
7808 3002 3920 3039 
7809 3265 4063 1333 
7810 3442 3967 105 
7811 3463 3846 2424 
7812 2265 4130 3297 
7813 2605 4053 3292 
7814 2159 4083 3414 
7815 3344 4062 2099 
7816 3106 3768 430 
7817 3819 4030 3170 
7818 3518 4050 1178 
7819 3217 3874 3216 
7820 240 3896 241 
7821 2115 3874 1694 
7822 3533 4095 2623 
7823 2384 3818 2383 
7824 2389 3822 2197 
7825 101 3903 100 
7826 3495 4081 1388 
7827 2356 3847 2328 
7828 3395 4059 310 
7829 916 4105 3459 
7830 3376 4202 2322 
7831 2108 3790 2413 
7832 2709 3796 3223 
7833 136 3908 135 
7834 3924 3971 2245 
7835 3550 4083 2159 
7836 807 4170 884 
7837 3618 3703 1296 
7838 3329 3921 331 
7839 3655 3936 2103 
7840 3704 3985 3011 
7841 2163 3797 2165 
7842 2694 3654 3628 
7843 2982 3974 2846 
7844 2090 3693 3613 
7845 3642 3710 3253 
7846 3333 4178 2073 
7847 3754 3911 2145 
7848 1901 4031 2545 
7849 1331 3895 1334 
7850 3679 3718 2183 
7851 8 3922 7 
7852 2949 4070 3721 
7853 3448 3891 2062 
7854 1682 3835 1680 
7855 2394 3972 2395 
7856 2666 3989 2669 
7857 3051 3810 907 
7858 2245 3971 2247 
7859 3545 3776 1709 
7860 3507 3864 2031 
7861 3601 4054 438 
7862 3159 4051 3160 
7863 2467 3760 3759 
7864 3041 3781 902 
7865 820 3846 822 
7866 1417 4079 3992 
7867 2256 3794 3192 
7868 2317 3789 3346 
7869 2710 4050 3518 
7870 1754 3894 3548 
7871 3070 3857 3750 
7872 556 3820 3156 
7873 3397 3860 2100 
7874 2482 4035 3474 
7875 3991 4131 1008 
7876 4114 4186 2795 
7877 4010 4094 2010 
7878 684 3852 676 
7879 2486 4032 3593 
7880 3807 4133 936 
7881 2975 4165 2974 
7882 3796 4055 3223 
7883 2254 3817 2253 
7884 3322 3778 2459 
7885 208 3927 209 
7886 2463 3756 3367 
7887 29 3969 28 
7888 1562 4147 3294 
7889 1141 3869 1084 
7890 2408 4211 3585 
7891 913 3801 3099 
7892 3969 4180 2809 
7893 3615 4116 2479 
7894 34 3957 33 
7895 2159 4179 3550 
7896 1906 3943 3498 
7897 2420 4081 2421 
7898 3871 4057 1877 
7899 3557 3887 2946 
7900 3763 4113 2180 
7901 1457 3871 1877 
7902 2995 3865 3747 
7903 2635 3714 3629 
7904 3754 4111 831 
7905 3301 3944 3595 
7906 3171 3949 2576 
7907 3747 3865 3071 
7908 2574 3899 2026 
7909 360 3857 3070 
7910 2620 3941 3675 
7911 1420 4061 4041 
7912 2852 3914 3848 
7913 3630 3854 2230 
7914 2832 4184 2716 
7915 4018 4114 2261 
7916 2336 3986 2959 
7917 3654 4177 476 
7918 137 3982 337 
7919 3174 3996 2730 
7920 2190 4084 3394 
7921 307 4117 3136 
7922 3594 4190 927 
7923 71 3966 336 
7924 104 3967 334 
7925 38 3968 335 
7926 438 3832 3112 
7927 219 3951 220 
7928 3176 3873 706 
7929 2353 3811 2007 
7930 673 4058 3347 
7931 2422 3921 3329 
7932 3371 3981 3372 
7933 3940 4147 2227 
7934 2336 4071 3986 
7935 3306 3886 1115 
7936 3224 4122 1987 
7937 34 4158 3957 
7938 3419 3873 2831 
7939 1769 3735 3582 
7940 3719 4140 2246 
7941 263 3958 264 
7942 348 3962 350 
7943 2363 3839 2950 
7944 1792 3843 1717 
7945 1743 4026 3211 
7946 3649 4090 1613 
7947 3588 4028 923 
7948 1062 3641 3602 
7949 3905 3916 2060 
7950 3223 4050 2710 
7951 2435 4089 3975 
7952 1770 3929 1529 
7953 1769 3779 3735 
7954 3821 3882 1633 
7955 3071 3865 386 
7956 3478 4210 977 
7957 3182 4085 2107 
7958 2550 4074 3367 
7959 1488 3905 2060 
7960 3277 3809 2802 
7961 3221 3934 2890 
7962 3700 4025 816 
7963 1619 3882 1617 
7964 2398 3870 3711 
7965 2646 3861 2989 
7966 1700 3889 1698 
7967 2792 4075 3906 
7968 2121 4087 3322 
7969 3308 4102 999 
7970 354 3877 3016 
7971 3856 4051 3124 
7972 3491 4116 2388 
7973 3282 4134 2622 
7974 2276 3950 2746 
7975 2505 3926 3771 
7976 2991 3862 3727 
7977 2233 3807 2087 
7978 1653 3914 1654 
7979 2602 3930 2597 
7980 2739 3830 3342 
7981 495 3949 3171 
7982 2573 4013 2431 
7983 3746 3812 1075 
7984 3671 3933 2071 
7985 2261 4114 2795 
7986 3662 3932 3262 
7987 616 3956 3621 
7988 1887 3788 3543 
7989 3805 4039 3094 
7990 247 4001 248 
7991 2253 3817 3685 
7992 3502 3898 2900 
7993 3519 3820 2218 
7994 1625 3881 1623 
7995 3270 3913 3453 
7996 2297 4071 2336 
7997 3659 4183 2064 
7998 3498 3943 2897 
7999 3875 3984 1267 
8000 2250 4187 3390 
8001 1887 4169 3788 
8002 1045 3898 1053 
8003 1938 4013 3197 
8004 2800 3849 3604 
8005 2179 3919 2287 
8006 2073 4178 2072 
8007 3056 3863 905 
8008 2641 3970 2643 
8009 446 3856 3124 
8010 1491 4017 1583 
8011 3402 4057 2364 
8012 1862 3942 1939 
8013 3543 3803 1965 
8014 1634 3917 3881 
8015 3842 4014 654 
8016 2581 3933 3671 
8017 3310 3960 2003 
8018 2356 3980 3847 
8019 1623 3901 1621 
8020 2305 4138 3327 
8021 2963 3961 3507 
8022 1184 4100 878 
8023 718 4208 4119 
8024 3068 4121 3742 
8025 3367 4160 2569 
8026 3410 3848 1653 
8027 35 4158 34 
8028 1759 4004 3284 
8029 2623 3926 2505 
8030 3755 4118 394 
8031 3572 3896 2753 
8032 2216 3836 3415 
8033 2842 4091 2381 
8034 3212 4130 2265 
8035 3102 3928 3265 
8036 1063 3945 3850 
8037 791 3953 3723 
8038 225 4032 226 
8039 2916 4059 2259 
8040 3620 3993 294 
8041 2078 3828 3452 
8042 2858 4098 3696 
8043 3868 4113 3763 
8044 336 3966 3428 
8045 3748 3770 1765 
8046 3462 3834 1037 
8047 3213 3978 1435 
8048 3707 3790 2108 
8049 2224 3834 3449 
8050 139 4060 140 
8051 2262 3999 3669 
8052 2044 4039 3337 
8053 2072 4178 3251 
8054 1657 3876 3456 
8055 1676 3948 1674 
8056 2396 3954 2187 
8057 3585 4211 403 
8058 3396 3864 772 
8059 3595 3944 329 
8060 2238 4056 2954 
8061 3453 3913 1819 
8062 2326 4048 1737 
8063 344 3910 3214 
8064 3346 3906 1308 
8065 3149 4199 679 
8066 334 3967 3442 
8067 3706 4050 3223 
8068 3901 3979 1633 
8069 3701 3872 2590 
8070 1177 3923 3904 
8071 460 4146 3422 
8072 2383 4175 3246 
8073 3481 3887 503 
8074 3011 3985 345 
8075 3337 4039 3805 
8076 2301 3998 2936 
8077 654 4014 656 
8078 1918 4023 2349 
8079 3029 3913 3270 
8080 379 3939 3113 
8081 1667 3965 1824 
8082 2516 3992 2514 
8083 3974 4097 406 
8084 1295 3860 3397 
8085 2242 4086 1272 
8086 3604 3849 2717 
8087 3287 4152 467 
8088 1150 3923 1177 
8089 3684 3768 2350 
8090 3507 3961 2395 
8091 2071 3933 2267 
8092 3100 3963 3058 
8093 2802 3952 1888 
8094 3906 4075 1308 
8095 1613 4090 1469 
8096 3155 3941 560 
8097 3325 3915 1044 
8098 2259 4059 3395 
8099 3848 3914 1653 
8100 2607 4053 2605 
8101 1318 3996 3468 
8102 1819 4161 3648 
8103 3516 3987 700 
8104 3759 3760 2378 
8105 3106 4176 3768 
8106 2140 4005 2196 
8107 1634 4072 3917 
8108 2401 4210 3478 
8109 249 4143 250 
8110 1777 3977 2438 
8111 3801 4121 3099 
8112 2575 3949 3534 
8113 3468 3996 3174 
8114 3077 4193 3169 
8115 3459 4105 2488 
8116 2989 3993 3620 
8117 1789 3946 1723 
8118 2824 3984 3875 
8119 1987 4122 3722 
8120 2010 4094 1500 
8121 2572 4012 2282 
8122 3297 4130 1342 
8123 816 4025 818 
8124 3380 3953 791 
8125 1559 3994 2951 
8126 2663 3944 3301 
8127 3583 4169 2340 
8128 2206 3931 3360 
8129 3881 3901 1623 
8130 1121 4101 1123 
8131 2099 4062 3441 
8132 2387 4093 2386 
8133 3340 4018 2261 
8134 3580 4188 402 
8135 2375 3947 3540 
8136 2601 4126 2599 
8137 3883 4137 2775 
8138 313 4203 3228 
8139 2276 4003 3950 
8140 2128 4049 3486 
8141 2300 4042 1858 
8142 3247 3981 3371 
8143 2288 4120 3204 
8144 2984 4025 3700 
8145 2498 4029 2146 
8146 1416 4175 3818 
8147 362 4153 364 
8148 3640 4124 2361 
8149 3422 4146 3269 
8150 337 3982 3508 
8151 2525 4152 3287 
8152 1266 4141 1247 
8153 3789 3906 3346 
8154 3572 3935 925 
8155 2249 4123 2924 
8156 3084 4002 563 
8157 3750 3857 2456 
8158 2514 4079 2512 
8159 3171 4047 3080 
8160 1644 4182 4040 
8161 1388 4080 1166 
8162 3893 4128 2441 
8163 1617 4034 1525 
8164 3052 4024 369 
8165 1338 4147 1562 
8166 2928 4022 3758 
8167 3508 3982 6 
8168 4074 4160 3367 
8169 3710 4010 3586 
8170 289 4138 3764 
8171 3992 4079 2514 
8172 404 4103 637 
8173 2407 3990 3897 
8174 2358 4004 3619 
8175 4034 4182 1644 
8176 3942 4191 1939 
8177 3882 4034 1617 
8178 3048 4155 2711 
8179 750 4148 691 
8180 2809 4180 2355 
8181 3648 4037 2130 
8182 2017 4033 1671 
8183 3810 4204 2334 
8184 1267 3984 3567 
8185 3170 4030 3442 
8186 398 4097 400 
8187 2320 4150 1745 
8188 2607 4117 4053 
8189 3735 3779 2323 
8190 3010 4183 3659 
8191 3169 4193 1124 
8192 3376 4003 2276 
8193 3905 4008 2366 
8194 2246 4140 1962 
8195 3232 4019 2235 
8196 2444 4181 2333 
8197 1311 4073 1569 
8198 2012 4144 3245 
8199 2343 4189 2346 
8200 1854 4164 1856 
8201 2441 4128 1907 
8202 700 3987 3762 
8203 3111 4021 456 
8204 2696 4054 3601 
8205 3327 4138 2915 
8206 3486 3990 2407 
8207 2379 4028 3588 
8208 2937 3851 3844 
8209 811 4088 812 
8210 3497 3862 1362 
8211 1792 4109 3843 
8212 352 4149 3055 
8213 876 4200 1169 
8214 2315 4051 3856 
8215 3673 3849 2800 
8216 2069 4110 3726 
8217 3621 3956 2272 
8218 923 4028 3127 
8219 3824 4038 2912 
8220 560 3941 3712 
8221 2145 3911 3487 
8222 3228 3929 3769 
8223 3347 4058 3309 
8224 3266 4082 2357 
8225 3330 4089 1397 
8226 1009 4131 1012 
8227 3708 3875 1267 
8228 3727 3862 3497 
8229 3124 4051 3159 
8230 402 4188 3689 
8231 3590 4110 2069 
8232 2984 4115 4025 
8233 3069 4105 916 
8234 3682 4151 2194 
8235 2357 4082 3622 
8236 3764 4138 2305 
8237 3487 3911 1940 
8238 3933 4067 2267 
8239 394 4118 3083 
8240 1177 3904 3727 
8241 1917 4020 3410 
8242 3714 4145 539 
8243 2225 3906 3789 
8244 522 4074 3101 
8245 1822 4137 2274 
8246 3098 3997 3747 
8247 2366 3916 3905 
8248 3540 3947 3560 
8249 3816 4194 2264 
8250 3111 4171 4021 
8251 2349 4023 3880 
8252 3099 4121 3068 
8253 2148 3945 3616 
8254 2103 3936 3683 
8255 561 4070 3154 
8256 1012 4134 3282 
8257 2107 4085 3522 
8258 3790 3855 2413 
8259 3635 3945 2148 
8260 4029 4111 2146 
8261 3697 3932 863 
8262 2267 4009 3503 
8263 2427 4006 3470 
8264 3897 3990 459 
8265 2340 4169 3499 
8266 3552 4196 2321 
8267 2538 3882 3821 
8268 3713 3934 2205 
8269 3760 4201 2378 
8270 3727 3904 2686 
8271 3488 4160 522 
8272 4062 4168 3441 
8273 2411 4121 3801 
8274 3503 4009 1804 
8275 3550 4179 1478 
8276 3828 4098 2769 
8277 2407 3897 3777 
8278 306 4056 3658 
8279 3517 4000 1340 
8280 3768 4176 2350 
8281 3881 3917 2556 
8282 2388 4116 3615 
8283 1300 4076 3447 
8284 3123 4176 3106 
8285 2556 3901 3881 
8286 3441 4168 3514 
8287 3131 4173 920 
8288 977 4210 3544 
8289 3710 3916 2367 
8290 3114 4171 3111 
8291 2194 4151 3661 
8292 1362 3862 3797 
8293 3818 4175 2383 
8294 927 4190 3107 
8295 3401 4077 1305 
8296 3807 3883 2775 
8297 3844 3851 2244 
8298 1804 4166 3461 
8299 594 4112 3401 
8300 3850 3945 3635 
8301 1308 4075 3592 
8302 3669 3999 308 
8303 2538 4034 3882 
8304 1982 4202 3376 
8305 522 4160 4074 
8306 3586 4010 2010 
8307 3410 4020 3848 
8308 4131 4134 1012 
8309 2321 4196 3591 
8310 436 3868 3763 
8311 2009 4187 3674 
8312 4119 4208 2446 
8313 3648 4161 4037 
8314 438 4054 3832 
8315 2572 4125 4012 
8316 2556 3979 3901 
8317 3876 4205 3456 
8318 3637 4027 3716 
8319 2180 4113 3501 
8320 2727 4127 3675 
8321 2064 4183 3602 
8322 2446 4208 3432 
8323 602 4027 3637 
8324 2367 4010 3710 
8325 3499 4169 1887 
8326 4019 4049 2235 
8327 4009 4166 1804 
8328 3878 3998 2301 
8329 3928 4198 2877 
8330 3718 4022 2185 
8331 2378 4201 3985 
8332 3560 4072 1634 
8333 2635 4145 3714 
8334 4021 4171 2719 
8335 4129 4137 3104 
8336 3831 3947 2375 
8337 2844 4134 4131 
8338 3787 4030 2307 
8339 2692 4007 3894 
8340 1178 4050 3706 
8341 3514 4168 1544 
8342 2555 4068 3979 
8343 2851 4205 3876 
8344 3981 4167 1908 
8345 2997 4168 4062 
8346 2877 4063 3928 
8347 4042 4135 2823 
8348 3747 3997 2676 
8349 920 4173 3808 
8350 3983 4059 2916 
8351 3656 4192 2116 
8352 3401 4112 4077 
8353 3675 4127 2620 
8354 3864 3972 772 
8355 3456 4205 2000 
8356 1644 4040 3753 
8357 2978 4201 3760 
8358 2284 4066 3686 
8359 3716 4027 2255 
8360 2233 4133 3807 
8361 3848 4020 2849 
8362 3859 4199 3149 
8363 556 4011 3820 
8364 403 4211 3995 
8365 3699 4136 2516 
8366 2267 4067 4009 
8367 2305 4142 3764 
8368 3947 4072 3560 
8369 310 4059 3983 
8370 2569 4160 3488 
8371 3722 4122 2907 
8372 3894 4007 2316 
8373 3823 4041 2376 
8374 2146 4111 3754 
8375 3853 4054 2696 
8376 2254 4055 3817 
8377 3767 4064 2190 
8378 2274 4129 3702 
8379 2299 4119 3730 
8380 2639 4166 4009 
8381 2129 4151 3682 
8382 2736 4188 3580 
8383 2274 4137 4129 
8384 4077 4112 2503 
8385 2565 4113 3868 
8386 2200 4055 3796 
8387 4009 4067 2639 
8388 2078 4098 3828 
8389 3920 4046 2403 
8390 2538 4182 4034 
8391 2694 4177 3654 
8392 3928 4063 3265 
8393 2844 4131 3991 
8394 3821 4068 2537 
8395 3730 4119 2446 
8396 701 4174 4007 
8397 1569 4194 3816 
8398 2685 4199 3859 
8399 3975 4089 2303 
8400 3765 4211 2408 
8401 2623 4065 3926 
8402 3674 4187 2250 
8403 3051 4204 3810 
8404 1544 4207 3715 
8405 3985 4201 345 
8406 2982 4097 3974 
8407 3913 4161 1819 
8408 2332 4197 3845 
8409 3104 4137 3883 
8410 1984 4142 3867 
8411 4168 4207 1544 
8412 3980 4130 3212 
8413 2516 4136 3992 
8414 1388 4081 4080 
8415 2997 4207 4168 
8416 1342 4130 3980 
8417 3247 4167 3981 
8418 4007 4174 2316 
8419 3845 4197 1047 
8420 4080 4081 2420 
8421 2300 4135 4042 
8422 3294 4147 3940 
8423 3992 4136 2843 
8424 4037 4161 2335 
8425 4073 4194 1569 
8426 2837 4194 4073 
8427 2372 3733 2406 
$EndElements
