$MeshFormat
4.1 0 8
$EndMeshFormat
$Entities
5 5 1 0
1 0 0 0 0 
2 1 0 0 0 
3 1 1 0 0 
4 0 1 0 0 
5 0.6 0.5 0 0 
1 -9.999999994736442e-08 -1e-07 -1e-07 1.0000001 1e-07 1e-07 0 2 1 -2 
2 0.9999999000000001 -9.999999994736442e-08 -1e-07 1.0000001 1.0000001 1e-07 0 2 2 -3 
3 -9.999999994736442e-08 0.9999999000000001 -1e-07 1.0000001 1.0000001 1e-07 0 2 3 -4 
4 -1e-07 -9.999999994736442e-08 -1e-07 1e-07 1.0000001 1e-07 0 2 4 -1 
5 0.3999999 0.3999999 -1e-07 0.6000000999999999 0.6000000999999999 1e-07 0 2 5 -5 
1 -9.999999994736442e-08 -9.999999994736442e-08 -1e-07 1.0000001 1.0000001 1e-07 0 5 1 2 3 4 5 
$EndEntities
$Nodes
11 2428 1 2428
0 1 0 1
1
0 0 0
0 2 0 1
2
1 0 0
0 3 0 1
3
1 1 0
0 4 0 1
4
0 1 0
0 5 0 1
5
0.6 0.5 0
1 1 0 24
6
7
8
9
10
11
12
13
14
15
16
17
18
19
20
21
22
23
24
25
26
27
28
29
0.04 0 0
0.08 0 0
0.12 0 0
0.16 0 0
0.2 0 0
0.24 0 0
0.28 0 0
0.32 0 0
0.36 0 0
0.4 0 0
0.44 0 0
0.48 0 0
0.52 0 0
0.5600000000000001 0 0
0.6 0 0
0.64 0 0
0.68 0 0
0.72 0 0
0.76 0 0
0.8 0 0
0.84 0 0
0.88 0 0
0.92 0 0
0.96 0 0
1 2 0 24
30
31
32
33
34
35
36
37
38
39
40
41
42
43
44
45
46
47
48
49
50
51
52
53
1 0.04 0
1 0.08 0
1 0.12 0
1 0.16 0
1 0.2 0
1 0.24 0
1 0.28 0
1 0.32 0
1 0.36 0
1 0.4 0
1 0.44 0
1 0.48 0
1 0.52 0
1 0.5600000000000001 0
1 0.6 0
1 0.64 0
1 0.68 0
1 0.72 0
1 0.76 0
1 0.8 0
1 0.84 0
1 0.88 0
1 0.92 0
1 0.96 0
1 3 0 24
54
55
56
57
58
59
60
61
62
63
64
65
66
67
68
69
70
71
72
73
74
75
76
77
0.96 1 0
0.92 1 0
0.88 1 0
0.84 1 0
0.8 1 0
0.76 1 0
0.72 1 0
0.6799999999999999 1 0
0.64 1 0
0.6 1 0
0.5600000000000001 1 0
0.52 1 0
0.48 1 0
0.4399999999999999 1 0
0.4 1 0
0.36 1 0
0.32 1 0
0.28 1 0
0.24 1 0
0.2 1 0
0.16 1 0
0.12 1 0
0.07999999999999996 1 0
0.04000000000000004 1 0
1 4 0 24
78
79
80
81
82
83
84
85
86
87
88
89
90
91
92
93
94
95
96
97
98
99
100
101
0 0.96 0
0 0.92 0
0 0.88 0
0 0.84 0
0 0.8 0
0 0.76 0
0 0.72 0
0 0.6799999999999999 0
0 0.64 0
0 0.6 0
0 0.5600000000000001 0
0 0.52 0
0 0.48 0
0 0.4399999999999999 0
0 0.4 0
0 0.36 0
0 0.32 0
0 0.28 0
0 0.24 0
0 0.2 0
0 0.16 0
0 0.12 0
0 0.07999999999999996 0
0 0.04000000000000004 0
1 5 0 111
102
103
104
105
106
107
108
109
110
111
112
113
114
115
116
117
118
119
120
121
122
123
124
125
126
127
128
129
130
131
132
133
134
135
136
137
138
139
140
141
142
143
144
145
146
147
148
149
150
151
152
153
154
155
156
157
158
159
160
161
162
163
164
165
166
167
168
169
170
171
172
173
174
175
176
177
178
179
180
181
182
183
184
185
186
187
188
189
190
191
192
193
194
195
196
197
198
199
200
201
202
203
204
205
206
207
208
209
210
211
212
0.5998426815017817 0.5056070447237192 0
0.5993712209893243 0.5111964476103308 0
0.5985871018518236 0.5167506223304736 0
0.5974927912181823 0.5222520933956314 0
0.5960917321945099 0.5276835511424849 0
0.5943883330308368 0.5330279061955167 0
0.5923879532511287 0.538268343236509 0
0.590096886790242 0.5433883739117558 0
0.5875223421908754 0.548371888710524 0
0.5846724199228284 0.5532032076515336 0
0.581556086895926 0.5578671296179806 0
0.5781831482468029 0.5623489801858733 0
0.5745642164883166 0.5666346577952004 0
0.5707106781186547 0.5707106781186547 0
0.5666346577952004 0.5745642164883166 0
0.5623489801858733 0.5781831482468029 0
0.5578671296179806 0.581556086895926 0
0.5532032076515336 0.5846724199228284 0
0.548371888710524 0.5875223421908754 0
0.5433883739117558 0.5900968867902419 0
0.538268343236509 0.5923879532511287 0
0.5330279061955168 0.5943883330308368 0
0.5276835511424849 0.5960917321945099 0
0.5222520933956314 0.5974927912181823 0
0.5167506223304736 0.5985871018518236 0
0.5111964476103308 0.5993712209893243 0
0.5056070447237192 0.5998426815017817 0
0.5 0.6 0
0.4943929552762808 0.5998426815017817 0
0.4888035523896692 0.5993712209893243 0
0.4832493776695264 0.5985871018518236 0
0.4777479066043685 0.5974927912181823 0
0.4723164488575151 0.5960917321945099 0
0.4669720938044832 0.5943883330308367 0
0.461731656763491 0.5923879532511287 0
0.4566116260882442 0.5900968867902419 0
0.451628111289476 0.5875223421908754 0
0.4467967923484664 0.5846724199228284 0
0.4421328703820194 0.581556086895926 0
0.4376510198141266 0.5781831482468029 0
0.4333653422047996 0.5745642164883166 0
0.4292893218813453 0.5707106781186547 0
0.4254357835116834 0.5666346577952004 0
0.421816851753197 0.5623489801858733 0
0.418443913104074 0.5578671296179806 0
0.4153275800771716 0.5532032076515336 0
0.4124776578091246 0.548371888710524 0
0.4099031132097581 0.5433883739117559 0
0.4076120467488713 0.538268343236509 0
0.4056116669691632 0.5330279061955167 0
0.4039082678054901 0.5276835511424849 0
0.4025072087818176 0.5222520933956314 0
0.4014128981481764 0.5167506223304736 0
0.4006287790106757 0.5111964476103308 0
0.4001573184982183 0.5056070447237192 0
0.4 0.4999999999999999 0
0.4001573184982183 0.4943929552762807 0
0.4006287790106757 0.4888035523896692 0
0.4014128981481764 0.4832493776695263 0
0.4025072087818177 0.4777479066043685 0
0.4039082678054901 0.472316448857515 0
0.4056116669691632 0.4669720938044832 0
0.4076120467488714 0.4617316567634909 0
0.4099031132097581 0.4566116260882441 0
0.4124776578091247 0.4516281112894759 0
0.4153275800771716 0.4467967923484663 0
0.418443913104074 0.4421328703820194 0
0.4218168517531971 0.4376510198141266 0
0.4254357835116834 0.4333653422047996 0
0.4292893218813452 0.4292893218813453 0
0.4333653422047996 0.4254357835116834 0
0.4376510198141266 0.4218168517531971 0
0.4421328703820194 0.418443913104074 0
0.4467967923484663 0.4153275800771716 0
0.4516281112894759 0.4124776578091247 0
0.4566116260882441 0.4099031132097581 0
0.461731656763491 0.4076120467488714 0
0.4669720938044832 0.4056116669691633 0
0.472316448857515 0.4039082678054901 0
0.4777479066043686 0.4025072087818176 0
0.4832493776695263 0.4014128981481764 0
0.4888035523896691 0.4006287790106757 0
0.4943929552762807 0.4001573184982183 0
0.4999999999999999 0.4 0
0.5056070447237191 0.4001573184982183 0
0.5111964476103308 0.4006287790106757 0
0.5167506223304735 0.4014128981481764 0
0.5222520933956314 0.4025072087818176 0
0.5276835511424849 0.4039082678054901 0
0.5330279061955167 0.4056116669691632 0
0.538268343236509 0.4076120467488713 0
0.5433883739117558 0.4099031132097581 0
0.5483718887105239 0.4124776578091246 0
0.5532032076515336 0.4153275800771716 0
0.5578671296179805 0.4184439131040739 0
0.5623489801858733 0.4218168517531969 0
0.5666346577952004 0.4254357835116834 0
0.5707106781186547 0.4292893218813452 0
0.5745642164883166 0.4333653422047996 0
0.5781831482468029 0.4376510198141266 0
0.581556086895926 0.4421328703820194 0
0.5846724199228284 0.4467967923484663 0
0.5875223421908753 0.4516281112894759 0
0.5900968867902419 0.4566116260882442 0
0.5923879532511287 0.461731656763491 0
0.5943883330308367 0.4669720938044833 0
0.5960917321945099 0.4723164488575151 0
0.5974927912181823 0.4777479066043686 0
0.5985871018518236 0.4832493776695263 0
0.5993712209893243 0.4888035523896692 0
0.5998426815017817 0.4943929552762809 0
2 1 0 2216
213
214
215
216
217
218
219
220
221
222
223
224
225
226
227
228
229
230
231
232
233
234
235
236
237
238
239
240
241
242
243
244
245
246
247
248
249
250
251
252
253
254
255
256
257
258
259
260
261
262
263
264
265
266
267
268
269
270
271
272
273
274
275
276
277
278
279
280
281
282
283
284
285
286
287
288
289
290
291
292
293
294
295
296
297
298
299
300
301
302
303
304
305
306
307
308
309
310
311
312
313
314
315
316
317
318
319
320
321
322
323
324
325
326
327
328
329
330
331
332
333
334
335
336
337
338
339
340
341
342
343
344
345
346
347
348
349
350
351
352
353
354
355
356
357
358
359
360
361
362
363
364
365
366
367
368
369
370
371
372
373
374
375
376
377
378
379
380
381
382
383
384
385
386
387
388
389
390
391
392
393
394
395
396
397
398
399
400
401
402
403
404
405
406
407
408
409
410
411
412
413
414
415
416
417
418
419
420
421
422
423
424
425
426
427
428
429
430
431
432
433
434
435
436
437
438
439
440
441
442
443
444
445
446
447
448
449
450
451
452
453
454
455
456
457
458
459
460
461
462
463
464
465
466
467
468
469
470
471
472
473
474
475
476
477
478
479
480
481
482
483
484
485
486
487
488
489
490
491
492
493
494
495
496
497
498
499
500
501
502
503
504
505
506
507
508
509
510
511
512
513
514
515
516
517
518
519
520
521
522
523
524
525
526
527
528
529
530
531
532
533
534
535
536
537
538
539
540
541
542
543
544
545
546
547
548
549
550
551
552
553
554
555
556
557
558
559
560
561
562
563
564
565
566
567
568
569
570
571
572
573
574
575
576
577
578
579
580
581
582
583
584
585
586
587
588
589
590
591
592
593
594
595
596
597
598
599
600
601
602
603
604
605
606
607
608
609
610
611
612
613
614
615
616
617
618
619
620
621
622
623
624
625
626
627
628
629
630
631
632
633
634
635
636
637
638
639
640
641
642
643
644
645
646
647
648
649
650
651
652
653
654
655
656
657
658
659
660
661
662
663
664
665
666
667
668
669
670
671
672
673
674
675
676
677
678
679
680
681
682
683
684
685
686
687
688
689
690
691
692
693
694
695
696
697
698
699
700
701
702
703
704
705
706
707
708
709
710
711
712
713
714
715
716
717
718
719
720
721
722
723
724
725
726
727
728
729
730
731
732
733
734
735
736
737
738
739
740
741
742
743
744
745
746
747
748
749
750
751
752
753
754
755
756
757
758
759
760
761
762
763
764
765
766
767
768
769
770
771
772
773
774
775
776
777
778
779
780
781
782
783
784
785
786
787
788
789
790
791
792
793
794
795
796
797
798
799
800
801
802
803
804
805
806
807
808
809
810
811
812
813
814
815
816
817
818
819
820
821
822
823
824
825
826
827
828
829
830
831
832
833
834
835
836
837
838
839
840
841
842
843
844
845
846
847
848
849
850
851
852
853
854
855
856
857
858
859
860
861
862
863
864
865
866
867
868
869
870
871
872
873
874
875
876
877
878
879
880
881
882
883
884
885
886
887
888
889
890
891
892
893
894
895
896
897
898
899
900
901
902
903
904
905
906
907
908
909
910
911
912
913
914
915
916
917
918
919
920
921
922
923
924
925
926
927
928
929
930
931
932
933
934
935
936
937
938
939
940
941
942
943
944
945
946
947
948
949
950
951
952
953
954
955
956
957
958
959
960
961
962
963
964
965
966
967
968
969
970
971
972
973
974
975
976
977
978
979
980
981
982
983
984
985
986
987
988
989
990
991
992
993
994
995
996
997
998
999
1000
1001
1002
1003
1004
1005
1006
1007
1008
1009
1010
1011
1012
1013
1014
1015
1016
1017
1018
1019
1020
1021
1022
1023
1024
1025
1026
1027
1028
1029
1030
1031
1032
1033
1034
1035
1036
1037
1038
1039
1040
1041
1042
1043
1044
1045
1046
1047
1048
1049
1050
1051
1052
1053
1054
1055
1056
1057
1058
1059
1060
1061
1062
1063
1064
1065
1066
1067
1068
1069
1070
1071
1072
1073
1074
1075
1076
1077
1078
1079
1080
1081
1082
1083
1084
1085
1086
1087
1088
1089
1090
1091
1092
1093
1094
1095
1096
1097
1098
1099
1100
1101
1102
1103
1104
1105
1106
1107
1108
1109
1110
1111
1112
1113
1114
1115
1116
1117
1118
1119
1120
1121
1122
1123
1124
1125
1126
1127
1128
1129
1130
1131
1132
1133
1134
1135
1136
1137
1138
1139
1140
1141
1142
1143
1144
1145
1146
1147
1148
1149
1150
1151
1152
1153
1154
1155
1156
1157
1158
1159
1160
1161
1162
1163
1164
1165
1166
1167
1168
1169
1170
1171
1172
1173
1174
1175
1176
1177
1178
1179
1180
1181
1182
1183
1184
1185
1186
1187
1188
1189
1190
1191
1192
1193
1194
1195
1196
1197
1198
1199
1200
1201
1202
1203
1204
1205
1206
1207
1208
1209
1210
1211
1212
1213
1214
1215
1216
1217
1218
1219
1220
1221
1222
1223
1224
1225
1226
1227
1228
1229
1230
1231
1232
1233
1234
1235
1236
1237
1238
1239
1240
1241
1242
1243
1244
1245
1246
1247
1248
1249
1250
1251
1252
1253
1254
1255
1256
1257
1258
1259
1260
1261
1262
1263
1264
1265
1266
1267
1268
1269
1270
1271
1272
1273
1274
1275
1276
1277
1278
1279
1280
1281
1282
1283
1284
1285
1286
1287
1288
1289
1290
1291
1292
1293
1294
1295
1296
1297
1298
1299
1300
1301
1302
1303
1304
1305
1306
1307
1308
1309
1310
1311
1312
1313
1314
1315
1316
1317
1318
1319
1320
1321
1322
1323
1324
1325
1326
1327
1328
1329
1330
1331
1332
1333
1334
1335
1336
1337
1338
1339
1340
1341
1342
1343
1344
1345
1346
1347
1348
1349
1350
1351
1352
1353
1354
1355
1356
1357
1358
1359
1360
1361
1362
1363
1364
1365
1366
1367
1368
1369
1370
1371
1372
1373
1374
1375
1376
1377
1378
1379
1380
1381
1382
1383
1384
1385
1386
1387
1388
1389
1390
1391
1392
1393
1394
1395
1396
1397
1398
1399
1400
1401
1402
1403
1404
1405
1406
1407
1408
1409
1410
1411
1412
1413
1414
1415
1416
1417
1418
1419
1420
1421
1422
1423
1424
1425
1426
1427
1428
1429
1430
1431
1432
1433
1434
1435
1436
1437
1438
1439
1440
1441
1442
1443
1444
1445
1446
1447
1448
1449
1450
1451
1452
1453
1454
1455
1456
1457
1458
1459
1460
1461
1462
1463
1464
1465
1466
1467
1468
1469
1470
1471
1472
1473
1474
1475
1476
1477
1478
1479
1480
1481
1482
1483
1484
1485
1486
1487
1488
1489
1490
1491
1492
1493
1494
1495
1496
1497
1498
1499
1500
1501
1502
1503
1504
1505
1506
1507
1508
1509
1510
1511
1512
1513
1514
1515
1516
1517
1518
1519
1520
1521
1522
1523
1524
1525
1526
1527
1528
1529
1530
1531
1532
1533
1534
1535
1536
1537
1538
1539
1540
1541
1542
1543
1544
1545
1546
1547
1548
1549
1550
1551
1552
1553
1554
1555
1556
1557
1558
1559
1560
1561
1562
1563
1564
1565
1566
1567
1568
1569
1570
1571
1572
1573
1574
1575
1576
1577
1578
1579
1580
1581
1582
1583
1584
1585
1586
1587
1588
1589
1590
1591
1592
1593
1594
1595
1596
1597
1598
1599
1600
1601
1602
1603
1604
1605
1606
1607
1608
1609
1610
1611
1612
1613
1614
1615
1616
1617
1618
1619
1620
1621
1622
1623
1624
1625
1626
1627
1628
1629
1630
1631
1632
1633
1634
1635
1636
1637
1638
1639
1640
1641
1642
1643
1644
1645
1646
1647
1648
1649
1650
1651
1652
1653
1654
1655
1656
1657
1658
1659
1660
1661
1662
1663
1664
1665
1666
1667
1668
1669
1670
1671
1672
1673
1674
1675
1676
1677
1678
1679
1680
1681
1682
1683
1684
1685
1686
1687
1688
1689
1690
1691
1692
1693
1694
1695
1696
1697
1698
1699
1700
1701
1702
1703
1704
1705
1706
1707
1708
1709
1710
1711
1712
1713
1714
1715
1716
1717
1718
1719
1720
1721
1722
1723
1724
1725
1726
1727
1728
1729
1730
1731
1732
1733
1734
1735
1736
1737
1738
1739
1740
1741
1742
1743
1744
1745
1746
1747
1748
1749
1750
1751
1752
1753
1754
1755
1756
1757
1758
1759
1760
1761
1762
1763
1764
1765
1766
1767
1768
1769
1770
1771
1772
1773
1774
1775
1776
1777
1778
1779
1780
1781
1782
1783
1784
1785
1786
1787
1788
1789
1790
1791
1792
1793
1794
1795
1796
1797
1798
1799
1800
1801
1802
1803
1804
1805
1806
1807
1808
1809
1810
1811
1812
1813
1814
1815
1816
1817
1818
1819
1820
1821
1822
1823
1824
1825
1826
1827
1828
1829
1830
1831
1832
1833
1834
1835
1836
1837
1838
1839
1840
1841
1842
1843
1844
1845
1846
1847
1848
1849
1850
1851
1852
1853
1854
1855
1856
1857
1858
1859
1860
1861
1862
1863
1864
1865
1866
1867
1868
1869
1870
1871
1872
1873
1874
1875
1876
1877
1878
1879
1880
1881
1882
1883
1884
1885
1886
1887
1888
1889
1890
1891
1892
1893
1894
1895
1896
1897
1898
1899
1900
1901
1902
1903
1904
1905
1906
1907
1908
1909
1910
1911
1912
1913
1914
1915
1916
1917
1918
1919
1920
1921
1922
1923
1924
1925
1926
1927
1928
1929
1930
1931
1932
1933
1934
1935
1936
1937
1938
1939
1940
1941
1942
1943
1944
1945
1946
1947
1948
1949
1950
1951
1952
1953
1954
1955
1956
1957
1958
1959
1960
1961
1962
1963
1964
1965
1966
1967
1968
1969
1970
1971
1972
1973
1974
1975
1976
1977
1978
1979
1980
1981
1982
1983
1984
1985
1986
1987
1988
1989
1990
1991
1992
1993
1994
1995
1996
1997
1998
1999
2000
2001
2002
2003
2004
2005
2006
2007
2008
2009
2010
2011
2012
2013
2014
2015
2016
2017
2018
2019
2020
2021
2022
2023
2024
2025
2026
2027
2028
2029
2030
2031
2032
2033
2034
2035
2036
2037
2038
2039
2040
2041
2042
2043
2044
2045
2046
2047
2048
2049
2050
2051
2052
2053
2054
2055
2056
2057
2058
2059
2060
2061
2062
2063
2064
2065
2066
2067
2068
2069
2070
2071
2072
2073
2074
2075
2076
2077
2078
2079
2080
2081
2082
2083
2084
2085
2086
2087
2088
2089
2090
2091
2092
2093
2094
2095
2096
2097
2098
2099
2100
2101
2102
2103
2104
2105
2106
2107
2108
2109
2110
2111
2112
2113
2114
2115
2116
2117
2118
2119
2120
2121
2122
2123
2124
2125
2126
2127
2128
2129
2130
2131
2132
2133
2134
2135
2136
2137
2138
2139
2140
2141
2142
2143
2144
2145
2146
2147
2148
2149
2150
2151
2152
2153
2154
2155
2156
2157
2158
2159
2160
2161
2162
2163
2164
2165
2166
2167
2168
2169
2170
2171
2172
2173
2174
2175
2176
2177
2178
2179
2180
2181
2182
2183
2184
2185
2186
2187
2188
2189
2190
2191
2192
2193
2194
2195
2196
2197
2198
2199
2200
2201
2202
2203
2204
2205
2206
2207
2208
2209
2210
2211
2212
2213
2214
2215
2216
2217
2218
2219
2220
2221
2222
2223
2224
2225
2226
2227
2228
2229
2230
2231
2232
2233
2234
2235
2236
2237
2238
2239
2240
2241
2242
2243
2244
2245
2246
2247
2248
2249
2250
2251
2252
2253
2254
2255
2256
2257
2258
2259
2260
2261
2262
2263
2264
2265
2266
2267
2268
2269
2270
2271
2272
2273
2274
2275
2276
2277
2278
2279
2280
2281
2282
2283
2284
2285
2286
2287
2288
2289
2290
2291
2292
2293
2294
2295
2296
2297
2298
2299
2300
2301
2302
2303
2304
2305
2306
2307
2308
2309
2310
2311
2312
2313
2314
2315
2316
2317
2318
2319
2320
2321
2322
2323
2324
2325
2326
2327
2328
2329
2330
2331
2332
2333
2334
2335
2336
2337
2338
2339
2340
2341
2342
2343
2344
2345
2346
2347
2348
2349
2350
2351
2352
2353
2354
2355
2356
2357
2358
2359
2360
2361
2362
2363
2364
2365
2366
2367
2368
2369
2370
2371
2372
2373
2374
2375
2376
2377
2378
2379
2380
2381
2382
2383
2384
2385
2386
2387
2388
2389
2390
2391
2392
2393
2394
2395
2396
2397
2398
2399
2400
2401
2402
2403
2404
2405
2406
2407
2408
2409
2410
2411
2412
2413
2414
2415
2416
2417
2418
2419
2420
2421
2422
2423
2424
2425
2426
2427
2428
0.9643149859637016 0.7391611914837219 0
0.2596234120254493 0.03049845360217524 0
0.9618560336738109 0.2633713029478807 0
0.2618804822461691 0.9685520333175299 0
0.7014780466525921 0.03307084782376019 0
0.03605861940989918 0.2990442259770821 0
0.6955494012535415 0.9662865057034336 0
0.03465066343431145 0.6993239772586358 0
0.3793356472954684 0.9653814911936687 0
0.9676334592751084 0.6163388355524575 0
0.3782917732222644 0.03340742762712556 0
0.9661085431209483 0.381351326062472 0
0.5845063392847081 0.03800926250475739 0
0.03288609789325808 0.5798164283565863 0
0.5795816205161085 0.9668902181586536 0
0.03406408185033993 0.4211572992743624 0
0.9657007177413539 0.5015765867900122 0
0.8203246281697631 0.03193734441787227 0
0.03874711638340045 0.1827351085904199 0
0.8195084257260263 0.9675425129832997 0
0.03273047617667718 0.8197419137950388 0
0.9653589838486225 0.86 0
0.1391644598531155 0.9642093038396051 0
0.1418337356834947 0.03785246957294158 0
0.960465253362262 0.1369118130114444 0
0.5062517253105706 0.03066325224685185 0
0.03624418440070576 0.4975343616298543 0
0.4957500038028765 0.9646947768842051 0
0.9010274660838659 0.9676117601596523 0
0.03975332039949908 0.9016921563869011 0
0.8995061111318966 0.03437230585233686 0
0.03554015435324714 0.09889726809369614 0
0.9636867504879337 0.9379722191187533 0
0.05924833656916473 0.9676859562511918 0
0.06004218394253147 0.03399794388836308 0
0.9698461386260251 0.06056721052808001 0
0.03379385302696808 0.4596033638641622 0
0.06554060900863851 0.4402898890211834 0
0.06667310500879253 0.404758061557609 0
0.09644001738184638 0.4223491035166169 0
0.0969000619311382 0.389372710037719 0
0.1244921921095532 0.4050434999408082 0
0.1249463153874032 0.3742251296322689 0
0.150494987144324 0.3907519537867304 0
0.1504907116765172 0.4192141091493674 0
0.1728812818282868 0.4057083541181199 0
0.1720802688106162 0.4326841311092684 0
0.1751277623086639 0.3782301836816746 0
0.1976195901545062 0.3964539444741872 0
0.398503957905297 0.4738188250242401 0
0.1989350861773354 0.3673906271941242 0
0.2207873586392791 0.3800664389588735 0
0.4056827486125357 0.4513995476738424 0
0.2216018229433305 0.3552870788629704 0
0.2404956132516692 0.3681758874571576 0
0.2429803797259085 0.3451383907925436 0
0.2407547044968972 0.3911228703827844 0
0.2617820287386954 0.3600831110365428 0
0.4228297055913069 0.4276692351907036 0
0.2637133894544782 0.3351121870474962 0
0.282240265147601 0.345710492116415 0
0.2835143724305845 0.3235396328505161 0
0.3018048538054169 0.3341701154168422 0
0.3032857693535698 0.3131253403372722 0
0.3211420661614856 0.3233752709475679 0
0.4467446198545504 0.4095802863100331 0
0.3221901078642515 0.3030188625921619 0
0.3402140131870061 0.3138449474755428 0
0.3408906926845414 0.2933752582790097 0
0.3582168161566757 0.3043567943507187 0
0.3592004238332827 0.283955399795212 0
0.3762701586310181 0.294778591362103 0
0.4743622229066186 0.399423506476547 0
0.265766099046567 0.3117410472086344 0
0.3774230957278173 0.2746737936294312 0
0.3975807868547386 0.2861487632172978 0
0.3959825306957498 0.2650751353863009 0
0.4148697410745158 0.274045209162796 0
0.301665411521155 0.3566036868163827 0
0.201352095406625 0.3423372643094128 0
0.3426982981402656 0.2720262937520213 0
0.413640465712319 0.2550665990445338 0
0.431294761316419 0.2660815677676913 0
0.4970799791380269 0.3953470695442126 0
0.3950748357503964 0.2446896357602741 0
0.4323700432321539 0.2457554313210659 0
0.4495833524911089 0.2565889069418523 0
0.4490299115810084 0.2762477448277897 0
0.4663652382549844 0.2669708100859696 0
0.4677651966603025 0.2472269589394859 0
0.484450118402834 0.2581839477814685 0
0.5203938136476013 0.3970376340833706 0
0.4864363485001287 0.2381311405801813 0
0.5032259145174774 0.2501516497318214 0
0.5000223957505595 0.2676287124661502 0
0.5190616739976009 0.2610893086251355 0
0.521776417158214 0.2418214982229765 0
0.5380443868905903 0.2540064043605171 0
0.5426164115740533 0.4042922924141403 0
0.533823982357658 0.2768917519390475 0
0.5545142393682687 0.2677965292835255 0
0.5573822776417955 0.2461570089851457 0
0.5737171012182088 0.2596483210781753 0
0.5702535434516944 0.2802920692281586 0
0.5895720565231849 0.2728774328627661 0
0.5636189584492737 0.4157258945179404 0
0.5861387059519978 0.2926261548058008 0
0.6053163132564909 0.2858183470972057 0
0.6090816655358884 0.2654263614933263 0
0.624718558432517 0.2790533051062856 0
0.6209163441447993 0.2994541166666147 0
0.6405872260796712 0.2916992928812769 0
0.6346669353032601 0.3163176745500438 0
0.5835113310171609 0.4368763777051301 0
0.6562355952291887 0.3057647005808002 0
0.6521276010215515 0.3280286749294947 0
0.6727706851532169 0.3201124822927686 0
0.6681135611398282 0.3410704185374259 0
0.6798893680499943 0.2970251708960758 0
0.6888103108066119 0.3341723690658405 0
0.6841211807592825 0.3549873433029914 0
0.5979264947454149 0.4626194955775433 0
0.7041826880767625 0.3482742809824865 0
0.7002806932371977 0.3692158022906598 0
0.6291675220840851 0.2578137323155116 0
0.720201486556079 0.3622230910821753 0
0.7163812345476581 0.3836033924617925 0
0.7244543509980774 0.3406334631309401 0
0.7363161288361946 0.3765570205291174 0
0.7320322225300873 0.397958599601645 0
0.6037106750327872 0.4853403893768399 0
0.7135467364846197 0.4049587940563705 0
0.7277062231061635 0.4188833940626469 0
0.7482034722734578 0.4123190292345183 0
0.7428042404529851 0.4333225465293487 0
0.723786431620743 0.439639208302846 0
0.7376617520049092 0.4537077181500214 0
0.6048551343554009 0.5083036391259902 0
0.7195163639129276 0.4595954883797982 0
0.7327530862010738 0.4730093672459682 0
0.7145612002393293 0.4782388790213717 0
0.7279434804721411 0.4906075479336288 0
0.7106097888724093 0.4960103580157871 0
0.7257433721519185 0.5095328944301001 0
0.597840853535193 0.5373192601633572 0
0.7076306053694645 0.5138288874234058 0
0.7190742753059309 0.5256020504797917 0
0.7035139125241099 0.530517775703752 0
0.7151630030143991 0.5420487140591523 0
0.6991387236750497 0.5467911432065428 0
0.7110240875470467 0.5582875162040064 0
0.5882045434029224 0.5589915679157434 0
0.6950678289626273 0.5631290161369077 0
0.7071277013241328 0.5745569967031854 0
0.6910000833041942 0.579403241950965 0
0.7031397756069526 0.5909061689980939 0
0.6871413847324643 0.5954917231653142 0
0.6992212351476306 0.6076198311360819 0
0.6805892604212194 0.6123775438542067 0
0.5676259058279484 0.5800851880496671 0
0.6950675518532923 0.6251844528967405 0
0.6777885307044086 0.6303192626529472 0
0.6912354273211139 0.6433839417420453 0
0.6730391855291553 0.6488027073071065 0
0.68698636677358 0.6621786093366548 0
0.6672232791845016 0.6679662187709846 0
0.6828440974155539 0.6817052548877387 0
0.6617075519578056 0.6878830915909689 0
0.5481961196573232 0.5931665839765309 0
0.7048082518451227 0.6562146458800902 0
0.7307066369493284 0.5373466989108114 0
0.6784316075157937 0.7024514821662864 0
0.6571136316592462 0.7086276813113555 0
0.6408242648704954 0.6939016977688068 0
0.6362932607073609 0.7139957917475526 0
0.6210558527975668 0.6996598461844017 0
0.5261405508377467 0.6013534334159281 0
0.6161205033376518 0.7193935273212977 0
0.6017935673699613 0.7050709335701826 0
0.5959742276698725 0.7260413322954593 0
0.5823634259526771 0.7107384233596996 0
0.5762240409152024 0.7312884271428155 0
0.5636331610918921 0.7162942100985072 0
0.4968718124176444 0.6047134348918727 0
0.5576389431334889 0.7351504030284378 0
0.5454707757049371 0.7219387755892646 0
0.538910332813699 0.7393004645756713 0
0.5256989858074249 0.726647470979972 0
0.5197744655654556 0.7439229392056795 0
0.5062909878235879 0.731943416737715 0
0.4738413136850922 0.6018853689595594 0
0.5008846435283839 0.7501406500774983 0
0.4866270951073304 0.7369765319860331 0
0.7474120040890468 0.4872857414544597 0
0.4815625964756793 0.7558562322623079 0
0.4667167533617494 0.7413277708935235 0
0.6099263193915402 0.7380848198945622 0
0.673094732919389 0.7244744950518266 0
0.6956207534624526 0.7175756039704246 0
0.5490712900396405 0.7524747474798377 0
0.4957135599673326 0.7683951369655738 0
0.7192622105413216 0.586099461574326 0
0.462092481401837 0.7607395485703442 0
0.4470549712974846 0.7465011721889871 0
0.451906551057295 0.5932218569534629 0
0.452193905098851 0.7268321739097829 0
0.4323261690609822 0.7309080698240839 0
0.4267082385609308 0.751435998735263 0
0.4117344415926062 0.7351223541506907 0
0.4056649330813186 0.7565468173993807 0
0.3909593528074751 0.7403870027106516 0
0.3977441945724431 0.7192559796522386 0
0.4324948036207334 0.5802923308458521 0
0.3766583724939754 0.7241553545040141 0
0.383399898744642 0.7040490639668351 0
0.3625264548636836 0.7081130565371858 0
0.3552580858292106 0.7290913913004906 0
0.3410336185355043 0.7125322006860834 0
0.3485586725171553 0.6914034926808287 0
0.4170893411631553 0.5625970817747054 0
0.3274370362011129 0.6953365796094069 0
0.398492546416045 0.5259541337119853 0
0.3952131921663018 0.5086237586348344 0
0.4041984415637397 0.5429179632459332 0
0.3343853482125224 0.6751245352011073 0
0.3177503908922054 0.7170246610568064 0
0.3137523376446175 0.6789444127296236 0
0.3207133026069406 0.6589242924060971 0
0.3000507846611346 0.66275976216351 0
0.3070540850705074 0.6426556698224558 0
0.2862415808615594 0.6465100638209675 0
0.2926594604176466 0.6270430795093446 0
0.2725263173100906 0.6300688400272483 0
0.2635410856039167 0.6512378333028292 0
0.2787691662843087 0.6104410815997673 0
0.2589389967324002 0.6130404539161129 0
0.3561601051619708 0.3239248623238815 0
0.2660688458049832 0.5930482735374099 0
0.2883652494984015 0.5914063825793894 0
0.273397815300931 0.5727603200138441 0
0.2524129563409283 0.575746331183605 0
0.6900845748300953 0.7409309989666508 0
0.714336410670504 0.7331025202077195 0
0.6597015511364328 0.6344680554889525 0
0.3409460913302257 0.6532463906287588 0
0.7641131363044098 0.4270651658510293 0
0.6054046436637177 0.6865386303161681 0
0.292749815385356 0.5696836317425402 0
0.2812016003997156 0.5542903702071479 0
0.5142586410333554 0.7124349749827458 0
0.7022935838853971 0.4659657187658796 0
0.3029725961995635 0.550442594094943 0
0.3121874290894053 0.5655401238999799 0
0.2892909084512401 0.5369934248517618 0
0.6494836177288187 0.3483123552966694 0
0.7081081709162819 0.7584656033122243 0
0.7339609159021595 0.7501252535566802 0
0.6737028401496818 0.5847557234380087 0
0.3064173531286705 0.5327022703629463 0
0.2950355187858705 0.5200780721895317 0
0.3113133384892429 0.5170272841529783 0
0.3012939847268514 0.5045177367822398 0
0.3166135481400516 0.5016218738530552 0
0.394143578052757 0.4917987227709019 0
0.3072323590215052 0.4895195722772434 0
0.3217988474020539 0.486849304573259 0
0.3128332659087453 0.4753349039601137 0
0.3269286840423331 0.4726499181017099 0
0.6885675803964699 0.5356944317440322 0
0.278303847342398 0.5243304153217695 0
0.7268766690651214 0.7770038722823394 0
0.7026724835299843 0.7853397849390569 0
0.7534458401476678 0.7690947619795171 0
0.760065038957624 0.7407850991084761 0
0.2978851502012412 0.4762349083008192 0
0.320530812283249 0.5280760400747759 0
0.318279119388624 0.4614034802325563 0
0.3324050409213833 0.4591275970318219 0
0.7812134466106935 0.7604735855816513 0
0.7872954991900871 0.7310640482751816 0
0.3312389920098687 0.4992852054609279 0
0.3233922838017769 0.4477688917313693 0
0.337508593943412 0.4455602395978904 0
0.7473148250604248 0.7970803939482989 0
0.3411721971900887 0.4696421210762532 0
0.4023170911732462 0.4627169046149797 0
0.413035693222412 0.441888056743997 0
0.4324805303884351 0.4200479728332668 0
0.4566785506903634 0.4043006853920958 0
0.5092936418531933 0.3947493856107503 0
0.4854777553071943 0.3961904853054317 0
0.4239040961594914 0.5719576643486033 0
0.4853504134247438 0.6038492191226835 0
0.462710911321266 0.5977081461843834 0
0.5584695656758146 0.5875038118111855 0
0.5373492263604499 0.5978488893259123 0
0.5318309156175269 0.4001316201445574 0
0.601915752665391 0.5265670656465857 0
0.4419025761951245 0.5869387746628072 0
0.604777183921787 0.4970602358221981 0
0.5710877396786412 0.4232333601762375 0
0.5539274484603387 0.4089106467588213 0
0.5144750474110954 0.6041605829905712 0
0.5759832584495821 0.5720599004293481 0
0.5931254649064275 0.5481097523373674 0
0.5902814259935512 0.4467443467360315 0
0.601404526166175 0.4738394487232716 0
0.4097858933444982 0.5532023408936845 0
0.3284901176511894 0.4340921913164068 0
0.3425717909540029 0.4322716963039996 0
0.3510496049363589 0.4427382033459509 0
0.3558475268381661 0.430241221552162 0
0.3481141507670139 0.4199016953870753 0
0.3610038837175501 0.4181638734405509 0
0.3531226820423555 0.4078149764985296 0
0.3662037987391655 0.4060913084199149 0
0.8096043131772769 0.7514025424042623 0
0.8153958691681422 0.7217767032588709 0
0.5671682592072449 0.6966370978292539 0
0.3137140395325621 0.4362913572398873 0
0.402836326164111 0.6994678255717099 0
0.5684478034099874 0.2997230702248511 0
0.6966694977367599 0.5030983110471942 0
0.0999696196634402 0.4582116471896442 0
0.3921507097572905 0.3053726858002219 0
0.613379850691061 0.3180509094335167 0
0.3579136573588685 0.3948082198308913 0
0.3711874608924467 0.3940281763785706 0
0.3795332098729318 0.4056724496082049 0
0.3838298983662469 0.3932509772461237 0
0.6805021821843598 0.3772043355631036 0
0.3671945217333828 0.42753490506208 0
0.3838083079901125 0.7620772552718437 0
0.3997682128256055 0.7788036918658948 0
0.3766138430970041 0.7846743302178434 0
0.3941028238545475 0.802777842166873 0
0.3688281276863525 0.8089644372026976 0
0.3868572580262738 0.8280146094874868 0
0.3606212209053251 0.8343033150351744 0
0.3422382040339114 0.8144753597244023 0
0.4130386836329137 0.8213594999341165 0
0.3335014341730262 0.8406716232203287 0
0.3143379939889157 0.8198005952996941 0
0.3913176904893725 0.402642180851071 0
0.3958882135108275 0.3919758160769586 0
0.3890466572716784 0.382277654927413 0
0.401055169372648 0.3813802466161083 0
0.3942276840029026 0.3713315088141728 0
0.4063826362733121 0.3706366315928757 0
0.4130172748322306 0.3804139646794296 0
0.4182033697562932 0.3700953139210643 0
0.3634862723905281 0.3832794103173717 0
0.7930667198581696 0.7017413243378553 0
0.8207867575178873 0.6923048157525188 0
0.7990939325396309 0.6726149292457557 0
0.825713116340952 0.6634405604451695 0
0.8047936924527489 0.6442581241084926 0
0.8308021495192687 0.6353163647271498 0
0.8099227191610234 0.6172391632459929 0
0.8360365853744897 0.6078260047340511 0
0.8152303579324445 0.5899767391102975 0
0.8412352984195113 0.5805366811615023 0
0.8162130776006867 0.5611619518380131 0
0.8459826441757266 0.5530781580455933 0
0.8254561365193721 0.5350857941345359 0
0.4243842109744955 0.379537285311672 0
0.4296550330148955 0.3694823242864479 0
0.423599625803244 0.3597907494145661 0
0.435254952734679 0.3593954549597498 0
0.4396894979304659 0.3695926589184026 0
0.447156245272761 0.3610947903871021 0
0.4409609642115282 0.3492867987557071 0
0.4529826390792615 0.3496894543854108 0
0.4589486263933104 0.3597569471996244 0
0.4647318914812126 0.3498466904871733 0
0.4699487015761404 0.3598136903137162 0
0.4761916951256447 0.3502323254402393 0
0.4708085888368059 0.3397188750225711 0
0.4827966210581556 0.3403944950744449 0
0.488023806877137 0.3513712952956041 0
0.4947392784266239 0.3413804332717442 0
0.499130682307077 0.351563870483152 0
0.5064655462599824 0.3421842723120186 0
0.5113236784292663 0.3532995316684154 0
0.5183468092363878 0.3432015200384695 0
0.5236529991125679 0.3538775417518616 0
0.4468017169759335 0.3385795630554452 0
0.5303114977863372 0.3440411182913338 0
0.5348172531377006 0.354328479283628 0
0.3192011704196822 0.4218600768408806 0
0.8518277327999251 0.5258142324056794 0
0.5770736546317321 0.2379607417449014 0
0.5598230276694548 0.2239084643189173 0
0.581118527917394 0.2152980753473854 0
0.5624801220424585 0.2005497775354527 0
0.584808929780983 0.190651799385275 0
0.5642099079683608 0.1746270085795826 0
0.5893138003137517 0.1646865240762616 0
0.6098090277414918 0.1812822645252948 0
0.6145814278069565 0.1541856236716841 0
0.6369721869708815 0.1721180634269188 0
0.3053078230491061 0.8473367091231645 0
0.2850996889821972 0.8250638866183454 0
0.5129000517572712 0.3320274269712546 0
0.7697691889186553 0.4048824423853604 0
0.7872084840192356 0.420632116567586 0
0.7928063776539535 0.3962835467548895 0
0.8113920253776007 0.4139814629068012 0
0.8174939326406485 0.3877961577464278 0
0.8372927628166928 0.4067417618362488 0
0.8438037792378958 0.3797126147453505 0
0.8226446485778595 0.3611948741659027 0
0.8497707062477774 0.3519058699281 0
0.8280019624785869 0.3324150600363762 0
0.468770821458964 0.2260024655294302 0
0.4056331360347727 0.8477612761404481 0
0.4332288838543949 0.840585192017957 0
0.4774319694660749 0.3290176149769748 0
0.8029922533629563 0.7815461745387164 0
0.8333151646165361 0.7720628767260403 0
0.8260955143190911 0.804019575778303 0
0.542241255830914 0.345042210624925 0
0.5464285684216375 0.356590528896007 0
0.5545561050444413 0.3458418206174965 0
0.5591965833402524 0.3570807913055928 0
0.4340158445960498 0.3382071570475734 0
0.5528228223789283 0.3653949397098603 0
0.5639738630956636 0.3671265885833824 0
0.5732596137036285 0.357109595646284 0
0.5760787067871361 0.3693090066932388 0
0.8488356871558104 0.6801053358474747 0
0.3036037733808654 0.2916485446835732 0
0.8561938765019581 0.3230075822393804 0
0.8334849138452083 0.302833493296214 0
0.2757944778460359 0.8543135621275064 0
0.2552536478143285 0.8314566308188647 0
0.2650329606382189 0.8022199326108382 0
0.2349213517060278 0.8083921967991624 0
0.2448405091632557 0.7791443180914859 0
0.2145344217934985 0.784488025544845 0
0.2041760928344435 0.8147695499738636 0
0.1834682870664897 0.7907018388856013 0
0.1944551445616344 0.760569291303933 0
0.1722753103930487 0.8215084806308564 0
0.1629156906277764 0.7661387256303613 0
0.1741811398741392 0.7364536326470809 0
0.2456414506616768 0.8616685729364657 0
0.5678675271293101 0.1477220216703019 0
0.542234254769524 0.1589070481480428 0
0.4017985156103147 0.4014196986368396 0
0.3981372357445053 0.4107182245998124 0
0.4252962225299262 0.868208603347672 0
0.4540601775527925 0.860742191448328 0
0.6411545557060124 0.1433662066464269 0
0.6640243657999587 0.1622827115669394 0
0.2925307824099114 0.6832100459357211 0
0.3033918446591231 0.424281141141691 0
0.5682784648318792 0.3777135295075286 0
0.5806151391925385 0.3796899461955206 0
0.5872334040639945 0.3715182769811849 0
0.5913106014339631 0.3820132345086512 0
0.3125060768931801 0.6215493429579406 0
0.5846647890204322 0.38943650594866 0
0.5943377641058335 0.3916559016904889 0
0.602489629551325 0.3844241046595309 0
0.604651544213757 0.3963704113307626 0
0.6137891706793623 0.3869424767906238 0
0.6173657523927425 0.39849450526842 0
0.609587127252166 0.4073995127424956 0
0.6209037619463202 0.409853812987911 0
0.6096224976787294 0.3743908632757885 0
0.612947736296145 0.4179886651214497 0
0.6241321395701391 0.4209943694667877 0
0.6325667989132748 0.4125273847871609 0
0.6355014349909172 0.4242885195650806 0
0.6268602075248768 0.4326142374509638 0
0.6381835596843445 0.4358987174676209 0
0.6298530802435836 0.4437173749882763 0
0.6407577815936246 0.4470906362593527 0
0.6496487080665971 0.4396933406413698 0
0.6326344966186328 0.4546663556089374 0
0.6433011251488365 0.4579962704797085 0
0.6353597038487203 0.4653971859124236 0
0.6458848662372028 0.4687368515260336 0
0.6361283177582501 0.4764842535821273 0
0.6448013585471652 0.4156118777448973 0
0.6481425048118843 0.4795097611743827 0
0.6391788629874058 0.4885071565973373 0
0.627180261115627 0.3870275832141041 0
0.5370556833455915 0.3337390040355484 0
0.6507399191665471 0.4904523671519075 0
0.6432710149900754 0.4986797024129777 0
0.6534333496530351 0.5010496043853618 0
0.6454037166198826 0.5086515301460983 0
0.7093253695255067 0.6197262553084391 0
0.4935128857860669 0.3623879526508894 0
0.6552059630878734 0.4610688645505988 0
0.5273993219908217 0.3625185912435588 0
0.389978496933078 0.6857537375401316 0
0.4075770817690434 0.6817195743703468 0
0.3965862014943481 0.669158694756557 0
0.4120541988935398 0.665493138833031 0
0.4022527543627977 0.6541776963229182 0
0.4164705730949173 0.6510456175969785 0
0.4080494554641 0.6388425535795523 0
0.4263344017100394 0.661533364563422 0
0.4301379521940966 0.6480487601050366 0
0.4395549948197273 0.6575683373011707 0
0.4430091912798721 0.6451526928091051 0
0.4519217841540373 0.6540778373862129 0
0.4335844774157417 0.6365952561094257 0
0.4546170559043182 0.6420140665632625 0
0.4635685518322276 0.6505899495513289 0
0.4608062967474079 0.6627861359119269 0
0.4727810604592784 0.6593765595552235 0
0.4753443385455036 0.6474092581198112 0
0.4842108504868065 0.655719466501385 0
0.4868025155123106 0.6444902590835029 0
0.4953236301350541 0.6522638050411073 0
0.4977858746864153 0.6414496274200265 0
0.505984288719786 0.648984397526098 0
0.4700015638235061 0.6720652936325232 0
0.5088469148101731 0.6371719351221573 0
0.5164528995711796 0.6455558155422508 0
0.5190726664111713 0.6363607404423764 0
0.526604809069053 0.6429904727615229 0
0.5243486391977403 0.6535103151241323 0
0.5351415356678797 0.6499119321616513 0
0.5365547065253623 0.638185532380957 0
0.5457690555741889 0.6461789151728159 0
0.5476575110044301 0.6353564897533355 0
0.5564654312473394 0.6426249558899693 0
0.5578281983373962 0.6320193850763118 0
0.5670916963229764 0.6390522904293208 0
0.5680393302132162 0.6266938300179283 0
0.5778607804180558 0.6351352764372135 0
0.5799137645835967 0.6238711431976829 0
0.5889958117138832 0.6314815468222508 0
0.5912125811608195 0.6200422638240627 0
0.6005476270173135 0.627796378775127 0
0.6025853333820527 0.6159107466681957 0
0.5922604258698757 0.6077645958253266 0
0.6043992114758964 0.6037626994444629 0
0.5035648586122871 0.660053273056322 0
0.436171372357209 0.671045936867839 0
0.4788214937466584 0.6365850147078427 0
0.6136132992179328 0.6115290760519297 0
0.6152399080794507 0.5998205087444639 0
0.6066148579841997 0.5920952055962928 0
0.6168926123588406 0.5880897050918945 0
0.6260586616412948 0.5953273731533169 0
0.6271008171559133 0.5837268874010383 0
0.6181826822059935 0.576991447858313 0
0.628010649440871 0.5725614070346513 0
0.6181569740159472 0.5650225571910584 0
0.628797629427416 0.5615477717638724 0
0.393222674686355 0.6426741532815071 0
0.3977539330581559 0.6295670293066402 0
0.3846467073445492 0.6321501029220427 0
0.3895813932153503 0.6198935316233912 0
0.4016763146870427 0.6175593177044574 0
0.3942400374245602 0.6064362158235432 0
0.3820345475971206 0.6098323458116576 0
0.3857567891856509 0.5980993768259213 0
0.3744577884207368 0.6002390363354931 0
0.3784366657451471 0.5894645269137613 0
0.3669549701670544 0.5908083671982578 0
0.3710236898720048 0.5799212567111069 0
0.4060655317809123 0.6063936020695403 0
0.3696847121580875 0.6117472173085309 0
0.3886273986804114 0.5870683234647912 0
0.5329265189098401 0.6616271976691275 0
0.8052226704317583 0.4394331829168495 0
0.3995442915643791 0.3598851558908235 0
0.3443821109389623 0.3958740823026886 0
0.8580266154601854 0.7937369646044995 0
0.8510218558607743 0.8268564952545159 0
0.8180404106094523 0.8370252362633427 0
0.2045042668971652 0.7308498693742826 0
0.1849787359074514 0.7075033716311149 0
0.1544797293330527 0.7123436133781788 0
0.1657214710117014 0.6835129965299741 0
0.5717354750529069 0.6151752414133808 0
0.4644617699410483 0.3689346687667386 0
0.8739939989049432 0.5444159236705517 0
0.3863540806542512 0.3608366589168266 0
0.574692940638881 0.6468578904858587 0
0.6364721816230208 0.5059025756277371 0
0.6375190158389641 0.5154275555104858 0
0.64764330955481 0.5189286587684006 0
0.3592589240566811 0.58112352213475 0
0.3643061095167852 0.5698283762251632 0
0.3747188563986574 0.5691317325077779 0
0.3687534441906363 0.5590574972696249 0
0.3543124009417363 0.5929808660738346 0
0.3573126264127573 0.5602758138325661 0
0.3625180556696116 0.5497082283032115 0
0.3735044164966433 0.5486158615993618 0
0.3675620527408872 0.5397456355560981 0
0.6217458814741494 0.554930934261554 0
0.8628704269669192 0.2926243767520459 0
0.8392555837050438 0.2723004742960406 0
0.8098670827057037 0.2821961245349293 0
0.8156214747182094 0.2522051835626947 0
0.7862394065835664 0.2619662705369734 0
0.7920174083458801 0.2323143829786438 0
0.8218452584458986 0.2212178701467035 0
0.7972045725676341 0.2004196796954341 0
0.7631676325836627 0.242869135045736 0
0.828147062690785 0.1890625948765965 0
0.8026702132765535 0.1673321221551554 0
0.8329394750848333 0.1574367134571355 0
0.853063275435916 0.2107054509516861 0
0.6394611620749802 0.5257965424704714 0
0.6497352671370669 0.529730910040759 0
0.6025281231889847 0.415571883778689 0
0.3256477202449049 0.870365594614343 0
0.5410135786422198 0.6284822044389468 0
0.8584816938242315 0.6249956701765347 0
0.7707492507204889 0.1795655867200717 0
0.7766269556676821 0.1469634505624325 0
0.8651232392547002 0.3991200039989382 0
0.8559397666867494 0.4268097725677096 0
0.6200518774269623 0.4400966471996717 0
0.5453916512916124 0.1304410109966034 0
0.5184528574798203 0.1420336277031106 0
0.6297767141833787 0.5223481829826517 0
0.6599167610745569 0.4836802376710031 0
0.8862264874133574 0.3139462235298467 0
0.6693713443414222 0.1327002289094767 0
0.1352857335516892 0.6878345310442199 0
0.1466991470516041 0.6591499587123781 0
0.1821341839901884 0.6548187656060609 0
0.1595233325545668 0.6301225083124244 0
0.1231364311568336 0.717689543793173 0
0.1278994027698601 0.6346646051849512 0
0.1401014514263236 0.6063263385242854 0
0.1700861194137031 0.6025958789893916 0
0.1521141722728909 0.5789274644717093 0
0.6381765265891983 0.5679047274968554 0
0.4887986088708502 0.2164043226898886 0
0.4701872534363253 0.2038344028180846 0
0.4404807779628517 0.3264487967785936 0
0.6564951583248526 0.1946276671391746 0
0.5550880732265734 0.6533140590286062 0
0.6093412130503877 0.5709516164145897 0
0.7916442395906514 0.5752739949931579 0
0.8434154654120269 0.8611410355401214 0
0.8101132600225855 0.8704308528136747 0
0.6449206082692273 0.1130034790196368 0
0.4997918921961134 0.630986066516211 0
0.5982187692641541 0.6401947406593611 0
0.610806296007926 0.6360904795240424 0
0.6302229301507786 0.4838576228825013 0
0.4072597076289622 0.4099112928654525 0
0.4040793680387617 0.4183349611635125 0
0.6250631992393355 0.4618876055939149 0
0.8860694103992813 0.420198490342661 0
0.8645942295106483 0.761113991943297 0
0.8796586875707795 0.5152284633035263 0
0.1807278016297979 0.5753534662141698 0
0.1638605522769397 0.552623896725001 0
0.1362590871954173 0.5558748907229161 0
0.1912272001590664 0.5495610391520209 0
0.1752013484634455 0.5274093734003231 0
0.2013399055597338 0.5246080416002851 0
0.6674683350500743 0.7467802604416153 0
0.3247742389231199 0.7888072811791407 0
0.3095534761726402 0.4088284962788828 0
0.7844934973192531 0.6258884335110579 0
0.4457144595414304 0.8896852854874818 0
0.4748833397792835 0.8818625216482215 0
0.482790937525757 0.8529460484996696 0
0.5036356697480924 0.8735394559227221 0
0.5106921478795918 0.8451976891466768 0
0.5317349647765586 0.8653616443308225 0
0.5386361358591929 0.8374863877584084 0
0.5594598507054336 0.8573508215324903 0
0.5658586756776544 0.8294819971584471 0
0.5869106759085965 0.8494106987002041 0
0.5932564577955424 0.8216497232997315 0
0.61442211388016 0.8415538879320581 0
0.6076898827434911 0.8703239722850926 0
0.6366108717358852 0.8620846948437055 0
0.6290334914330447 0.891008626692418 0
0.6595770595448338 0.8833062248653794 0
0.6212339699234524 0.8138566409675425 0
0.6368188667307737 0.5908412943122684 0
0.8022544950791588 0.3445702745904017 0
0.7182153350449285 0.7094761926950571 0
0.29332080169325 0.4107841283315311 0
0.2856913994975997 0.4257595084615575 0
0.394940248687035 0.419644523972222 0
0.4126526710630812 0.6149798120353465 0
0.4163108132222462 0.605021653840019 0
0.4226898951203857 0.6123547385182173 0
0.7576690297845801 0.2716802412396014 0
0.7363473590702082 0.2545051347011767 0
0.3778205697704188 0.5390570508018732 0
0.3722009924795262 0.5303000133424314 0
0.3620819776157888 0.53103805057481 0
0.3668118500249794 0.5215610939326895 0
0.3563274293620476 0.5222539803076204 0
0.3614423037650266 0.513095907314887 0
0.3714490068631376 0.5125101252983336 0
0.366452040569292 0.5042802824798042 0
0.3967409907994027 0.8747357160159042 0
0.377052114276541 0.5033357487911677 0
0.3714458904198894 0.4957106065788757 0
0.361700680721362 0.4960345445741904 0
0.3667424750675256 0.4877811432557171 0
0.57086969888709 0.1199564585100052 0
0.6357943158520425 0.6032316542998063 0
0.4257791547920307 0.6031228265358033 0
0.4318896655554122 0.6100851152743861 0
0.4197220110438927 0.5960156803405321 0
0.3832933929429011 0.5471569010386362 0
0.8902707287917671 0.782834997015871 0
0.6860086280775912 0.1817327321035065 0
0.1862755348986295 0.5036073809082163 0
0.211276532489897 0.5009901268841028 0
0.1605327403614937 0.5034289275932864 0
0.3920263601347942 0.3482997544040483 0
0.6584575392061526 0.5222806407918604 0
0.464225676232786 0.285246779901648 0
0.2144364959321465 0.703024112618839 0
0.3760044525657253 0.4877246172447344 0
0.3717196512146425 0.479904288611043 0
0.8305549050677632 0.5079583812820707 0
0.8052611922845008 0.5167223738145256 0
0.63159689333839 0.5321402095794165 0
0.4007141428944807 0.4266215304662165 0
0.3920499184548129 0.4281853352388779 0
0.3975788610367852 0.4347602213825477 0
0.3891609289963227 0.4363239006490541 0
0.3505363853782204 0.5503611412779591 0
0.6224220810333521 0.528750133546584 0
0.6813063248575351 0.2099210974807882 0
0.09824633523582527 0.3571228114290722 0
0.1266484446046318 0.3425928181278118 0
0.6665491208326004 0.8529398369462859 0
0.6900546897641022 0.8743084207705678 0
0.6055321726055058 0.4250818109204511 0
0.3793090078184608 0.6451730323574614 0
0.4194712624778112 0.3891206918405083 0
0.4297093577114651 0.3883018420589138 0
0.4255472972589602 0.3973073058131965 0
0.6209453662523142 0.5197209187215427 0
0.5524304207076259 0.8846415423911513 0
0.6397749876284127 0.5569992727571782 0
0.6495199134327001 0.5634924707240694 0
0.3463669631279317 0.5827523333842115 0
0.3805923510683247 0.480125902843358 0
0.3766790878222991 0.47214278286212 0
0.3673329210839576 0.4718177559047752 0
0.3725711629402456 0.4640691239865048 0
0.3816986697813711 0.4645807515572772 0
0.3782642494221491 0.456552447471994 0
0.5960154333865536 0.4227224090085401 0
0.5933056864223279 0.413969277908482 0
0.7692500558719575 0.6793484608021514 0
0.5219176313205418 0.1124045749656594 0
0.4939657209801784 0.1245196418854727 0
0.4263961829249661 0.3264122289538445 0
0.4338246547047512 0.3136476629077766 0
0.4744694906723238 0.3690232159204169 0
0.4692192202320685 0.3772994427587305 0
0.478459579163399 0.3775139063497005 0
0.4600186605325106 0.3772318846008215 0
0.4386714395639776 0.7125770906854945 0
0.4568677564024698 0.7070892579183037 0
0.1984240921873059 0.5969965353411817 0
0.4346998515439758 0.3964539933659976 0
0.4397626561621398 0.388111976593978 0
0.5825964408603284 0.3108240340721443 0
0.9029106919242278 0.5350159550956902 0
0.8969347274459529 0.5655791020039732 0
0.2336822702997462 0.7260619518813031 0
0.2670150304065956 0.8852303654686942 0
0.2351160737475121 0.8931356118314711 0
0.4383231517195382 0.8137414437586288 0
0.1505943527315904 0.4466630096877808 0
0.8773739091627436 0.8505112545838963 0
0.386916539232618 0.4576948118096046 0
0.7311848589791345 0.2811184120139686 0
0.7107846008375331 0.2653677032772535 0
0.6083523175483275 0.6507050634381786 0
0.6220377653833578 0.6453247208853465 0
0.899570590686919 0.3906611491445507 0
0.2259155346445869 0.5207389283816366 0
0.2349143219258707 0.4984261453046503 0
0.2212480379884607 0.4795810158344669 0
0.2437268783909926 0.477439749800282 0
0.2310524616495468 0.4593538655005927 0
0.6606388836578514 0.5338661637317207 0
0.1085704495205212 0.6099889451509335 0
0.09568545542141232 0.639138249915622 0
0.5446309488049248 0.8104144996020177 0
0.6475136525055961 0.59831895582721 0
0.2738599852933251 0.7737009926045004 0
0.3407540729656412 0.5951666343111134 0
0.8933504286646183 0.2821972548111175 0
0.394937715999523 0.4424246570039618 0
0.5997236756780672 0.7948237073790747 0
0.598701506897091 0.431355334575982 0
0.4645144993707815 0.3850403256765145 0
0.1001395634624077 0.3257916665465518 0
0.128331050814349 0.3107752589631696 0
0.1006261355405038 0.2952286667076737 0
0.1301257442598922 0.2785859648449987 0
0.1013261182559947 0.2619952428964062 0
0.1321174319256707 0.2456635495749276 0
0.1592822608600237 0.2634662432439481 0
0.161597484473944 0.2310100343568139 0
0.1881310961148645 0.2486182437152319 0
0.1905129549156697 0.2166073517634818 0
0.1636358349718323 0.1983480047023914 0
0.1932547580087955 0.1843646013186215 0
0.219959588373578 0.2028172920212108 0
0.2226557567676081 0.1707799120421214 0
0.2485622835273431 0.1884466389766991 0
0.2514459632848935 0.1574045723845869 0
0.2772174407863445 0.174538255156388 0
0.2798399314369967 0.1441566882274172 0
0.3055963817620279 0.1615473267946927 0
0.2255454908981935 0.1386539520830969 0
0.1658927207498794 0.1650679679720574 0
0.3080325094513835 0.1313502650437036 0
0.3330201866604547 0.1491523798549178 0
0.33067903182905 0.1787556514202047 0
0.3580676048995265 0.1665934183774488 0
0.3606431299427728 0.1370274283529971 0
0.385401030180239 0.1546753814884246 0
0.2487131984781473 0.2226412532391746 0
0.3880925408704404 0.1251151987371832 0
0.411911426327126 0.1430945297166782 0
0.4187468907531503 0.1081914862895507 0
0.4092282405836927 0.1717712335520496 0
0.1353065773373738 0.1801044135696269 0
0.1372961432228654 0.145116362313059 0
0.3550160965763571 0.195112720170697 0
0.3292993277019222 0.2067055063073938 0
0.3635934854418904 0.1066887049145385 0
0.2821859274902887 0.1124969843726793 0
0.4335716556552797 0.1649870848341004 0
0.2523897359752751 0.4576104773485977 0
0.9165140532641987 0.3043075704124183 0
0.3632727095209262 0.462954898725767 0
0.2400844575110537 0.4398868233759015 0
0.707154501006074 0.1997483229968939 0
0.8694699946058609 0.8861578997572516 0
0.7517181683059861 0.2987405607382698 0
0.3818783820677312 0.5300448073214508 0
0.4915500989773647 0.8247489372462542 0
0.1858444662580223 0.2799715310044689 0
0.2130111983226362 0.2659062822159991 0
0.7141816742111913 0.1712039496049946 0
0.4928103174359011 0.1951365930239335 0
0.4341974342518322 0.6014094282949138 0
0.4411786765972441 0.6069843459460893 0
0.6267797123751395 0.7873601831514422 0
0.8788648163175222 0.4504439482869127 0
0.9096949122194889 0.4408675297319138 0
0.4312460170501936 0.4040425628778552 0
0.4426460021911706 0.3963478747013498 0
0.3811265631631108 0.5118148235372573 0
0.8968265308285617 0.7493243952749082 0
0.3514597134635348 0.2220304982575597 0
0.6969646207651889 0.8437049942221739 0
0.7206359092453041 0.8649887914571498 0
0.4126870831160687 0.41705548171818 0
0.6746966242141188 0.1014321341424214 0
0.6491077226459668 0.08091293064077698 0
0.2991581959413767 0.394907340548623 0
0.6478132959530302 0.8054324471099008 0
0.649444028702967 0.9109878400436446 0
0.7136416480936894 0.8971619506072666 0
0.2424991775658022 0.6989103694886092 0
0.2654379326301073 0.7194660851288301 0
0.2251030374067345 0.6776064801525272 0
0.5875943918850262 0.420817928250639 0
0.5846198543887227 0.4127375572039455 0
0.3561636021938107 0.4873146913737562 0
0.4560692502176351 0.3850716419231731 0
0.3808105343417563 0.6711915438538028 0
0.7855723819461833 0.8464459756919048 0
0.2819136863395696 0.3969682867889036 0
0.5656977096257171 0.3174446919229945 0
0.552322084132053 0.3055871296401945 0
0.5793961502932508 0.3278039139132704 0
0.4380883431851332 0.6164137640808263 0
0.4465881838860203 0.6141169593656175 0
0.361670276508253 0.76731706610891 0
0.3776811122221932 0.3494794138087537 0
0.4483185982864984 0.3124931330401899 0
0.9277916389780165 0.5558937038562959 0
0.7454416235899721 0.8877106615582185 0
0.1692969719936099 0.1299884201488433 0
0.1396783909432202 0.1092278379916235 0
0.1715272217129973 0.09316128185605743 0
0.1075427824332882 0.1237371129687427 0
0.3862253229960357 0.4216427647474308 0
0.38371124152574 0.3346087421474108 0
0.8100366487429875 0.4909530945651739 0
0.4195720371098352 0.6221319048315184 0
0.536529175757766 0.208871974474494 0
0.350129542525922 0.5131970030198172 0
0.4071680675518889 0.3458217771275159 0
0.7391771451316748 0.9232446964854768 0
0.3109948952899646 0.09950309190241458 0
0.1039223039998425 0.2269370138490365 0
0.07177834690752671 0.2439041247842118 0
0.3272677847398474 0.233643545341865 0
0.3060157725492237 0.21938653321966 0
0.3035784070179688 0.2450762250696401 0
0.6228712388024016 0.631837394143922 0
0.6987543962365884 0.121747704628496 0
0.1942280213694516 0.8459535472856589 0
0.1610057238392763 0.8528793123560332 0
0.1392580944151481 0.8276680872754547 0
0.1278681127922056 0.8610039316280642 0
0.1497207348917893 0.885849712700531 0
0.1150363952540825 0.8949055667872006 0
0.3159572082475355 0.3940467937454704 0
0.449639453131522 0.6063597862378347 0
0.4548191854577827 0.6121090337716496 0
0.4529233791260003 0.6198479774166094 0
0.4610341961605298 0.6174901276945701 0
0.09202968317661453 0.8681519938405096 0
0.8349246483475702 0.4811689353238752 0
0.6189899574329619 0.6598124735158574 0
0.6362118955619268 0.6546578410763479 0
0.3702826928076279 0.6340562982377798 0
0.6238903715628311 0.5378307376519466 0
0.6156074940891164 0.5348051847551729 0
0.7739445507481169 0.3807163679838876 0
0.4150918886075575 0.4082606507816441 0
0.1029397263036348 0.6927214226980309 0
0.09040292774782022 0.7232308902592247 0
0.2181345310404712 0.4416500327280957 0
0.1113057241398915 0.7487677177744106 0
0.0776456202982343 0.7552991387980307 0
0.466873475386869 0.9118846057002044 0
0.4359443626779695 0.9201155795415623 0
0.6124727962958597 0.2437097107474147 0
0.633785929371729 0.2356571160457978 0
0.6516227915721572 0.2496849824801732 0
0.1098657908002273 0.08940112833491315 0
0.9072555979273008 0.5014103592683737 0
0.4503702733312986 0.2162118822744741 0
0.7713952669597696 0.9116410454741912 0
0.3449842789339397 0.522512002165341 0
0.2105815402969924 0.2940448697256998 0
0.7859135312422024 0.4996281790118071 0
0.7815339011688767 0.5238494451008083 0
0.6015397960318294 0.8984184219054416 0
0.4976251255532043 0.09398996411837185 0
0.5257489798102465 0.08316628011693877 0
0.3847542492503375 0.5046902429287603 0
0.3864391530374912 0.4440342209652801 0
0.3449083081878833 0.5614624289694384 0
0.3376266897774606 0.5510940960700044 0
0.2642609551253376 0.4746204510985677 0
0.6457691692125029 0.6115794649883178 0
0.4602713369854081 0.3919806015808561 0
0.6479295348702937 0.5750100412499246 0
0.350437125122266 0.4952531610687056 0
0.4624279665739994 0.6101488387097711 0
0.4686110743482164 0.61534259602035 0
0.4674610176090016 0.6229815643385092 0
0.4749909550586114 0.6206676952126331 0
0.475527611531925 0.6127961209702995 0
0.4824278948424341 0.6164993116015495 0
0.09956801076483063 0.7807495115331302 0
0.6416158279844842 0.4032412273974972 0
0.6548761374091168 0.4060669707427404 0
0.6505802191831501 0.3927823059745619 0
0.6585641238330688 0.4198132846363444 0
0.6692662972920351 0.409566928547486 0
0.6733553360620553 0.424674923618743 0
0.7058485537926221 0.09037653379134136 0
0.3775838802398158 0.2098555500668983 0
0.1784723851147268 0.4603999039072022 0
0.9102081229051067 0.3377608001352985 0
0.7296958270900114 0.1106874605951036 0
0.737851175081371 0.07788310597665798 0
0.2726705033657758 0.4566468190815351 0
0.3900317133358854 0.4643584480474045 0
0.4573803796454449 0.675579072964227 0
0.5954083201076715 0.653462572054492 0
0.3317121149057493 0.5838299154919948 0
0.620042457194242 0.09351298255616447 0
0.4694598184576402 0.104695942128239 0
0.4212406973202877 0.4161590363547007 0
0.3498226433121003 0.606602672786586 0
0.9037713400009042 0.8749135920165414 0
0.9091603635298791 0.8405109809225769 0
0.5212744007533383 0.6651633489894918 0
0.5304304393751266 0.6741629189169316 0
0.5182039214232336 0.6784149323839067 0
0.527687839794714 0.6880448928838176 0
0.5406205319079106 0.6830279477815606 0
0.6516894445894529 0.5407675836215892 0
0.6630501445900794 0.5471574440178268 0
0.07057483549096688 0.3439913225292685 0
0.1582220547897745 0.329102116060124 0
0.4668469780580731 0.6855346611036085 0
0.480565779034865 0.681552515319414 0
0.4777504786178075 0.6952674433928108 0
0.4917680826121305 0.6906363344842028 0
0.326032948594761 0.5973006547916345 0
0.9199130644831919 0.5880556373539201 0
0.3840283899713656 0.487267157436456 0
0.3890389586985352 0.4809417295668802 0
0.7907360619014325 0.4758991114334322 0
0.4767086599535028 0.180139704085564 0
0.9204026047218438 0.772148243791969 0
0.4859407009479773 0.7064821736541504 0
0.4707295347874568 0.0723733159813868 0
0.2382272399591299 0.282305642052197 0
0.6572071329042628 0.5710611688884319 0
0.4061633329458933 0.4339448546548258 0
0.4436536408558546 0.6954975628015516 0
0.7622784949829876 0.09867929056099189 0
0.6820956572797253 0.4149309112043474 0
0.6901747854761647 0.4284909095351012 0
0.6767324109863236 0.4404511275712927 0
0.3459162741446957 0.4874051248418496 0
0.9394367040415315 0.3242166750777207 0
0.4185346202964975 0.3134985458379807 0
0.8706259730646484 0.7292312798226801 0
0.9021355454149137 0.7170155218737497 0
0.228543747448258 0.4221110645360225 0
0.2498753000334226 0.4217467659682195 0
0.3724793086004188 0.3621752675918701 0
0.3627277844331187 0.3508891864984173 0
0.4251778341384126 0.3000755096620259 0
0.6696345179039633 0.5254979275400737 0
0.6673589865426923 0.5141381117014525 0
0.67895505664819 0.5167399473986788 0
0.7704435349162471 0.06538422319975074 0
0.7993344674284807 0.08960703872463538 0
0.07435404685994529 0.6151421667857369 0
0.0869521896737292 0.5820425255060337 0
0.06282145463995403 0.6463128331346034 0
0.3817589504407057 0.438646850100214 0
0.6189391166498669 0.2219250486799307 0
0.2880969142742126 0.3804782139903404 0
0.3575392364816503 0.3671919812219693 0
0.3475036429282644 0.3520521188478227 0
0.3399526213276816 0.3675057345714375 0
0.3308581478168285 0.3536825441481682 0
0.6321535761516768 0.5416362174961773 0
0.6070709644855953 0.4338262497293185 0
0.5999457708538379 0.439990591316323 0
0.6591070430105233 0.6064715996608744 0
0.464832241316823 0.328656096882585 0
0.4717760406192308 0.3170516241715277 0
0.4855518317867907 0.3177138826062572 0
0.3666768602359607 0.6459944078733828 0
0.3545309850948218 0.6391573606049811 0
0.4103945122821459 0.3276274843026634 0
0.479740088445342 0.3048425028394687 0
0.4944283400805957 0.3055330620324439 0
0.4884305230993799 0.2922684872924614 0
0.5041480912549826 0.2930696894005733 0
0.5111152089519683 0.3069425476742849 0
0.620555110458932 0.06017675483915352 0
0.766484633012784 0.9414338246792765 0
0.2804174954262867 0.08121642607060575 0
0.3155375651925035 0.06531786467784978 0
0.2520859479114537 0.09828198216308265 0
0.3232158164750777 0.3700494668830897 0
0.2711822954116 0.3805818676279357 0
0.3591380998305551 0.4709739353823027 0
0.5197492019301345 0.29368984799168 0
0.5269248540961058 0.3075321701784583 0
0.6167114839710537 0.5431739833525495 0
0.608172141040904 0.5404519878670319 0
0.6102801442638441 0.5481363019089517 0
0.6043011748382455 0.5462102456277371 0
0.6045455834443952 0.5530547879750438 0
0.5899385573401188 0.4059718989199683 0
0.5813330049395359 0.4047862846890367 0
0.5760456556156631 0.4124646508368302 0
0.5731184665725495 0.4042959404585984 0
0.4604597557304499 0.9435081283090372 0
0.249116295455651 0.5163910895984637 0
0.2411897940487708 0.5381627597289466 0
0.7403656874757307 0.2269798662860041 0
0.4193544685857327 0.6926507873541004 0
0.2082539438656494 0.4209328078753036 0
0.723406963701282 0.3109290374040478 0
0.8957328579417154 0.9096238098299443 0
0.8600167390712689 0.9223323770954344 0
0.4923504019246625 0.675814419931855 0
0.592937919382493 0.4366668117206848 0
0.6487804896813396 0.7776290526961379 0
0.281586948132191 0.2314235913084056 0
0.2820218767046344 0.2563673586423938 0
0.6911716326170693 0.4441608389777816 0
0.6794784524563888 0.4549836311139585 0
0.3800145057001747 0.4941900416586627 0
0.3905777065338066 0.4965396806354886 0
0.4836592776286742 0.3701378961265357 0
0.4872674917496265 0.3781346315184521 0
0.4825359260733724 0.3858219602975167 0
0.4908551099835845 0.3850451325401192 0
0.4952601179340599 0.3788803670784195 0
0.498349772220324 0.3855155921917373 0
0.5033662009021632 0.3799597768913873 0
0.5000060499826808 0.3726600518896535 0
0.5082851256094036 0.3738537352940463 0
0.5115582808096094 0.3813275756331891 0
0.5166000034442637 0.3752416926307661 0
0.5196446195438845 0.3840203257958588 0
0.5249078092349539 0.3763673914593457 0
0.527957192615531 0.3839944824470994 0
0.5332244125945701 0.377673198479656 0
0.536421830430356 0.3852996888013619 0
0.5416473533922399 0.3787132874364138 0
0.5449043533979321 0.3866553284224894 0
0.5502039965675589 0.3800737128477746 0
0.5532385509317355 0.3880447040808581 0
0.5476336312074821 0.3950421541562734 0
0.5559209371245777 0.3958826180692926 0
0.5614927876278465 0.3898828365349163 0
0.5045617461245796 0.3660615400858462 0
0.4161228629186403 0.3982482580307652 0
0.4516363005453518 0.3778545912354332 0
0.7293901578909306 0.8286134678982151 0
0.9364324155901194 0.8970264587064596 0
0.3771568506598179 0.520113955968392 0
0.3861675689499115 0.5217189694825465 0
0.5388012962901887 0.3712106620838443 0
0.9492747560668156 0.582266343578825 0
0.6334313873673154 0.7614174256827521 0
0.647145816848522 0.04404793731655671 0
0.389655037307895 0.5299229205576138 0
0.2574038532896676 0.9159592865182549 0
0.224225247664291 0.9256947792258879 0
0.2912620938206103 0.9078684524595195 0
0.2011371337061205 0.8999439048328839 0
0.1892224438999629 0.9337473165368129 0
0.4341366933739769 0.9565292188869865 0
0.4024577720890208 0.9349136777220352 0
0.3634464795527888 0.9320983265603844 0
0.538309590856434 0.6965255285690147 0
0.8867213668413452 0.601088710168532 0
0.913290885066407 0.6208439477480434 0
0.514229136569744 0.6927851431101597 0
0.4660533065848391 0.1311960986962495 0
0.7609323074698826 0.5059442656970068 0
0.7603016513156088 0.5304467000164269 0
0.7758749026606672 0.5445399083076203 0
0.7525600366422108 0.5527345268723826 0
0.6757472724073357 0.5047383760965899 0
0.6073253013323185 0.5317738114522524 0
0.614401996178339 0.5261457875560396 0
0.6134034255429864 0.5184889321110298 0
0.6185187471898792 0.5119137368612372 0
0.5365496696117302 0.2955204663859775 0
0.5134178201471988 0.3893359947429094 0
0.6240389783505226 0.6791400480030589 0
0.3378123388764987 0.5125179009676549 0
0.5958448951487616 0.3222219903284409 0
0.5916464482079931 0.3379590544014697 0
0.394282040960071 0.4581774323939859 0
0.07258523805108558 0.2059804373673758 0
0.6989622021174435 0.2269881820560232 0
0.5055607828728986 0.3881749262807881 0
0.3311719082784663 0.5631291862790713 0
0.6211210197685763 0.4515920720963038 0
0.6155342591120647 0.4595849647144891 0
0.6179129846636565 0.4678793866647284 0
0.6102563755310391 0.4651415989365442 0
0.6080927005734328 0.4587179880714009 0
0.6118989258344323 0.4724640252013242 0
0.6187356249251836 0.47583124025731 0
0.6123616052808268 0.4807350199969712 0
0.6200405988079051 0.4832458049407674 0
0.614360397747456 0.4888024407250457 0
0.6219625006186096 0.490735408169704 0
0.6154250921916318 0.4960585079038015 0
0.6220799304314806 0.4989312118669291 0
0.6296441792833369 0.493682794338143 0
0.3892101099246282 0.5141470142249653 0
0.4892275180984575 0.6322790060937912 0
0.4937252262235952 0.623256410284325 0
0.5019996277519115 0.6218160589714008 0
0.4970008258962855 0.6157470319455044 0
0.5036262169857287 0.6139040440305514 0
0.509293270364119 0.618867117017064 0
0.3864449518293022 0.4724611842917883 0
0.467393066407582 0.3923933190165999 0
0.5901881072784342 0.4294348809006813 0
0.5832004501491117 0.4270494758225728 0
0.5804015414139962 0.4201335394479424 0
0.3218668035545978 0.5519473815108953 0
0.5109432525566984 0.6104137893876523 0
0.5167724798495422 0.6159362507618327 0
0.5152917441438408 0.6238454503705669 0
0.5227953607600435 0.6207623451533186 0
0.5239589106290057 0.6133382477389595 0
0.5301410024973238 0.6177083508554415 0
0.5307173923488937 0.6107299250051121 0
0.5372015949074361 0.614609621833257 0
0.5378879538962951 0.6069616668228202 0
0.5443450937633971 0.6115517979025697 0
0.5459792047728196 0.6048238621054796 0
0.551854641733508 0.6088578090153811 0
0.5507290102533557 0.6167010661937941 0
0.5579848375010781 0.6132284602482277 0
0.5590036098097599 0.6047109613199618 0
0.6121321960908584 0.447279256970927 0
0.5316712830205573 0.3925268160653919 0
0.5174935101809152 0.167303836073626 0
0.3160054936925021 0.5847969833122291 0
0.3089634151842175 0.6005998027790331 0
0.1830288289251867 0.30795826496847 0
0.3874019507011177 0.5385142680526702 0
0.3923793545165731 0.5457334302450407 0
0.3890830670522709 0.5537648219198227 0
0.3952697801285895 0.5357502950441642 0
0.397183180019526 0.5531832940173327 0
0.394313321996388 0.5601242212955519 0
0.4017197031217618 0.5593481612253395 0
0.3995259507763552 0.5665978828479199 0
0.3914553141937337 0.5677125207991851 0
0.3968726457672865 0.5741864895922922 0
0.4050835455562066 0.5728889336288926 0
0.4024815529431577 0.5805927256926325 0
0.4104732407729959 0.5790573592427454 0
0.4077910029055432 0.5886688639889422 0
0.3889440398471951 0.5763533984476223 0
0.4162609628012318 0.5848903113392387 0
0.4131072745944248 0.5713073235997758 0
0.3720128036684982 0.4162294978666642 0
0.3459834631432189 0.4552485004182576 0
0.4107206386722995 0.5973240590577511 0
0.4019520588701202 0.5971283788344897 0
0.4526659989885892 0.3913584418420589 0
0.518031175106452 0.3614238559603086 0
0.5640043720634488 0.397502395164941 0
0.5699064091593546 0.3913277221082661 0
0.4102718169370004 0.4257002308849268 0
0.4133998421309494 0.4323394384002949 0
0.4284443897261253 0.5947748166230771 0
0.4358718420201669 0.5939941495832426 0
0.4411258865175276 0.5987486440723883 0
0.3445624147216564 0.540692388846753 0
0.4638059449998116 0.3984672071687304 0
0.5397979626048802 0.3924513734222695 0
0.4461584665436597 0.633288559867667 0
0.457269846042497 0.6326671793034719 0
0.4670609336061518 0.6384249398654691 0
0.6590845640051216 0.5809717334714835 0
0.4809882349381433 0.6262248098507697 0
0.4255563008910999 0.1881614632611702 0
0.4032646833610664 0.1976504066098163 0
0.2395503258813713 0.2523312422526166 0
0.5868125939694375 0.692050065021776 0
0.5738408119972932 0.6798042093168125 0
0.5898513202219328 0.6757539437810607 0
0.6083675628725252 0.5811761321010374 0
0.5997339004484866 0.5842581350598384 0
0.595586388853231 0.5947271447519239 0
0.5858750122718446 0.5990967414320152 0
0.5863194539613266 0.5900156077092475 0
0.5787784550058088 0.5936345762542568 0
0.5898327143250638 0.5796568050302876 0
0.5793271589825313 0.5846133686897269 0
0.5772914360313103 0.6020205254328693 0
0.5709836618518553 0.5966328332290856 0
0.5692321020183668 0.6053831471394799 0
0.5821516578148748 0.6136397042475259 0
0.2542765261476453 0.7497227899107539 0
0.2822187766202482 0.7449768874799656 0
0.2945816954813405 0.7202885307312141 0
0.3011532846475201 0.7671518909791271 0
0.4219600520258463 0.6391008207871987 0
0.401948754689709 0.4412060000926407 0
0.5516504813462831 0.4017733791909914 0
0.6960690769255105 0.4854809130129263 0
0.6016557120014125 0.5744341521232214 0
0.5910609662361435 0.570631138806836 0
0.6017334029229909 0.5661575328094816 0
0.6077994844992839 0.5616478591375507 0
0.5943718834739227 0.5627321351042717 0
0.64354786765692 0.673476576774217 0
0.4719740480074659 0.7210695483001923 0
0.9651623160197376 0.5463647506277547 0
0.1482314762949678 0.4769003505205169 0
0.6801753687780464 0.3976172119222318 0
0.5778155182023229 0.6659815553317006 0
0.5637648924893095 0.6714575077012217 0
0.3426941776938279 0.9638897191988329 0
0.5825311197014486 0.5770572961464631 0
0.528514606450206 0.6255640622839108 0
0.3022218168349572 0.9668787804587975 0
0.5909753767979747 0.07467427833513879 0
0.3751679553360515 0.3174392001536498 0
0.4388434787452052 0.4028625160205741 0
0.4358759482202864 0.4101781846013063 0
0.4285162399826535 0.4113298985987431 0
0.6650554797131363 0.3614477821775977 0
0.6467722048286318 0.366056743525475 0
0.6326487505407862 0.3549638160093945 0
0.6347784377589757 0.3373955217205503 0
0.6190975987703403 0.3445268681944988 0
0.6307769939392005 0.3715118956349639 0
0.4733183171961152 0.3861610708448895 0
0.4782672277363909 0.3909386057255086 0
0.4078862240706531 0.5652987164925891 0
0.3259142374922599 0.6388674297058367 0
0.3316149893423725 0.6224738339192899 0
0.5111169527714351 0.2095579823408802 0
0.7895361457597475 0.5998234360964335 0
0.7657824863060112 0.6085693021067808 0
0.7607901941427686 0.6329422379682939 0
0.7452225339679401 0.6165434661607774 0
0.739154845465356 0.6400159838307872 0
0.7500422694524485 0.5931651645568924 0
0.7546647473636564 0.6556963995773165 0
0.7321255800026492 0.6624639356895983 0
0.7695429373752808 0.5855425023177488 0
0.3228732089193094 0.9294454133191188 0
0.568266995597676 0.4104716638597407 0
0.03737985687706291 0.2221196567221957 0
0.07385352966445796 0.1699412043697573 0
0.4175922013927296 0.5779179879448321 0
0.4229887901246766 0.5819001719083803 0
0.4318067069627064 0.587839419440624 0
0.2320774328700288 0.3090308671387378 0
0.5187284598803334 0.8178968035628296 0
0.5264058895252934 0.793326190639599 0
0.5472184652721924 0.7887063378895129 0
0.570637621029598 0.7987624748249451 0
0.5828751502315451 0.772312883442783 0
0.5020430000783775 0.800915432865599 0
0.4768293901814361 0.800155501485442 0
0.6069012214973075 0.7700184368768919 0
0.5725487913663848 0.5890175910263702 0
0.5650347338137676 0.5906077677869337 0
0.7410753149969418 0.03898836555681395 0
0.3999496960246064 0.4476350594797643 0
0.3925841629442818 0.4504716050606562 0
0.5941445979293849 0.7488437562977489 0
0.4175758255986116 0.4233129465126454 0
0.03624335397491141 0.3862608036600719 0
0.5490139578764399 0.3220108858828943 0
0.3478165660511968 0.895921120971662 0
0.9240901432678534 0.2714168089364781 0
0.9000345381918198 0.2494435081591138 0
0.9332503182537659 0.237360085241296 0
0.9068636767793148 0.2160773664593132 0
0.9388891857207599 0.2002290700827788 0
0.9123205469816932 0.177565148965705 0
0.256220645653802 0.494400300312938 0
0.2744572852636901 0.4911251768277543 0
0.5771927415002646 0.3428749408431682 0
0.5869530163748946 0.3517289756168424 0
0.5629530519273543 0.3340531809486486 0
0.7654991356722285 0.7099362390978706 0
0.7443357282920727 0.6949526675017303 0
0.3814269226401162 0.1826097850442224 0
0.2119008302483052 0.5712074897889837 0
0.2240439299134201 0.5959874583241209 0
0.2158043648290163 0.618640442712161 0
0.1891592041109924 0.6243559347373122 0
0.2106335464012851 0.6427817537218907 0
0.2309841854788442 0.6335786313045031 0
0.5235139305353993 0.3902030826556199 0
0.4617991805973975 0.8281494632948907 0
0.3091666621765978 0.7410695379024499 0
0.3264074625932122 0.7593171402061958 0
0.4423878150358091 0.08694680267549371 0
0.4424619950373334 0.05778335360405601 0
0.4166659475625665 0.07344617438418538 0
0.3524856424945243 0.6724159477023219 0
0.06783229436659693 0.476288914703045 0
0.09857875112852466 0.4901969751045717 0
0.07257478447992388 0.5117175012616429 0
0.1014670121146151 0.5233648168266287 0
0.04042878263322192 0.5404409156429305 0
0.5526518870552319 0.2876351694502924 0
0.4494628147938557 0.2938969683574325 0
0.08035894182988856 0.9011933021840526 0
0.1045095605840045 0.9311741052789555 0
0.7057840456837052 0.2904320413552558 0
0.6865490157350111 0.2743914302983396 0
0.6628148845594609 0.2835478594836049 0
0.5051873480811127 0.6070022714708759 0
0.6823809450202813 0.5510172616330565 0
0.6794202637427956 0.5684149592394936 0
0.5336508586087531 0.770072644696614 0
0.06172757271860146 0.7946062827740348 0
0.09138857346094625 0.8108216521448838 0
0.6337687079970008 0.6163166707442577 0
0.3771432623811871 0.4468390318350199 0
0.6445721897006232 0.6273383510225828 0
0.3342040519476146 0.3827463398404995 0
0.2245806765556607 0.754652411018516 0
0.2940430254122162 0.7961240965486076 0
0.6278173457487606 0.5119023816497534 0
0.4081656729754001 0.3921349131326514 0
0.2201798323850821 0.9627611275043784 0
0.2625403133615809 0.4388341453041538 0
0.6748359351623393 0.236798758751119 0
0.54243459772406 0.03246922226022975 0
0.5389896597139263 0.966426782389334 0
0.5211019921503864 0.9293677001009504 0
0.5595394820850992 0.9351284895177914 0
0.7377075888847811 0.1953749804509116 0
0.3385043121085398 0.03307879430936289 0
0.3598040550957639 0.06734422770194315 0
0.1564277776922881 0.2971740713853021 0
0.7089292221812199 0.4267964181131089 0
0.745863165397159 0.3275285655544471 0
0.7704950230224292 0.3170242081846212 0
0.7629507240221126 0.3433386971485097 0
0.3460980150106165 0.2482599043060031 0
0.3625034367542026 0.4391745343105559 0
0.3594198694735352 0.4519356634680238 0
0.339496154239322 0.3346031285356577 0
0.6263880479485529 0.4710460185797636 0
0.6652209512130568 0.4507871435418808 0
0.6684582497041304 0.4646116865962193 0
0.6845106425646167 0.4705519370281498 0
0.6816264184544105 0.4840018973900722 0
0.8833281023291719 0.4840026006151503 0
0.4344186727148428 0.3789958971851434 0
0.7443883466951831 0.5183010010406151 0
0.4192836830720241 0.7129974621000028 0
0.6711093344215574 0.8243271599593743 0
0.3798157826723667 0.5579282055507909 0
0.151758245711875 0.360677869381122 0
0.1966868435645479 0.4815802234849251 0
0.1958248948224042 0.6800611574436088 0
0.03904558295693528 0.2606607987539636 0
0.744515658099437 0.1609734493619225 0
0.6157158461140645 0.5040675280547681 0
0.4896325214031538 0.1541123590209635 0
0.2622169408276108 0.4014415323489882 0
0.4697689005512324 0.6075554950541346 0
0.3716245781632297 0.2374103982747067 0
0.04290343703340427 0.1386871511242246 0
0.0369630945524369 0.6201061908534152 0
0.07892573071151449 0.5446756858616649 0
0.2687745334791222 0.6942657395827995 0
0.252579798250553 0.6740552463971328 0
0.04200055072798675 0.7602440382965145 0
0.656128883496868 0.2201722304564254 0
0.6156992272380519 0.4296543806943255 0
0.1284541753567422 0.503835735658861 0
0.2179985292979861 0.5439756474687457 0
0.4568857650195423 0.6052926003881433 0
0.57055231084569 0.4168172006231886 0
0.5611040364949386 0.4092662297694099 0
0.6547340496515612 0.6536116652726515 0
0.7989707540095107 0.5394416388783068 0
0.3966818611653937 0.4794416888393412 0
0.9679278264067738 0.4609633084735666 0
0.9680485434637437 0.4208973728484332 0
0.9366014019440811 0.402612996868451 0
0.6180568381899452 0.9675941590244521 0
0.6565780789266437 0.9675475044017441 0
0.4043235033463954 0.457187519668981 0
0.9668914769094801 0.6603290691903481 0
0.9658617937076512 0.6980446073233828 0
0.9343260094211961 0.6781454322637597 0
0.4460984883652919 0.4029874095372921 0
0.9687198308075462 0.7796054342555542 0
0.2205777128858101 0.03264048377153284 0
0.1827781913361995 0.03363079399678209 0
0.5019100122070799 0.320454107974991 0
0.4194843857865479 0.4327429099260652 0
0.6963990077395144 0.3121775930309081 0
0.3692109878716536 0.685904049099813 0
0.6181341355093325 0.3615391110822574 0
0.6046434343352828 0.3638705543903498 0
0.3337940237891425 0.4208577689592592 0
0.4199706779783063 0.7957485507112994 0
0.4408311537914349 0.7884891380643871 0
0.2014579700161553 0.07029415843805531 0
0.4002191676426418 0.4682021983680806 0
0.4516678490161891 0.4066921461415762 0
0.4417512011825631 0.4129083880147626 0
0.3326775494570344 0.7359511273807573 0
0.5262242645598668 0.3977191049227079 0
0.4468475110106665 0.5901756284162732 0
0.4572854960882434 0.595457342473106 0
0.4126903818856277 0.5595094491229889 0
0.5533538689198507 0.5904218990336394 0
0.5531682162703794 0.5961403996143728 0
0.5427713242526139 0.5954922956392885 0
0.5955424468659894 0.5427134140218481 0
0.4370254399847722 0.5837926842784641 0
0.7932232892981834 0.8137026686113277 0
0.6041238539113513 0.5142221529414468 0
0.6048583557850098 0.5027069889353166 0
0.2159533339055262 0.23429067842525 0
0.5317143352863678 0.5995089225433365 0
0.6042939571650053 0.4911927834855462 0
0.6025310345264319 0.4796004309931158 0
0.3955584270699237 0.4980620741097686 0
0.3909118769004248 0.5025731333325011 0
0.39579065672096 0.4853772063779438 0
0.5840209349239351 0.5631429479537767 0
0.4912354732537431 0.604737549948235 0
0.4873089450910646 0.6099380896730602 0
0.5878199778450501 0.4410804961437597 0
0.969920624353549 0.818980815929323 0
0.4098687788877374 0.4466365063812366 0
0.4279052692312573 0.4238662179129959 0
0.8009052282992157 0.314630222437038 0
0.595740602823231 0.4571577896457408 0
0.4911953993601223 0.3955305810202935 0
0.5029397641778018 0.3952228160782129 0
0.5147067361506209 0.3959145675538489 0
0.3962107821747251 0.5146526020630713 0
0.468169084382473 0.5998683798554425 0
0.53731670903276 0.4021386465608055 0
0.4190405564103601 0.5676930049860052 0
0.4276714418313834 0.577132058532518 0
0.4807552826619171 0.3598974866676394 0
0.4001316201445574 0.5318309156175269 0
0.5905635032836938 0.5533622262330808 0
0.596705503979406 0.5531270969984434 0
0.5630291054574739 0.5837510140191253 0
0.4795594435768926 0.6029674996818465 0
0.5932315783950559 0.451835903806616 0
0.5992138512077936 0.4520593318086852 0
0.3971886957228074 0.5202000584733069 0
0.5998564983155485 0.4681716149660807 0
0.6028043602356146 0.5204490586714172 0
0.6001638774522275 0.5321311302357938 0
0.1281981351378944 0.4600469769109111 0
0.6014078239905384 0.3046209620662207 0
0.5204196594843274 0.6028861160971551 0
0.5799839908133027 0.5675927274990535 0
0.5719224727392972 0.5764095415453339 0
0.4525732761326977 0.599731393412355 0
0.07487118779260254 0.1042388753947465 0
0.4639617454617556 0.3039506607001811 0
0.03806716811799954 0.3324731352208563 0
0.6105376153832458 0.5115297145034529 0
0.9312083806588707 0.363752541330442 0
0.3251973117477275 0.4085074063503134 0
0.3927073462902831 0.4755111519407549 0
0.8594738892482721 0.9617524819959701 0
0.03269275509463559 0.8596863962702012 0
0.859845880944915 0.03455203547343705 0
0.8801585633027343 0.06892813086982652 0
0.9158303588476044 0.07103145508391523 0
0.898488417933291 0.1032111988986618 0
0.8611501997775046 0.09978083354734507 0
0.8780115963294208 0.1325628007024128 0
0.9153989848157611 0.1412204141593875 0
0.8355846931846005 0.06839678071949101 0
0.9686392508459296 0.3045823248270946 0
0.9372175187484368 0.4833796106192371 0
0.303730132351171 0.1908131771563474 0
0.5614348046289935 0.6829349185004399 0
0.4068716948572709 0.5481146681322463 0
0.4017880972878192 0.5374448387177087 0
0.5583329190463383 0.402892934719241 0
0.09940366308097331 0.03303511022579747 0
0.9679934064826601 0.09733998676249711 0
0.7676763316627929 0.2132281341430049 0
0.6266590532539045 0.1988836091882288 0
0.768329007968611 0.4829970598309795 0
0.773462619661925 0.4618115425994209 0
0.7795044208838577 0.290211650943548 0
0.6990748039362871 0.813357938420995 0
0.5974433697692176 0.931706240019132 0
0.8121524957375187 0.4661855527755964 0
0.8383371359365099 0.4542818506225852 0
0.4445146179541408 0.6228271642259445 0
0.6429564511244475 0.8333657779598111 0
0.5592425057204886 0.3824958461838111 0
0.9267649381595895 0.7407964932791953 0
0.6314828675934621 0.5512296676286927 0
0.4198635759493314 0.3391380230685104 0
0.4092158771005163 0.6266846791767933 0
0.2988509918709271 0.03036061430346937 0
0.0706559240116264 0.2787741104627475 0
0.4427966293874106 0.7662269076425566 0
0.496792542123648 0.9039810832358701 0
0.4734778659209969 0.6290502884689146 0
0.436391847076991 0.6263210336864393 0
0.4821214092774661 0.6679646774359969 0
0.7795488580910385 0.6510859108997714 0
0.6520653192950012 0.7294220165798402 0
0.7405478528714472 0.7223546580340916 0
0.7225181294761425 0.6833350027027991 0
0.3076698098655121 0.3755690827280609 0
0.8089141347222079 0.1288039516407803 0
0.6627155920687072 0.3793219161154411 0
0.1519577750483098 0.7967482146241807 0
0.3807329305302433 0.9024920519865414 0
0.5185017273874648 0.6089696779509582 0
0.2364179111274532 0.5595756261606011 0
0.2597170994086446 0.5534503663959478 0
0.1395716722979029 0.9226879219810569 0
0.2690284916755392 0.4202364810991525 0
0.6074983175386928 0.3337210006352124 0
0.7046485896756818 0.930603184938129 0
0.7978112885179018 0.3716987581310608 0
0.4544691894067814 0.3686861840459522 0
0.4229608338563821 0.4058912854094842 0
0.4479637865066428 0.3855428616498456 0
0.4370008082982983 0.4163780092874601 0
0.2750541768784621 0.2041629127813757 0
0.3889683976746653 0.09088033678718133 0
0.2016537693499938 0.1137776160435762 0
0.6983500883773033 0.3909904581723628 0
0.07091652024870498 0.6973703485782309 0
0.5396370844816781 0.2328487390459588 0
0.8567508400985464 0.4974740855922002 0
0.1956076089839369 0.4394841487115785 0
0.883590425390506 0.8165525564280081 0
0.873923128655386 0.6984622108140122 0
0.7010437016736839 0.6947497435348677 0
0.4179522914932227 0.03349057530359373 0
0.6712326481299865 0.5580381183231028 0
0.7964133870698241 0.9379856645357034 0
0.7536225835696722 0.8549330993870929 0
0.5764044751277004 0.4264552411940184 0
0.1223235250968034 0.5819335590729423 0
0.7525000751703101 0.5734145329011673 0
0.5490370482288811 0.6256618127437037 0
0.1419127208535568 0.07538409986736844 0
0.4092732833564634 0.3013931162417262 0
0.5403896488103179 0.1833724431107802 0
0.225111977849794 0.332368886276008 0
0.836178671381303 0.8963229799081256 0
0.1482521213844237 0.5294862831833795 0
0.2847082690836385 0.5067583072142809 0
0.5996763933056014 0.4060110892481768 0
0.3565279485955422 0.5404996247389295 0
0.763831898905893 0.8225084072065046 0
0.66317377917089 0.4350409956733142 0
0.4226275466037129 0.6762333819034052 0
0.3492484780700191 0.3814476637492106 0
0.3527829235125872 0.7901531257904072 0
0.604540938348845 0.6669465217932152 0
0.1336829457055949 0.2126279416002023 0
0.1963832446280134 0.1504387449347195 0
0.8446859721243476 0.7106160900269319 0
0.8788432278553703 0.6701295158072694 0
0.5575198443527117 0.6218716504066757 0
0.1431232157240918 0.7422608462279541 0
0.8568045266936023 0.1801215531849737 0
0.0570988071124125 0.7282246005086507 0
0.8692485404455947 0.2613866378549923 0
0.224944922578869 0.8385264105107777 0
0.3764360602152509 0.3827203013505174 0
0.1153166110086586 0.6635868263976943 0
0.5586111549438629 0.593279118734219 0
0.563566978469046 0.5987582198905572 0
0.1776712410137934 0.3528662004150136 0
0.8391377895104301 0.7414170718927249 0
0.2980078770287946 0.4393654864075157 0
0.8720776096898438 0.3711052435851093 0
0.4903682210861689 0.3301389854058039 0
0.6820550657203397 0.9050589730916452 0
0.6183928216024674 0.125086240232917 0
0.692059286374447 0.1520655076012448 0
0.6806567044043266 0.0625593028233935 0
0.7746163527816302 0.788397138438699 0
0.2539614622716854 0.1276230624387022 0
0.6347574103694226 0.6381059864434189 0
0.3356844635944586 0.1187299061269539 0
0.3695443559900006 0.7453689060807107 0
0.3527204785940752 0.8615872716549773 0
0.03224042175112418 0.6641579514696044 0
0.06921775074164449 0.37358289472923 0
0.5420136687253893 0.6691956627878064 0
0.2068669780569484 0.4603415316944769 0
0.5059369105983923 0.2297322795799083 0
0.7526915695437757 0.4677857691136749 0
0.4485298976421664 0.6667586099748111 0
0.6842132876083937 0.7657159411960794 0
0.03334934397086198 0.9402806543436909 0
0.9392866799848598 0.9678954593789915 0
0.9401226382089394 0.03941025574245177 0
0.03384203614365067 0.05821995389264129 0
0.5247729504040733 0.8933814072842883 0
0.3972501623763781 0.335581569782719 0
0.3923296152785217 0.3221985786548659 0
0.6121159314872857 0.6236689800042292 0
0.07692022999996506 0.06765346268294081 0
0.5930966638012627 0.2515348107904383 0
0.3223381834732721 0.2814373444803441 0
0.3239254207571031 0.2581257340433504 0
0.7527383777776437 0.3902853147334396 0
0.4505526820984068 0.2364976325676903 0
0.3793885933703294 0.8535829355756862 0
0.2847805096619775 0.3014157555010432 0
0.2661783880976241 0.2869735770935125 0
0.6411252538020512 0.5360839584956214 0
0.6076041099939991 0.5242008582311816 0
0.4386833741217753 0.134718732529589 0
0.7309777535948188 0.5520419257962098 0
0.8772929272238319 0.3429626698757578 0
0.5965441672658791 0.4466599383942869 0
0.6034434591995839 0.4465419743250996 0
0.8457134652692935 0.2415325923870847 0
0.8677629553777985 0.5738792583634692 0
0.580218143595341 0.4322095252001644 0
0.6559996450251381 0.5114549310521088 0
0.4120494019952347 0.3600250563656282 0
0.4162489859808747 0.4369708945425261 0
0.5800921020183737 0.8767481544223776 0
0.2972015568346817 0.877146100258037 0
0.4793651102069403 0.3967484544386237 0
0.6303503913932306 0.7381424404523836 0
0.7409917598614955 0.3532598776852164 0
0.4285070648775229 0.3493474867044491 0
0.3036337194994164 0.2690202662920087 0
0.9671527643232696 0.176893081080286 0
0.4891514364158487 0.9330273107598803 0
0.3884769784667382 0.4121773408650196 0
0.723708076819374 0.5694678989251593 0
0.9338063985899725 0.5218096255551575 0
0.3683144637461331 0.335866874313662 0
0.3624009462285681 0.6236170009568717 0
0.1265826191124766 0.433381359472771 0
0.4221090903412894 0.7725085661080817 0
0.6030372128361575 0.3508826633832602 0
0.2772864275443662 0.6686731152004933 0
0.3085971269969449 0.4506937461082979 0
0.292270100087189 0.4571656008294317 0
0.09886409405254992 0.9678739680729923 0
0.6737948440295438 0.5383966724567628 0
0.4587853278439492 0.3390660783090726 0
0.3769229756706044 0.6221266636690992 0
0.4919096250045618 0.3717901824410575 0
0.387872849729294 0.6568772069770269 0
0.4163621235416178 0.2341143108489285 0
0.3973018256505795 0.221744251422188 0
0.7778626762396713 0.8787586033317913 0
0.4565699681351292 0.3980910609043714 0
0.1787488579314392 0.9679440788123995 0
0.7380627887107696 0.9633523572422211 0
0.3692595946487023 0.455207999689074 0
0.6710590229449731 0.6004274749832874 0
0.4292541977327805 0.6193199120146828 0
0.4144811230279988 0.8983584856835327 0
0.3250810606086397 0.5131129848067548 0
0.5980978510299769 0.3731750188629495 0
0.6244577812139682 0.6075125146426555 0
0.5489621599903167 0.1020117061969897 0
0.5560591565325987 0.06840661626644512 0
0.5140187700076098 0.6561486848737775 0
0.8584411086058641 0.4734742840881447 0
0.9380110721241386 0.6412458298047612 0
0.3067692101566891 0.6985084924080089 0
0.9673381396688137 0.2219207521363916 0
0.2451666455658394 0.0654476882503387 0
0.6483121607154971 0.4283911226214379 0
0.6295839010016895 0.4004700661943538 0
0.6664064538397313 0.6187121290455554 0
0.3627191470272635 0.4795476020859114 0
0.6375945286402589 0.5794139486354593 0
0.2601006727942979 0.5327070698735037 0
0.492818799935678 0.6632598096755804 0
0.5727866822977308 0.582340760734902 0
0.4772105975727272 0.7749397454902595 0
0.5478161453148388 0.4065388460113372 0
0.3519963898174324 0.5712801626771067 0
0.2821586510843804 0.4734086122776044 0
0.1061381908705021 0.1579335546984259 0
0.6582785538446631 0.472632672496918 0
0.5775731111790131 0.3961495329900508 0
0.5437006466722794 0.6572954837849716 0
0.5256036857389212 0.3323758632130929 0
0.5188158862115123 0.3198999033866378 0
0.5328245957337761 0.3206435555491646 0
0.5012766219474253 0.3332370451871625 0
0.6418498324428866 0.380793446398093 0
0.2224175244513122 0.4025653252907447 0
0.5642471234118515 0.6483244529376242 0
0.6421151795207409 0.5464322877653146 0
0.3991304086273558 0.5887276582017908 0
0.7084236491425162 0.6365423947270499 0
0.6597173494160841 0.4934941991132871 0
0.914811508983187 0.8077210399131347 0
0.5854176567653253 0.5688040188250038 0
0.6648342935409733 0.3958064582170943 0
0.3834542869253462 0.4303214221463895 0
0.5079709819814211 0.6272499335715656 0
0.909570624213785 0.6562061124841941 0
0.592888167557439 0.136664521813788 0
0.5253117031449503 0.70071651800067 0
0.3305750687251833 0.5382665965744925 0
0.3394893114177483 0.4081541007276146 0
0.3979920186168177 0.5419335241923041 0
0.4323293096242429 0.2858459375116144 0
0.3554118213990401 0.5041209494009816 0
0.6099767508387954 0.4998661114735296 0
0.1070005626850028 0.555693183326072 0
0.6514606834980352 0.4504236323210357 0
0.9730956299853353 0.8989997355650425 0
0.5865202796257973 0.643361459850584 0
0.4935528029459861 0.6100996762053775 0
0.5435075217331976 0.6190898110936123 0
0.3627888489429766 0.6019025578319003 0
0.7810423779060267 0.03100768753891114 0
0.4878154817608445 0.3908342347920097 0
0.8580475799674752 0.5976652649208178 0
0.1042481309381428 0.1922540942424041 0
0.3943665358084164 0.4695675232247231 0
0.5998290870109718 0.5590635911935279 0
0.3506978613247598 0.5312796576779877 0
0.6227914471434894 0.5061060743906532 0
0.2140405790191126 0.8689619510400954 0
0.333114446357849 0.5241945706705818 0
0.651144428171897 0.5524349868219707 0
0.1318677727332213 0.772880655009587 0
0.7151190816383234 0.6047186579977365 0
0.426242128583078 0.2110365730200605 0
0.6742174241195509 0.7910832148544831 0
0.4231903601180389 0.5886898674655771 0
0.4821424048731706 0.2779424426742538 0
0.4332450547493328 0.685987022634348 0
0.08416679806257149 0.668629084007649 0
0.2807346258287484 0.9394783225271421 0
0.6922090873482913 0.5195474130309071 0
0.2624239215242594 0.245659633655287 0
0.8296368722498622 0.4282496061700389 0
0.7020638618900051 0.6747781151502592 0
0.2456618524426268 0.5952306117916949 0
0.3347948065891111 0.4833537505694195 0
0.9210561838665788 0.9359709771403317 0
0.4630819979169825 0.6034487404261629 0
0.3612503097494586 0.2633793558060125 0
0.3371228929229162 0.09151675906473994 0
0.6016089622933621 0.4577264666934822 0
0.8038171144893499 0.9050917146515604 0
0.757531892166021 0.4476690692446637 0
0.549748425950436 0.7057458529281194 0
0.4274883593333899 0.4181583350655343 0
0.3173093624503398 0.8966100738760957 0
0.5971331038439609 0.2294031881212051 0
0.7217265781664191 0.1415021247537482 0
0.1740397960468731 0.4851833572828294 0
0.6056143579681609 0.4697595475599512 0
0.8859873383044827 0.6379352886592491 0
0.06888196571094535 0.8379706160494353 0
0.3901116573073344 0.487484364298796 0
0.5017134035903192 0.7011856575195037 0
0.6038925649044931 0.4636894519675004 0
0.3876990826829643 0.5615400585945094 0
0.541582315625208 0.3986108104757597 0
0.7574442112755395 0.3672981009375044 0
0.480927991836154 0.6088209947541572 0
0.4897922494737044 0.6162399064469872 0
0.6713154020758357 0.4777595838239359 0
0.5491269436280961 0.3358593489823608 0
0.3441692566368749 0.5030666094879206 0
0.5654006336303437 0.4039408488406651 0
0.5248313508379316 0.6070306012168264 0
0.8547772021666858 0.6519871226104745 0
0.708029043094518 0.4469778300819947 0
0.5139689353511475 0.2784848343233572 0
0.2240365878541198 0.09214342982818385 0
0.3812750824264007 0.3721845212326898 0
0.2912892832302179 0.490260718946657 0
0.7074506642644496 0.3292373487228446 0
0.2824712627861858 0.4428407940042327 0
0.3478865050702891 0.7517972113807351 0
0.5229993081534972 0.2245664947328436 0
0.5156057254585363 0.7611445306614133 0
0.2824675987833805 0.3650273851770419 0
0.6465135120904852 0.2703765695213526 0
0.4942159570771504 0.3905643254842838 0
0.607178376677403 0.4409233514626608 0
0.7802172189212213 0.4412399468399423 0
0.5656024620561086 0.3473135894012039 0
0.9362602120549328 0.4419667707038216 0
0.389375572746848 0.5081904241797344 0
0.6322178834150758 0.9375199921324229 0
0.6184414533184324 0.02844679093209351 0
0.9685761279318503 0.3448045945040804 0
0.547406936923338 0.5987934497132836 0
0.3059729525165489 0.4641665278862438 0
0.4468084356729158 0.5959529736396909 0
0.4262718688954921 0.6289066114755409 0
0.4039698195801974 0.5532119387259007 0
0.3802710700173303 0.2570456637713451 0
0.8758853260676596 0.2296651131593418 0
0.1823120141505337 0.876377511196033 0
0.8448667702257666 0.1278538852464126 0
0.3726964661551065 0.6574628176555092 0
0.3478709692826352 0.6211268597086259 0
0.499103368624633 0.06095354671629105 0
0.5871129861003999 0.3980372226213867 0
0.3966590209449963 0.4637569170752011 0
0.4755319728514038 0.6068573414927093 0
0.8980715262329144 0.3612484808142317 0
0.6700821746157082 0.9363340000518365 0
0.4173474259703049 0.3502667369805877 0
0.4434463882335898 0.3787833001238854 0
0.4664890928833131 0.03336170786302939 0
0.4004324181923541 0.5475158030931263 0
0.235018837220528 0.653583679005113 0
0.9088010983318644 0.4677150883432025 0
0.67017008981502 0.2604602448612632 0
0.5669760318396044 0.4205204227721237 0
0.3184758624646651 0.3433079407895349 0
0.4111354170951931 0.4372016725057258 0
0.7359765541620653 0.5808252306841477 0
0.6479265079386504 0.5864959945372591 0
0.9326911557478683 0.1059421106053829 0
0.2381463682066862 0.6147512552663177 0
0.6032106575519066 0.5364931238752084 0
0.5094563531548112 0.6042933352030588 0
0.350014560196417 0.4773324205240095 0
0.4043821039483985 0.3143756235979278 0
0.2678628539040643 0.5086682186650557 0
0.4935915942426607 0.7209682238526114 0
0.6637009685742558 0.5036810405194793 0
0.4529995814705468 0.3274116839819873 0
0.06152619098977641 0.5691121819555695 0
0.7870354275442888 0.9694208898351817 0
0.6095588169721207 0.4934178755455517 0
0.5704652928275649 0.7517478198609631 0
0.4234079714149707 0.421833154207316 0
0.3545431876877797 0.3390179503714617 0
0.5525968818561591 0.6019977711458497 0
0.3229472951154816 0.5734815743572321 0
0.7519130870670774 0.1313683073197969 0
0.5105978121695471 0.6690515070727194 0
0.1212224606180085 0.8037227588029929 0
0.5272939918178928 0.6341299532082003 0
0.3928573291248628 0.5240751343553282 0
0.2610522181722781 0.2662572390829756 0
0.6231488237424995 0.6194384745916892 0
0.5471008118577932 0.372412369660457 0
0.5059318933083552 0.6823429597614188 0
0.3685038719308023 0.4465009840489046 0
0.283545080919466 0.2786137902159179 0
0.6030779598646001 0.2062406642078867 0
0.4496251534165803 0.1904399094550422 0
0.5356189981502102 0.6227149153110836 0
0.557944156134813 0.4135348528454834 0
0.6255565354857494 0.4785400796212906 0
0.3381838299054908 0.5726559335265091 0
0.5443280939899807 0.3656739196507802 0
0.7710957029053895 0.5641109821898357 0
0.06978960881519702 0.9348460534314609 0
0.383239975596848 0.4510090797069961 0
0.8803884602840188 0.1988451231438607 0
0.7795223282870658 0.3567971573774233 0
0.4590457785225218 0.1592656481035848 0
0.3765555045805881 0.4245945709129263 0
0.7210657878965496 0.8002790914977811 0
0.9391318266158155 0.1646115090315183 0
0.3531668165591235 0.4646812565991023 0
0.6289765551138362 0.5022913193834708 0
0.4696659690259083 0.3988702030566576 0
0.1704812782387064 0.9104029401281806 0
0.3720178597403065 0.8774531602353591 0
0.8309394252629461 0.9354111418458758 0
0.4519678369050329 0.401571451270208 0
0.9311839048445092 0.8613716217160308 0
0.5211540278393902 0.6285347573827482 0
0.4999316731588406 0.6093494668780748 0
0.3988125305091945 0.4537522879370961 0
0.4605386533167067 0.9748475195249287 0
0.06935370767223392 0.3125505212406967 0
0.7128178128234864 0.06122930752923017 0
0.5944179160520245 0.1071682240234266 0
0.9328612001426132 0.7103214355294666 0
0.6924164849300533 0.2519643165746616 0
0.3364134430793039 0.6090235591873812 0
0.373873404963745 0.4362303283451557 0
0.732367918743009 0.6011959287537549 0
0.2508837502592391 0.6325157777786281 0
0.4558508763470016 0.6902102581396519 0
0.6132134503803546 0.5554896276532756 0
0.6068746464602669 0.4763573531804421 0
0.4458052035995016 0.6808464105637381 0
0.5600868144438096 0.7717948800538845 0
0.5184230401172973 0.3919470047193023 0
0.5104785593193338 0.7798888186441078 0
0.539527032290021 0.3102588415273378 0
0.1106215145421883 0.8361176591159408 0
0.5853241102294469 0.4320027437404764 0
0.3406334516881418 0.635973561186405 0
0.4416927433141355 0.5924261573739563 0
0.5725853406264838 0.906222293746936 0
0.5364398371801865 0.3971718533337568 0
0.6237894692229469 0.5464911443060693 0
0.3164725267782528 0.5402869765236106 0
0.07999046712492824 0.1377904430568288 0
0.1808079450823609 0.3307088064241467 0
0.5772618859382878 0.5786070893003208 0
0.6380788641490306 0.3925237708858098 0
0.06188121972295513 0.8751737605997152 0
0.5460860371947337 0.9097482866082235 0
0.9376246474031322 0.6097501188076014 0
0.4869836819617013 0.6222675430198875 0
0.3016128471941781 0.5827700043044743 0
0.02937565164007538 0.7891198788539455 0
0.9052766226172106 0.6883800381287419 0
0.5569370774087187 0.3742028310821357 0
0.2960054132899028 0.6102923391380554 0
0.169133683767474 0.06245871842623751 0
0.7391444992777558 0.5656968230358133 0
0.699214315031938 0.4133432127400186 0
0.4097755180619207 0.4022839997426399 0
0.3952112091730813 0.5813857190798258 0
0.7215204316141068 0.648921480986334 0
0.6586179008798583 0.594419993727209 0
0.2054933034051647 0.3194081598070793 0
0.4611516428786557 0.4028165334366465 0
0.5682050437526611 0.5851604643233996 0
0.44198608174753 0.4076713780151154 0
0.563823162071317 0.6172600504606207 0
0.5217232777283299 0.3695508646811935 0
0.02675000425494217 0.7335585232127602 0
0.5939349042301834 0.5574553234890134 0
0.5541984984220262 0.6643322417261528 0
0.5729446183615154 0.09359904416989862 0
0.7412839021756344 0.502334290111162 0
0.8013459403210237 0.05726661492013219 0
0.8293683883560469 0.101057179817475 0
0.5832218111281622 0.3623017330866288 0
0.323106174618767 0.6101894387270559 0
0.6091887404953032 0.5052947964186115 0
0.3307455396661956 0.395425412234667 0
0.6086204801972951 0.4868723592896622 0
0.392326897179387 0.5189587557198436 0
0.4601172884703756 0.3179753050172592 0
0.6206441154337886 0.3777426997635878 0
0.5311982814306573 0.6046959066724358 0
0.6496590327488708 0.7531952292520945 0
0.435179450157311 0.2287231660064438 0
0.6076047351250626 0.5184409984897057 0
0.7811788664599313 0.1191437137065491 0
0.5342349431861068 0.71126139602771 0
0.7923582133307712 0.4569138673130482 0
0.3807108884616056 0.5794015693136576 0
0.5763559970548578 0.6088250433266926 0
0.2737228256792592 0.5403543293300261 0
0.4661080917487364 0.6972557871737908 0
0.3869074663241804 0.06449622869568694 0
0.5752201177129257 0.386738560763609 0
0.0292820323027555 0.9707179676972445 0
0.9707179676972445 0.9707179676972445 0
0.9707179676972448 0.02928203230275522 0
0.02928203230275522 0.02928203230275517 0
0.1609236704859287 0.9438112735217663 0
0.6068196882995216 0.4817811105674062 0
0.5932875391165668 0.3628330793621913 0
0.3420067658076299 0.7731495300972181 0
0.6304665291630009 0.6670592044362935 0
0.5642074047038247 0.6106314287164932 0
0.3952812626243899 0.5295066798573237 0
0.5820125942191569 0.6554415780034487 0
0.4996292510972404 0.390964945915847 0
0.2464894945265611 0.3237131632579884 0
0.4148903302188995 0.5915778783983334 0
0.4075030348877174 0.5579434898002358 0
0.3161377598074893 0.3586525138728237 0
0.5873501576805827 0.5746248890334807 0
0.3702431920228497 0.3735102963428837 0
0.4592619794508908 0.7824462949768241 0
0.8855114083502902 0.9393926710578581 0
0.3838906607094205 0.5686779142022572 0
0.4078318039167571 0.4411475351497706 0
0.4721556877658739 0.7062169772954866 0
0.4322723772446126 0.4152184800772621 0
0.4734432897647218 0.3937600786362667 0
0.2498893309069722 0.299482604598079 0
0.9128298591645749 0.4173579815953048 0
0.6709128483809919 0.4910854367928584 0
0.4554089711481395 0.8025963683160345 0
0.4226545858824798 0.5766055593163716 0
0.7460356477215362 0.6740665438422382 0
0.1242865917472402 0.5336509819435714 0
0.7244476900138226 0.6239520239664113 0
0.4279046215329747 0.5832839676875115 0
0.3963681629269737 0.5029732021601646 0
0.943728119124067 0.796534571767328 0
0.6061591754383739 0.4526992027392823 0
0.5986283263622302 0.5474191951183093 0
0.4651188588186883 0.62956076565346 0
0.6668940580336408 0.5705004275677277 0
0.6467625905858326 0.6418255833915077 0
0.2407616434515002 0.4077975117053519 0
0.2088453275585524 0.6637958746075947 0
0.5894432441803727 0.5650139989994876 0
0.1157410258740363 0.05959456112626393 0
0.2342154359988653 0.578945016739848 0
0.3578041489944773 0.6564062545442441 0
0.6009214587984968 0.5415779439918047 0
0.5412154585970375 0.6010851757728959 0
0.7830835998384447 0.3346688643834779 0
0.6598413875437611 0.5604474360571883 0
0.2542412711482706 0.3803902978000261 0
0.6128541027707286 0.4376813850939548 0
0.5301861992331706 0.3706201304041349 0
0.3993752334580582 0.458918631209437 0
0.4372417725150939 0.5887456839240812 0
0.5573893682698414 0.5989772941409921 0
0.2857610236816912 0.7023310480447703 0
0.2466996437737504 0.9421888960702262 0
0.4315651273730241 0.700460258917517 0
0.5133255966590174 0.3677838464984158 0
0.5366188130747698 0.3629509373863942 0
0.518070669459769 0.1898713808343593 0
0.5519510369716051 0.6771277313253579 0
0.4049181140672768 0.4458611851103046 0
0.4514900490436759 0.6270347279901545 0
0.9406317683812004 0.8334819662446262 0
0.6202774133835603 0.9146313101585226 0
0.5935058522681622 0.4422284368622172 0
0.05698542458133904 0.5947751032661338 0
0.4969653122889801 0.1747891425634008 0
0.7165962990091126 0.2404501030100221 0
0.5358730511141615 0.6020201122274801 0
0.5143211328703386 0.6306078289379496 0
0.6930966709235979 0.4565279911935528 0
0.4168886400985536 0.2890184858623278 0
0.4595329120233213 0.6248588092255974 0
0.4489704393374688 0.3966986184266997 0
0.4464565191773195 0.3915063074249947 0
0.3585136239848735 0.6129992617185029 0
0.621884228012466 0.3300023949067644 0
0.7441879502873648 0.537417755347856 0
0.8838741839947075 0.1637291946442185 0
0.4378226423095522 0.3011918422958079 0
0.5810307823563924 0.5724135343666035 0
0.4454532401999399 0.1105714440420419 0
0.6576729587811865 0.4439120790298276 0
0.6806322172652917 0.527175278434091 0
0.5703499381536103 0.3980141822807129 0
0.699576170842243 0.4366064991769966 0
0.716464020415263 0.6677425674512183 0
0.5264476678479508 0.05540070175851436 0
0.05713640385218094 0.6739274843258106 0
0.4083215336840814 0.9724357847456069 0
0.3667172152067359 0.6684015014175849 0
0.5834933161896131 0.6063295529008588 0
0.5951434490131421 0.3996093047621566 0
0.2794406618990699 0.05326857323142825 0
0.5674028058014459 0.6579584693163733 0
0.617035099783052 0.5497875203390558 0
0.4964333998371179 0.2819606465223609 0
0.5668280570104989 0.3856316990196262 0
0.6155087221070021 0.7526147659505851 0
0.4827849169044446 0.3920971068173367 0
0.9454143522085484 0.7620662722606174 0
0.1877114132955035 0.4196419612549185 0
0.6721735490891695 0.02724272774454889 0
0.6677409855944854 0.6091651238300041 0
0.6856549120316292 0.50826086103614 0
0.6357229035014691 0.4981677390584209 0
0.5510059322734557 0.6907574451935315 0
0.9415227360795633 0.2930555142150151 0
0.5014479261393938 0.6041841410223641 0
0.3840849448910206 0.5165577988215615 0
0.1197154777592676 0.4801794500312635 0
0.2318020405002884 0.1142812047656203 0
0.3404687997028542 0.4938969141509553 0
0.5747815119955151 0.4197415546531795 0
0.5095349734954917 0.3616364980061226 0
0.4191338611384442 0.5725511495676848 0
0.587956289150517 0.4352122620421464 0
0.7328201162779452 0.5256400800418348 0
0.3936951215304564 0.5952940429159931 0
0.2743454181844232 0.4321219992407526 0
0.2956778870187623 0.3692085941082787 0
0.04666881280823265 0.3599916591616393 0
0.6380290590027455 0.2157738211454946 0
0.6725271575973766 0.5483899940183724 0
0.6540566292897121 0.6195880465622404 0
0.8592993104656661 0.1523408294470306 0
0.4167123152088833 0.4283529521829272 0
0.6720568591430217 0.3874874804544677 0
0.5335721600006229 0.6303149781793365 0
0.4924550214238415 0.7848589270901964 0
0.6124638832652127 0.4538701985660989 0
0.3871458869066517 0.4927241802265415 0
0.279471137235299 0.4110800536884641 0
0.684517235283191 0.4964164778134968 0
0.5848988914982056 0.5820311091762166 0
0.9452967395826195 0.07485820374446539 0
0.5012604830256859 0.3594513258658515 0
0.5945008107200855 0.5763420746677453 0
0.5920004457653115 0.5848918136232927 0
0.9786093545528329 0.5805071356896977 0
0.475530163217503 0.2933089233933239 0
0.4169723563741864 0.6308011503855093 0
0.6651507309458224 0.7665662939657265 0
0.7207014596237071 0.2168954151650133 0
0.3404771867860794 0.5311870021148715 0
0.3812123102731971 0.4155908145390125 0
0.3932607759907745 0.5404828793835448 0
0.4585137379693565 0.6002680268020508 0
0.5314025344972169 0.7533830653238431 0
0.5462376110320099 0.4010703328878228 0
0.5960748607560057 0.5683735942158747 0
0.7901355288895019 0.5561145106697707 0
0.4136295930326385 0.5656162758909217 0
0.501052753190106 0.6701043938995791 0
0.4474812705164058 0.371328983316214 0
0.4462651456103814 0.6015554286616717 0
0.5899257382199858 0.6635172341927834 0
0.3214511247653634 0.3819199201218449 0
0.6335598637660382 0.6270302157100885 0
0.3842797245867233 0.4990504652903865 0
$EndNodes
$Elements
11 4861 1 4861
0 1 15 1
1 1 
0 2 15 1
2 2 
0 3 15 1
3 3 
0 4 15 1
4 4 
0 5 15 1
5 5 
1 1 1 25
6 1 6 
7 6 7 
8 7 8 
9 8 9 
10 9 10 
11 10 11 
12 11 12 
13 12 13 
14 13 14 
15 14 15 
16 15 16 
17 16 17 
18 17 18 
19 18 19 
20 19 20 
21 20 21 
22 21 22 
23 22 23 
24 23 24 
25 24 25 
26 25 26 
27 26 27 
28 27 28 
29 28 29 
30 29 2 
1 2 1 25
31 2 30 
32 30 31 
33 31 32 
34 32 33 
35 33 34 
36 34 35 
37 35 36 
38 36 37 
39 37 38 
40 38 39 
41 39 40 
42 40 41 
43 41 42 
44 42 43 
45 43 44 
46 44 45 
47 45 46 
48 46 47 
49 47 48 
50 48 49 
51 49 50 
52 50 51 
53 51 52 
54 52 53 
55 53 3 
1 3 1 25
56 3 54 
57 54 55 
58 55 56 
59 56 57 
60 57 58 
61 58 59 
62 59 60 
63 60 61 
64 61 62 
65 62 63 
66 63 64 
67 64 65 
68 65 66 
69 66 67 
70 67 68 
71 68 69 
72 69 70 
73 70 71 
74 71 72 
75 72 73 
76 73 74 
77 74 75 
78 75 76 
79 76 77 
80 77 4 
1 4 1 25
81 4 78 
82 78 79 
83 79 80 
84 80 81 
85 81 82 
86 82 83 
87 83 84 
88 84 85 
89 85 86 
90 86 87 
91 87 88 
92 88 89 
93 89 90 
94 90 91 
95 91 92 
96 92 93 
97 93 94 
98 94 95 
99 95 96 
100 96 97 
101 97 98 
102 98 99 
103 99 100 
104 100 101 
105 101 1 
1 5 1 112
106 5 102 
107 102 103 
108 103 104 
109 104 105 
110 105 106 
111 106 107 
112 107 108 
113 108 109 
114 109 110 
115 110 111 
116 111 112 
117 112 113 
118 113 114 
119 114 115 
120 115 116 
121 116 117 
122 117 118 
123 118 119 
124 119 120 
125 120 121 
126 121 122 
127 122 123 
128 123 124 
129 124 125 
130 125 126 
131 126 127 
132 127 128 
133 128 129 
134 129 130 
135 130 131 
136 131 132 
137 132 133 
138 133 134 
139 134 135 
140 135 136 
141 136 137 
142 137 138 
143 138 139 
144 139 140 
145 140 141 
146 141 142 
147 142 143 
148 143 144 
149 144 145 
150 145 146 
151 146 147 
152 147 148 
153 148 149 
154 149 150 
155 150 151 
156 151 152 
157 152 153 
158 153 154 
159 154 155 
160 155 156 
161 156 157 
162 157 158 
163 158 159 
164 159 160 
165 160 161 
166 161 162 
167 162 163 
168 163 164 
169 164 165 
170 165 166 
171 166 167 
172 167 168 
173 168 169 
174 169 170 
175 170 171 
176 171 172 
177 172 173 
178 173 174 
179 174 175 
180 175 176 
181 176 177 
182 177 178 
183 178 179 
184 179 180 
185 180 181 
186 181 182 
187 182 183 
188 183 184 
189 184 185 
190 185 186 
191 186 187 
192 187 188 
193 188 189 
194 189 190 
195 190 191 
196 191 192 
197 192 193 
198 193 194 
199 194 195 
200 195 196 
201 196 197 
202 197 198 
203 198 199 
204 199 200 
205 200 201 
206 201 202 
207 202 203 
208 203 204 
209 204 205 
210 205 206 
211 206 207 
212 207 208 
213 208 209 
214 209 210 
215 210 211 
216 211 212 
217 212 5 
2 1 2 4644
218 728 1468 758 
219 464 1411 465 
220 88 1597 226 
221 708 1340 1324 
222 1317 1738 708 
223 1274 1796 1120 
224 1793 2221 670 
225 464 2209 1411 
226 866 1395 1393 
227 1074 1790 835 
228 1195 1892 1650 
229 1206 1823 1517 
230 912 1345 1065 
231 1361 2062 831 
232 1091 1491 1490 
233 1688 1991 616 
234 1345 1346 1065 
235 1121 1958 1820 
236 487 2082 1985 
237 1074 1969 1790 
238 1280 1513 225 
239 1833 1892 1195 
240 1674 1720 1226 
241 312 1374 1288 
242 1057 2158 1471 
243 754 1480 1479 
244 438 1587 1491 
245 1115 1939 1514 
246 1759 2254 1712 
247 1231 2118 2110 
248 1001 1760 1677 
249 1091 1490 1489 
250 523 1636 1451 
251 1258 2191 2004 
252 1057 2169 2158 
253 1503 2287 1230 
254 2192 2297 2034 
255 1452 1453 1446 
256 1680 2183 265 
257 1829 2225 1506 
258 502 1383 1375 
259 218 2185 1758 
260 89 1597 88 
261 1324 1951 708 
262 1900 1905 244 
263 392 1560 394 
264 1049 1591 1589 
265 869 1386 1385 
266 1758 2185 1217 
267 244 1905 1756 
268 340 2083 1305 
269 261 1995 1304 
270 1625 2206 1788 
271 1539 2041 1354 
272 496 1854 1343 
273 509 1702 1428 
274 1506 2396 543 
275 1468 1802 758 
276 1370 1371 1147 
277 1400 1401 863 
278 1230 2135 1503 
279 1351 1433 1065 
280 419 1646 982 
281 1185 2070 1723 
282 1279 1991 1688 
283 1305 1631 340 
284 1273 2311 457 
285 1428 1702 1585 
286 1351 1436 1433 
287 1573 1574 641 
288 999 1859 1202 
289 1917 2346 1368 
290 965 1406 1226 
291 1502 1672 378 
292 866 1398 1395 
293 1693 1943 1692 
294 1368 2224 1917 
295 457 2204 1273 
296 754 1479 755 
297 1120 1902 1274 
298 502 1731 1383 
299 1288 2079 312 
300 1610 2063 1609 
301 409 1560 392 
302 1376 1859 1143 
303 1049 1827 1591 
304 1046 1826 1311 
305 1001 2114 1760 
306 476 1718 1316 
307 934 1667 1505 
308 1837 2118 1590 
309 1492 1588 880 
310 1343 2171 496 
311 1458 1459 1234 
312 312 1598 1374 
313 331 1603 1602 
314 1378 1751 538 
315 1985 2082 1572 
316 1577 1807 902 
317 2110 2118 238 
318 412 2198 1608 
319 1811 1994 1519 
320 1144 1672 1502 
321 708 1951 1317 
322 2004 2191 2170 
323 543 1829 1506 
324 1319 1525 1524 
325 2034 2297 707 
326 406 1784 1365 
327 831 2024 1361 
328 1536 1805 973 
329 1126 1826 1775 
330 2136 2292 1369 
331 225 2097 1280 
332 1311 2043 1046 
333 313 1598 312 
334 1574 2243 641 
335 1370 1749 510 
336 1512 2041 1539 
337 1309 1408 1017 
338 670 2221 640 
339 1609 2063 233 
340 1375 1732 502 
341 1370 1915 1371 
342 421 1646 419 
343 1946 2100 487 
344 2008 2256 462 
345 785 1790 1789 
346 1284 1973 1282 
347 1281 2139 1958 
348 350 1759 1712 
349 265 2183 1558 
350 725 1468 728 
351 869 1385 693 
352 1495 1779 514 
353 1606 2392 1948 
354 1091 1489 990 
355 732 1400 863 
356 1632 1786 1728 
357 697 2161 1638 
358 380 1502 378 
359 510 1915 1370 
360 1500 2195 767 
361 1341 1823 1149 
362 1453 1998 1446 
363 866 2161 697 
364 1496 1641 463 
365 1954 2035 1953 
366 515 1814 1412 
367 1958 2139 59 
368 1319 1524 980 
369 16 2118 1837 
370 1585 1702 304 
371 893 1550 1016 
372 1149 1823 1206 
373 1023 1799 1124 
374 1585 2199 1328 
375 531 1475 1474 
376 1550 1551 1016 
377 2062 2077 831 
378 902 1808 1577 
379 1521 2345 325 
380 1470 2217 1400 
381 514 1779 1671 
382 1328 2199 1375 
383 229 1938 1774 
384 1606 1948 481 
385 758 1470 1400 
386 1973 2362 1282 
387 484 2036 1896 
388 970 1959 1612 
389 1540 1670 318 
390 708 2405 1340 
391 1841 2382 1410 
392 1365 2240 406 
393 2000 2292 2136 
394 1773 2098 1241 
395 37 2098 1773 
396 470 2229 1469 
397 1095 2132 1977 
398 761 1478 1477 
399 1602 1690 331 
400 1344 2180 234 
401 1309 2385 1408 
402 1771 2347 1770 
403 231 1542 1381 
404 1496 1642 1641 
405 42 1504 229 
406 564 1857 1261 
407 462 2135 2065 
408 1636 2173 1451 
409 1194 1578 1472 
410 719 1493 723 
411 2120 2193 446 
412 785 2044 1790 
413 1409 1841 1410 
414 836 2317 1666 
415 1264 2124 1637 
416 523 1451 495 
417 944 1458 1234 
418 487 1985 1946 
419 1466 1803 1791 
420 2036 2411 1896 
421 1692 1943 1522 
422 1400 2217 1401 
423 1535 1538 1531 
424 97 1541 96 
425 328 1521 325 
426 1518 1519 467 
427 2065 2135 1230 
428 1663 1944 1662 
429 234 2017 1344 
430 1189 1994 1811 
431 1582 1583 845 
432 1774 1938 1161 
433 692 1974 1855 
434 1787 2036 484 
435 1332 1465 1428 
436 1377 1963 493 
437 1855 1974 1190 
438 23 1557 217 
439 513 2382 1841 
440 1633 1931 1631 
441 213 2188 1682 
442 1514 1903 1115 
443 1078 2095 1399 
444 1473 1714 1046 
445 1657 1734 403 
446 221 1359 1358 
447 1472 1954 1194 
448 1381 1541 231 
449 914 1345 912 
450 1316 2400 476 
451 1915 2254 1372 
452 996 1559 1380 
453 1608 2198 1549 
454 1820 1958 219 
455 1863 2077 2062 
456 1406 1762 1226 
457 1357 2184 67 
458 1592 1691 431 
459 1601 1817 235 
460 462 2256 400 
461 1570 2347 1771 
462 67 2358 1357 
463 1987 2072 840 
464 1460 1461 1071 
465 1412 2131 515 
466 1311 1826 1126 
467 1094 1410 1297 
468 1358 2358 221 
469 1810 2255 1254 
470 336 1829 543 
471 1627 1628 1283 
472 531 1474 393 
473 245 2048 1344 
474 1491 1587 1490 
475 324 1604 327 
476 1171 2095 1078 
477 535 1496 355 
478 231 1541 97 
479 1783 2157 611 
480 244 1756 1659 
481 836 1666 688 
482 507 1742 1556 
483 2063 2202 1141 
484 832 1782 1626 
485 1159 1665 1621 
486 1523 1994 701 
487 1514 1939 449 
488 787 1857 539 
489 1902 1903 1274 
490 435 1733 1399 
491 1259 2157 1783 
492 497 2132 2047 
493 921 1315 920 
494 880 1616 1492 
495 1387 1638 1391 
496 1254 2242 1810 
497 1043 1578 1053 
498 2132 2173 1287 
499 1299 1935 240 
500 1551 2141 1560 
501 1184 2070 1185 
502 1304 2370 261 
503 526 1450 544 
504 1697 1828 1112 
505 1491 1971 438 
506 723 1803 1466 
507 1261 2282 564 
508 1631 1931 340 
509 465 1411 1384 
510 1788 2206 1168 
511 767 2195 812 
512 1344 2017 245 
513 1065 1433 911 
514 1864 2234 747 
515 1503 2135 405 
516 1550 2198 1551 
517 538 1819 1378 
518 846 1582 845 
519 2158 2169 1228 
520 1610 2202 2063 
521 96 1652 95 
522 1119 2074 2013 
523 1466 1467 724 
524 1264 1637 1262 
525 966 1406 965 
526 1218 1629 1432 
527 1286 2316 270 
528 1801 1901 1624 
529 1541 1652 96 
530 1373 1617 960 
531 1372 2254 1759 
532 24 1557 23 
533 1533 2297 2192 
534 1628 1827 1055 
535 1530 1538 859 
536 383 2346 1917 
537 1100 1575 1563 
538 225 1967 1622 
539 973 1805 567 
540 1350 2097 21 
541 1697 2080 1828 
542 99 1659 98 
543 1431 2222 451 
544 1731 2276 1383 
545 700 1398 866 
546 1592 2359 1691 
547 1997 2032 962 
548 21 2371 1350 
549 1002 1668 878 
550 1480 1481 1479 
551 1771 2128 237 
552 452 1816 461 
553 1021 1799 1023 
554 1634 1908 1125 
555 1943 2270 1574 
556 1346 1351 1065 
557 1497 1499 858 
558 240 2184 1299 
559 829 1888 1564 
560 1500 2027 1294 
561 1549 2198 1550 
562 1547 1548 1010 
563 1626 1782 1302 
564 252 1941 536 
565 537 1514 284 
566 239 1597 89 
567 1515 1516 1076 
568 330 1518 467 
569 1600 2165 242 
570 761 1477 762 
571 1640 2072 1987 
572 751 1488 754 
573 1357 2358 1358 
574 1639 1640 709 
575 1720 2064 1226 
576 1551 2198 2141 
577 451 2218 1431 
578 270 2088 1286 
579 459 1859 1376 
580 1147 1371 949 
581 745 1864 747 
582 440 1527 457 
583 1226 1762 1674 
584 1305 2083 1690 
585 869 1638 1387 
586 708 1738 592 
587 43 1504 42 
588 1472 2035 1954 
589 293 1908 1634 
590 1809 2280 1285 
591 2096 2115 1679 
592 291 2280 1809 
593 1513 1967 225 
594 216 1512 71 
595 409 2367 1560 
596 327 1604 331 
597 1468 2303 1802 
598 926 1460 1071 
599 1794 2188 213 
600 1341 1618 957 
601 235 1947 1601 
602 1428 2207 509 
603 1175 1572 1571 
604 996 2166 1559 
605 1435 1648 929 
606 1158 1665 1159 
607 958 1644 986 
608 1439 1526 1440 
609 1531 1538 1530 
610 1977 2132 1287 
611 1073 1554 1349 
612 70 1512 1509 
613 1504 1938 229 
614 1489 1615 990 
615 783 2258 1447 
616 1315 2428 920 
617 95 1652 218 
618 455 1807 469 
619 535 2402 1496 
620 1662 1944 668 
621 1518 1811 1519 
622 1301 1668 1002 
623 1323 1383 1322 
624 1091 2322 1491 
625 993 1586 629 
626 539 1857 564 
627 1060 2173 1636 
628 2125 2286 1234 
629 1053 1578 1194 
630 1281 1958 1121 
631 1658 1954 297 
632 318 1671 1540 
633 1756 2210 1659 
634 1410 2382 1297 
635 2047 2132 1240 
636 1482 1555 1484 
637 1960 2229 470 
638 1257 1889 1660 
639 1175 1571 1005 
640 795 2273 1487 
641 1575 2073 1563 
642 497 2173 2132 
643 573 1530 859 
644 1401 1402 863 
645 805 2285 2258 
646 1406 2026 1762 
647 1693 2270 1943 
648 1017 1408 971 
649 1371 1915 1372 
650 1695 1942 1696 
651 1305 1690 1602 
652 1625 1788 227 
653 700 2374 1398 
654 557 1618 662 
655 1222 2154 2065 
656 891 1550 893 
657 869 1387 1386 
658 1206 1561 1083 
659 959 1823 1341 
660 1474 1476 459 
661 34 1972 1934 
662 1143 1859 999 
663 1426 1873 1487 
664 1353 1619 1356 
665 1554 2367 1349 
666 1478 1497 1477 
667 536 1593 250 
668 1658 2104 2050 
669 1432 2211 1218 
670 955 1666 1266 
671 1668 1815 1579 
672 1553 2283 1982 
673 1363 2008 462 
674 1705 2421 1526 
675 1723 2071 1185 
676 889 1547 1010 
677 985 1515 1076 
678 1728 2314 1632 
679 1018 1524 1407 
680 1597 2138 226 
681 1657 2049 1734 
682 1465 2207 1428 
683 721 1466 724 
684 1660 1889 86 
685 242 2165 1897 
686 453 1816 452 
687 462 2065 1363 
688 1628 2051 1283 
689 408 1503 405 
690 1599 1757 1107 
691 1066 1586 1553 
692 1903 2133 1274 
693 1272 2311 1273 
694 1283 1798 1627 
695 960 1617 839 
696 536 1941 1750 
697 1088 2115 2096 
698 1067 1629 1025 
699 1959 2155 1612 
700 716 1493 719 
701 616 1993 1688 
702 1583 2307 845 
703 365 1607 1606 
704 1387 1388 1386 
705 1265 1997 1795 
706 93 2390 1562 
707 325 2345 538 
708 1233 2315 2304 
709 980 1524 979 
710 316 1598 313 
711 1728 1786 815 
712 1658 2050 1634 
713 1815 2310 1579 
714 1979 2134 482 
715 1676 1677 224 
716 674 2222 1431 
717 2304 2315 1838 
718 1667 2379 1505 
719 1662 2322 1091 
720 755 1479 761 
721 1477 1497 858 
722 1143 2272 1376 
723 514 1983 1495 
724 1412 1814 1413 
725 386 1502 380 
726 70 1509 69 
727 1401 1403 1402 
728 1218 1874 1649 
729 493 2074 1377 
730 1512 1539 1509 
731 244 1659 99 
732 424 1646 421 
733 955 971 828 
734 701 2250 1523 
735 957 1618 562 
736 857 2363 2238 
737 1774 2121 2094 
738 1494 1558 1015 
739 1066 1553 1552 
740 1665 2391 856 
741 1526 2279 1705 
742 578 1644 958 
743 1696 1942 1800 
744 432 2421 1705 
745 1341 2226 1618 
746 1482 1484 1481 
747 902 1807 455 
748 538 1751 323 
749 1071 1462 1072 
750 1619 1957 1356 
751 636 2073 1575 
752 929 1648 810 
753 1647 1792 1087 
754 953 1792 1647 
755 288 2340 1846 
756 1859 2425 1202 
757 2175 2289 285 
758 1618 2226 662 
759 1584 2193 2120 
760 859 2420 575 
761 1480 1482 1481 
762 911 1433 929 
763 730 1400 732 
764 2037 2298 1545 
765 934 1850 1667 
766 1234 2286 1494 
767 575 2420 1673 
768 536 1594 1593 
769 1194 1954 1658 
770 920 1171 1078 
771 2013 2074 1179 
772 774 2387 1453 
773 1450 2170 544 
774 1254 2241 1772 
775 1496 2402 1642 
776 1385 1427 836 
777 1464 2231 1956 
778 1408 1409 1093 
779 856 2391 1783 
780 693 1385 690 
781 946 1494 1015 
782 702 1992 1563 
783 331 1604 1603 
784 1543 1544 1448 
785 1430 2218 465 
786 1934 1972 1569 
787 537 1903 1514 
788 1432 1629 1067 
789 1149 2226 1341 
790 774 1453 781 
791 850 1582 846 
792 240 1624 1623 
793 250 1593 249 
794 1407 1464 1177 
795 949 1371 960 
796 2275 2363 799 
797 867 1083 868 
798 1679 2115 219 
799 1584 2120 1583 
800 39 1676 224 
801 1431 2244 674 
802 1614 1857 787 
803 1493 2102 723 
804 1343 1854 1840 
805 1267 1309 1017 
806 1300 2134 1979 
807 958 985 959 
808 962 2032 963 
809 965 1226 1225 
810 996 1200 969 
811 1809 2389 291 
812 1462 2424 1072 
813 2091 2317 1427 
814 1407 2289 2175 
815 1565 1567 215 
816 955 1017 971 
817 61 1679 219 
818 1741 2302 1294 
819 1200 2026 1406 
820 1647 2036 1787 
821 1371 1372 960 
822 1257 1660 1255 
823 684 828 681 
824 249 1593 239 
825 355 1496 353 
826 1291 1370 1147 
827 868 1458 944 
828 2035 2158 1162 
829 684 1666 955 
830 1529 2327 1118 
831 1519 1520 467 
832 973 2295 1536 
833 2094 2121 1075 
834 1066 1552 1547 
835 1403 1404 1402 
836 978 979 796 
837 920 1078 917 
838 1627 1798 13 
839 985 1076 959 
840 1460 1545 1461 
841 965 1225 939 
842 1384 2145 465 
843 362 1606 481 
844 662 867 663 
845 928 1460 926 
846 1045 1578 1043 
847 1228 2169 1655 
848 2258 2285 1447 
849 996 1380 1200 
850 2006 2062 1362 
851 629 1586 665 
852 1591 2262 1837 
853 684 955 828 
854 1488 2360 754 
855 1772 2242 1254 
856 1374 1598 1101 
857 2065 2154 1363 
858 1395 1398 1397 
859 1590 2118 1231 
860 1046 2043 1473 
861 858 1500 767 
862 1235 2194 983 
863 958 959 957 
864 2078 2354 1630 
865 1433 1434 929 
866 1486 1555 1482 
867 1719 2428 1316 
868 724 1468 725 
869 1304 1995 1245 
870 1124 1799 1652 
871 486 1576 492 
872 1519 1523 1520 
873 1447 2227 783 
874 690 836 688 
875 715 716 714 
876 1464 2175 179 
877 774 781 773 
878 1670 2123 318 
879 765 858 767 
880 2109 2190 1207 
881 2194 2261 983 
882 1586 2293 1553 
883 971 1408 1093 
884 1637 2124 277 
885 1560 2367 1554 
886 1579 1580 984 
887 949 960 839 
888 911 929 810 
889 1349 2252 1310 
890 578 958 957 
891 2094 2291 1677 
892 179 2231 1464 
893 713 714 712 
894 867 868 663 
895 1535 1843 1538 
896 912 1065 911 
897 1083 1458 868 
898 1362 2062 1361 
899 1318 1319 980 
900 1077 1515 985 
901 1018 1407 1177 
902 2292 2402 1369 
903 978 1738 1317 
904 1475 1507 1476 
905 723 1466 721 
906 717 1493 716 
907 1813 1962 1358 
908 711 1691 1097 
909 1167 1673 1367 
910 1443 1449 1445 
911 944 1234 946 
912 732 863 735 
913 1138 1669 1180 
914 811 911 810 
915 728 758 730 
916 1326 1383 1323 
917 588 796 586 
918 93 1562 92 
919 1387 1390 1388 
920 473 488 471 
921 1486 1556 1555 
922 1476 1859 459 
923 986 2117 1824 
924 1475 1476 1474 
925 1487 2259 795 
926 1338 1495 1337 
927 1775 1826 1035 
928 1837 2262 223 
929 690 1385 836 
930 652 1615 651 
931 1588 2271 880 
932 1328 1375 1326 
933 473 1963 488 
934 662 663 556 
935 1758 2390 93 
936 478 493 475 
937 1083 1561 1458 
938 1542 2025 1381 
939 758 1400 730 
940 695 869 693 
941 464 465 460 
942 607 1847 609 
943 969 1406 966 
944 979 1524 1018 
945 978 980 979 
946 1639 2351 1855 
947 1407 2175 1464 
948 711 712 533 
949 1234 1494 946 
950 1524 2289 1407 
951 926 1071 927 
952 719 723 721 
953 1005 1571 1003 
954 594 708 592 
955 495 1451 490 
956 1464 1956 1177 
957 1318 1320 1319 
958 979 1018 981 
959 907 926 908 
960 971 1093 972 
961 425 1710 1545 
962 446 1944 1663 
963 578 957 562 
964 1795 1997 962 
965 1445 1543 1448 
966 2089 2122 1604 
967 1330 1585 1328 
968 1576 1807 1577 
969 1835 1862 643 
970 490 497 480 
971 1334 1465 1332 
972 1970 2006 1362 
973 1337 1465 1334 
974 781 907 906 
975 329 1690 332 
976 1440 1526 1443 
977 715 717 716 
978 987 1100 534 
979 907 928 926 
980 98 1659 231 
981 1046 1714 1031 
982 588 978 796 
983 1383 2276 1322 
984 1559 2166 1172 
985 700 866 697 
986 1332 1428 1330 
987 713 715 714 
988 741 830 743 
989 772 773 770 
990 1220 1804 1308 
991 393 1474 391 
992 353 463 351 
993 1399 2095 435 
994 1551 1554 1016 
995 1018 1177 1096 
996 90 249 239 
997 18 1622 238 
998 240 1623 65 
999 1517 2056 1206 
1000 319 534 316 
1001 438 1701 1587 
1002 1149 1206 1083 
1003 1527 2204 457 
1004 1593 1595 239 
1005 778 783 776 
1006 598 1455 596 
1007 1499 2027 1500 
1008 918 920 917 
1009 674 1528 1527 
1010 1429 1655 838 
1011 1348 2408 222 
1012 711 713 712 
1013 71 1512 70 
1014 1290 1291 1147 
1015 1365 1784 1166 
1016 1118 2086 1529 
1017 942 1673 1167 
1018 939 1315 921 
1019 364 2237 1501 
1020 522 523 495 
1021 1548 1549 1010 
1022 353 1496 463 
1023 542 556 541 
1024 873 1579 984 
1025 919 1962 1813 
1026 391 459 388 
1027 427 533 424 
1028 1439 2279 1526 
1029 878 1668 876 
1030 1737 2298 1544 
1031 1167 1365 1166 
1032 615 1616 555 
1033 1146 1147 949 
1034 2120 2307 1583 
1035 496 1883 1854 
1036 1501 2308 364 
1037 1246 1620 1061 
1038 601 710 598 
1039 526 544 524 
1040 1595 1597 239 
1041 1175 1985 1572 
1042 1137 1669 1138 
1043 1460 2037 1545 
1044 1449 1543 1445 
1045 237 2172 1771 
1046 1118 1847 607 
1047 863 2005 735 
1048 1401 2071 1403 
1049 982 983 418 
1050 1016 1554 1073 
1051 528 1450 526 
1052 588 1738 978 
1053 478 2047 493 
1054 1218 1649 952 
1055 1888 2177 1564 
1056 1388 1389 1386 
1057 1946 1985 1199 
1058 427 1691 711 
1059 541 1450 528 
1060 710 1455 598 
1061 1633 2069 1931 
1062 1992 2201 1563 
1063 943 949 839 
1064 557 662 556 
1065 275 291 273 
1066 1181 1657 1184 
1067 490 1451 497 
1068 987 1751 1378 
1069 917 1345 914 
1070 1640 1987 709 
1071 1548 1608 1549 
1072 1551 1560 1554 
1073 1379 1573 1102 
1074 2383 2405 596 
1075 982 1235 983 
1076 2251 2337 1420 
1077 331 1690 329 
1078 1292 1293 1291 
1079 213 1682 47 
1080 987 1102 1100 
1081 1676 2094 1677 
1082 709 2016 1639 
1083 1375 1383 1326 
1084 427 711 533 
1085 1635 1636 523 
1086 716 719 718 
1087 772 774 773 
1088 1602 1603 998 
1089 697 1638 695 
1090 1901 2215 1624 
1091 1458 2395 1459 
1092 395 531 393 
1093 706 800 704 
1094 555 1616 880 
1095 1475 1508 1507 
1096 1336 1337 1334 
1097 1644 2117 986 
1098 1294 2302 1293 
1099 655 1615 652 
1100 809 810 806 
1101 2029 2174 1617 
1102 619 1821 621 
1103 256 258 257 
1104 804 805 780 
1105 747 795 749 
1106 1167 1366 1365 
1107 1243 1862 1835 
1108 1663 2120 446 
1109 282 449 280 
1110 524 1635 523 
1111 376 1672 456 
1112 391 1474 459 
1113 251 252 250 
1114 1461 1462 1071 
1115 1537 2295 1808 
1116 1692 2250 683 
1117 440 457 437 
1118 330 467 328 
1119 845 1651 794 
1120 651 1615 1489 
1121 319 987 534 
1122 1428 1585 1330 
1123 493 1963 475 
1124 1159 2122 2089 
1125 284 1514 282 
1126 1623 1625 227 
1127 1025 1629 1022 
1128 267 269 264 
1129 1434 2119 1437 
1130 1100 1563 1101 
1131 1297 1540 1298 
1132 1246 2306 1656 
1133 1607 1838 1606 
1134 1963 2031 488 
1135 463 2339 2078 
1136 937 1599 300 
1137 806 1648 805 
1138 1547 1552 1548 
1139 762 1477 765 
1140 228 250 249 
1141 1072 1137 1104 
1142 637 639 635 
1143 721 724 722 
1144 1379 1574 1573 
1145 290 2340 288 
1146 986 1077 985 
1147 940 965 939 
1148 544 1635 524 
1149 467 1521 328 
1150 1443 1526 1449 
1151 719 721 720 
1152 362 481 360 
1153 1102 1575 1100 
1154 933 1003 1002 
1155 1404 1605 1412 
1156 1094 1297 1296 
1157 1003 1571 1300 
1158 1671 2160 514 
1159 942 1167 1166 
1160 461 464 460 
1161 466 471 464 
1162 333 1518 330 
1163 1093 1410 1094 
1164 1376 1502 386 
1165 472 473 471 
1166 1354 2057 1539 
1167 452 460 451 
1168 1144 2305 1672 
1169 388 1376 386 
1170 1854 1883 1711 
1171 2406 2407 1483 
1172 540 541 528 
1173 358 535 355 
1174 442 1527 440 
1175 1639 1855 1239 
1176 642 670 640 
1177 237 2128 1781 
1178 319 1751 987 
1179 681 1852 678 
1180 301 937 300 
1181 882 1531 1530 
1182 522 524 523 
1183 1646 2324 982 
1184 1101 2201 1374 
1185 1246 1818 1620 
1186 887 1547 889 
1187 563 578 562 
1188 1003 1300 1002 
1189 1487 2273 1426 
1190 1656 2306 269 
1191 402 462 400 
1192 649 1616 615 
1193 997 1602 998 
1194 1538 2164 859 
1195 474 475 473 
1196 1181 1184 1183 
1197 571 1530 573 
1198 559 1618 557 
1199 1677 2291 1001 
1200 288 537 284 
1201 916 917 914 
1202 1553 2293 2283 
1203 1171 2428 1719 
1204 349 351 348 
1205 486 1807 1576 
1206 1068 1714 1473 
1207 1471 2158 2035 
1208 45 1681 222 
1209 497 2047 480 
1210 758 1802 1470 
1211 398 2256 2055 
1212 1289 1991 1279 
1213 1058 1175 1005 
1214 282 1514 449 
1215 543 1518 333 
1216 470 1607 367 
1217 258 259 257 
1218 942 1166 1116 
1219 673 675 671 
1220 2252 2411 1310 
1221 1206 2142 1561 
1222 256 257 254 
1223 477 478 475 
1224 1138 1180 1140 
1225 1148 1821 619 
1226 299 300 295 
1227 761 1479 1478 
1228 2055 2256 1360 
1229 2067 2285 1648 
1230 352 353 351 
1231 1373 1759 1654 
1232 586 1822 583 
1233 1266 1267 1017 
1234 933 1002 878 
1235 751 754 753 
1236 1058 1199 1175 
1237 582 1644 579 
1238 573 859 575 
1239 1804 1980 1308 
1240 437 1592 431 
1241 429 1701 430 
1242 1485 1486 1482 
1243 325 538 323 
1244 569 882 571 
1245 674 1527 442 
1246 253 254 252 
1247 885 1066 887 
1248 255 256 254 
1249 845 2307 1651 
1250 1351 2274 1436 
1251 1074 2121 1643 
1252 562 1618 559 
1253 1366 1645 1365 
1254 1770 2107 1769 
1255 755 761 760 
1256 222 2216 1348 
1257 923 939 921 
1258 365 1606 362 
1259 1555 1981 1484 
1260 826 839 801 
1261 1137 1755 1669 
1262 348 2078 1630 
1263 2238 2363 1508 
1264 1427 2317 836 
1265 418 1503 408 
1266 1681 1970 222 
1267 280 1637 277 
1268 781 906 773 
1269 444 674 442 
1270 683 1693 1692 
1271 1532 1533 1531 
1272 1200 1406 969 
1273 1688 1878 1271 
1274 909 997 910 
1275 1624 1625 1623 
1276 1467 1468 724 
1277 1899 2404 1767 
1278 336 543 333 
1279 728 730 729 
1280 880 1858 552 
1281 565 973 567 
1282 839 1617 801 
1283 979 981 796 
1284 1533 1535 1531 
1285 1849 2178 2053 
1286 1053 1080 1054 
1287 69 1509 221 
1288 1232 1546 1165 
1289 1080 1634 1125 
1290 367 1607 365 
1291 876 1579 873 
1292 682 684 681 
1293 971 972 828 
1294 1057 1471 1050 
1295 901 1728 626 
1296 762 765 764 
1297 1434 1437 1435 
1298 1064 1305 997 
1299 889 1010 891 
1300 970 996 969 
1301 1066 1547 887 
1302 345 1630 344 
1303 1241 2098 1760 
1304 260 261 258 
1305 369 470 367 
1306 1194 1658 1080 
1307 348 1630 345 
1308 354 355 353 
1309 1626 1653 832 
1310 457 1592 437 
1311 48 1685 213 
1312 873 984 850 
1313 263 264 261 
1314 266 267 264 
1315 1043 1053 1042 
1316 228 251 250 
1317 765 767 766 
1318 306 307 303 
1319 223 1628 1627 
1320 1822 2423 583 
1321 561 562 559 
1322 1742 2232 1556 
1323 1404 1412 1405 
1324 805 2258 780 
1325 868 944 905 
1326 1297 1670 1540 
1327 804 806 805 
1328 1489 1490 1012 
1329 770 1797 717 
1330 2011 2119 1434 
1331 1027 1714 1068 
1332 926 927 908 
1333 882 1530 571 
1334 1349 2367 1930 
1335 1490 1587 1492 
1336 1314 1639 1239 
1337 938 1090 990 
1338 450 451 447 
1339 767 812 768 
1340 811 912 911 
1341 215 2376 1565 
1342 907 908 906 
1343 1012 1616 649 
1344 1279 1688 1276 
1345 801 1617 800 
1346 1471 1472 1050 
1347 1068 1232 1165 
1348 1617 2174 800 
1349 596 2405 594 
1350 1418 2251 1420 
1351 689 690 688 
1352 587 588 586 
1353 1004 1005 1003 
1354 469 1807 486 
1355 932 933 878 
1356 1294 2195 1500 
1357 252 536 250 
1358 1507 2363 2275 
1359 937 1757 1599 
1360 1575 2093 636 
1361 1516 1517 1076 
1362 877 878 876 
1363 1409 1410 1093 
1364 1882 2371 217 
1365 688 1666 685 
1366 275 2124 291 
1367 1382 1621 950 
1368 1544 2294 1737 
1369 546 1695 548 
1370 1068 1165 1067 
1371 430 1701 438 
1372 695 1638 869 
1373 944 946 945 
1374 810 1648 806 
1375 1576 1577 973 
1376 476 2400 2064 
1377 1073 1349 1310 
1378 2346 2386 1645 
1379 665 1586 885 
1380 531 1776 1475 
1381 781 1452 907 
1382 867 1149 1083 
1383 1556 1872 507 
1384 1092 1663 1090 
1385 1525 2289 1524 
1386 1033 1046 1031 
1387 1276 1688 1271 
1388 1682 1683 1681 
1389 1641 2339 463 
1390 577 942 941 
1391 893 1016 899 
1392 874 876 873 
1393 832 1653 833 
1394 795 1488 749 
1395 1994 2213 701 
1396 817 909 821 
1397 938 1651 1092 
1398 1314 1640 1639 
1399 725 728 727 
1400 730 732 731 
1401 792 938 791 
1402 1100 1101 534 
1403 1695 1696 993 
1404 1463 1853 948 
1405 492 1576 565 
1406 1312 2156 2151 
1407 1499 1500 858 
1408 1071 1072 927 
1409 426 427 424 
1410 463 2078 351 
1411 376 456 374 
1412 1010 1550 891 
1413 743 1844 745 
1414 1241 1760 1196 
1415 1437 1439 1438 
1416 24 2022 1557 
1417 419 982 418 
1418 1539 1564 1359 
1419 975 1655 1364 
1420 691 693 690 
1421 993 2293 1586 
1422 1599 2012 300 
1423 581 582 579 
1424 809 811 810 
1425 459 1376 388 
1426 1573 1575 1102 
1427 1317 1318 980 
1428 1033 1826 1046 
1429 1027 1067 1025 
1430 358 2042 535 
1431 1027 1068 1067 
1432 342 344 339 
1433 906 1797 773 
1434 248 2404 1899 
1435 1492 1616 1012 
1436 1393 2161 866 
1437 1305 1602 997 
1438 778 2258 783 
1439 1446 2278 1452 
1440 356 358 355 
1441 2151 2156 1913 
1442 920 2428 1171 
1443 317 319 316 
1444 1403 2182 1404 
1445 1072 2424 1137 
1446 1077 1684 1515 
1447 556 1936 541 
1448 256 1649 260 
1449 481 2042 360 
1450 1041 1042 1037 
1451 575 1673 577 
1452 1018 1096 981 
1453 732 735 733 
1454 997 998 910 
1455 1599 2348 2012 
1456 9 1687 236 
1457 1797 2410 717 
1458 1053 1054 1042 
1459 769 770 717 
1460 838 1655 975 
1461 1336 1338 1337 
1462 1790 2044 835 
1463 406 1894 1784 
1464 946 1015 947 
1465 347 348 345 
1466 465 2145 1430 
1467 851 873 850 
1468 651 1012 649 
1469 716 718 714 
1470 449 1637 280 
1471 1852 2361 678 
1472 2047 2381 493 
1473 1054 1775 1042 
1474 735 737 736 
1475 1520 1692 1522 
1476 1561 2395 1458 
1477 791 1615 655 
1478 416 418 408 
1479 228 249 91 
1480 64 1623 227 
1481 225 1622 19 
1482 1416 1418 1417 
1483 712 1303 533 
1484 968 969 966 
1485 387 388 386 
1486 1232 2151 1913 
1487 1321 1322 1320 
1488 1684 1699 278 
1489 1048 1050 1045 
1490 1117 1797 906 
1491 1126 1775 1054 
1492 680 681 678 
1493 1645 2240 1365 
1494 268 270 267 
1495 1999 2297 2228 
1496 776 2387 774 
1497 1177 1454 1096 
1498 1505 2060 934 
1499 658 791 655 
1500 1413 1814 1416 
1501 1080 1658 1634 
1502 288 1846 537 
1503 291 2088 273 
1504 1675 1676 40 
1505 909 910 821 
1506 1090 1091 990 
1507 1225 1315 939 
1508 540 542 541 
1509 251 253 252 
1510 479 480 478 
1511 1080 1125 1054 
1512 749 1488 751 
1513 938 990 791 
1514 950 1665 856 
1515 229 1675 41 
1516 1678 1679 62 
1517 272 273 270 
1518 1386 2399 1385 
1519 765 1477 858 
1520 274 275 273 
1521 933 1650 1004 
1522 637 640 639 
1523 465 2218 460 
1524 1015 1559 1172 
1525 471 2209 464 
1526 227 1678 63 
1527 1137 1138 1104 
1528 585 586 583 
1529 1648 2285 805 
1530 871 1875 1243 
1531 953 1647 1081 
1532 271 2395 1561 
1533 882 1532 1531 
1534 299 301 300 
1535 276 277 275 
1536 706 801 800 
1537 909 1064 997 
1538 1815 1816 453 
1539 1053 1194 1080 
1540 1006 1058 1005 
1541 687 688 685 
1542 1020 1218 952 
1543 1093 1094 972 
1544 1799 2185 218 
1545 548 1695 553 
1546 651 1489 1012 
1547 390 391 388 
1548 307 2038 303 
1549 553 1695 993 
1550 1016 1073 899 
1551 1378 1379 1102 
1552 1090 1662 1091 
1553 876 1668 1579 
1554 1391 1392 1390 
1555 1765 1772 230 
1556 542 557 556 
1557 2031 2413 2009 
1558 1990 1992 702 
1559 270 2316 267 
1560 46 1682 1681 
1561 602 1761 1694 
1562 1563 2073 702 
1563 1125 1908 1127 
1564 712 1856 1303 
1565 2170 2191 544 
1566 1055 2051 1628 
1567 1563 2201 1101 
1568 1379 1943 1574 
1569 1418 1420 1419 
1570 1064 1631 1305 
1571 1850 2296 1667 
1572 1784 1894 1785 
1573 359 360 358 
1574 1313 1314 1239 
1575 981 1822 796 
1576 938 1092 1090 
1577 279 280 277 
1578 1770 2394 2107 
1579 1220 1308 1222 
1580 1490 1492 1012 
1581 226 1660 87 
1582 820 1782 832 
1583 489 490 480 
1584 1297 2382 1670 
1585 1166 1227 1116 
1586 1361 1922 989 
1587 958 986 985 
1588 761 762 760 
1589 565 567 566 
1590 1475 1776 1508 
1591 261 2370 258 
1592 1451 2173 497 
1593 433 437 431 
1594 223 1627 14 
1595 567 569 568 
1596 641 2093 1573 
1597 754 755 753 
1598 1278 2365 2079 
1599 40 1676 39 
1600 642 671 670 
1601 849 850 846 
1602 916 918 917 
1603 1293 2312 1291 
1604 431 1691 428 
1605 42 229 41 
1606 1661 2015 1256 
1607 579 1644 578 
1608 1532 1534 1533 
1609 62 1679 61 
1610 64 227 63 
1611 88 226 87 
1612 90 239 89 
1613 92 228 91 
1614 20 225 19 
1615 18 238 17 
1616 66 240 65 
1617 15 223 14 
1618 39 224 38 
1619 45 222 44 
1620 69 221 68 
1621 1523 1692 1520 
1622 567 1805 569 
1623 771 772 770 
1624 885 1586 1066 
1625 1146 1290 1147 
1626 1180 1657 1181 
1627 1677 1760 224 
1628 1691 2359 1097 
1629 1587 1588 1492 
1630 255 1649 256 
1631 216 2041 1512 
1632 128 2131 1605 
1633 1413 1416 1415 
1634 2124 2280 291 
1635 826 943 839 
1636 1041 1043 1042 
1637 1561 2142 271 
1638 253 255 254 
1639 942 1116 941 
1640 315 316 313 
1641 23 217 22 
1642 85 220 84 
1643 61 219 60 
1644 95 218 94 
1645 633 1711 631 
1646 1050 1578 1045 
1647 481 2352 2042 
1648 844 845 794 
1649 339 1829 336 
1650 943 1146 949 
1651 392 393 391 
1652 661 1429 838 
1653 1636 1959 1060 
1654 1310 2411 2036 
1655 379 1836 384 
1656 909 1786 1064 
1657 1587 1701 1588 
1658 12 214 11 
1659 36 215 35 
1660 48 213 47 
1661 72 216 71 
1662 310 312 308 
1663 1443 1445 1444 
1664 918 921 920 
1665 434 2274 2150 
1666 990 1615 791 
1667 885 887 886 
1668 704 2374 700 
1669 1594 1667 1596 
1670 1297 1298 1296 
1671 896 1792 953 
1672 792 1651 938 
1673 281 282 280 
1674 231 1659 1542 
1675 569 571 570 
1676 1828 1861 1110 
1677 2163 2326 635 
1678 1290 1292 1291 
1679 1373 2029 1617 
1680 1180 1181 1140 
1681 553 993 629 
1682 959 1341 957 
1683 256 260 258 
1684 694 695 693 
1685 1342 1822 981 
1686 423 424 421 
1687 815 1786 817 
1688 972 1852 828 
1689 1991 1992 1990 
1690 247 1905 1900 
1691 1064 1786 1632 
1692 494 495 490 
1693 1026 1027 1025 
1694 1048 1057 1050 
1695 717 2410 1493 
1696 1037 1775 1035 
1697 1655 2169 1364 
1698 92 1562 228 
1699 214 1686 11 
1700 658 792 791 
1701 1621 1665 950 
1702 1808 2295 1577 
1703 719 720 718 
1704 983 1503 418 
1705 1078 1345 917 
1706 577 1673 942 
1707 933 1004 1003 
1708 1844 1864 745 
1709 1184 1185 1183 
1710 1581 1584 1583 
1711 450 452 451 
1712 1624 1935 1801 
1713 1367 1368 1366 
1714 1520 1522 1521 
1715 1032 1033 1031 
1716 1372 1373 960 
1717 1557 2186 217 
1718 1440 1443 1442 
1719 1207 2344 2109 
1720 72 1619 216 
1721 592 1738 589 
1722 1098 1711 790 
1723 385 386 380 
1724 775 776 774 
1725 593 594 592 
1726 790 1711 633 
1727 1327 1328 1326 
1728 323 1751 320 
1729 46 1681 45 
1730 398 2055 395 
1731 1686 1697 1687 
1732 1024 1025 1022 
1733 1982 2398 1553 
1734 724 725 722 
1735 1956 2231 501 
1736 394 395 393 
1737 384 1836 411 
1738 1218 2211 1874 
1739 283 284 282 
1740 565 1576 973 
1741 1420 1422 1421 
1742 402 2135 462 
1743 1263 1614 1285 
1744 452 461 460 
1745 673 676 675 
1746 721 722 720 
1747 1544 2037 1448 
1748 1031 1714 1028 
1749 1480 1485 1482 
1750 1393 1394 1392 
1751 1291 2312 2130 
1752 975 1364 1205 
1753 521 522 495 
1754 887 889 888 
1755 461 466 464 
1756 466 472 471 
1757 349 352 351 
1758 430 431 428 
1759 1090 1663 1662 
1760 877 932 878 
1761 525 526 524 
1762 361 362 360 
1763 1580 1581 984 
1764 342 345 344 
1765 322 323 320 
1766 472 474 473 
1767 874 877 876 
1768 741 743 742 
1769 1038 1861 1828 
1770 889 891 890 
1771 1034 1035 1033 
1772 932 1650 933 
1773 347 349 348 
1774 923 940 939 
1775 646 1728 815 
1776 1292 1294 1293 
1777 591 592 589 
1778 882 1805 1532 
1779 665 885 884 
1780 1238 1239 1192 
1781 1445 1448 1446 
1782 1245 1246 1061 
1783 1652 1799 218 
1784 696 697 695 
1785 1768 1769 1766 
1786 344 2225 1829 
1787 1560 2141 394 
1788 1763 2178 1307 
1789 1605 2377 128 
1790 1238 2225 1630 
1791 295 2012 290 
1792 595 596 594 
1793 626 1728 646 
1794 851 874 873 
1795 221 1509 1359 
1796 397 398 395 
1797 492 565 530 
1798 474 477 475 
1799 1986 2025 1542 
1800 1399 2248 1346 
1801 1359 1813 1358 
1802 260 263 261 
1803 561 563 562 
1804 1768 1770 1769 
1805 1030 1031 1028 
1806 1840 1854 1098 
1807 285 2289 1929 
1808 352 354 353 
1809 571 573 572 
1810 624 901 626 
1811 263 266 264 
1812 1329 1330 1328 
1813 699 700 697 
1814 91 249 90 
1815 451 2222 447 
1816 19 1622 18 
1817 65 1623 64 
1818 234 1725 50 
1819 264 1995 261 
1820 1020 1629 1218 
1821 1076 1823 959 
1822 324 325 323 
1823 781 1453 1452 
1824 49 1685 48 
1825 1594 1596 1595 
1826 1301 1816 1815 
1827 952 1649 255 
1828 794 1651 792 
1829 1564 2057 829 
1830 743 745 744 
1831 1295 1852 972 
1832 229 1774 1675 
1833 861 1098 790 
1834 47 1682 46 
1835 738 741 740 
1836 597 598 596 
1837 1165 1432 1067 
1838 1916 2169 1057 
1839 378 1672 376 
1840 243 1766 1765 
1841 1509 1539 1359 
1842 1301 1815 1668 
1843 849 851 850 
1844 555 880 552 
1845 1620 2084 1199 
1846 871 1243 1079 
1847 635 2326 601 
1848 41 1675 40 
1849 306 308 307 
1850 2263 2366 670 
1851 1325 1326 1323 
1852 1532 1805 1536 
1853 1366 2346 1645 
1854 955 1266 1017 
1855 439 440 437 
1856 1404 1405 1402 
1857 1523 2250 1692 
1858 63 1678 62 
1859 931 950 856 
1860 844 846 845 
1861 1350 2371 1882 
1862 399 400 398 
1863 650 651 649 
1864 1395 1396 1394 
1865 563 579 578 
1866 1686 1687 10 
1867 609 1847 661 
1868 1036 1037 1035 
1869 1061 1620 1058 
1870 1308 2154 1222 
1871 815 817 816 
1872 43 2408 1504 
1873 613 1783 611 
1874 868 905 663 
1875 49 1725 1685 
1876 1062 1382 950 
1877 363 365 362 
1878 1081 1787 1343 
1879 1243 1875 1862 
1880 1660 2334 1255 
1881 1567 1972 215 
1882 1004 1006 1005 
1883 10 1687 9 
1884 254 1941 252 
1885 2155 2191 1612 
1886 425 2298 1737 
1887 718 1856 714 
1888 1650 2060 1195 
1889 984 1582 850 
1890 1068 1473 1232 
1891 728 729 727 
1892 1767 1768 1766 
1893 646 815 814 
1894 374 1976 371 
1895 1595 1661 1597 
1896 573 575 574 
1897 87 1660 86 
1898 1478 2406 1497 
1899 817 821 818 
1900 685 1666 684 
1901 881 1761 602 
1902 354 356 355 
1903 327 328 325 
1904 1772 2241 230 
1905 1261 1857 1263 
1906 621 1821 624 
1907 1434 1435 929 
1908 1022 1629 1020 
1909 1930 2252 1349 
1910 1300 1301 1002 
1911 703 704 700 
1912 1192 1855 1190 
1913 416 419 418 
1914 444 2222 674 
1915 1863 2220 1835 
1916 1331 1332 1330 
1917 777 778 776 
1918 1224 1361 989 
1919 1656 1818 1246 
1920 600 601 598 
1921 711 1097 713 
1922 246 2165 1947 
1923 1226 2064 1225 
1924 36 1773 215 
1925 14 1627 13 
1926 287 288 284 
1927 1047 1827 1049 
1928 1502 2272 1144 
1929 782 1950 1940 
1930 1687 2223 236 
1931 73 1957 1619 
1932 1073 1310 1087 
1933 291 2389 2088 
1934 891 893 892 
1935 581 583 582 
1936 259 1195 994 
1937 648 649 615 
1938 1766 1772 1765 
1939 329 330 328 
1940 1058 1620 1199 
1941 1338 1779 1495 
1942 441 442 440 
1943 765 766 764 
1944 301 2038 937 
1945 428 1691 427 
1946 243 1767 1766 
1947 715 769 717 
1948 667 856 613 
1949 266 268 267 
1950 940 966 965 
1951 1558 2329 265 
1952 366 367 365 
1953 745 747 746 
1954 1136 1761 881 
1955 1397 1654 1396 
1956 1042 1775 1037 
1957 779 780 778 
1958 575 577 576 
1959 1278 1279 1276 
1960 1456 1779 1338 
1961 1760 2098 224 
1962 1070 2335 2327 
1963 332 333 330 
1964 1423 1426 1425 
1965 1487 1873 1486 
1966 1028 1714 1027 
1967 1288 1289 1279 
1968 534 1598 316 
1969 1333 1334 1332 
1970 443 444 442 
1971 401 402 400 
1972 671 2263 670 
1973 893 899 894 
1974 1427 2301 1920 
1975 1267 2333 1309 
1976 423 426 424 
1977 11 1686 10 
1978 585 587 586 
1979 289 290 288 
1980 1594 1595 1593 
1981 1388 2066 1389 
1982 1167 1367 1366 
1983 1580 2129 1581 
1984 705 706 704 
1985 218 1758 94 
1986 477 479 478 
1987 1607 2304 1838 
1988 1970 2216 222 
1989 657 658 655 
1990 1385 2399 1427 
1991 1006 1061 1058 
1992 278 2233 1684 
1993 951 952 255 
1994 527 528 526 
1995 73 1619 72 
1996 1643 1969 1074 
1997 654 655 652 
1998 1024 1026 1025 
1999 227 1788 1678 
2000 356 359 358 
2001 730 731 729 
2002 232 1763 57 
2003 233 1764 81 
2004 1125 1127 1126 
2005 978 1317 980 
2006 426 428 427 
2007 1485 1487 1486 
2008 1256 1842 1008 
2009 335 336 333 
2010 1044 1045 1043 
2011 2019 2071 1723 
2012 1628 2262 1827 
2013 1961 2102 1117 
2014 583 2423 582 
2015 1040 1041 1037 
2016 1299 2184 1357 
2017 315 317 316 
2018 968 970 969 
2019 1769 1772 1766 
2020 680 682 681 
2021 896 953 898 
2022 1478 2407 2406 
2023 294 295 290 
2024 567 568 566 
2025 634 635 601 
2026 565 566 530 
2027 1372 1759 1373 
2028 682 685 684 
2029 1318 1321 1320 
2030 687 689 688 
2031 944 945 905 
2032 531 2375 1776 
2033 546 1942 1695 
2034 1118 2327 1847 
2035 2042 2373 535 
2036 1120 1925 786 
2037 612 1880 666 
2038 533 1646 424 
2039 1885 2305 1144 
2040 820 832 823 
2041 1520 1521 467 
2042 404 405 402 
2043 1055 1827 1047 
2044 1026 1028 1027 
2045 37 1773 36 
2046 543 1811 1518 
2047 953 1081 954 
2048 1394 2247 1392 
2049 1545 2298 425 
2050 243 1765 27 
2051 1472 1578 1050 
2052 385 387 386 
2053 689 691 690 
2054 317 320 319 
2055 1030 1032 1031 
2056 747 749 748 
2057 82 233 81 
2058 58 232 57 
2059 98 231 97 
2060 26 230 25 
2061 1166 1784 1227 
2062 1642 2402 2292 
2063 757 1856 718 
2064 1907 1933 1908 
2065 793 794 792 
2066 310 313 312 
2067 907 1452 928 
2068 1358 1962 1156 
2069 1081 1343 1082 
2070 338 339 336 
2071 298 299 295 
2072 1199 2084 1946 
2073 856 1783 613 
2074 1549 1550 1010 
2075 644 1933 1907 
2076 1032 1034 1033 
2077 94 1758 93 
2078 26 1765 230 
2079 50 1725 49 
2080 803 804 780 
2081 1019 1020 952 
2082 987 1378 1102 
2083 268 272 270 
2084 1632 1633 1631 
2085 1086 1136 881 
2086 236 1780 8 
2087 237 1781 32 
2088 767 768 766 
2089 1570 2172 1569 
2090 569 570 568 
2091 577 941 603 
2092 1075 2291 2094 
2093 320 1751 319 
2094 80 1764 242 
2095 56 1763 241 
2096 885 886 884 
2097 430 433 431 
2098 773 1797 770 
2099 1919 2333 1267 
2100 1856 2039 1303 
2101 1127 1312 1311 
2102 81 1764 80 
2103 57 1763 56 
2104 946 947 945 
2105 259 1833 1195 
2106 272 274 273 
2107 1392 2196 1390 
2108 2005 2338 735 
2109 20 2097 225 
2110 274 276 275 
2111 587 589 588 
2112 540 1870 542 
2113 51 234 50 
2114 75 235 74 
2115 9 236 8 
2116 33 237 32 
2117 817 1786 909 
2118 387 390 388 
2119 1757 2249 1107 
2120 913 914 912 
2121 1678 2096 1679 
2122 1412 1413 1405 
2123 302 303 301 
2124 276 279 277 
2125 1437 1438 1435 
2126 31 1781 248 
2127 7 1780 247 
2128 1345 2378 1346 
2129 8 1780 7 
2130 32 1781 31 
2131 872 1832 1643 
2132 27 1765 26 
2133 732 733 731 
2134 808 809 806 
2135 324 2089 1604 
2136 28 243 27 
2137 80 242 79 
2138 100 244 99 
2139 56 241 55 
2140 15 1837 223 
2141 488 2031 2009 
2142 53 245 52 
2143 7 247 6 
2144 31 248 30 
2145 77 246 76 
2146 542 1870 558 
2147 735 736 733 
2148 539 540 528 
2149 1243 1244 1079 
2150 1047 1048 1045 
2151 1642 2072 1641 
2152 1810 2242 2107 
2153 887 888 886 
2154 312 2079 308 
2155 1947 2165 1601 
2156 589 1738 588 
2157 1455 2383 596 
2158 2019 2182 1403 
2159 522 1694 525 
2160 1787 2171 1343 
2161 359 361 360 
2162 445 447 444 
2163 1558 1559 1015 
2164 1655 2335 1228 
2165 1612 2191 1258 
2166 279 281 280 
2167 390 392 391 
2168 889 890 888 
2169 1768 1771 1770 
2170 1387 1391 1390 
2171 1536 1537 1534 
2172 1528 2190 2109 
2173 1605 2131 1412 
2174 1439 1440 1438 
2175 536 2379 1594 
2176 747 2234 795 
2177 872 1643 1161 
2178 1256 2138 1661 
2179 1459 2125 1234 
2180 1579 2310 1580 
2181 636 637 635 
2182 991 1928 1354 
2183 344 1829 339 
2184 558 559 557 
2185 269 2316 1656 
2186 1669 2049 1180 
2187 643 1863 1835 
2188 2006 2220 1863 
2189 1544 2298 2037 
2190 1416 1417 1415 
2191 1686 1973 1697 
2192 1647 1787 1081 
2193 1034 1036 1035 
2194 1778 2011 1436 
2195 1750 2379 536 
2196 769 771 770 
2197 737 738 736 
2198 1072 1104 1103 
2199 2053 2178 1839 
2200 812 1795 768 
2201 1098 1955 1840 
2202 1335 1336 1334 
2203 2037 2278 1448 
2204 1449 2421 1736 
2205 13 1798 12 
2206 1469 2304 470 
2207 910 1302 821 
2208 1630 2354 1238 
2209 305 306 303 
2210 1559 2183 1380 
2211 281 283 282 
2212 1238 1313 1239 
2213 1021 1022 1020 
2214 1339 1456 1338 
2215 648 650 649 
2216 843 844 794 
2217 880 2271 1858 
2218 1278 2079 1288 
2219 1364 2169 1916 
2220 772 775 774 
2221 749 751 750 
2222 901 2314 1728 
2223 1320 2023 1319 
2224 830 1844 743 
2225 66 2184 240 
2226 1664 2219 83 
2227 1357 1358 1156 
2228 571 572 570 
2229 1314 1641 1640 
2230 392 394 393 
2231 12 1798 214 
2232 1240 2132 1095 
2233 228 1562 251 
2234 259 994 257 
2235 1546 2230 1165 
2236 522 525 524 
2237 1302 2412 1626 
2238 1418 1419 1417 
2239 860 1849 861 
2240 1097 1952 713 
2241 815 816 814 
2242 479 489 480 
2243 691 694 693 
2244 814 1868 813 
2245 799 2363 1996 
2246 183 1730 184 
2247 187 1732 188 
2248 371 1960 369 
2249 159 1720 160 
2250 1086 1809 1136 
2251 304 2199 1585 
2252 1224 1362 1361 
2253 489 494 490 
2254 144 1736 145 
2255 569 1805 882 
2256 132 1743 133 
2257 667 931 856 
2258 1711 1883 631 
2259 191 1735 192 
2260 1174 1463 948 
2261 755 760 759 
2262 407 408 405 
2263 1661 2138 1597 
2264 931 1062 950 
2265 641 642 640 
2266 448 450 447 
2267 1596 2015 1661 
2268 106 1749 107 
2269 394 397 395 
2270 368 369 367 
2271 848 849 846 
2272 976 1796 1274 
2273 1596 1661 1595 
2274 1125 1126 1054 
2275 1940 1950 1145 
2276 110 1740 111 
2277 1621 2122 1159 
2278 112 1721 113 
2279 796 1822 586 
2280 1073 1087 899 
2281 322 324 323 
2282 115 1754 116 
2283 361 363 362 
2284 189 1702 190 
2285 891 892 890 
2286 138 1703 139 
2287 789 790 633 
2288 738 2149 741 
2289 802 826 801 
2290 103 1712 104 
2291 219 2115 1820 
2292 176 1699 177 
2293 1473 2151 1232 
2294 222 2408 44 
2295 433 439 437 
2296 1564 1813 1359 
2297 521 1694 522 
2298 1505 2379 1750 
2299 2108 2311 1272 
2300 991 1354 1352 
2301 236 2223 1845 
2302 121 1708 122 
2303 650 652 651 
2304 108 1709 109 
2305 211 1716 212 
2306 130 1722 131 
2307 1023 1024 1022 
2308 434 2150 1746 
2309 817 818 816 
2310 341 342 339 
2311 1280 2097 1350 
2312 411 1836 902 
2313 832 833 823 
2314 1035 1826 1033 
2315 494 521 495 
2316 1443 1444 1442 
2317 624 1821 901 
2318 346 347 345 
2319 86 1889 85 
2320 1346 2150 1351 
2321 1110 1861 1039 
2322 1920 2091 1427 
2323 658 793 792 
2324 654 657 655 
2325 995 1209 1208 
2326 411 902 455 
2327 1161 2121 1774 
2328 751 753 752 
2329 573 574 572 
2330 1701 2085 1588 
2331 1466 2330 1467 
2332 621 624 623 
2333 1319 2368 1525 
2334 397 399 398 
2335 1761 2010 1694 
2336 1286 2088 1260 
2337 1204 1513 1280 
2338 632 871 788 
2339 828 1852 681 
2340 1070 2327 1529 
2341 1239 1855 1192 
2342 456 2305 1613 
2343 202 1724 203 
2344 370 371 369 
2345 2277 2290 286 
2346 1015 1172 947 
2347 818 1782 820 
2348 1398 2174 1397 
2349 1138 1140 1139 
2350 1796 2116 1120 
2351 1321 1323 1322 
2352 1036 1040 1037 
2353 835 2044 622 
2354 1613 2393 456 
2355 591 593 592 
2356 617 1148 619 
2357 1094 1296 1295 
2358 1075 2121 1074 
2359 1181 1183 1182 
2360 714 1856 712 
2361 1255 1256 1008 
2362 661 1847 1429 
2363 1064 1632 1631 
2364 871 1079 930 
2365 1041 1044 1043 
2366 1774 2094 1675 
2367 915 916 914 
2368 373 374 371 
2369 2164 2420 859 
2370 1306 1307 1063 
2371 1263 1857 1614 
2372 762 764 763 
2373 1377 2074 1119 
2374 233 2219 1609 
2375 283 287 284 
2376 1803 2102 1961 
2377 1649 1874 260 
2378 1391 1393 1392 
2379 513 2123 1670 
2380 150 1778 151 
2381 1634 2050 293 
2382 865 1128 1000 
2383 363 366 365 
2384 826 1914 943 
2385 953 954 898 
2386 16 1837 15 
2387 1481 2407 1479 
2388 995 1834 1209 
2389 1572 2134 1571 
2390 1848 2230 1546 
2391 146 1705 147 
2392 1581 1583 1582 
2393 741 742 740 
2394 813 1868 1014 
2395 672 673 671 
2396 1760 2114 1196 
2397 243 1899 1767 
2398 605 1118 607 
2399 1784 1785 1227 
2400 1014 1566 1565 
2401 1063 1849 860 
2402 860 861 790 
2403 375 376 374 
2404 253 951 255 
2405 1416 2076 1418 
2406 1540 2075 1298 
2407 575 576 574 
2408 560 561 559 
2409 624 626 625 
2410 1608 2417 412 
2411 551 552 549 
2412 893 894 892 
2413 235 1957 74 
2414 1081 1082 954 
2415 638 1796 976 
2416 862 1204 1085 
2417 976 1274 1242 
2418 1420 1421 1419 
2419 1152 1245 1061 
2420 694 696 695 
2421 469 486 485 
2422 922 923 921 
2423 951 1019 952 
2424 1568 1570 1569 
2425 356 2240 1645 
2426 1070 1529 853 
2427 34 1934 33 
2428 830 2020 1844 
2429 1111 1112 1110 
2430 1029 1030 1028 
2431 1059 1196 841 
2432 415 416 408 
2433 1052 1110 1039 
2434 793 843 794 
2435 1180 2049 1657 
2436 661 838 837 
2437 2038 2409 937 
2438 1445 1446 1444 
2439 1650 1892 1004 
2440 1569 2172 1934 
2441 399 401 400 
2442 743 744 742 
2443 605 1831 1118 
2444 725 727 726 
2445 677 678 676 
2446 1186 1610 1609 
2447 593 595 594 
2448 1515 2233 1516 
2449 1325 1327 1326 
2450 547 1105 545 
2451 666 1880 862 
2452 577 603 576 
2453 553 629 628 
2454 1497 2419 1499 
2455 1548 2200 1608 
2456 610 611 608 
2457 29 1899 28 
2458 101 1900 100 
2459 55 1898 54 
2460 79 1897 78 
2461 1124 1652 1541 
2462 894 1792 896 
2463 60 1958 59 
2464 696 699 697 
2465 838 975 974 
2466 609 661 660 
2467 905 1936 663 
2468 1253 1254 1236 
2469 1127 1311 1126 
2470 1519 1994 1523 
2471 486 492 491 
2472 1116 1142 941 
2473 1291 2130 1370 
2474 1343 1840 1082 
2475 1566 1568 1567 
2476 324 327 325 
2477 1811 2003 1189 
2478 75 1947 235 
2479 699 703 700 
2480 1044 1047 1045 
2481 554 555 552 
2482 439 441 440 
2483 1135 1141 1133 
2484 2247 2269 1392 
2485 1353 1355 992 
2486 307 2365 2038 
2487 1019 1021 1020 
2488 230 2022 25 
2489 902 1836 1808 
2490 1007 1215 827 
2491 1633 2168 2069 
2492 595 597 596 
2493 612 613 611 
2494 1589 1591 1590 
2495 798 2081 1247 
2496 678 2361 676 
2497 1327 1329 1328 
2498 548 553 550 
2499 1278 1288 1279 
2500 1153 1186 1154 
2501 1113 1756 1160 
2502 1208 1344 1306 
2503 475 1963 473 
2504 246 1947 76 
2505 1422 1423 1421 
2506 327 329 328 
2507 626 646 645 
2508 1643 2121 1161 
2509 1967 2356 1622 
2510 2234 2273 795 
2511 847 1153 1151 
2512 975 1205 1169 
2513 821 1782 818 
2514 329 332 330 
2515 441 443 442 
2516 1532 1536 1534 
2517 1486 1873 1556 
2518 1087 2036 1647 
2519 492 530 529 
2520 1401 2217 2071 
2521 1504 2408 1348 
2522 525 527 526 
2523 35 1972 34 
2524 597 600 598 
2525 1688 1993 1878 
2526 287 289 288 
2527 1501 2027 1499 
2528 629 665 664 
2529 1562 1890 251 
2530 754 2360 1480 
2531 1196 1918 841 
2532 443 445 444 
2533 1135 1601 1600 
2534 332 335 333 
2535 1382 2189 1621 
2536 580 581 579 
2537 1121 1820 1089 
2538 775 777 776 
2539 1361 2024 1922 
2540 745 746 744 
2541 865 1904 1128 
2542 1913 2290 1232 
2543 870 1074 835 
2544 1227 1789 1116 
2545 401 404 402 
2546 935 1120 786 
2547 429 430 428 
2548 1318 1951 1321 
2549 1198 1236 1197 
2550 377 378 376 
2551 1205 1589 1231 
2552 1393 1395 1394 
2553 1131 1134 1133 
2554 299 302 301 
2555 867 2226 1149 
2556 1195 1505 994 
2557 1084 1129 842 
2558 289 294 290 
2559 620 785 618 
2560 818 820 819 
2561 646 814 813 
2562 1378 1819 1379 
2563 335 338 336 
2564 1337 2068 1465 
2565 820 823 822 
2566 834 835 622 
2567 614 615 555 
2568 653 1130 656 
2569 404 407 405 
2570 1288 1374 1289 
2571 1930 2367 409 
2572 1052 1113 1111 
2573 420 421 419 
2574 844 848 846 
2575 1131 1132 656 
2576 812 2364 2208 
2577 789 860 790 
2578 1098 1854 1711 
2579 812 2208 1795 
2580 1463 2028 1853 
2581 294 298 295 
2582 1113 1160 1111 
2583 338 341 339 
2584 1435 2067 1648 
2585 1021 1023 1022 
2586 51 2017 234 
2587 658 1865 793 
2588 321 322 320 
2589 1380 2112 1200 
2590 1135 1600 1141 
2591 1433 2415 1434 
2592 899 1792 894 
2593 1107 2348 1599 
2594 1898 2048 245 
2595 943 1914 1265 
2596 1190 1974 698 
2597 1208 1306 1063 
2598 851 875 874 
2599 798 1247 1106 
2600 1263 1285 1264 
2601 1501 2419 2308 
2602 1134 1817 1135 
2603 1244 1794 1079 
2604 871 930 788 
2605 647 648 615 
2606 232 2178 1763 
2607 665 884 883 
2608 822 825 819 
2609 1395 1397 1396 
2610 1193 1197 1129 
2611 403 2113 1657 
2612 1816 2260 461 
2613 768 962 852 
2614 1237 2225 1238 
2615 896 898 897 
2616 715 1952 769 
2617 1047 1049 1048 
2618 1645 2386 356 
2619 1056 1284 1282 
2620 1773 2376 215 
2621 703 705 704 
2622 245 2017 52 
2623 1329 1331 1330 
2624 314 315 313 
2625 1079 1229 930 
2626 1026 1029 1028 
2627 877 934 932 
2628 600 634 601 
2629 85 1889 220 
2630 1666 2317 1266 
2631 1198 1557 1253 
2632 217 2186 1882 
2633 454 879 410 
2634 653 654 652 
2635 1824 2343 986 
2636 342 346 345 
2637 1424 1864 1844 
2638 2078 2339 1313 
2639 823 824 822 
2640 1101 1598 534 
2641 734 1220 1219 
2642 1581 1582 984 
2643 1220 1222 1221 
2644 1229 2369 2300 
2645 1526 2421 1449 
2646 1556 2232 1555 
2647 1613 2305 1885 
2648 568 643 566 
2649 908 1117 906 
2650 995 1208 1063 
2651 1247 1261 1248 
2652 309 310 308 
2653 1112 1828 1110 
2654 366 368 367 
2655 627 1162 854 
2656 1069 1626 1062 
2657 1052 1111 1110 
2658 456 1976 374 
2659 483 484 468 
2660 2046 2129 1580 
2661 379 380 378 
2662 1589 2350 1049 
2663 804 808 806 
2664 1780 1905 247 
2665 1568 1569 1567 
2666 1105 1887 545 
2667 1023 1123 1024 
2668 1177 1956 1454 
2669 423 1887 426 
2670 1176 1611 925 
2671 1163 1839 1281 
2672 624 625 623 
2673 666 667 613 
2674 426 1887 429 
2675 422 423 421 
2676 1134 1135 1133 
2677 777 779 778 
2678 1390 2061 1388 
2679 1718 1719 1316 
2680 1929 2289 1525 
2681 995 1063 860 
2682 1029 1039 1030 
2683 1267 1920 1919 
2684 302 305 303 
2685 1353 1356 1355 
2686 1243 1835 1244 
2687 848 1008 849 
2688 1261 1263 1262 
2689 1609 1664 1154 
2690 1556 1873 1872 
2691 1557 2022 1253 
2692 17 2118 16 
2693 779 803 780 
2694 1131 1133 1132 
2695 811 913 912 
2696 240 1935 1624 
2697 1199 1985 1175 
2698 747 748 746 
2699 445 448 447 
2700 1198 1253 1236 
2701 1032 1038 1034 
2702 385 1806 387 
2703 584 585 583 
2704 1108 1224 989 
2705 1719 2299 435 
2706 788 789 633 
2707 1566 1567 1565 
2708 894 896 895 
2709 1331 1333 1332 
2710 928 2037 1460 
2711 1109 1163 1121 
2712 38 2098 37 
2713 1041 1886 1044 
2714 1082 1109 1089 
2715 647 991 659 
2716 1622 2356 238 
2717 2145 2162 1203 
2718 161 262 162 
2719 653 656 654 
2720 1186 1609 1154 
2721 384 385 380 
2722 820 822 819 
2723 861 1955 1098 
2724 527 539 528 
2725 1006 1152 1061 
2726 263 292 266 
2727 679 680 678 
2728 1303 1646 533 
2729 1821 2168 901 
2730 626 645 625 
2731 789 995 860 
2732 1029 1051 1039 
2733 768 1795 962 
2734 833 1810 823 
2735 165 265 166 
2736 1130 1131 656 
2737 582 2117 1644 
2738 772 1950 775 
2739 1072 1103 927 
2740 552 1858 549 
2741 991 1352 992 
2742 542 558 557 
2743 492 529 491 
2744 1014 1565 1059 
2745 318 2160 1671 
2746 1056 1122 1040 
2747 450 453 452 
2748 486 491 485 
2749 1153 1154 1151 
2750 706 802 801 
2751 632 1875 871 
2752 1079 1794 1229 
2753 638 1932 1796 
2754 897 1168 895 
2755 1215 2032 1997 
2756 734 1804 1220 
2757 1292 2195 1294 
2758 1059 1241 1196 
2759 818 819 816 
2760 707 2297 1999 
2761 68 2358 67 
2762 1151 1830 1150 
2763 1529 1893 853 
2764 551 554 552 
2765 1135 1817 1601 
2766 516 2349 2212 
2767 1158 1159 337 
2768 1204 1280 1085 
2769 977 1107 855 
2770 1307 1849 1063 
2771 936 1251 1250 
2772 160 1720 1674 
2773 2108 2359 2311 
2774 787 2246 1614 
2775 634 636 635 
2776 1533 2192 1535 
2777 426 429 428 
2778 646 813 645 
2779 988 989 797 
2780 941 1832 603 
2781 170 271 171 
2782 188 1732 304 
2783 755 759 753 
2784 1484 2212 1510 
2785 1620 2388 2084 
2786 650 653 652 
2787 1571 2134 1300 
2788 22 2371 21 
2789 422 545 423 
2790 184 1730 296 
2791 967 968 966 
2792 657 1865 658 
2793 632 788 633 
2794 1364 2350 1205 
2795 1771 2172 1570 
2796 242 2214 1600 
2797 554 614 555 
2798 430 438 433 
2799 1082 1089 954 
2800 1096 1342 981 
2801 529 631 491 
2802 1405 2005 1402 
2803 686 687 685 
2804 1569 1972 1567 
2805 1193 1198 1197 
2806 999 1202 864 
2807 610 612 611 
2808 823 1810 824 
2809 162 1698 163 
2810 1204 2187 1513 
2811 749 750 748 
2812 1051 1052 1039 
2813 1568 2167 1570 
2814 1152 1304 1245 
2815 300 2012 295 
2816 1036 1056 1040 
2817 164 1680 165 
2818 219 1958 60 
2819 1333 1335 1334 
2820 1528 2204 1527 
2821 1336 1339 1338 
2822 539 564 540 
2823 407 415 408 
2824 931 1069 1062 
2825 1352 1353 992 
2826 1163 1281 1121 
2827 1188 1190 698 
2828 793 847 843 
2829 532 602 521 
2830 1479 2407 1478 
2831 843 1871 844 
2832 654 1812 657 
2833 1736 2384 1449 
2834 647 659 648 
2835 612 666 613 
2836 1384 2162 2145 
2837 422 546 545 
2838 1129 1881 842 
2839 847 1150 843 
2840 145 1736 432 
2841 530 1875 529 
2842 2012 2348 1249 
2843 1116 1789 1142 
2844 2055 2375 531 
2845 1302 1782 821 
2846 1056 1282 1122 
2847 848 1009 1008 
2848 192 1735 311 
2849 466 482 472 
2850 163 498 164 
2851 272 286 274 
2852 862 1880 1204 
2853 175 278 176 
2854 1023 1124 1123 
2855 614 647 615 
2856 1191 1192 1190 
2857 553 628 550 
2858 1124 1381 1123 
2859 1084 1193 1129 
2860 991 992 659 
2861 1573 2093 1575 
2862 1109 1121 1089 
2863 637 641 640 
2864 1111 1845 1112 
2865 640 2221 639 
2866 416 420 419 
2867 879 1806 410 
2868 898 1088 897 
2869 1009 1257 1255 
2870 1114 1936 905 
2871 133 1743 403 
2872 762 763 760 
2873 1014 1868 1566 
2874 1454 1824 1096 
2875 317 321 320 
2876 188 304 189 
2877 384 411 410 
2878 190 1702 509 
2879 180 285 181 
2880 1282 1283 1122 
2881 1657 2113 1184 
2882 166 1726 167 
2883 661 837 660 
2884 1087 1792 899 
2885 1736 2421 432 
2886 1099 1656 1286 
2887 137 417 138 
2888 184 296 185 
2889 1260 1809 1086 
2890 890 961 888 
2891 725 726 722 
2892 663 1936 556 
2893 177 1699 501 
2894 629 664 628 
2895 1280 1350 1085 
2896 617 1909 1148 
2897 1124 1541 1381 
2898 1215 1914 827 
2899 886 1801 884 
2900 1654 2014 1396 
2901 369 1960 470 
2902 2079 2365 307 
2903 139 1703 511 
2904 306 309 308 
2905 813 1014 841 
2906 793 1865 847 
2907 1976 2372 371 
2908 145 432 146 
2909 373 375 374 
2910 1009 1255 1008 
2911 1132 1812 656 
2912 375 377 376 
2913 160 1674 161 
2914 802 827 826 
2915 632 633 631 
2916 415 1800 416 
2917 529 632 631 
2918 838 974 837 
2919 558 560 559 
2920 133 403 134 
2921 120 381 121 
2922 370 373 371 
2923 241 1898 55 
2924 242 1897 79 
2925 28 1899 243 
2926 100 1900 244 
2927 192 311 193 
2928 352 406 354 
2929 1275 1276 1271 
2930 384 410 385 
2931 59 2139 58 
2932 1014 1059 841 
2933 847 1151 1150 
2934 346 458 347 
2935 368 370 369 
2936 669 904 903 
2937 107 357 108 
2938 141 425 142 
2939 1237 1238 1192 
2940 171 1727 172 
2941 834 870 835 
2942 299 1910 302 
2943 896 897 895 
2944 1138 1139 1104 
2945 1108 1504 1348 
2946 169 1689 170 
2947 458 2092 2054 
2948 107 1749 357 
2949 1656 2316 1286 
2950 1069 1653 1626 
2951 975 1169 974 
2952 669 881 602 
2953 590 591 589 
2954 102 350 103 
2955 2168 2314 901 
2956 808 948 809 
2957 603 872 797 
2958 472 1851 474 
2959 994 1941 257 
2960 196 318 197 
2961 420 422 421 
2962 951 1217 1019 
2963 281 293 283 
2964 1277 1278 1276 
2965 813 841 645 
2966 215 1972 35 
2967 1082 1840 1109 
2968 547 1858 1105 
2969 656 1812 654 
2970 124 389 125 
2971 210 343 211 
2972 1377 2031 1963 
2973 158 476 159 
2974 1301 1979 1816 
2975 276 644 279 
2976 834 1001 870 
2977 1683 1970 1681 
2978 1654 2029 1373 
2979 1040 1886 1041 
2980 111 1740 364 
2981 621 623 622 
2982 214 1973 1686 
2983 844 1871 848 
2984 1517 1823 1076 
2985 903 1086 881 
2986 116 372 117 
2987 751 752 750 
2988 122 1708 508 
2989 1392 2269 2196 
2990 1251 1369 1252 
2991 1591 1837 1590 
2992 111 364 112 
2993 720 757 718 
2994 619 621 620 
2995 870 1075 1074 
2996 1402 2005 863 
2997 314 605 604 
2998 174 1700 175 
2999 1099 1260 1086 
3000 129 396 130 
3001 1152 1833 1304 
3002 2328 2375 1214 
3003 310 314 313 
3004 201 326 202 
3005 379 384 380 
3006 167 499 168 
3007 2035 2253 1953 
3008 109 1709 517 
3009 872 1161 988 
3010 546 547 545 
3011 642 672 671 
3012 181 1929 182 
3013 168 1926 169 
3014 666 842 667 
3015 1128 1885 1000 
3016 913 915 914 
3017 185 1731 186 
3018 572 831 570 
3019 1471 2035 1472 
3020 550 551 549 
3021 305 1893 306 
3022 172 500 173 
3023 532 1876 669 
3024 666 862 842 
3025 377 379 378 
3026 136 1704 137 
3027 602 1694 521 
3028 2109 2344 1940 
3029 956 1145 771 
3030 554 829 614 
3031 548 549 547 
3032 206 334 207 
3033 1205 1231 1169 
3034 1712 1748 104 
3035 257 1941 254 
3036 266 1848 268 
3037 1008 1842 849 
3038 134 1734 135 
3039 212 1716 512 
3040 1589 1590 1231 
3041 173 1825 174 
3042 321 1157 337 
3043 182 503 183 
3044 186 502 187 
3045 140 1710 141 
3046 1789 1790 1142 
3047 603 1832 872 
3048 1270 1271 630 
3049 1155 1156 883 
3050 1413 1415 1414 
3051 142 1737 143 
3052 1596 2296 2015 
3053 665 883 664 
3054 1160 1845 1111 
3055 116 1754 372 
3056 918 922 921 
3057 485 496 483 
3058 1396 2140 1394 
3059 155 435 156 
3060 131 1722 505 
3061 135 506 136 
3062 1044 1055 1047 
3063 190 509 191 
3064 314 604 315 
3065 119 1706 120 
3066 1007 1216 1215 
3067 1543 2294 1544 
3068 738 740 739 
3069 1721 1753 113 
3070 157 1718 158 
3071 1123 1860 1024 
3072 139 511 140 
3073 359 383 361 
3074 1181 1182 1140 
3075 5 1713 102 
3076 143 504 144 
3077 123 1715 124 
3078 862 1085 1084 
3079 480 2047 478 
3080 1157 1259 1158 
3081 849 1842 851 
3082 894 895 892 
3083 321 337 322 
3084 788 1834 789 
3085 1142 1832 941 
3086 117 1742 118 
3087 1612 2166 970 
3088 769 1952 956 
3089 177 501 178 
3090 862 1084 842 
3091 1049 1916 1048 
3092 943 1265 1146 
3093 884 1155 883 
3094 706 1924 802 
3095 1108 1348 1224 
3096 664 919 628 
3097 152 434 153 
3098 1299 1357 1156 
3099 193 1983 194 
3100 1539 2057 1564 
3101 1440 1442 1441 
3102 194 514 195 
3103 1820 1879 1089 
3104 262 1698 162 
3105 122 508 123 
3106 209 1717 210 
3107 109 517 110 
3108 118 507 119 
3109 411 455 454 
3110 335 340 338 
3111 1039 1861 1030 
3112 212 512 5 
3113 131 505 132 
3114 1495 2418 1337 
3115 2012 2340 290 
3116 205 1729 206 
3117 713 1952 715 
3118 789 1834 995 
3119 410 1806 385 
3120 2308 2419 1498 
3121 1169 1170 974 
3122 546 548 547 
3123 1916 2350 1364 
3124 455 469 468 
3125 1094 1295 972 
3126 563 580 579 
3127 214 2362 1973 
3128 469 485 483 
3129 200 1923 201 
3130 1498 2419 2406 
3131 443 446 445 
3132 154 1733 155 
3133 1638 2161 1391 
3134 1700 1825 1516 
3135 165 1680 265 
3136 1420 2313 1422 
3137 125 1752 126 
3138 199 1841 200 
3139 1408 2203 1409 
3140 1840 1955 1109 
3141 603 797 576 
3142 416 1800 420 
3143 327 331 329 
3144 207 1747 208 
3145 1294 2027 1741 
3146 617 619 618 
3147 375 382 377 
3148 251 1890 253 
3149 673 677 676 
3150 605 606 604 
3151 1272 1273 1145 
3152 1030 1861 1032 
3153 104 1748 105 
3154 621 622 620 
3155 1263 1264 1262 
3156 623 834 622 
3157 208 519 209 
3158 1307 2284 1763 
3159 825 1921 819 
3160 1211 1214 1213 
3161 153 1746 154 
3162 807 1207 1013 
3163 105 510 106 
3164 151 1739 152 
3165 529 1875 632 
3166 548 550 549 
3167 930 1834 788 
3168 390 409 392 
3169 83 2236 1664 
3170 83 2219 82 
3171 1044 1886 1055 
3172 605 607 606 
3173 1546 2290 2277 
3174 411 454 410 
3175 113 1753 114 
3176 619 620 618 
3177 560 786 561 
3178 1767 2128 1768 
3179 346 617 458 
3180 1024 1860 1026 
3181 609 610 608 
3182 784 1891 1211 
3183 1339 1457 1456 
3184 1739 1778 1436 
3185 764 900 763 
3186 1851 2134 1572 
3187 1756 1905 1160 
3188 551 1888 554 
3189 265 1726 166 
3190 1431 2218 1430 
3191 494 532 521 
3192 1321 1951 1324 
3193 477 487 479 
3194 126 515 127 
3195 395 2055 531 
3196 915 1119 916 
3197 822 1866 825 
3198 455 468 454 
3199 469 483 468 
3200 161 1674 262 
3201 837 924 660 
3202 114 516 115 
3203 607 608 606 
3204 1185 1470 1183 
3205 962 963 852 
3206 198 513 199 
3207 1247 1248 1106 
3208 1123 2025 1860 
3209 1936 2414 541 
3210 729 1804 727 
3211 874 1850 877 
3212 903 1099 1086 
3213 648 1869 650 
3214 204 1744 205 
3215 127 2131 128 
3216 298 1910 299 
3217 397 412 399 
3218 988 1108 989 
3219 824 1866 822 
3220 1186 2148 1610 
3221 33 1934 237 
3222 1429 2335 1655 
3223 439 668 441 
3224 532 669 602 
3225 1335 1793 1336 
3226 669 903 881 
3227 609 660 610 
3228 1838 2315 1216 
3229 203 518 204 
3230 566 1862 530 
3231 1672 2305 456 
3232 1996 2363 857 
3233 1505 1750 994 
3234 342 1909 346 
3235 203 1724 518 
3236 607 609 608 
3237 683 1964 1693 
3238 1298 1988 1296 
3239 581 584 583 
3240 653 1869 1130 
3241 768 852 766 
3242 1682 2188 1683 
3243 76 1947 75 
3244 2042 2352 1252 
3245 309 1831 310 
3246 847 1865 1153 
3247 163 1698 498 
3248 1261 1262 1248 
3249 289 297 294 
3250 1197 2059 1129 
3251 1830 1867 220 
3252 1052 1986 1113 
3253 677 679 678 
3254 1355 2030 992 
3255 498 1680 164 
3256 910 2336 1302 
3257 1461 2205 1462 
3258 341 1909 342 
3259 872 988 797 
3260 1222 1230 1221 
3261 848 1871 1009 
3262 269 1995 264 
3263 954 1879 898 
3264 1099 1286 1260 
3265 1476 2425 1859 
3266 948 1853 809 
3267 484 1896 468 
3268 1690 2083 332 
3269 350 2245 1759 
3270 1155 1299 1156 
3271 476 1720 159 
3272 278 1699 176 
3273 727 734 726 
3274 753 1904 752 
3275 271 1727 171 
3276 1202 2018 864 
3277 1056 1884 1284 
3278 170 1689 271 
3279 304 1702 189 
3280 404 413 407 
3281 1300 1979 1301 
3282 1664 1867 1154 
3283 705 1924 706 
3284 1157 1158 337 
3285 417 1703 138 
3286 659 1869 648 
3287 1437 2103 1439 
3288 1176 1613 1611 
3289 351 2078 348 
3290 545 1887 423 
3291 1336 1793 1339 
3292 854 1070 853 
3293 643 1862 566 
3294 1270 1757 1275 
3295 1346 2378 1399 
3296 1545 2320 1461 
3297 360 2042 358 
3298 1151 1867 1830 
3299 503 1730 183 
3300 935 1902 1120 
3301 502 1732 187 
3302 1150 1871 843 
3303 1213 1363 1212 
3304 1928 2057 1354 
3305 541 2414 1450 
3306 1220 1221 1219 
3307 1034 1884 1036 
3308 435 2095 1719 
3309 350 1712 103 
3310 381 1708 121 
3311 587 590 589 
3312 922 1095 923 
3313 1973 2080 1697 
3314 667 1881 931 
3315 364 1721 112 
3316 733 756 731 
3317 1048 1916 1057 
3318 617 618 458 
3319 1303 2324 1646 
3320 147 520 148 
3321 898 1879 1088 
3322 875 1850 874 
3323 509 1735 191 
3324 357 1709 108 
3325 504 1736 144 
3326 1104 1791 1103 
3327 147 1705 520 
3328 179 2175 180 
3329 851 1842 875 
3330 306 1893 309 
3331 884 1801 1155 
3332 1637 2143 1262 
3333 1317 1951 1318 
3334 302 627 305 
3335 253 1890 951 
3336 2300 2369 1685 
3337 1026 1860 1029 
3338 627 853 305 
3339 1484 2403 1481 
3340 343 1716 211 
3341 1577 2295 973 
3342 1172 1612 1258 
3343 505 1743 132 
3344 1211 1212 1210 
3345 1403 2071 2019 
3346 74 1957 73 
3347 1862 1875 530 
3348 676 2111 675 
3349 549 1858 547 
3350 1832 1969 1643 
3351 908 1961 1117 
3352 1566 2105 1568 
3353 590 1269 630 
3354 584 599 585 
3355 1233 1469 1178 
3356 1256 2015 1842 
3357 292 1848 266 
3358 396 1722 130 
3359 775 1950 782 
3360 1275 1277 1276 
3361 963 1178 852 
3362 771 1950 772 
3363 1127 1933 1312 
3364 1032 1861 1038 
3365 297 2104 1658 
3366 1779 2075 1671 
3367 710 2235 1455 
3368 1324 1325 1323 
3369 1183 1802 1182 
3370 1236 2146 1197 
3371 1154 1867 1151 
3372 1362 2216 1970 
3373 1353 2323 1619 
3374 564 1870 540 
3375 682 686 685 
3376 429 2085 1701 
3377 260 1874 263 
3378 517 1740 110 
3379 669 1876 904 
3380 802 936 827 
3381 1776 2375 2328 
3382 738 739 736 
3383 1611 1965 925 
3384 510 1749 106 
3385 175 1700 278 
3386 2075 2353 1298 
3387 1750 1941 994 
3388 785 2092 618 
3389 1029 1860 1051 
3390 1122 1886 1040 
3391 784 1210 739 
3392 854 1228 1070 
3393 769 956 771 
3394 1414 2005 1405 
3395 580 1932 581 
3396 945 1114 905 
3397 1608 2200 2087 
3398 936 1007 827 
3399 968 1959 970 
3400 584 638 599 
3401 627 854 853 
3402 1635 2155 1636 
3403 3 2265 53 
3404 54 2265 3 
3405 4 2264 77 
3406 78 2264 4 
3407 1 2267 101 
3408 2 2266 29 
3409 6 2267 1 
3410 30 2266 2 
3411 326 1724 202 
3412 1153 2033 1186 
3413 940 967 966 
3414 148 1777 149 
3415 804 1984 808 
3416 167 1726 499 
3417 650 1869 653 
3418 285 1929 181 
3419 1436 2415 1433 
3420 432 1705 146 
3421 1382 2336 2189 
3422 1211 1891 1214 
3423 1423 1425 1424 
3424 1457 2263 1988 
3425 516 1754 115 
3426 816 1921 814 
3427 1449 2384 1543 
3428 807 964 803 
3429 296 1731 185 
3430 137 1704 417 
3431 149 436 150 
3432 689 692 691 
3433 963 1233 1178 
3434 1188 1191 1190 
3435 310 1831 314 
3436 1624 2215 1625 
3437 604 2058 1906 
3438 877 1850 934 
3439 611 2157 608 
3440 151 1778 1739 
3441 1223 1430 1203 
3442 1191 1506 1237 
3443 1004 1892 1006 
3444 2085 2271 1588 
3445 169 1926 1689 
3446 1384 1411 1174 
3447 454 1896 879 
3448 1013 1203 964 
3449 172 1727 500 
3450 1834 2001 1209 
3451 1191 1237 1192 
3452 403 1734 134 
3453 1038 1884 1034 
3454 809 1853 811 
3455 1242 1846 1249 
3456 735 2338 737 
3457 976 1242 977 
3458 638 976 855 
3459 861 2053 1955 
3460 1322 2090 1320 
3461 625 1877 623 
3462 1370 2130 1749 
3463 1251 1252 1250 
3464 302 1910 627 
3465 370 707 373 
3466 1106 1115 935 
3467 141 1710 425 
3468 936 1250 1007 
3469 425 1737 142 
3470 784 1989 1891 
3471 120 1706 381 
3472 1139 2341 2330 
3473 814 1921 1868 
3474 273 2088 270 
3475 989 1922 797 
3476 699 840 703 
3477 1860 2025 1051 
3478 482 1851 472 
3479 594 2405 708 
3480 1283 2362 1798 
3481 679 701 680 
3482 842 1881 667 
3483 499 1926 168 
3484 1282 2362 1283 
3485 595 616 597 
3486 900 925 763 
3487 1225 2400 1315 
3488 798 1106 935 
3489 759 1904 753 
3490 311 1983 193 
3491 1413 1414 1405 
3492 1270 1275 1271 
3493 1089 1879 954 
3494 102 1713 350 
3495 527 787 539 
3496 1667 2296 1596 
3497 1084 1882 1193 
3498 174 1825 1700 
3499 1494 2329 1558 
3500 744 857 742 
3501 178 2231 179 
3502 967 1060 968 
3503 158 1718 476 
3504 1173 1174 948 
3505 900 1011 925 
3506 686 1187 698 
3507 627 1910 1162 
3508 591 1878 593 
3509 819 1921 816 
3510 182 1929 503 
3511 124 1715 389 
3512 647 1928 991 
3513 1036 1884 1056 
3514 956 1272 1145 
3515 1945 1946 1876 
3516 1722 2019 1723 
3517 186 1731 502 
3518 590 630 591 
3519 752 865 864 
3520 1422 2144 1423 
3521 346 1909 617 
3522 1759 2245 1654 
3523 491 1883 485 
3524 500 1825 173 
3525 686 698 687 
3526 1817 2268 235 
3527 659 2030 1869 
3528 1553 2398 1552 
3529 1968 2147 756 
3530 967 1287 1060 
3531 560 798 786 
3532 1000 1144 1143 
3533 1564 2177 1813 
3534 1109 1955 1163 
3535 1092 2120 1663 
3536 372 1742 117 
3537 210 1717 343 
3538 931 1881 1069 
3539 506 1704 136 
3540 631 1883 491 
3541 1350 1882 1085 
3542 1096 1824 1342 
3543 888 1901 886 
3544 865 1000 999 
3545 2228 2297 1534 
3546 1508 2363 1507 
3547 263 1874 292 
3548 760 1965 759 
3549 1986 2210 1113 
3550 135 1734 506 
3551 314 1831 605 
3552 927 1961 908 
3553 389 1752 125 
3554 694 709 696 
3555 748 799 746 
3556 1187 1189 1188 
3557 1011 1176 925 
3558 485 1883 496 
3559 763 1965 760 
3560 1011 1268 1176 
3561 798 935 786 
3562 450 2046 453 
3563 1417 1511 1415 
3564 1491 2322 1971 
3565 1684 2233 1515 
3566 511 1710 140 
3567 201 1923 326 
3568 1085 1882 1084 
3569 576 1922 574 
3570 1440 1441 1438 
3571 1145 1950 771 
3572 1978 2127 900 
3573 143 1737 504 
3574 976 977 855 
3575 1242 1249 977 
3576 811 1853 913 
3577 1168 1927 895 
3578 638 855 599 
3579 1214 1360 1213 
3580 672 1964 673 
3581 286 1913 1912 
3582 303 2038 301 
3583 734 1201 726 
3584 544 2191 1635 
3585 206 1729 334 
3586 752 864 750 
3587 834 1877 1001 
3588 802 1924 936 
3589 600 702 634 
3590 1819 1943 1379 
3591 554 1888 829 
3592 827 1914 826 
3593 936 1924 1251 
3594 1790 1969 1142 
3595 1142 1969 1832 
3596 1236 2255 2146 
3597 1251 2136 1369 
3598 734 1219 1201 
3599 334 1747 207 
3600 1674 1762 262 
3601 1211 1213 1212 
3602 507 1706 119 
3603 775 782 777 
3604 779 807 803 
3605 740 784 739 
3606 52 2017 51 
3607 155 1733 435 
3608 508 1715 123 
3609 915 1164 1119 
3610 1164 1377 1119 
3611 349 1894 352 
3612 1119 2013 916 
3613 512 1713 5 
3614 673 1964 677 
3615 1269 1270 630 
3616 274 1912 276 
3617 677 683 679 
3618 727 1804 734 
3619 194 1983 514 
3620 118 1742 507 
3621 803 1984 804 
3622 951 1890 1217 
3623 279 1907 281 
3624 1948 2352 481 
3625 604 1906 315 
3626 1307 2178 1849 
3627 808 1173 948 
3628 1670 2382 513 
3629 1006 1892 1152 
3630 581 1932 584 
3631 2211 2230 292 
3632 1389 2066 2052 
3633 361 1917 363 
3634 1173 1384 1174 
3635 623 1877 834 
3636 892 1927 890 
3637 2054 2092 1785 
3638 1172 1258 947 
3639 286 1912 274 
3640 1283 2051 1122 
3641 1051 1986 1052 
3642 1271 1878 630 
3643 1653 2146 833 
3644 1107 2137 855 
3645 1841 1923 200 
3646 434 1746 153 
3647 1277 2409 2038 
3648 1131 2106 1134 
3649 152 1739 434 
3650 783 2387 776 
3651 519 1717 209 
3652 1316 2428 2400 
3653 1641 2072 1640 
3654 786 1925 561 
3655 1675 2094 1676 
3656 2406 2419 1497 
3657 1310 2036 1087 
3658 612 2007 1880 
3659 1170 1967 1966 
3660 807 2021 1207 
3661 1000 1143 999 
3662 1223 1431 1430 
3663 1704 1755 417 
3664 154 1746 1733 
3665 1314 2339 1641 
3666 1321 1324 1323 
3667 1869 2030 1130 
3668 865 999 864 
3669 208 1747 519 
3670 1108 1938 1504 
3671 436 1778 150 
3672 934 2060 932 
3673 1806 1930 387 
3674 1722 1723 505 
3675 1694 2010 525 
3676 922 1179 1095 
3677 1273 1940 1145 
3678 1740 2237 364 
3679 675 2263 671 
3680 105 1748 510 
3681 1791 1803 1103 
3682 853 1893 305 
3683 784 1211 1210 
3684 1470 1802 1183 
3685 1247 2282 1261 
3686 1013 1223 1203 
3687 1152 1892 1833 
3688 807 1013 964 
3689 1423 1424 1421 
3690 1139 1791 1104 
3691 1721 2002 1753 
3692 126 1752 515 
3693 315 1906 317 
3694 128 2377 129 
3695 1833 2370 1304 
3696 205 1744 1729 
3697 513 1841 199 
3698 643 2077 1863 
3699 1187 1188 698 
3700 1836 2045 1808 
3701 1000 1885 1144 
3702 1159 2089 337 
3703 366 414 368 
3704 277 2124 275 
3705 25 2022 24 
3706 438 1971 433 
3707 1141 2202 1133 
3708 764 1978 900 
3709 886 1901 1801 
3710 1216 2315 2032 
3711 2148 2202 1610 
3712 830 2159 2020 
3713 645 1918 625 
3714 321 1906 1157 
3715 1174 2009 1463 
3716 1229 2001 930 
3717 387 1930 390 
3718 1906 2058 1157 
3719 114 1753 516 
3720 930 2001 1834 
3721 1706 1707 381 
3722 610 2007 612 
3723 468 1896 454 
3724 800 2374 704 
3725 550 1911 551 
3726 551 1911 1888 
3727 1843 2224 1368 
3728 1907 1908 293 
3729 1331 1347 1333 
3730 1136 2426 2246 
3731 1914 1997 1265 
3732 644 1907 279 
3733 614 1928 647 
3734 422 1942 546 
3735 1179 1240 1095 
3736 890 1927 961 
3737 1442 1447 1441 
3738 568 2077 643 
3739 639 2163 635 
3740 1844 2020 1424 
3741 722 1895 720 
3742 276 1912 644 
3743 317 1906 321 
3744 752 1904 865 
3745 841 1918 645 
3746 919 1911 628 
3747 241 2048 1898 
3748 281 1907 293 
3749 1689 2395 271 
3750 1208 2180 1344 
3751 1399 2378 1078 
3752 1626 2412 1062 
3753 518 1744 204 
3754 460 2218 451 
3755 1210 2147 1968 
3756 1092 2307 2120 
3757 532 1945 1876 
3758 441 1944 443 
3759 1733 2248 1399 
3760 1754 1981 372 
3761 1060 1959 968 
3762 262 2026 1698 
3763 400 2256 398 
3764 458 2054 347 
3765 1719 2095 1171 
3766 484 2171 1787 
3767 628 1911 550 
3768 1446 1998 1444 
3769 961 1901 888 
3770 561 1925 563 
3771 928 2278 2037 
3772 1625 2215 2206 
3773 2318 2326 1347 
3774 338 1931 341 
3775 1161 1938 988 
3776 1425 1864 1424 
3777 924 2007 660 
3778 1324 1340 1325 
3779 507 1872 1706 
3780 1021 2185 1799 
3781 433 1971 439 
3782 1630 2225 344 
3783 829 1928 614 
3784 1871 2040 1009 
3785 986 2343 1077 
3786 1673 2420 1367 
3787 1155 1935 1299 
3788 916 2013 918 
3789 352 1894 406 
3790 1156 1962 883 
3791 1078 2378 1345 
3792 322 2089 324 
3793 1197 2146 2059 
3794 741 2397 830 
3795 1516 2233 1700 
3796 2149 2397 741 
3797 668 2322 1662 
3798 1752 1814 515 
3799 574 2024 572 
3800 797 1922 576 
3801 2072 2292 840 
3802 1115 1902 935 
3803 808 1984 1173 
3804 1467 2303 1468 
3805 379 2045 1836 
3806 1141 2214 2063 
3807 1748 1915 510 
3808 2106 2176 1134 
3809 660 2007 610 
3810 1150 2040 1871 
3811 2023 2090 1730 
3812 489 1945 494 
3813 657 2033 1865 
3814 637 2093 641 
3815 1411 2009 1174 
3816 1801 1935 1155 
3817 1198 2186 1557 
3818 294 1953 298 
3819 443 1944 446 
3820 1095 1977 923 
3821 512 2014 1713 
3822 1955 2053 1163 
3823 1103 1961 927 
3824 1456 2075 1779 
3825 1818 2388 1620 
3826 516 2212 1754 
3827 420 1942 422 
3828 1423 2144 1426 
3829 720 1895 757 
3830 340 1931 338 
3831 1170 1966 974 
3832 1680 2319 2183 
3833 599 1949 585 
3834 396 2019 1722 
3835 1761 2246 2010 
3836 630 1878 591 
3837 224 2098 38 
3838 1381 2025 1123 
3839 1178 2127 1978 
3840 297 1954 1953 
3841 925 1965 763 
3842 448 2046 450 
3843 517 1741 1740 
3844 1842 2015 875 
3845 1908 1933 1127 
3846 726 1895 722 
3847 363 1937 366 
3848 308 2079 307 
3849 895 1927 892 
3850 1744 1745 1729 
3851 585 1949 587 
3852 2150 2274 1351 
3853 1522 1943 1819 
3854 1115 1903 1902 
3855 599 2137 1949 
3856 1800 1942 420 
3857 572 2024 831 
3858 1542 2210 1986 
3859 383 1917 361 
3860 1851 2082 474 
3861 390 1930 409 
3862 233 2063 1764 
3863 668 1944 441 
3864 2081 2282 1247 
3865 238 2118 17 
3866 1671 2075 1540 
3867 1312 2043 1311 
3868 2016 2351 1639 
3869 2099 2144 1422 
3870 584 1932 638 
3871 964 1984 803 
3872 293 2050 283 
3873 622 2044 620 
3874 1516 2288 1517 
3875 1136 2246 1761 
3876 1808 2355 1537 
3877 383 2386 2346 
3878 1354 2041 1352 
3879 518 1919 1744 
3880 1284 2080 1973 
3881 988 1938 1108 
3882 1552 2200 1548 
3883 664 1962 919 
3884 1689 1926 1459 
3885 332 2083 335 
3886 318 2123 197 
3887 1830 2040 1150 
3888 2246 2426 1614 
3889 2154 2422 2147 
3890 736 1968 733 
3891 795 2259 1488 
3892 625 1918 1877 
3893 364 2308 1721 
3894 375 1999 382 
3895 1839 2139 1281 
3896 1581 2129 1584 
3897 563 1925 580 
3898 520 1777 148 
3899 932 2060 1650 
3900 354 2240 356 
3901 2400 2428 1315 
3902 1887 2085 429 
3903 1344 2048 1306 
3904 766 1978 764 
3905 757 2039 1856 
3906 494 1945 532 
3907 2141 2198 412 
3908 974 1966 837 
3909 371 2372 1960 
3910 1007 1948 1216 
3911 923 1977 940 
3912 1376 2272 1502 
3913 439 1971 668 
3914 687 1974 689 
3915 883 1962 664 
3916 831 2077 570 
3917 1248 1939 1106 
3918 297 1953 294 
3919 696 1987 699 
3920 918 2013 922 
3921 407 1982 415 
3922 837 1966 924 
3923 731 1980 729 
3924 1241 2376 1773 
3925 677 1964 683 
3926 267 2316 269 
3927 742 1989 740 
3928 1216 2032 1215 
3929 992 2030 659 
3930 1789 2257 785 
3931 2336 2412 1302 
3932 1762 2026 262 
3933 258 2370 259 
3934 1106 1939 1115 
3935 1164 2031 1377 
3936 1368 2164 1843 
3937 449 2143 1637 
3938 1885 2427 1613 
3939 1097 2108 1952 
3940 503 2023 1730 
3941 196 2160 318 
3942 593 1993 595 
3943 1099 2401 1656 
3944 601 2326 710 
3945 377 2045 379 
3946 698 1974 687 
3947 525 2010 527 
3948 1129 2059 1881 
3949 1210 1968 739 
3950 149 1777 436 
3951 1849 2053 861 
3952 680 1975 682 
3953 1718 2299 1719 
3954 457 2311 1592 
3955 701 1975 680 
3956 825 2105 1921 
3957 436 2011 1778 
3958 590 1949 1269 
3959 1178 1978 852 
3960 1812 2033 657 
3961 470 2304 1607 
3962 829 2057 1928 
3963 2300 2331 2001 
3964 597 1990 600 
3965 220 2236 84 
3966 405 2135 402 
3967 1659 2210 1542 
3968 483 2171 484 
3969 1250 1948 1007 
3970 347 2054 349 
3971 1009 2040 1257 
3972 1734 2049 506 
3973 746 1996 744 
3974 1254 2255 1236 
3975 1120 2116 1925 
3976 1285 2426 1809 
3977 1946 2084 1876 
3978 198 2123 513 
3979 1499 2419 1501 
3980 373 1999 375 
3981 970 2166 996 
3982 2281 2403 1510 
3983 1255 2334 1256 
3984 283 2050 287 
3985 259 2370 1833 
3986 477 2082 487 
3987 1780 2309 1905 
3988 1348 2216 1224 
3989 983 2287 1503 
3990 1619 2323 216 
3991 729 1980 1804 
3992 1685 2369 213 
3993 1163 2053 1839 
3994 394 2141 397 
3995 1922 2024 574 
3996 1510 2403 1484 
3997 1184 2113 2070 
3998 641 2243 642 
3999 514 2160 195 
4000 620 2044 785 
4001 84 2236 83 
4002 947 2004 945 
4003 382 2045 377 
4004 1448 2278 1446 
4005 703 2000 705 
4006 1233 2304 1469 
4007 2179 2342 1956 
4008 1863 2062 2006 
4009 587 1949 590 
4010 1242 2133 1846 
4011 1507 2425 1476 
4012 662 2226 867 
4013 1729 2052 334 
4014 1988 2111 1296 
4015 413 1982 407 
4016 1894 2054 1785 
4017 733 1968 756 
4018 1355 2106 2030 
4019 1818 2401 904 
4020 2283 2293 1696 
4021 1706 1872 1707 
4022 226 2334 1660 
4023 1881 2059 1069 
4024 1865 2033 1153 
4025 1651 2307 1092 
4026 852 1978 766 
4027 1215 1997 1914 
4028 1683 2006 1970 
4029 780 2258 778 
4030 474 2082 477 
4031 501 2179 1956 
4032 740 1989 784 
4033 2001 2331 1209 
4034 1213 2008 1363 
4035 1019 2185 1021 
4036 1289 1992 1991 
4037 223 2262 1628 
4038 1727 2056 500 
4039 674 2244 1528 
4040 2010 2246 787 
4041 1191 2003 1506 
4042 241 2284 2048 
4043 2109 2204 1528 
4044 2105 2167 1568 
4045 230 2241 2022 
4046 739 1968 736 
4047 691 2016 694 
4048 349 2054 1894 
4049 1604 2122 1603 
4050 2187 2239 1513 
4051 1981 2212 1484 
4052 1195 2060 1505 
4053 1134 2176 1817 
4054 1368 2346 1366 
4055 570 2077 568 
4056 341 2069 1909 
4057 1397 2029 1654 
4058 234 2331 1725 
4059 21 2097 20 
4060 1201 1895 726 
4061 1222 2065 1230 
4062 686 1975 1187 
4063 1409 1923 1841 
4064 1921 2105 1868 
4065 1158 2391 1665 
4066 197 2123 198 
4067 289 2104 297 
4068 1421 2020 1419 
4069 1776 2328 1508 
4070 1203 2162 964 
4071 1803 1961 1103 
4072 756 1980 731 
4073 1231 2110 1169 
4074 616 1991 1990 
4075 1905 2309 1160 
4076 1558 2183 1559 
4077 707 1999 373 
4078 2327 2335 1429 
4079 2023 2368 1319 
4080 1831 2086 1118 
4081 1266 2091 1267 
4082 967 1977 1287 
4083 682 1975 686 
4084 1456 2353 2075 
4085 940 1977 967 
4086 1949 2137 1269 
4087 1656 2401 1818 
4088 232 2139 1839 
4089 1157 2058 1259 
4090 435 2299 156 
4091 488 2209 471 
4092 2076 2251 1418 
4093 476 2064 1720 
4094 777 2021 779 
4095 636 2093 637 
4096 157 2299 1718 
4097 1069 2059 1653 
4098 1270 2249 1757 
4099 404 2087 413 
4100 1735 2068 311 
4101 689 1974 692 
4102 699 1987 840 
4103 1699 2179 501 
4104 487 2100 479 
4105 1051 2025 1986 
4106 595 1993 616 
4107 1265 2208 1146 
4108 606 2058 604 
4109 1375 2199 1732 
4110 1137 2424 1755 
4111 1909 2069 1148 
4112 1427 2399 2301 
4113 1189 2003 1188 
4114 1105 2271 2085 
4115 945 2004 1114 
4116 710 2326 2318 
4117 723 2102 1803 
4118 1232 2290 1546 
4119 750 2018 748 
4120 857 1989 742 
4121 334 2066 1747 
4122 854 2158 1228 
4123 616 1990 597 
4124 1783 2391 1259 
4125 1769 2242 1772 
4126 1878 1993 593 
4127 265 2329 1726 
4128 1140 2341 1139 
4129 1438 2067 1435 
4130 634 2073 636 
4131 527 2010 787 
4132 389 2076 1752 
4133 1744 1919 1745 
4134 709 1987 696 
4135 840 2000 703 
4136 1747 2061 519 
4137 1730 2090 296 
4138 744 1996 857 
4139 1988 2353 1457 
4140 1917 1937 363 
4141 2140 2247 1394 
4142 692 2016 691 
4143 799 1996 746 
4144 1105 2085 1887 
4145 1188 2003 1191 
4146 922 2013 1179 
4147 600 1990 702 
4148 2070 2113 1743 
4149 1360 2008 1213 
4150 1848 2277 268 
4151 1893 2086 309 
4152 1897 2165 246 
4153 2004 2170 1114 
4154 58 2139 232 
4155 1919 1920 1745 
4156 1752 2076 1814 
4157 1168 2332 1788 
4158 737 2149 738 
4159 1745 2052 1729 
4160 1223 2244 1431 
4161 1529 2086 1893 
4162 1713 2245 350 
4163 1534 2297 1533 
4164 1217 2390 1758 
4165 272 2277 286 
4166 456 2393 1976 
4167 1791 2330 1466 
4168 1112 2223 1697 
4169 1956 2342 1454 
4170 2059 2146 1653 
4171 1088 2332 897 
4172 2015 2296 875 
4173 1059 2376 1241 
4174 370 2034 707 
4175 1764 2214 242 
4176 1945 2100 1946 
4177 1457 2366 2263 
4178 366 1937 414 
4179 335 2083 340 
4180 446 2193 445 
4181 2403 2407 1481 
4182 1170 2356 1967 
4183 368 2034 370 
4184 1609 2219 1664 
4185 2170 2414 1114 
4186 864 2018 750 
4187 2167 2347 1570 
4188 337 2089 322 
4189 1462 2205 2101 
4190 1148 2168 1821 
4191 356 2386 359 
4192 1537 2228 1534 
4193 1258 2004 947 
4194 1355 2176 2106 
4195 779 2021 807 
4196 1788 2096 1678 
4197 1763 2284 241 
4198 2146 2255 833 
4199 1404 2182 1605 
4200 1795 2208 1265 
4201 937 2409 1757 
4202 748 2018 799 
4203 1196 2114 1918 
4204 309 2086 1831 
4205 466 2260 482 
4206 1735 2207 2068 
4207 1882 2186 1193 
4208 1669 2416 2049 
4209 913 2028 915 
4210 2189 2336 998 
4211 840 2292 2000 
4212 2033 2148 1186 
4213 977 2348 1107 
4214 702 2073 634 
4215 1768 2128 1771 
4216 2026 2112 1698 
4217 479 2100 489 
4218 694 2016 709 
4219 1001 2291 870 
4220 195 2160 196 
4221 1130 2106 1131 
4222 401 2087 404 
4223 2030 2106 1130 
4224 782 2021 777 
4225 447 2222 444 
4226 287 2104 289 
4227 670 2366 1793 
4228 1309 2333 1724 
4229 2052 2066 334 
4230 2101 2205 1703 
4231 1228 2335 1070 
4232 915 2028 1164 
4233 220 2357 1830 
4234 221 2358 68 
4235 2039 2324 1303 
4236 1932 2116 1796 
4237 1828 2380 1038 
4238 924 2187 2007 
4239 560 2081 798 
4240 1603 2189 998 
4241 482 2260 1979 
4242 1169 2110 1170 
4243 489 2100 1945 
4244 1262 2143 1248 
4245 1867 2236 220 
4246 1933 2156 1312 
4247 217 2371 22 
4248 1049 2350 1916 
4249 1274 2133 1242 
4250 1810 2107 824 
4251 1870 2081 558 
4252 1441 2067 1438 
4253 1501 2237 2027 
4254 1212 2154 2147 
4255 2347 2394 1770 
4256 1424 2020 1421 
4257 1813 2177 919 
4258 1165 2230 1432 
4259 1855 2351 692 
4260 1904 2152 1128 
4261 1698 2112 498 
4262 963 2315 1233 
4263 1296 2111 1295 
4264 1886 2051 1055 
4265 1240 2381 2047 
4266 235 2268 1957 
4267 1572 2082 1851 
4268 904 2401 903 
4269 580 2116 1932 
4270 1853 2028 913 
4271 1432 2230 2211 
4272 2056 2142 1206 
4273 618 2092 458 
4274 1511 2181 1415 
4275 1367 2164 1368 
4276 2048 2284 1306 
4277 1420 2337 2313 
4278 417 2101 1703 
4279 1785 2257 1227 
4280 1227 2257 1789 
4281 2046 2310 453 
4282 1747 2066 2061 
4283 1843 2164 1538 
4284 2212 2349 1510 
4285 1809 2426 1136 
4286 1806 2252 1930 
4287 1931 2069 341 
4288 1633 2314 2168 
4289 1755 2101 417 
4290 1517 2288 2056 
4291 1442 2227 1447 
4292 1889 2357 220 
4293 537 2133 1903 
4294 1846 2133 537 
4295 1417 2159 1511 
4296 606 2157 2058 
4297 1654 2245 2014 
4298 412 2417 399 
4299 701 2213 1975 
4300 415 2283 1800 
4301 292 2230 1848 
4302 705 2136 1924 
4303 2159 2397 1511 
4304 1122 2051 1886 
4305 67 2184 66 
4306 1724 2385 1309 
4307 499 2125 1926 
4308 2050 2104 287 
4309 2176 2268 1817 
4310 1876 2084 904 
4311 381 2099 1708 
4312 1895 2197 757 
4313 1684 2179 1699 
4314 1707 2099 381 
4315 236 2309 1780 
4316 1535 2126 1843 
4317 1743 2113 403 
4318 2007 2187 1880 
4319 1716 2247 2140 
4320 414 2034 368 
4321 982 2324 1235 
4322 1814 2076 1416 
4323 1727 2142 2056 
4324 1716 2140 512 
4325 900 2127 1011 
4326 2099 2313 1708 
4327 1363 2154 1212 
4328 505 2070 1743 
4329 1965 2152 759 
4330 1013 2190 1223 
4331 2058 2157 1259 
4332 1696 2293 993 
4333 1469 2127 1178 
4334 1697 2223 1687 
4335 1452 2278 928 
4336 1212 2147 1210 
4337 2032 2315 963 
4338 1868 2105 1566 
4339 397 2141 412 
4340 1132 2202 2148 
4341 2009 2413 1463 
4342 1483 2403 2281 
4343 558 2081 560 
4344 1546 2277 1848 
4345 1430 2145 1203 
4346 512 2140 2014 
4347 82 2219 233 
4348 2039 2197 1235 
4349 1268 2229 1960 
4350 1725 2300 1685 
4351 1812 2148 2033 
4352 1976 2393 1268 
4353 2149 2181 1511 
4354 1704 2416 1755 
4355 1172 2166 1612 
4356 1749 2130 357 
4357 1374 2201 1289 
4358 1411 2209 2009 
4359 2330 2341 1467 
4360 1601 2165 1600 
4361 1820 2115 1879 
4362 396 2182 2019 
4363 1187 2213 1189 
4364 2041 2323 1352 
4365 1230 2287 1221 
4366 1347 2153 1333 
4367 29 2266 1899 
4368 1898 2265 54 
4369 101 2267 1900 
4370 1897 2264 78 
4371 904 2388 1818 
4372 1419 2159 1417 
4373 1879 2115 1088 
4374 1209 2180 1208 
4375 1256 2334 2138 
4376 1777 2119 436 
4377 520 2103 1777 
4378 1346 2248 2150 
4379 2027 2237 1741 
4380 2002 2308 1498 
4381 1757 2409 1275 
4382 1340 2325 1325 
4383 1755 2416 1669 
4384 271 2142 1727 
4385 1635 2191 2155 
4386 515 2131 127 
4387 1200 2112 2026 
4388 608 2157 606 
4389 1988 2263 675 
4390 1724 2333 518 
4391 1929 2368 503 
4392 1179 2381 1240 
4393 1229 2300 2001 
4394 1267 2091 1920 
4395 1594 2379 1667 
4396 1483 2407 2403 
4397 1132 2148 1812 
4398 1320 2090 2023 
4399 1953 2253 298 
4400 2188 2220 1683 
4401 496 2171 483 
4402 1201 2197 1895 
4403 1891 2328 1214 
4404 1870 2282 2081 
4405 1710 2320 1545 
4406 1925 2116 580 
4407 1268 2393 1176 
4408 311 2418 1983 
4409 855 2137 599 
4410 1611 2152 1965 
4411 1356 2176 1355 
4412 1824 2117 1342 
4413 1273 2109 1940 
4414 679 2250 701 
4415 1162 2158 854 
4416 1333 2153 1335 
4417 1202 2275 2018 
4418 1245 2306 1246 
4419 1998 2227 1444 
4420 1113 2210 1756 
4421 1723 2070 505 
4422 2009 2209 488 
4423 1611 2427 2152 
4424 1845 2309 236 
4425 1913 2156 1912 
4426 2069 2168 1148 
4427 1924 2136 1251 
4428 1975 2213 1187 
4429 2281 2349 2002 
4430 2022 2241 1253 
4431 759 2152 1904 
4432 2061 2196 519 
4433 2074 2381 1179 
4434 1216 2392 1838 
4435 1981 2232 372 
4436 1984 2162 1173 
4437 1337 2418 2068 
4438 1793 2366 1339 
4439 1748 2254 1915 
4440 825 2167 2105 
4441 2011 2415 1436 
4442 389 2251 2076 
4443 2152 2427 1128 
4444 956 2108 1272 
4445 1244 2188 1794 
4446 436 2119 2011 
4447 1825 2288 1516 
4448 2056 2288 500 
4449 1193 2186 1198 
4450 830 2397 2159 
4451 77 2264 246 
4452 53 2265 245 
4453 247 2267 6 
4454 248 2266 30 
4455 1146 2208 1290 
4456 2020 2159 1419 
4457 1340 2405 2383 
4458 2049 2416 506 
4459 2127 2229 1011 
4460 1331 2318 1347 
4461 1205 2350 1589 
4462 216 2323 2041 
4463 180 2175 285 
4464 1939 2143 449 
4465 1391 2161 1393 
4466 2063 2214 1764 
4467 675 2111 1988 
4468 1877 2114 1001 
4469 1979 2260 1816 
4470 1952 2108 956 
4471 1133 2202 1132 
4472 1866 2167 825 
4473 44 2408 43 
4474 1217 2185 1019 
4475 1600 2214 1141 
4476 482 2134 1851 
4477 1469 2229 2127 
4478 1173 2162 1384 
4479 1614 2426 1285 
4480 1313 2339 1314 
4481 1077 2342 1684 
4482 964 2162 1984 
4483 2103 2119 1777 
4484 2038 2365 1277 
4485 2002 2349 1753 
4486 1800 2283 1696 
4487 2107 2394 824 
4488 1463 2413 2028 
4489 1918 2114 1877 
4490 445 2193 448 
4491 644 2156 1933 
4492 998 2336 910 
4493 1250 2352 1948 
4494 1839 2178 232 
4495 1224 2216 1362 
4496 1308 2422 2154 
4497 1415 2181 1414 
4498 1235 2197 2194 
4499 2028 2413 1164 
4500 538 2345 1819 
4501 1287 2173 1060 
4502 785 2257 2092 
4503 2096 2332 1088 
4504 1235 2324 2039 
4505 1845 2223 1112 
4506 672 2270 1964 
4507 1934 2172 237 
4508 1117 2410 1797 
4509 1967 2239 1966 
4510 1447 2285 1441 
4511 1189 2213 1994 
4512 1819 2345 1522 
4513 326 2385 1724 
4514 1253 2241 1254 
4515 448 2129 2046 
4516 1107 2249 2137 
4517 448 2193 2129 
4518 1244 2220 2188 
4519 1268 2372 1976 
4520 2000 2136 705 
4521 1781 2404 248 
4522 1980 2422 1308 
4523 1745 2301 2052 
4524 1957 2268 1356 
4525 1732 2199 304 
4526 1248 2143 1939 
4527 1356 2268 2176 
4528 1873 2321 1872 
4529 499 2286 2125 
4530 1513 2239 1967 
4531 406 2240 354 
4532 1703 2205 511 
4533 2112 2319 498 
4534 1636 2155 1959 
4535 1408 2385 2203 
4536 156 2299 157 
4537 2092 2257 1785 
4538 1923 2203 326 
4539 1798 2362 214 
4540 879 2411 2252 
4541 1207 2190 1013 
4542 1522 2345 1521 
4543 1926 2125 1459 
4544 1128 2427 1885 
4545 1259 2391 1158 
4546 519 2196 1717 
4547 461 2260 466 
4548 1426 2273 1425 
4549 2090 2276 296 
4550 1683 2220 2006 
4551 1219 2194 1201 
4552 1390 2196 2061 
4553 833 2255 1810 
4554 1389 2399 1386 
4555 1912 2156 644 
4556 1298 2353 1988 
4557 1767 2404 2128 
4558 1062 2412 1382 
4559 1306 2284 1307 
4560 517 2302 1741 
4561 1621 2189 2122 
4562 1709 2312 2302 
4563 1899 2266 248 
4564 245 2265 1898 
4565 1900 2267 247 
4566 246 2264 1897 
4567 1249 2340 2012 
4568 582 2423 2117 
4569 1937 2126 414 
4570 1700 2233 278 
4571 1632 2314 1633 
4572 1444 2227 1442 
4573 1312 2151 2043 
4574 401 2417 2087 
4575 1884 2380 1284 
4576 1257 2357 1889 
4577 1880 2187 1204 
4578 1485 2259 1487 
4579 1409 2203 1923 
4580 1536 2295 1537 
4581 509 2207 1735 
4582 1707 2144 2099 
4583 2018 2275 799 
4584 1185 2217 1470 
4585 1011 2229 1268 
4586 268 2277 272 
4587 453 2310 1815 
4588 2107 2242 1769 
4589 1858 2271 1105 
4590 1342 2423 1822 
4591 501 2231 178 
4592 372 2232 1742 
4593 2068 2207 1465 
4594 1162 2253 2035 
4595 879 2252 1806 
4596 1940 2344 782 
4597 1562 2390 1890 
4598 1890 2390 1217 
4599 1252 2373 2042 
4600 1712 2254 1748 
4601 1835 2220 1244 
4602 2190 2244 1223 
4603 2043 2151 1473 
4604 1911 2177 1888 
4605 642 2243 672 
4606 1664 2236 1867 
4607 213 2369 1794 
4608 1327 2235 1329 
4609 1838 2392 1606 
4610 1285 2280 1264 
4611 1715 2251 389 
4612 2045 2355 1808 
4613 1437 2119 2103 
4614 1874 2211 292 
4615 1754 2212 1981 
4616 1425 2273 2234 
4617 1580 2310 2046 
4618 2200 2398 413 
4619 1436 2274 1739 
4620 1335 2221 1793 
4621 2206 2215 961 
4622 2301 2399 1389 
4623 1219 2261 2194 
4624 1910 2253 1162 
4625 1168 2206 1927 
4626 2196 2269 1717 
4627 1221 2261 1219 
4628 919 2177 1911 
4629 1525 2368 1929 
4630 1847 2327 1429 
4631 1269 2249 1270 
4632 870 2291 1075 
4633 683 2250 679 
4634 1454 2343 1824 
4635 343 2247 1716 
4636 1295 2361 1852 
4637 1422 2313 2099 
4638 2228 2355 382 
4639 2208 2364 1290 
4640 2126 2192 414 
4641 1717 2269 343 
4642 1467 2341 2303 
4643 1971 2322 668 
4644 296 2276 1731 
4645 2080 2380 1828 
4646 1741 2237 1740 
4647 961 2215 1901 
4648 1425 2234 1864 
4649 1398 2374 2174 
4650 1340 2383 2325 
4651 520 2279 2103 
4652 1352 2323 1353 
4653 757 2197 2039 
4654 1457 2353 1456 
4655 2061 2066 1388 
4656 1367 2420 2164 
4657 1264 2280 2124 
4658 2087 2200 413 
4659 1726 2286 499 
4660 1139 2330 1791 
4661 298 2253 1910 
4662 2102 2410 1117 
4663 1397 2174 2029 
4664 2014 2245 1713 
4665 897 2332 1168 
4666 1450 2414 2170 
4667 238 2356 2110 
4668 2153 2221 1335 
4669 1426 2321 1873 
4670 500 2288 1825 
4671 1927 2206 961 
4672 1827 2262 1591 
4673 2129 2193 1584 
4674 1705 2279 520 
4675 1290 2364 1292 
4676 1739 2274 434 
4677 1989 2238 1891 
4678 1214 2375 1360 
4679 875 2296 1850 
4680 1289 2201 1992 
4681 498 2319 1680 
4682 2122 2189 1603 
4683 1746 2248 1733 
4684 1707 2321 2144 
4685 1709 2302 517 
4686 286 2290 1913 
4687 1144 2272 1143 
4688 1708 2313 508 
4689 1160 2309 1845 
4690 1999 2228 382 
4691 2144 2321 1426 
4692 1565 2376 1059 
4693 1249 2348 977 
4694 2014 2140 1396 
4695 1480 2360 1485 
4696 2261 2287 983 
4697 676 2361 2111 
4698 1983 2418 1495 
4699 1715 2337 2251 
4700 1238 2354 1313 
4701 1811 2396 2003 
4702 1382 2412 2336 
4703 2088 2389 1260 
4704 1966 2239 924 
4705 783 2227 1998 
4706 1737 2294 504 
4707 1802 2303 1182 
4708 1794 2369 1229 
4709 1964 2270 1693 
4710 1347 2163 2153 
4711 1552 2398 2200 
4712 2052 2301 1389 
4713 1721 2308 2002 
4714 1325 2325 1327 
4715 737 2181 2149 
4716 903 2401 1099 
4717 1329 2318 1331 
4718 1917 2224 1937 
4719 2205 2320 511 
4720 543 2396 1811 
4721 511 2320 1710 
4722 1613 2427 1611 
4723 269 2306 1995 
4724 2087 2417 1608 
4725 710 2318 2235 
4726 1322 2276 2090 
4727 1313 2354 2078 
4728 414 2192 2034 
4729 1273 2204 2109 
4730 359 2386 383 
4731 1277 2365 1278 
4732 343 2269 2247 
4733 2137 2249 1269 
4734 1453 2387 1998 
4735 508 2337 1715 
4736 1555 2232 1981 
4737 357 2312 1709 
4738 1846 2340 1249 
4739 1537 2355 2228 
4740 2130 2312 357 
4741 1252 2352 1250 
4742 1182 2341 1140 
4743 564 2282 1870 
4744 399 2417 401 
4745 129 2377 396 
4746 1459 2395 1689 
4747 1284 2380 2080 
4748 2117 2423 1342 
4749 1360 2375 2055 
4750 1485 2360 2259 
4751 1510 2349 2281 
4752 1369 2373 1252 
4753 1995 2306 1245 
4754 1498 2406 2281 
4755 1327 2325 2235 
4756 2180 2331 234 
4757 1535 2192 2126 
4758 2281 2406 1483 
4759 518 2333 1919 
4760 2021 2344 1207 
4761 1896 2411 879 
4762 2235 2318 1329 
4763 1275 2409 1277 
4764 1982 2283 415 
4765 924 2239 2187 
4766 1176 2393 1613 
4767 1753 2349 516 
4768 1260 2389 1809 
4769 1920 2301 1745 
4770 824 2394 1866 
4771 1339 2366 1457 
4772 1380 2319 2112 
4773 2302 2312 1293 
4774 1684 2342 2179 
4775 1360 2256 2008 
4776 857 2238 1989 
4777 2303 2341 1182 
4778 1937 2224 2126 
4779 1755 2424 2101 
4780 1998 2387 783 
4781 2313 2337 508 
4782 1038 2380 1884 
4783 506 2416 1704 
4784 2150 2248 1746 
4785 1788 2332 2096 
4786 2194 2197 1201 
4787 1642 2292 2072 
4788 1528 2244 2190 
4789 504 2384 1736 
4790 1414 2338 2005 
4791 1725 2331 2300 
4792 2071 2217 1185 
4793 1441 2285 2067 
4794 503 2368 2023 
4795 1164 2413 2031 
4796 2111 2361 1295 
4797 1114 2414 1936 
4798 1960 2372 1268 
4799 2040 2357 1257 
4800 396 2377 2182 
4801 2294 2384 504 
4802 2181 2338 1414 
4803 1508 2328 2238 
4804 1872 2321 1707 
4805 1866 2394 2347 
4806 756 2422 1980 
4807 382 2355 2045 
4808 1830 2357 2040 
4809 639 2221 2153 
4810 2103 2279 1439 
4811 2311 2359 1592 
4812 2003 2396 1506 
4813 2153 2163 639 
4814 1493 2410 2102 
4815 1948 2392 1216 
4816 2182 2377 1605 
4817 692 2351 2016 
4818 1461 2320 2205 
4819 1498 2281 2002 
4820 2259 2360 1488 
4821 413 2398 1982 
4822 2110 2356 1170 
4823 2068 2418 311 
4824 782 2344 2021 
4825 1097 2359 2108 
4826 2174 2374 800 
4827 2243 2270 672 
4828 1347 2326 2163 
4829 2235 2325 1455 
4830 2126 2224 1843 
4831 1292 2364 2195 
4832 1209 2331 2180 
4833 2084 2388 904 
4834 1221 2287 2261 
4835 493 2381 2074 
4836 2147 2422 756 
4837 2183 2319 1380 
4838 2325 2383 1455 
4839 1266 2317 2091 
4840 2275 2425 1507 
4841 1543 2384 2294 
4842 1866 2347 2167 
4843 1574 2270 2243 
4844 737 2338 2181 
4845 2138 2334 226 
4846 1511 2397 2149 
4847 1434 2415 2011 
4848 1369 2402 2373 
4849 2203 2385 326 
4850 1726 2329 2286 
4851 2128 2404 1781 
4852 2238 2328 1891 
4853 2286 2329 1494 
4854 2064 2400 1225 
4855 2101 2424 1462 
4856 2195 2364 812 
4857 2373 2402 535 
4858 2342 2343 1454 
4859 1077 2343 2342 
4860 1202 2425 2275 
4861 1506 2225 1237 
$EndElements
