$MeshFormat
4.1 0 8
$EndMeshFormat
$Entities
5 5 1 0
1 0 0 0 0 
2 1 0 0 0 
3 1 1 0 0 
4 0 1 0 0 
5 0.6 0.5 0 0 
1 -9.999999994736442e-08 -1e-07 -1e-07 1.0000001 1e-07 1e-07 0 2 1 -2 
2 0.9999999000000001 -9.999999994736442e-08 -1e-07 1.0000001 1.0000001 1e-07 0 2 2 -3 
3 -9.999999994736442e-08 0.9999999000000001 -1e-07 1.0000001 1.0000001 1e-07 0 2 3 -4 
4 -1e-07 -9.999999994736442e-08 -1e-07 1e-07 1.0000001 1e-07 0 2 4 -1 
5 0.3999999 0.3999999 -1e-07 0.6000000999999999 0.6000000999999999 1e-07 0 2 5 -5 
1 -9.999999994736442e-08 -9.999999994736442e-08 -1e-07 1.0000001 1.0000001 1e-07 0 5 1 2 3 4 5 
$EndEntities
$Nodes
11 8976 1 8976
0 1 0 1
1
0 0 0
0 2 0 1
2
1 0 0
0 3 0 1
3
1 1 0
0 4 0 1
4
0 1 0
0 5 0 1
5
0.6 0.5 0
1 1 0 49
6
7
8
9
10
11
12
13
14
15
16
17
18
19
20
21
22
23
24
25
26
27
28
29
30
31
32
33
34
35
36
37
38
39
40
41
42
43
44
45
46
47
48
49
50
51
52
53
54
0.02 0 0
0.04 0 0
0.06 0 0
0.08 0 0
0.1 0 0
0.12 0 0
0.14 0 0
0.16 0 0
0.18 0 0
0.2 0 0
0.22 0 0
0.24 0 0
0.26 0 0
0.28 0 0
0.3 0 0
0.32 0 0
0.34 0 0
0.36 0 0
0.38 0 0
0.4 0 0
0.42 0 0
0.44 0 0
0.46 0 0
0.48 0 0
0.5 0 0
0.52 0 0
0.54 0 0
0.5600000000000001 0 0
0.58 0 0
0.6 0 0
0.62 0 0
0.64 0 0
0.66 0 0
0.68 0 0
0.7 0 0
0.72 0 0
0.74 0 0
0.76 0 0
0.78 0 0
0.8 0 0
0.82 0 0
0.84 0 0
0.86 0 0
0.88 0 0
0.9 0 0
0.92 0 0
0.9399999999999999 0 0
0.96 0 0
0.98 0 0
1 2 0 49
55
56
57
58
59
60
61
62
63
64
65
66
67
68
69
70
71
72
73
74
75
76
77
78
79
80
81
82
83
84
85
86
87
88
89
90
91
92
93
94
95
96
97
98
99
100
101
102
103
1 0.02 0
1 0.04 0
1 0.06 0
1 0.08 0
1 0.1 0
1 0.12 0
1 0.14 0
1 0.16 0
1 0.18 0
1 0.2 0
1 0.22 0
1 0.24 0
1 0.26 0
1 0.28 0
1 0.3 0
1 0.32 0
1 0.34 0
1 0.36 0
1 0.38 0
1 0.4 0
1 0.42 0
1 0.44 0
1 0.46 0
1 0.48 0
1 0.5 0
1 0.52 0
1 0.54 0
1 0.5600000000000001 0
1 0.58 0
1 0.6 0
1 0.62 0
1 0.64 0
1 0.66 0
1 0.68 0
1 0.7 0
1 0.72 0
1 0.74 0
1 0.76 0
1 0.78 0
1 0.8 0
1 0.82 0
1 0.84 0
1 0.86 0
1 0.88 0
1 0.9 0
1 0.92 0
1 0.9399999999999999 0
1 0.96 0
1 0.98 0
1 3 0 49
104
105
106
107
108
109
110
111
112
113
114
115
116
117
118
119
120
121
122
123
124
125
126
127
128
129
130
131
132
133
134
135
136
137
138
139
140
141
142
143
144
145
146
147
148
149
150
151
152
0.98 1 0
0.96 1 0
0.9399999999999999 1 0
0.92 1 0
0.9 1 0
0.88 1 0
0.86 1 0
0.84 1 0
0.8200000000000001 1 0
0.8 1 0
0.78 1 0
0.76 1 0
0.74 1 0
0.72 1 0
0.7 1 0
0.6799999999999999 1 0
0.6599999999999999 1 0
0.64 1 0
0.62 1 0
0.6 1 0
0.5800000000000001 1 0
0.5600000000000001 1 0
0.54 1 0
0.52 1 0
0.5 1 0
0.48 1 0
0.46 1 0
0.4399999999999999 1 0
0.42 1 0
0.4 1 0
0.38 1 0
0.36 1 0
0.34 1 0
0.32 1 0
0.3 1 0
0.28 1 0
0.26 1 0
0.24 1 0
0.22 1 0
0.2 1 0
0.18 1 0
0.16 1 0
0.14 1 0
0.12 1 0
0.09999999999999998 1 0
0.07999999999999996 1 0
0.06000000000000005 1 0
0.04000000000000004 1 0
0.02000000000000002 1 0
1 4 0 49
153
154
155
156
157
158
159
160
161
162
163
164
165
166
167
168
169
170
171
172
173
174
175
176
177
178
179
180
181
182
183
184
185
186
187
188
189
190
191
192
193
194
195
196
197
198
199
200
201
0 0.98 0
0 0.96 0
0 0.9399999999999999 0
0 0.92 0
0 0.9 0
0 0.88 0
0 0.86 0
0 0.84 0
0 0.8200000000000001 0
0 0.8 0
0 0.78 0
0 0.76 0
0 0.74 0
0 0.72 0
0 0.7 0
0 0.6799999999999999 0
0 0.6599999999999999 0
0 0.64 0
0 0.62 0
0 0.6 0
0 0.5800000000000001 0
0 0.5600000000000001 0
0 0.54 0
0 0.52 0
0 0.5 0
0 0.48 0
0 0.46 0
0 0.4399999999999999 0
0 0.42 0
0 0.4 0
0 0.38 0
0 0.36 0
0 0.34 0
0 0.32 0
0 0.3 0
0 0.28 0
0 0.26 0
0 0.24 0
0 0.22 0
0 0.2 0
0 0.18 0
0 0.16 0
0 0.14 0
0 0.12 0
0 0.09999999999999998 0
0 0.07999999999999996 0
0 0.06000000000000005 0
0 0.04000000000000004 0
0 0.02000000000000002 0
1 5 0 222
202
203
204
205
206
207
208
209
210
211
212
213
214
215
216
217
218
219
220
221
222
223
224
225
226
227
228
229
230
231
232
233
234
235
236
237
238
239
240
241
242
243
244
245
246
247
248
249
250
251
252
253
254
255
256
257
258
259
260
261
262
263
264
265
266
267
268
269
270
271
272
273
274
275
276
277
278
279
280
281
282
283
284
285
286
287
288
289
290
291
292
293
294
295
296
297
298
299
300
301
302
303
304
305
306
307
308
309
310
311
312
313
314
315
316
317
318
319
320
321
322
323
324
325
326
327
328
329
330
331
332
333
334
335
336
337
338
339
340
341
342
343
344
345
346
347
348
349
350
351
352
353
354
355
356
357
358
359
360
361
362
363
364
365
366
367
368
369
370
371
372
373
374
375
376
377
378
379
380
381
382
383
384
385
386
387
388
389
390
391
392
393
394
395
396
397
398
399
400
401
402
403
404
405
406
407
408
409
410
411
412
413
414
415
416
417
418
419
420
421
422
423
0.599960309069213 0.5028171991032604 0
0.5998412677842517 0.5056321618614283 0
0.5996429706423043 0.5084426537046639 0
0.5993655750553335 0.5112464436122224 0
0.5990093012251199 0.5140413058834807 0
0.5985744319684625 0.5168250219047393 0
0.5980613124926726 0.5195953819103998 0
0.597470350121542 0.5223501867371173 0
0.5968020139720024 0.5250872495695376 0
0.5960568345817306 0.5278043976762318 0
0.5952354034879989 0.5304994741344512 0
0.5943383727581009 0.5331703395423324 0
0.5933664544717288 0.5358148737171945 0
0.5923204201557115 0.5384309773785796 0
0.5912011001715617 0.5410165738147004 0
0.5900093830563198 0.5435696105309733 0
0.5887462148172165 0.5460880608793262 0
0.5874125981807148 0.5485699256669896 0
0.5860095917965271 0.5510132347434936 0
0.5845383093972392 0.553416048564609 0
0.5829999189142085 0.5557764597319946 0
0.5813956415504389 0.558092594507325 0
0.5797267508111663 0.5603626142996987 0
0.5779945714929275 0.5625847171251466 0
0.576200478631911 0.5647571390370798 0
0.5743458964124282 0.5668781555265432 0
0.5724322970363692 0.5689460828911634 0
0.5704611995545421 0.5709592795717022 0
0.5684341686608212 0.5729161474551576 0
0.5663528134500646 0.574815133143375 0
0.5642187861407847 0.5766547291861641 0
0.562033780763586 0.5784334752779408 0
0.5597995318164124 0.5801499594169447 0
0.5575178128876705 0.5818028190261125 0
0.5551904352483217 0.5833907420347175 0
0.552819246414062 0.584912467919915 0
0.5504061286787294 0.5863667887073692 0
0.5479529976201044 0.5877525499301659 0
0.5454618005792879 0.5890686515452495 0
0.5429345151148666 0.5903140488066574 0
0.5403731474330893 0.5914877530948599 0
0.5377797307953036 0.5925888327015434 0
0.535156323903915 0.5936164135692188 0
0.5325050092681505 0.5945696799850642 0
0.529827891550924 0.5954478752284529 0
0.5271270958981162 0.5962503021716524 0
0.5244047662515936 0.5969763238332175 0
0.5216630636473076 0.5976253638836379 0
0.5189041644998245 0.5981969071028389 0
0.5161302588746464 0.5986904997891737 0
0.5133435487496969 0.5991057501195791 0
0.5105462462673498 0.5994423284606128 0
0.5077405719783896 0.599699967630122 0
0.5049287530792964 0.5998784631093377 0
0.5021130216442565 0.5999776732052257 0
0.4992956128532999 0.5999975191629651 0
0.4964787632179731 0.5999379852284651 0
0.4936647088059543 0.5997991186608712 0
0.4908556834660214 0.5995810296950499 0
0.4880539170547815 0.5992838914540821 0
0.4852616336665685 0.598907939811835 0
0.4824810498679167 0.5984534732057207 0
0.479714372938008 0.5979208523997916 0
0.476963799116493 0.5973105001983584 0
0.4742315118600753 0.5966229011103608 0
0.4715196801092424 0.595858600964755 0
0.4688304565665212 0.5950182064772246 0
0.4661659759876215 0.5941023847685583 0
0.4635283534868282 0.5931118628350773 0
0.4609196828579838 0.5920474269715316 0
0.4583420349123957 0.5909099221469249 0
0.455797455834988 0.5897002513337626 0
0.4532879655600015 0.5884193747912548 0
0.4508155561675327 0.5870683093030459 0
0.4483821903021828 0.5856481273700711 0
0.4459897996150747 0.5841599563591867 0
0.4436402832304721 0.5826049776082446 0
0.4413355062382189 0.5809844254883243 0
0.4390772982131967 0.5792995864238663 0
0.4368674517629741 0.5775517978714846 0
0.4347077211048012 0.5757424472582684 0
0.4325998206730793 0.5738729708804169 0
0.4305454237584113 0.5719448527630806 0
0.4285461611793122 0.5699596234823142 0
0.4266036199876351 0.5679188589500774 0
0.4247193422087396 0.5658241791632463 0
0.4228948236174041 0.5636772469176297 0
0.4211315125504509 0.5614797664880107 0
0.4194308087570304 0.5592334822752622 0
0.4177940622874737 0.5569401774216085 0
0.4162225724215975 0.5546016723951339 0
0.414717586637312 0.5522198235446617 0
0.4132802996203488 0.549796521626149 0
0.4119118523158984 0.5473336903017704 0
0.4106133310229058 0.5448332846128786 0
0.4093857665317461 0.5422972894280563 0
0.4082301333059644 0.5397277178674907 0
0.4071473487087285 0.5371266097049211 0
0.4061382722746084 0.5344960297484284 0
0.4052037050272622 0.5318380662013521 0
0.4043443888435685 0.5291548290046362 0
0.4035610058647108 0.5264484481619177 0
0.4028541779546808 0.5237210720486907 0
0.4022244662066318 0.5209748657068863 0
0.4016723704974718 0.5182120091262211 0
0.4011983290910526 0.5154346955136815 0
0.400802718290267 0.5126451295525147 0
0.4004858521383335 0.5098455256521108 0
0.400247982169502 0.5070381061901625 0
0.4000892972093819 0.5042250997485009 0
0.4000099232250487 0.5014087393440056 0
0.4000099232250487 0.4985912606559944 0
0.4000892972093819 0.495774900251499 0
0.400247982169502 0.4929618938098374 0
0.4004858521383335 0.4901544743478891 0
0.400802718290267 0.4873548704474852 0
0.4011983290910526 0.4845653044863185 0
0.4016723704974718 0.4817879908737789 0
0.4022244662066318 0.4790251342931137 0
0.4028541779546808 0.4762789279513092 0
0.4035610058647108 0.4735515518380823 0
0.4043443888435685 0.4708451709953638 0
0.4052037050272622 0.4681619337986478 0
0.4061382722746084 0.4655039702515716 0
0.4071473487087285 0.4628733902950789 0
0.4082301333059644 0.4602722821325093 0
0.4093857665317461 0.4577027105719436 0
0.4106133310229058 0.4551667153871214 0
0.4119118523158984 0.4526663096982295 0
0.4132802996203488 0.4502034783738509 0
0.414717586637312 0.4477801764553383 0
0.4162225724215976 0.445398327604866 0
0.4177940622874737 0.4430598225783915 0
0.4194308087570305 0.4407665177247378 0
0.4211315125504509 0.4385202335119893 0
0.422894823617404 0.4363227530823703 0
0.4247193422087396 0.4341758208367537 0
0.426603619987635 0.4320811410499226 0
0.4285461611793122 0.4300403765176858 0
0.4305454237584113 0.4280551472369195 0
0.4325998206730792 0.4261270291195831 0
0.434707721104801 0.4242575527417317 0
0.436867451762974 0.4224482021285155 0
0.4390772982131966 0.4207004135761339 0
0.4413355062382187 0.4190155745116758 0
0.443640283230472 0.4173950223917555 0
0.4459897996150746 0.4158400436408134 0
0.4483821903021826 0.414351872629929 0
0.4508155561675326 0.4129316906969542 0
0.4532879655600014 0.4115806252087452 0
0.4557974558349879 0.4102997486662375 0
0.4583420349123957 0.4090900778530752 0
0.4609196828579836 0.4079525730284685 0
0.4635283534868281 0.4068881371649228 0
0.4661659759876214 0.4058976152314417 0
0.4688304565665211 0.4049817935227755 0
0.4715196801092424 0.404141399035245 0
0.4742315118600752 0.4033770988896392 0
0.4769637991164929 0.4026894998016416 0
0.4797143729380079 0.4020791476002084 0
0.4824810498679166 0.4015465267942792 0
0.4852616336665684 0.401092060188165 0
0.4880539170547814 0.4007161085459179 0
0.4908556834660213 0.4004189703049501 0
0.4936647088059541 0.4002008813391288 0
0.4964787632179731 0.4000620147715349 0
0.4992956128532999 0.4000024808370349 0
0.5021130216442564 0.4000223267947743 0
0.5049287530792964 0.4001215368906623 0
0.5077405719783895 0.400300032369878 0
0.5105462462673497 0.4005576715393872 0
0.5133435487496968 0.4008942498804208 0
0.5161302588746464 0.4013095002108263 0
0.5189041644998245 0.4018030928971611 0
0.5216630636473075 0.4023746361163621 0
0.5244047662515935 0.4030236761667824 0
0.5271270958981161 0.4037496978283475 0
0.5298278915509239 0.4045521247715471 0
0.5325050092681504 0.4054303200149357 0
0.5351563239039149 0.4063835864307812 0
0.5377797307953035 0.4074111672984566 0
0.5403731474330893 0.4085122469051401 0
0.5429345151148665 0.4096859511933426 0
0.5454618005792878 0.4109313484547505 0
0.5479529976201043 0.412247450069834 0
0.5504061286787294 0.4136332112926307 0
0.5528192464140619 0.4150875320800849 0
0.5551904352483217 0.4166092579652824 0
0.5575178128876704 0.4181971809738874 0
0.5597995318164124 0.4198500405830553 0
0.562033780763586 0.4215665247220592 0
0.5642187861407846 0.4233452708138358 0
0.5663528134500645 0.4251848668566249 0
0.5684341686608211 0.4270838525448424 0
0.570461199554542 0.4290407204282976 0
0.5724322970363691 0.4310539171088365 0
0.5743458964124281 0.4331218444734567 0
0.5762004786319108 0.4352428609629201 0
0.5779945714929275 0.4374152828748533 0
0.5797267508111663 0.4396373857003013 0
0.5813956415504388 0.4419074054926749 0
0.5829999189142084 0.4442235402680053 0
0.5845383093972392 0.4465839514353909 0
0.586009591796527 0.4489867652565063 0
0.5874125981807148 0.4514300743330103 0
0.5887462148172165 0.4539119391206738 0
0.5900093830563197 0.4564303894690266 0
0.5912011001715617 0.4589834261852995 0
0.5923204201557115 0.4615690226214204 0
0.5933664544717288 0.4641851262828053 0
0.5943383727581008 0.4668296604576675 0
0.5952354034879989 0.4695005258655487 0
0.5960568345817305 0.4721956023237681 0
0.5968020139720024 0.4749127504304624 0
0.597470350121542 0.4776498132628826 0
0.5980613124926726 0.4804046180896001 0
0.5985744319684625 0.4831749780952606 0
0.5990093012251199 0.4859586941165192 0
0.5993655750553334 0.4887535563877775 0
0.5996429706423043 0.491557346295336 0
0.5998412677842517 0.4943678381385715 0
0.599960309069213 0.4971828008967395 0
2 1 0 8553
424
425
426
427
428
429
430
431
432
433
434
435
436
437
438
439
440
441
442
443
444
445
446
447
448
449
450
451
452
453
454
455
456
457
458
459
460
461
462
463
464
465
466
467
468
469
470
471
472
473
474
475
476
477
478
479
480
481
482
483
484
485
486
487
488
489
490
491
492
493
494
495
496
497
498
499
500
501
502
503
504
505
506
507
508
509
510
511
512
513
514
515
516
517
518
519
520
521
522
523
524
525
526
527
528
529
530
531
532
533
534
535
536
537
538
539
540
541
542
543
544
545
546
547
548
549
550
551
552
553
554
555
556
557
558
559
560
561
562
563
564
565
566
567
568
569
570
571
572
573
574
575
576
577
578
579
580
581
582
583
584
585
586
587
588
589
590
591
592
593
594
595
596
597
598
599
600
601
602
603
604
605
606
607
608
609
610
611
612
613
614
615
616
617
618
619
620
621
622
623
624
625
626
627
628
629
630
631
632
633
634
635
636
637
638
639
640
641
642
643
644
645
646
647
648
649
650
651
652
653
654
655
656
657
658
659
660
661
662
663
664
665
666
667
668
669
670
671
672
673
674
675
676
677
678
679
680
681
682
683
684
685
686
687
688
689
690
691
692
693
694
695
696
697
698
699
700
701
702
703
704
705
706
707
708
709
710
711
712
713
714
715
716
717
718
719
720
721
722
723
724
725
726
727
728
729
730
731
732
733
734
735
736
737
738
739
740
741
742
743
744
745
746
747
748
749
750
751
752
753
754
755
756
757
758
759
760
761
762
763
764
765
766
767
768
769
770
771
772
773
774
775
776
777
778
779
780
781
782
783
784
785
786
787
788
789
790
791
792
793
794
795
796
797
798
799
800
801
802
803
804
805
806
807
808
809
810
811
812
813
814
815
816
817
818
819
820
821
822
823
824
825
826
827
828
829
830
831
832
833
834
835
836
837
838
839
840
841
842
843
844
845
846
847
848
849
850
851
852
853
854
855
856
857
858
859
860
861
862
863
864
865
866
867
868
869
870
871
872
873
874
875
876
877
878
879
880
881
882
883
884
885
886
887
888
889
890
891
892
893
894
895
896
897
898
899
900
901
902
903
904
905
906
907
908
909
910
911
912
913
914
915
916
917
918
919
920
921
922
923
924
925
926
927
928
929
930
931
932
933
934
935
936
937
938
939
940
941
942
943
944
945
946
947
948
949
950
951
952
953
954
955
956
957
958
959
960
961
962
963
964
965
966
967
968
969
970
971
972
973
974
975
976
977
978
979
980
981
982
983
984
985
986
987
988
989
990
991
992
993
994
995
996
997
998
999
1000
1001
1002
1003
1004
1005
1006
1007
1008
1009
1010
1011
1012
1013
1014
1015
1016
1017
1018
1019
1020
1021
1022
1023
1024
1025
1026
1027
1028
1029
1030
1031
1032
1033
1034
1035
1036
1037
1038
1039
1040
1041
1042
1043
1044
1045
1046
1047
1048
1049
1050
1051
1052
1053
1054
1055
1056
1057
1058
1059
1060
1061
1062
1063
1064
1065
1066
1067
1068
1069
1070
1071
1072
1073
1074
1075
1076
1077
1078
1079
1080
1081
1082
1083
1084
1085
1086
1087
1088
1089
1090
1091
1092
1093
1094
1095
1096
1097
1098
1099
1100
1101
1102
1103
1104
1105
1106
1107
1108
1109
1110
1111
1112
1113
1114
1115
1116
1117
1118
1119
1120
1121
1122
1123
1124
1125
1126
1127
1128
1129
1130
1131
1132
1133
1134
1135
1136
1137
1138
1139
1140
1141
1142
1143
1144
1145
1146
1147
1148
1149
1150
1151
1152
1153
1154
1155
1156
1157
1158
1159
1160
1161
1162
1163
1164
1165
1166
1167
1168
1169
1170
1171
1172
1173
1174
1175
1176
1177
1178
1179
1180
1181
1182
1183
1184
1185
1186
1187
1188
1189
1190
1191
1192
1193
1194
1195
1196
1197
1198
1199
1200
1201
1202
1203
1204
1205
1206
1207
1208
1209
1210
1211
1212
1213
1214
1215
1216
1217
1218
1219
1220
1221
1222
1223
1224
1225
1226
1227
1228
1229
1230
1231
1232
1233
1234
1235
1236
1237
1238
1239
1240
1241
1242
1243
1244
1245
1246
1247
1248
1249
1250
1251
1252
1253
1254
1255
1256
1257
1258
1259
1260
1261
1262
1263
1264
1265
1266
1267
1268
1269
1270
1271
1272
1273
1274
1275
1276
1277
1278
1279
1280
1281
1282
1283
1284
1285
1286
1287
1288
1289
1290
1291
1292
1293
1294
1295
1296
1297
1298
1299
1300
1301
1302
1303
1304
1305
1306
1307
1308
1309
1310
1311
1312
1313
1314
1315
1316
1317
1318
1319
1320
1321
1322
1323
1324
1325
1326
1327
1328
1329
1330
1331
1332
1333
1334
1335
1336
1337
1338
1339
1340
1341
1342
1343
1344
1345
1346
1347
1348
1349
1350
1351
1352
1353
1354
1355
1356
1357
1358
1359
1360
1361
1362
1363
1364
1365
1366
1367
1368
1369
1370
1371
1372
1373
1374
1375
1376
1377
1378
1379
1380
1381
1382
1383
1384
1385
1386
1387
1388
1389
1390
1391
1392
1393
1394
1395
1396
1397
1398
1399
1400
1401
1402
1403
1404
1405
1406
1407
1408
1409
1410
1411
1412
1413
1414
1415
1416
1417
1418
1419
1420
1421
1422
1423
1424
1425
1426
1427
1428
1429
1430
1431
1432
1433
1434
1435
1436
1437
1438
1439
1440
1441
1442
1443
1444
1445
1446
1447
1448
1449
1450
1451
1452
1453
1454
1455
1456
1457
1458
1459
1460
1461
1462
1463
1464
1465
1466
1467
1468
1469
1470
1471
1472
1473
1474
1475
1476
1477
1478
1479
1480
1481
1482
1483
1484
1485
1486
1487
1488
1489
1490
1491
1492
1493
1494
1495
1496
1497
1498
1499
1500
1501
1502
1503
1504
1505
1506
1507
1508
1509
1510
1511
1512
1513
1514
1515
1516
1517
1518
1519
1520
1521
1522
1523
1524
1525
1526
1527
1528
1529
1530
1531
1532
1533
1534
1535
1536
1537
1538
1539
1540
1541
1542
1543
1544
1545
1546
1547
1548
1549
1550
1551
1552
1553
1554
1555
1556
1557
1558
1559
1560
1561
1562
1563
1564
1565
1566
1567
1568
1569
1570
1571
1572
1573
1574
1575
1576
1577
1578
1579
1580
1581
1582
1583
1584
1585
1586
1587
1588
1589
1590
1591
1592
1593
1594
1595
1596
1597
1598
1599
1600
1601
1602
1603
1604
1605
1606
1607
1608
1609
1610
1611
1612
1613
1614
1615
1616
1617
1618
1619
1620
1621
1622
1623
1624
1625
1626
1627
1628
1629
1630
1631
1632
1633
1634
1635
1636
1637
1638
1639
1640
1641
1642
1643
1644
1645
1646
1647
1648
1649
1650
1651
1652
1653
1654
1655
1656
1657
1658
1659
1660
1661
1662
1663
1664
1665
1666
1667
1668
1669
1670
1671
1672
1673
1674
1675
1676
1677
1678
1679
1680
1681
1682
1683
1684
1685
1686
1687
1688
1689
1690
1691
1692
1693
1694
1695
1696
1697
1698
1699
1700
1701
1702
1703
1704
1705
1706
1707
1708
1709
1710
1711
1712
1713
1714
1715
1716
1717
1718
1719
1720
1721
1722
1723
1724
1725
1726
1727
1728
1729
1730
1731
1732
1733
1734
1735
1736
1737
1738
1739
1740
1741
1742
1743
1744
1745
1746
1747
1748
1749
1750
1751
1752
1753
1754
1755
1756
1757
1758
1759
1760
1761
1762
1763
1764
1765
1766
1767
1768
1769
1770
1771
1772
1773
1774
1775
1776
1777
1778
1779
1780
1781
1782
1783
1784
1785
1786
1787
1788
1789
1790
1791
1792
1793
1794
1795
1796
1797
1798
1799
1800
1801
1802
1803
1804
1805
1806
1807
1808
1809
1810
1811
1812
1813
1814
1815
1816
1817
1818
1819
1820
1821
1822
1823
1824
1825
1826
1827
1828
1829
1830
1831
1832
1833
1834
1835
1836
1837
1838
1839
1840
1841
1842
1843
1844
1845
1846
1847
1848
1849
1850
1851
1852
1853
1854
1855
1856
1857
1858
1859
1860
1861
1862
1863
1864
1865
1866
1867
1868
1869
1870
1871
1872
1873
1874
1875
1876
1877
1878
1879
1880
1881
1882
1883
1884
1885
1886
1887
1888
1889
1890
1891
1892
1893
1894
1895
1896
1897
1898
1899
1900
1901
1902
1903
1904
1905
1906
1907
1908
1909
1910
1911
1912
1913
1914
1915
1916
1917
1918
1919
1920
1921
1922
1923
1924
1925
1926
1927
1928
1929
1930
1931
1932
1933
1934
1935
1936
1937
1938
1939
1940
1941
1942
1943
1944
1945
1946
1947
1948
1949
1950
1951
1952
1953
1954
1955
1956
1957
1958
1959
1960
1961
1962
1963
1964
1965
1966
1967
1968
1969
1970
1971
1972
1973
1974
1975
1976
1977
1978
1979
1980
1981
1982
1983
1984
1985
1986
1987
1988
1989
1990
1991
1992
1993
1994
1995
1996
1997
1998
1999
2000
2001
2002
2003
2004
2005
2006
2007
2008
2009
2010
2011
2012
2013
2014
2015
2016
2017
2018
2019
2020
2021
2022
2023
2024
2025
2026
2027
2028
2029
2030
2031
2032
2033
2034
2035
2036
2037
2038
2039
2040
2041
2042
2043
2044
2045
2046
2047
2048
2049
2050
2051
2052
2053
2054
2055
2056
2057
2058
2059
2060
2061
2062
2063
2064
2065
2066
2067
2068
2069
2070
2071
2072
2073
2074
2075
2076
2077
2078
2079
2080
2081
2082
2083
2084
2085
2086
2087
2088
2089
2090
2091
2092
2093
2094
2095
2096
2097
2098
2099
2100
2101
2102
2103
2104
2105
2106
2107
2108
2109
2110
2111
2112
2113
2114
2115
2116
2117
2118
2119
2120
2121
2122
2123
2124
2125
2126
2127
2128
2129
2130
2131
2132
2133
2134
2135
2136
2137
2138
2139
2140
2141
2142
2143
2144
2145
2146
2147
2148
2149
2150
2151
2152
2153
2154
2155
2156
2157
2158
2159
2160
2161
2162
2163
2164
2165
2166
2167
2168
2169
2170
2171
2172
2173
2174
2175
2176
2177
2178
2179
2180
2181
2182
2183
2184
2185
2186
2187
2188
2189
2190
2191
2192
2193
2194
2195
2196
2197
2198
2199
2200
2201
2202
2203
2204
2205
2206
2207
2208
2209
2210
2211
2212
2213
2214
2215
2216
2217
2218
2219
2220
2221
2222
2223
2224
2225
2226
2227
2228
2229
2230
2231
2232
2233
2234
2235
2236
2237
2238
2239
2240
2241
2242
2243
2244
2245
2246
2247
2248
2249
2250
2251
2252
2253
2254
2255
2256
2257
2258
2259
2260
2261
2262
2263
2264
2265
2266
2267
2268
2269
2270
2271
2272
2273
2274
2275
2276
2277
2278
2279
2280
2281
2282
2283
2284
2285
2286
2287
2288
2289
2290
2291
2292
2293
2294
2295
2296
2297
2298
2299
2300
2301
2302
2303
2304
2305
2306
2307
2308
2309
2310
2311
2312
2313
2314
2315
2316
2317
2318
2319
2320
2321
2322
2323
2324
2325
2326
2327
2328
2329
2330
2331
2332
2333
2334
2335
2336
2337
2338
2339
2340
2341
2342
2343
2344
2345
2346
2347
2348
2349
2350
2351
2352
2353
2354
2355
2356
2357
2358
2359
2360
2361
2362
2363
2364
2365
2366
2367
2368
2369
2370
2371
2372
2373
2374
2375
2376
2377
2378
2379
2380
2381
2382
2383
2384
2385
2386
2387
2388
2389
2390
2391
2392
2393
2394
2395
2396
2397
2398
2399
2400
2401
2402
2403
2404
2405
2406
2407
2408
2409
2410
2411
2412
2413
2414
2415
2416
2417
2418
2419
2420
2421
2422
2423
2424
2425
2426
2427
2428
2429
2430
2431
2432
2433
2434
2435
2436
2437
2438
2439
2440
2441
2442
2443
2444
2445
2446
2447
2448
2449
2450
2451
2452
2453
2454
2455
2456
2457
2458
2459
2460
2461
2462
2463
2464
2465
2466
2467
2468
2469
2470
2471
2472
2473
2474
2475
2476
2477
2478
2479
2480
2481
2482
2483
2484
2485
2486
2487
2488
2489
2490
2491
2492
2493
2494
2495
2496
2497
2498
2499
2500
2501
2502
2503
2504
2505
2506
2507
2508
2509
2510
2511
2512
2513
2514
2515
2516
2517
2518
2519
2520
2521
2522
2523
2524
2525
2526
2527
2528
2529
2530
2531
2532
2533
2534
2535
2536
2537
2538
2539
2540
2541
2542
2543
2544
2545
2546
2547
2548
2549
2550
2551
2552
2553
2554
2555
2556
2557
2558
2559
2560
2561
2562
2563
2564
2565
2566
2567
2568
2569
2570
2571
2572
2573
2574
2575
2576
2577
2578
2579
2580
2581
2582
2583
2584
2585
2586
2587
2588
2589
2590
2591
2592
2593
2594
2595
2596
2597
2598
2599
2600
2601
2602
2603
2604
2605
2606
2607
2608
2609
2610
2611
2612
2613
2614
2615
2616
2617
2618
2619
2620
2621
2622
2623
2624
2625
2626
2627
2628
2629
2630
2631
2632
2633
2634
2635
2636
2637
2638
2639
2640
2641
2642
2643
2644
2645
2646
2647
2648
2649
2650
2651
2652
2653
2654
2655
2656
2657
2658
2659
2660
2661
2662
2663
2664
2665
2666
2667
2668
2669
2670
2671
2672
2673
2674
2675
2676
2677
2678
2679
2680
2681
2682
2683
2684
2685
2686
2687
2688
2689
2690
2691
2692
2693
2694
2695
2696
2697
2698
2699
2700
2701
2702
2703
2704
2705
2706
2707
2708
2709
2710
2711
2712
2713
2714
2715
2716
2717
2718
2719
2720
2721
2722
2723
2724
2725
2726
2727
2728
2729
2730
2731
2732
2733
2734
2735
2736
2737
2738
2739
2740
2741
2742
2743
2744
2745
2746
2747
2748
2749
2750
2751
2752
2753
2754
2755
2756
2757
2758
2759
2760
2761
2762
2763
2764
2765
2766
2767
2768
2769
2770
2771
2772
2773
2774
2775
2776
2777
2778
2779
2780
2781
2782
2783
2784
2785
2786
2787
2788
2789
2790
2791
2792
2793
2794
2795
2796
2797
2798
2799
2800
2801
2802
2803
2804
2805
2806
2807
2808
2809
2810
2811
2812
2813
2814
2815
2816
2817
2818
2819
2820
2821
2822
2823
2824
2825
2826
2827
2828
2829
2830
2831
2832
2833
2834
2835
2836
2837
2838
2839
2840
2841
2842
2843
2844
2845
2846
2847
2848
2849
2850
2851
2852
2853
2854
2855
2856
2857
2858
2859
2860
2861
2862
2863
2864
2865
2866
2867
2868
2869
2870
2871
2872
2873
2874
2875
2876
2877
2878
2879
2880
2881
2882
2883
2884
2885
2886
2887
2888
2889
2890
2891
2892
2893
2894
2895
2896
2897
2898
2899
2900
2901
2902
2903
2904
2905
2906
2907
2908
2909
2910
2911
2912
2913
2914
2915
2916
2917
2918
2919
2920
2921
2922
2923
2924
2925
2926
2927
2928
2929
2930
2931
2932
2933
2934
2935
2936
2937
2938
2939
2940
2941
2942
2943
2944
2945
2946
2947
2948
2949
2950
2951
2952
2953
2954
2955
2956
2957
2958
2959
2960
2961
2962
2963
2964
2965
2966
2967
2968
2969
2970
2971
2972
2973
2974
2975
2976
2977
2978
2979
2980
2981
2982
2983
2984
2985
2986
2987
2988
2989
2990
2991
2992
2993
2994
2995
2996
2997
2998
2999
3000
3001
3002
3003
3004
3005
3006
3007
3008
3009
3010
3011
3012
3013
3014
3015
3016
3017
3018
3019
3020
3021
3022
3023
3024
3025
3026
3027
3028
3029
3030
3031
3032
3033
3034
3035
3036
3037
3038
3039
3040
3041
3042
3043
3044
3045
3046
3047
3048
3049
3050
3051
3052
3053
3054
3055
3056
3057
3058
3059
3060
3061
3062
3063
3064
3065
3066
3067
3068
3069
3070
3071
3072
3073
3074
3075
3076
3077
3078
3079
3080
3081
3082
3083
3084
3085
3086
3087
3088
3089
3090
3091
3092
3093
3094
3095
3096
3097
3098
3099
3100
3101
3102
3103
3104
3105
3106
3107
3108
3109
3110
3111
3112
3113
3114
3115
3116
3117
3118
3119
3120
3121
3122
3123
3124
3125
3126
3127
3128
3129
3130
3131
3132
3133
3134
3135
3136
3137
3138
3139
3140
3141
3142
3143
3144
3145
3146
3147
3148
3149
3150
3151
3152
3153
3154
3155
3156
3157
3158
3159
3160
3161
3162
3163
3164
3165
3166
3167
3168
3169
3170
3171
3172
3173
3174
3175
3176
3177
3178
3179
3180
3181
3182
3183
3184
3185
3186
3187
3188
3189
3190
3191
3192
3193
3194
3195
3196
3197
3198
3199
3200
3201
3202
3203
3204
3205
3206
3207
3208
3209
3210
3211
3212
3213
3214
3215
3216
3217
3218
3219
3220
3221
3222
3223
3224
3225
3226
3227
3228
3229
3230
3231
3232
3233
3234
3235
3236
3237
3238
3239
3240
3241
3242
3243
3244
3245
3246
3247
3248
3249
3250
3251
3252
3253
3254
3255
3256
3257
3258
3259
3260
3261
3262
3263
3264
3265
3266
3267
3268
3269
3270
3271
3272
3273
3274
3275
3276
3277
3278
3279
3280
3281
3282
3283
3284
3285
3286
3287
3288
3289
3290
3291
3292
3293
3294
3295
3296
3297
3298
3299
3300
3301
3302
3303
3304
3305
3306
3307
3308
3309
3310
3311
3312
3313
3314
3315
3316
3317
3318
3319
3320
3321
3322
3323
3324
3325
3326
3327
3328
3329
3330
3331
3332
3333
3334
3335
3336
3337
3338
3339
3340
3341
3342
3343
3344
3345
3346
3347
3348
3349
3350
3351
3352
3353
3354
3355
3356
3357
3358
3359
3360
3361
3362
3363
3364
3365
3366
3367
3368
3369
3370
3371
3372
3373
3374
3375
3376
3377
3378
3379
3380
3381
3382
3383
3384
3385
3386
3387
3388
3389
3390
3391
3392
3393
3394
3395
3396
3397
3398
3399
3400
3401
3402
3403
3404
3405
3406
3407
3408
3409
3410
3411
3412
3413
3414
3415
3416
3417
3418
3419
3420
3421
3422
3423
3424
3425
3426
3427
3428
3429
3430
3431
3432
3433
3434
3435
3436
3437
3438
3439
3440
3441
3442
3443
3444
3445
3446
3447
3448
3449
3450
3451
3452
3453
3454
3455
3456
3457
3458
3459
3460
3461
3462
3463
3464
3465
3466
3467
3468
3469
3470
3471
3472
3473
3474
3475
3476
3477
3478
3479
3480
3481
3482
3483
3484
3485
3486
3487
3488
3489
3490
3491
3492
3493
3494
3495
3496
3497
3498
3499
3500
3501
3502
3503
3504
3505
3506
3507
3508
3509
3510
3511
3512
3513
3514
3515
3516
3517
3518
3519
3520
3521
3522
3523
3524
3525
3526
3527
3528
3529
3530
3531
3532
3533
3534
3535
3536
3537
3538
3539
3540
3541
3542
3543
3544
3545
3546
3547
3548
3549
3550
3551
3552
3553
3554
3555
3556
3557
3558
3559
3560
3561
3562
3563
3564
3565
3566
3567
3568
3569
3570
3571
3572
3573
3574
3575
3576
3577
3578
3579
3580
3581
3582
3583
3584
3585
3586
3587
3588
3589
3590
3591
3592
3593
3594
3595
3596
3597
3598
3599
3600
3601
3602
3603
3604
3605
3606
3607
3608
3609
3610
3611
3612
3613
3614
3615
3616
3617
3618
3619
3620
3621
3622
3623
3624
3625
3626
3627
3628
3629
3630
3631
3632
3633
3634
3635
3636
3637
3638
3639
3640
3641
3642
3643
3644
3645
3646
3647
3648
3649
3650
3651
3652
3653
3654
3655
3656
3657
3658
3659
3660
3661
3662
3663
3664
3665
3666
3667
3668
3669
3670
3671
3672
3673
3674
3675
3676
3677
3678
3679
3680
3681
3682
3683
3684
3685
3686
3687
3688
3689
3690
3691
3692
3693
3694
3695
3696
3697
3698
3699
3700
3701
3702
3703
3704
3705
3706
3707
3708
3709
3710
3711
3712
3713
3714
3715
3716
3717
3718
3719
3720
3721
3722
3723
3724
3725
3726
3727
3728
3729
3730
3731
3732
3733
3734
3735
3736
3737
3738
3739
3740
3741
3742
3743
3744
3745
3746
3747
3748
3749
3750
3751
3752
3753
3754
3755
3756
3757
3758
3759
3760
3761
3762
3763
3764
3765
3766
3767
3768
3769
3770
3771
3772
3773
3774
3775
3776
3777
3778
3779
3780
3781
3782
3783
3784
3785
3786
3787
3788
3789
3790
3791
3792
3793
3794
3795
3796
3797
3798
3799
3800
3801
3802
3803
3804
3805
3806
3807
3808
3809
3810
3811
3812
3813
3814
3815
3816
3817
3818
3819
3820
3821
3822
3823
3824
3825
3826
3827
3828
3829
3830
3831
3832
3833
3834
3835
3836
3837
3838
3839
3840
3841
3842
3843
3844
3845
3846
3847
3848
3849
3850
3851
3852
3853
3854
3855
3856
3857
3858
3859
3860
3861
3862
3863
3864
3865
3866
3867
3868
3869
3870
3871
3872
3873
3874
3875
3876
3877
3878
3879
3880
3881
3882
3883
3884
3885
3886
3887
3888
3889
3890
3891
3892
3893
3894
3895
3896
3897
3898
3899
3900
3901
3902
3903
3904
3905
3906
3907
3908
3909
3910
3911
3912
3913
3914
3915
3916
3917
3918
3919
3920
3921
3922
3923
3924
3925
3926
3927
3928
3929
3930
3931
3932
3933
3934
3935
3936
3937
3938
3939
3940
3941
3942
3943
3944
3945
3946
3947
3948
3949
3950
3951
3952
3953
3954
3955
3956
3957
3958
3959
3960
3961
3962
3963
3964
3965
3966
3967
3968
3969
3970
3971
3972
3973
3974
3975
3976
3977
3978
3979
3980
3981
3982
3983
3984
3985
3986
3987
3988
3989
3990
3991
3992
3993
3994
3995
3996
3997
3998
3999
4000
4001
4002
4003
4004
4005
4006
4007
4008
4009
4010
4011
4012
4013
4014
4015
4016
4017
4018
4019
4020
4021
4022
4023
4024
4025
4026
4027
4028
4029
4030
4031
4032
4033
4034
4035
4036
4037
4038
4039
4040
4041
4042
4043
4044
4045
4046
4047
4048
4049
4050
4051
4052
4053
4054
4055
4056
4057
4058
4059
4060
4061
4062
4063
4064
4065
4066
4067
4068
4069
4070
4071
4072
4073
4074
4075
4076
4077
4078
4079
4080
4081
4082
4083
4084
4085
4086
4087
4088
4089
4090
4091
4092
4093
4094
4095
4096
4097
4098
4099
4100
4101
4102
4103
4104
4105
4106
4107
4108
4109
4110
4111
4112
4113
4114
4115
4116
4117
4118
4119
4120
4121
4122
4123
4124
4125
4126
4127
4128
4129
4130
4131
4132
4133
4134
4135
4136
4137
4138
4139
4140
4141
4142
4143
4144
4145
4146
4147
4148
4149
4150
4151
4152
4153
4154
4155
4156
4157
4158
4159
4160
4161
4162
4163
4164
4165
4166
4167
4168
4169
4170
4171
4172
4173
4174
4175
4176
4177
4178
4179
4180
4181
4182
4183
4184
4185
4186
4187
4188
4189
4190
4191
4192
4193
4194
4195
4196
4197
4198
4199
4200
4201
4202
4203
4204
4205
4206
4207
4208
4209
4210
4211
4212
4213
4214
4215
4216
4217
4218
4219
4220
4221
4222
4223
4224
4225
4226
4227
4228
4229
4230
4231
4232
4233
4234
4235
4236
4237
4238
4239
4240
4241
4242
4243
4244
4245
4246
4247
4248
4249
4250
4251
4252
4253
4254
4255
4256
4257
4258
4259
4260
4261
4262
4263
4264
4265
4266
4267
4268
4269
4270
4271
4272
4273
4274
4275
4276
4277
4278
4279
4280
4281
4282
4283
4284
4285
4286
4287
4288
4289
4290
4291
4292
4293
4294
4295
4296
4297
4298
4299
4300
4301
4302
4303
4304
4305
4306
4307
4308
4309
4310
4311
4312
4313
4314
4315
4316
4317
4318
4319
4320
4321
4322
4323
4324
4325
4326
4327
4328
4329
4330
4331
4332
4333
4334
4335
4336
4337
4338
4339
4340
4341
4342
4343
4344
4345
4346
4347
4348
4349
4350
4351
4352
4353
4354
4355
4356
4357
4358
4359
4360
4361
4362
4363
4364
4365
4366
4367
4368
4369
4370
4371
4372
4373
4374
4375
4376
4377
4378
4379
4380
4381
4382
4383
4384
4385
4386
4387
4388
4389
4390
4391
4392
4393
4394
4395
4396
4397
4398
4399
4400
4401
4402
4403
4404
4405
4406
4407
4408
4409
4410
4411
4412
4413
4414
4415
4416
4417
4418
4419
4420
4421
4422
4423
4424
4425
4426
4427
4428
4429
4430
4431
4432
4433
4434
4435
4436
4437
4438
4439
4440
4441
4442
4443
4444
4445
4446
4447
4448
4449
4450
4451
4452
4453
4454
4455
4456
4457
4458
4459
4460
4461
4462
4463
4464
4465
4466
4467
4468
4469
4470
4471
4472
4473
4474
4475
4476
4477
4478
4479
4480
4481
4482
4483
4484
4485
4486
4487
4488
4489
4490
4491
4492
4493
4494
4495
4496
4497
4498
4499
4500
4501
4502
4503
4504
4505
4506
4507
4508
4509
4510
4511
4512
4513
4514
4515
4516
4517
4518
4519
4520
4521
4522
4523
4524
4525
4526
4527
4528
4529
4530
4531
4532
4533
4534
4535
4536
4537
4538
4539
4540
4541
4542
4543
4544
4545
4546
4547
4548
4549
4550
4551
4552
4553
4554
4555
4556
4557
4558
4559
4560
4561
4562
4563
4564
4565
4566
4567
4568
4569
4570
4571
4572
4573
4574
4575
4576
4577
4578
4579
4580
4581
4582
4583
4584
4585
4586
4587
4588
4589
4590
4591
4592
4593
4594
4595
4596
4597
4598
4599
4600
4601
4602
4603
4604
4605
4606
4607
4608
4609
4610
4611
4612
4613
4614
4615
4616
4617
4618
4619
4620
4621
4622
4623
4624
4625
4626
4627
4628
4629
4630
4631
4632
4633
4634
4635
4636
4637
4638
4639
4640
4641
4642
4643
4644
4645
4646
4647
4648
4649
4650
4651
4652
4653
4654
4655
4656
4657
4658
4659
4660
4661
4662
4663
4664
4665
4666
4667
4668
4669
4670
4671
4672
4673
4674
4675
4676
4677
4678
4679
4680
4681
4682
4683
4684
4685
4686
4687
4688
4689
4690
4691
4692
4693
4694
4695
4696
4697
4698
4699
4700
4701
4702
4703
4704
4705
4706
4707
4708
4709
4710
4711
4712
4713
4714
4715
4716
4717
4718
4719
4720
4721
4722
4723
4724
4725
4726
4727
4728
4729
4730
4731
4732
4733
4734
4735
4736
4737
4738
4739
4740
4741
4742
4743
4744
4745
4746
4747
4748
4749
4750
4751
4752
4753
4754
4755
4756
4757
4758
4759
4760
4761
4762
4763
4764
4765
4766
4767
4768
4769
4770
4771
4772
4773
4774
4775
4776
4777
4778
4779
4780
4781
4782
4783
4784
4785
4786
4787
4788
4789
4790
4791
4792
4793
4794
4795
4796
4797
4798
4799
4800
4801
4802
4803
4804
4805
4806
4807
4808
4809
4810
4811
4812
4813
4814
4815
4816
4817
4818
4819
4820
4821
4822
4823
4824
4825
4826
4827
4828
4829
4830
4831
4832
4833
4834
4835
4836
4837
4838
4839
4840
4841
4842
4843
4844
4845
4846
4847
4848
4849
4850
4851
4852
4853
4854
4855
4856
4857
4858
4859
4860
4861
4862
4863
4864
4865
4866
4867
4868
4869
4870
4871
4872
4873
4874
4875
4876
4877
4878
4879
4880
4881
4882
4883
4884
4885
4886
4887
4888
4889
4890
4891
4892
4893
4894
4895
4896
4897
4898
4899
4900
4901
4902
4903
4904
4905
4906
4907
4908
4909
4910
4911
4912
4913
4914
4915
4916
4917
4918
4919
4920
4921
4922
4923
4924
4925
4926
4927
4928
4929
4930
4931
4932
4933
4934
4935
4936
4937
4938
4939
4940
4941
4942
4943
4944
4945
4946
4947
4948
4949
4950
4951
4952
4953
4954
4955
4956
4957
4958
4959
4960
4961
4962
4963
4964
4965
4966
4967
4968
4969
4970
4971
4972
4973
4974
4975
4976
4977
4978
4979
4980
4981
4982
4983
4984
4985
4986
4987
4988
4989
4990
4991
4992
4993
4994
4995
4996
4997
4998
4999
5000
5001
5002
5003
5004
5005
5006
5007
5008
5009
5010
5011
5012
5013
5014
5015
5016
5017
5018
5019
5020
5021
5022
5023
5024
5025
5026
5027
5028
5029
5030
5031
5032
5033
5034
5035
5036
5037
5038
5039
5040
5041
5042
5043
5044
5045
5046
5047
5048
5049
5050
5051
5052
5053
5054
5055
5056
5057
5058
5059
5060
5061
5062
5063
5064
5065
5066
5067
5068
5069
5070
5071
5072
5073
5074
5075
5076
5077
5078
5079
5080
5081
5082
5083
5084
5085
5086
5087
5088
5089
5090
5091
5092
5093
5094
5095
5096
5097
5098
5099
5100
5101
5102
5103
5104
5105
5106
5107
5108
5109
5110
5111
5112
5113
5114
5115
5116
5117
5118
5119
5120
5121
5122
5123
5124
5125
5126
5127
5128
5129
5130
5131
5132
5133
5134
5135
5136
5137
5138
5139
5140
5141
5142
5143
5144
5145
5146
5147
5148
5149
5150
5151
5152
5153
5154
5155
5156
5157
5158
5159
5160
5161
5162
5163
5164
5165
5166
5167
5168
5169
5170
5171
5172
5173
5174
5175
5176
5177
5178
5179
5180
5181
5182
5183
5184
5185
5186
5187
5188
5189
5190
5191
5192
5193
5194
5195
5196
5197
5198
5199
5200
5201
5202
5203
5204
5205
5206
5207
5208
5209
5210
5211
5212
5213
5214
5215
5216
5217
5218
5219
5220
5221
5222
5223
5224
5225
5226
5227
5228
5229
5230
5231
5232
5233
5234
5235
5236
5237
5238
5239
5240
5241
5242
5243
5244
5245
5246
5247
5248
5249
5250
5251
5252
5253
5254
5255
5256
5257
5258
5259
5260
5261
5262
5263
5264
5265
5266
5267
5268
5269
5270
5271
5272
5273
5274
5275
5276
5277
5278
5279
5280
5281
5282
5283
5284
5285
5286
5287
5288
5289
5290
5291
5292
5293
5294
5295
5296
5297
5298
5299
5300
5301
5302
5303
5304
5305
5306
5307
5308
5309
5310
5311
5312
5313
5314
5315
5316
5317
5318
5319
5320
5321
5322
5323
5324
5325
5326
5327
5328
5329
5330
5331
5332
5333
5334
5335
5336
5337
5338
5339
5340
5341
5342
5343
5344
5345
5346
5347
5348
5349
5350
5351
5352
5353
5354
5355
5356
5357
5358
5359
5360
5361
5362
5363
5364
5365
5366
5367
5368
5369
5370
5371
5372
5373
5374
5375
5376
5377
5378
5379
5380
5381
5382
5383
5384
5385
5386
5387
5388
5389
5390
5391
5392
5393
5394
5395
5396
5397
5398
5399
5400
5401
5402
5403
5404
5405
5406
5407
5408
5409
5410
5411
5412
5413
5414
5415
5416
5417
5418
5419
5420
5421
5422
5423
5424
5425
5426
5427
5428
5429
5430
5431
5432
5433
5434
5435
5436
5437
5438
5439
5440
5441
5442
5443
5444
5445
5446
5447
5448
5449
5450
5451
5452
5453
5454
5455
5456
5457
5458
5459
5460
5461
5462
5463
5464
5465
5466
5467
5468
5469
5470
5471
5472
5473
5474
5475
5476
5477
5478
5479
5480
5481
5482
5483
5484
5485
5486
5487
5488
5489
5490
5491
5492
5493
5494
5495
5496
5497
5498
5499
5500
5501
5502
5503
5504
5505
5506
5507
5508
5509
5510
5511
5512
5513
5514
5515
5516
5517
5518
5519
5520
5521
5522
5523
5524
5525
5526
5527
5528
5529
5530
5531
5532
5533
5534
5535
5536
5537
5538
5539
5540
5541
5542
5543
5544
5545
5546
5547
5548
5549
5550
5551
5552
5553
5554
5555
5556
5557
5558
5559
5560
5561
5562
5563
5564
5565
5566
5567
5568
5569
5570
5571
5572
5573
5574
5575
5576
5577
5578
5579
5580
5581
5582
5583
5584
5585
5586
5587
5588
5589
5590
5591
5592
5593
5594
5595
5596
5597
5598
5599
5600
5601
5602
5603
5604
5605
5606
5607
5608
5609
5610
5611
5612
5613
5614
5615
5616
5617
5618
5619
5620
5621
5622
5623
5624
5625
5626
5627
5628
5629
5630
5631
5632
5633
5634
5635
5636
5637
5638
5639
5640
5641
5642
5643
5644
5645
5646
5647
5648
5649
5650
5651
5652
5653
5654
5655
5656
5657
5658
5659
5660
5661
5662
5663
5664
5665
5666
5667
5668
5669
5670
5671
5672
5673
5674
5675
5676
5677
5678
5679
5680
5681
5682
5683
5684
5685
5686
5687
5688
5689
5690
5691
5692
5693
5694
5695
5696
5697
5698
5699
5700
5701
5702
5703
5704
5705
5706
5707
5708
5709
5710
5711
5712
5713
5714
5715
5716
5717
5718
5719
5720
5721
5722
5723
5724
5725
5726
5727
5728
5729
5730
5731
5732
5733
5734
5735
5736
5737
5738
5739
5740
5741
5742
5743
5744
5745
5746
5747
5748
5749
5750
5751
5752
5753
5754
5755
5756
5757
5758
5759
5760
5761
5762
5763
5764
5765
5766
5767
5768
5769
5770
5771
5772
5773
5774
5775
5776
5777
5778
5779
5780
5781
5782
5783
5784
5785
5786
5787
5788
5789
5790
5791
5792
5793
5794
5795
5796
5797
5798
5799
5800
5801
5802
5803
5804
5805
5806
5807
5808
5809
5810
5811
5812
5813
5814
5815
5816
5817
5818
5819
5820
5821
5822
5823
5824
5825
5826
5827
5828
5829
5830
5831
5832
5833
5834
5835
5836
5837
5838
5839
5840
5841
5842
5843
5844
5845
5846
5847
5848
5849
5850
5851
5852
5853
5854
5855
5856
5857
5858
5859
5860
5861
5862
5863
5864
5865
5866
5867
5868
5869
5870
5871
5872
5873
5874
5875
5876
5877
5878
5879
5880
5881
5882
5883
5884
5885
5886
5887
5888
5889
5890
5891
5892
5893
5894
5895
5896
5897
5898
5899
5900
5901
5902
5903
5904
5905
5906
5907
5908
5909
5910
5911
5912
5913
5914
5915
5916
5917
5918
5919
5920
5921
5922
5923
5924
5925
5926
5927
5928
5929
5930
5931
5932
5933
5934
5935
5936
5937
5938
5939
5940
5941
5942
5943
5944
5945
5946
5947
5948
5949
5950
5951
5952
5953
5954
5955
5956
5957
5958
5959
5960
5961
5962
5963
5964
5965
5966
5967
5968
5969
5970
5971
5972
5973
5974
5975
5976
5977
5978
5979
5980
5981
5982
5983
5984
5985
5986
5987
5988
5989
5990
5991
5992
5993
5994
5995
5996
5997
5998
5999
6000
6001
6002
6003
6004
6005
6006
6007
6008
6009
6010
6011
6012
6013
6014
6015
6016
6017
6018
6019
6020
6021
6022
6023
6024
6025
6026
6027
6028
6029
6030
6031
6032
6033
6034
6035
6036
6037
6038
6039
6040
6041
6042
6043
6044
6045
6046
6047
6048
6049
6050
6051
6052
6053
6054
6055
6056
6057
6058
6059
6060
6061
6062
6063
6064
6065
6066
6067
6068
6069
6070
6071
6072
6073
6074
6075
6076
6077
6078
6079
6080
6081
6082
6083
6084
6085
6086
6087
6088
6089
6090
6091
6092
6093
6094
6095
6096
6097
6098
6099
6100
6101
6102
6103
6104
6105
6106
6107
6108
6109
6110
6111
6112
6113
6114
6115
6116
6117
6118
6119
6120
6121
6122
6123
6124
6125
6126
6127
6128
6129
6130
6131
6132
6133
6134
6135
6136
6137
6138
6139
6140
6141
6142
6143
6144
6145
6146
6147
6148
6149
6150
6151
6152
6153
6154
6155
6156
6157
6158
6159
6160
6161
6162
6163
6164
6165
6166
6167
6168
6169
6170
6171
6172
6173
6174
6175
6176
6177
6178
6179
6180
6181
6182
6183
6184
6185
6186
6187
6188
6189
6190
6191
6192
6193
6194
6195
6196
6197
6198
6199
6200
6201
6202
6203
6204
6205
6206
6207
6208
6209
6210
6211
6212
6213
6214
6215
6216
6217
6218
6219
6220
6221
6222
6223
6224
6225
6226
6227
6228
6229
6230
6231
6232
6233
6234
6235
6236
6237
6238
6239
6240
6241
6242
6243
6244
6245
6246
6247
6248
6249
6250
6251
6252
6253
6254
6255
6256
6257
6258
6259
6260
6261
6262
6263
6264
6265
6266
6267
6268
6269
6270
6271
6272
6273
6274
6275
6276
6277
6278
6279
6280
6281
6282
6283
6284
6285
6286
6287
6288
6289
6290
6291
6292
6293
6294
6295
6296
6297
6298
6299
6300
6301
6302
6303
6304
6305
6306
6307
6308
6309
6310
6311
6312
6313
6314
6315
6316
6317
6318
6319
6320
6321
6322
6323
6324
6325
6326
6327
6328
6329
6330
6331
6332
6333
6334
6335
6336
6337
6338
6339
6340
6341
6342
6343
6344
6345
6346
6347
6348
6349
6350
6351
6352
6353
6354
6355
6356
6357
6358
6359
6360
6361
6362
6363
6364
6365
6366
6367
6368
6369
6370
6371
6372
6373
6374
6375
6376
6377
6378
6379
6380
6381
6382
6383
6384
6385
6386
6387
6388
6389
6390
6391
6392
6393
6394
6395
6396
6397
6398
6399
6400
6401
6402
6403
6404
6405
6406
6407
6408
6409
6410
6411
6412
6413
6414
6415
6416
6417
6418
6419
6420
6421
6422
6423
6424
6425
6426
6427
6428
6429
6430
6431
6432
6433
6434
6435
6436
6437
6438
6439
6440
6441
6442
6443
6444
6445
6446
6447
6448
6449
6450
6451
6452
6453
6454
6455
6456
6457
6458
6459
6460
6461
6462
6463
6464
6465
6466
6467
6468
6469
6470
6471
6472
6473
6474
6475
6476
6477
6478
6479
6480
6481
6482
6483
6484
6485
6486
6487
6488
6489
6490
6491
6492
6493
6494
6495
6496
6497
6498
6499
6500
6501
6502
6503
6504
6505
6506
6507
6508
6509
6510
6511
6512
6513
6514
6515
6516
6517
6518
6519
6520
6521
6522
6523
6524
6525
6526
6527
6528
6529
6530
6531
6532
6533
6534
6535
6536
6537
6538
6539
6540
6541
6542
6543
6544
6545
6546
6547
6548
6549
6550
6551
6552
6553
6554
6555
6556
6557
6558
6559
6560
6561
6562
6563
6564
6565
6566
6567
6568
6569
6570
6571
6572
6573
6574
6575
6576
6577
6578
6579
6580
6581
6582
6583
6584
6585
6586
6587
6588
6589
6590
6591
6592
6593
6594
6595
6596
6597
6598
6599
6600
6601
6602
6603
6604
6605
6606
6607
6608
6609
6610
6611
6612
6613
6614
6615
6616
6617
6618
6619
6620
6621
6622
6623
6624
6625
6626
6627
6628
6629
6630
6631
6632
6633
6634
6635
6636
6637
6638
6639
6640
6641
6642
6643
6644
6645
6646
6647
6648
6649
6650
6651
6652
6653
6654
6655
6656
6657
6658
6659
6660
6661
6662
6663
6664
6665
6666
6667
6668
6669
6670
6671
6672
6673
6674
6675
6676
6677
6678
6679
6680
6681
6682
6683
6684
6685
6686
6687
6688
6689
6690
6691
6692
6693
6694
6695
6696
6697
6698
6699
6700
6701
6702
6703
6704
6705
6706
6707
6708
6709
6710
6711
6712
6713
6714
6715
6716
6717
6718
6719
6720
6721
6722
6723
6724
6725
6726
6727
6728
6729
6730
6731
6732
6733
6734
6735
6736
6737
6738
6739
6740
6741
6742
6743
6744
6745
6746
6747
6748
6749
6750
6751
6752
6753
6754
6755
6756
6757
6758
6759
6760
6761
6762
6763
6764
6765
6766
6767
6768
6769
6770
6771
6772
6773
6774
6775
6776
6777
6778
6779
6780
6781
6782
6783
6784
6785
6786
6787
6788
6789
6790
6791
6792
6793
6794
6795
6796
6797
6798
6799
6800
6801
6802
6803
6804
6805
6806
6807
6808
6809
6810
6811
6812
6813
6814
6815
6816
6817
6818
6819
6820
6821
6822
6823
6824
6825
6826
6827
6828
6829
6830
6831
6832
6833
6834
6835
6836
6837
6838
6839
6840
6841
6842
6843
6844
6845
6846
6847
6848
6849
6850
6851
6852
6853
6854
6855
6856
6857
6858
6859
6860
6861
6862
6863
6864
6865
6866
6867
6868
6869
6870
6871
6872
6873
6874
6875
6876
6877
6878
6879
6880
6881
6882
6883
6884
6885
6886
6887
6888
6889
6890
6891
6892
6893
6894
6895
6896
6897
6898
6899
6900
6901
6902
6903
6904
6905
6906
6907
6908
6909
6910
6911
6912
6913
6914
6915
6916
6917
6918
6919
6920
6921
6922
6923
6924
6925
6926
6927
6928
6929
6930
6931
6932
6933
6934
6935
6936
6937
6938
6939
6940
6941
6942
6943
6944
6945
6946
6947
6948
6949
6950
6951
6952
6953
6954
6955
6956
6957
6958
6959
6960
6961
6962
6963
6964
6965
6966
6967
6968
6969
6970
6971
6972
6973
6974
6975
6976
6977
6978
6979
6980
6981
6982
6983
6984
6985
6986
6987
6988
6989
6990
6991
6992
6993
6994
6995
6996
6997
6998
6999
7000
7001
7002
7003
7004
7005
7006
7007
7008
7009
7010
7011
7012
7013
7014
7015
7016
7017
7018
7019
7020
7021
7022
7023
7024
7025
7026
7027
7028
7029
7030
7031
7032
7033
7034
7035
7036
7037
7038
7039
7040
7041
7042
7043
7044
7045
7046
7047
7048
7049
7050
7051
7052
7053
7054
7055
7056
7057
7058
7059
7060
7061
7062
7063
7064
7065
7066
7067
7068
7069
7070
7071
7072
7073
7074
7075
7076
7077
7078
7079
7080
7081
7082
7083
7084
7085
7086
7087
7088
7089
7090
7091
7092
7093
7094
7095
7096
7097
7098
7099
7100
7101
7102
7103
7104
7105
7106
7107
7108
7109
7110
7111
7112
7113
7114
7115
7116
7117
7118
7119
7120
7121
7122
7123
7124
7125
7126
7127
7128
7129
7130
7131
7132
7133
7134
7135
7136
7137
7138
7139
7140
7141
7142
7143
7144
7145
7146
7147
7148
7149
7150
7151
7152
7153
7154
7155
7156
7157
7158
7159
7160
7161
7162
7163
7164
7165
7166
7167
7168
7169
7170
7171
7172
7173
7174
7175
7176
7177
7178
7179
7180
7181
7182
7183
7184
7185
7186
7187
7188
7189
7190
7191
7192
7193
7194
7195
7196
7197
7198
7199
7200
7201
7202
7203
7204
7205
7206
7207
7208
7209
7210
7211
7212
7213
7214
7215
7216
7217
7218
7219
7220
7221
7222
7223
7224
7225
7226
7227
7228
7229
7230
7231
7232
7233
7234
7235
7236
7237
7238
7239
7240
7241
7242
7243
7244
7245
7246
7247
7248
7249
7250
7251
7252
7253
7254
7255
7256
7257
7258
7259
7260
7261
7262
7263
7264
7265
7266
7267
7268
7269
7270
7271
7272
7273
7274
7275
7276
7277
7278
7279
7280
7281
7282
7283
7284
7285
7286
7287
7288
7289
7290
7291
7292
7293
7294
7295
7296
7297
7298
7299
7300
7301
7302
7303
7304
7305
7306
7307
7308
7309
7310
7311
7312
7313
7314
7315
7316
7317
7318
7319
7320
7321
7322
7323
7324
7325
7326
7327
7328
7329
7330
7331
7332
7333
7334
7335
7336
7337
7338
7339
7340
7341
7342
7343
7344
7345
7346
7347
7348
7349
7350
7351
7352
7353
7354
7355
7356
7357
7358
7359
7360
7361
7362
7363
7364
7365
7366
7367
7368
7369
7370
7371
7372
7373
7374
7375
7376
7377
7378
7379
7380
7381
7382
7383
7384
7385
7386
7387
7388
7389
7390
7391
7392
7393
7394
7395
7396
7397
7398
7399
7400
7401
7402
7403
7404
7405
7406
7407
7408
7409
7410
7411
7412
7413
7414
7415
7416
7417
7418
7419
7420
7421
7422
7423
7424
7425
7426
7427
7428
7429
7430
7431
7432
7433
7434
7435
7436
7437
7438
7439
7440
7441
7442
7443
7444
7445
7446
7447
7448
7449
7450
7451
7452
7453
7454
7455
7456
7457
7458
7459
7460
7461
7462
7463
7464
7465
7466
7467
7468
7469
7470
7471
7472
7473
7474
7475
7476
7477
7478
7479
7480
7481
7482
7483
7484
7485
7486
7487
7488
7489
7490
7491
7492
7493
7494
7495
7496
7497
7498
7499
7500
7501
7502
7503
7504
7505
7506
7507
7508
7509
7510
7511
7512
7513
7514
7515
7516
7517
7518
7519
7520
7521
7522
7523
7524
7525
7526
7527
7528
7529
7530
7531
7532
7533
7534
7535
7536
7537
7538
7539
7540
7541
7542
7543
7544
7545
7546
7547
7548
7549
7550
7551
7552
7553
7554
7555
7556
7557
7558
7559
7560
7561
7562
7563
7564
7565
7566
7567
7568
7569
7570
7571
7572
7573
7574
7575
7576
7577
7578
7579
7580
7581
7582
7583
7584
7585
7586
7587
7588
7589
7590
7591
7592
7593
7594
7595
7596
7597
7598
7599
7600
7601
7602
7603
7604
7605
7606
7607
7608
7609
7610
7611
7612
7613
7614
7615
7616
7617
7618
7619
7620
7621
7622
7623
7624
7625
7626
7627
7628
7629
7630
7631
7632
7633
7634
7635
7636
7637
7638
7639
7640
7641
7642
7643
7644
7645
7646
7647
7648
7649
7650
7651
7652
7653
7654
7655
7656
7657
7658
7659
7660
7661
7662
7663
7664
7665
7666
7667
7668
7669
7670
7671
7672
7673
7674
7675
7676
7677
7678
7679
7680
7681
7682
7683
7684
7685
7686
7687
7688
7689
7690
7691
7692
7693
7694
7695
7696
7697
7698
7699
7700
7701
7702
7703
7704
7705
7706
7707
7708
7709
7710
7711
7712
7713
7714
7715
7716
7717
7718
7719
7720
7721
7722
7723
7724
7725
7726
7727
7728
7729
7730
7731
7732
7733
7734
7735
7736
7737
7738
7739
7740
7741
7742
7743
7744
7745
7746
7747
7748
7749
7750
7751
7752
7753
7754
7755
7756
7757
7758
7759
7760
7761
7762
7763
7764
7765
7766
7767
7768
7769
7770
7771
7772
7773
7774
7775
7776
7777
7778
7779
7780
7781
7782
7783
7784
7785
7786
7787
7788
7789
7790
7791
7792
7793
7794
7795
7796
7797
7798
7799
7800
7801
7802
7803
7804
7805
7806
7807
7808
7809
7810
7811
7812
7813
7814
7815
7816
7817
7818
7819
7820
7821
7822
7823
7824
7825
7826
7827
7828
7829
7830
7831
7832
7833
7834
7835
7836
7837
7838
7839
7840
7841
7842
7843
7844
7845
7846
7847
7848
7849
7850
7851
7852
7853
7854
7855
7856
7857
7858
7859
7860
7861
7862
7863
7864
7865
7866
7867
7868
7869
7870
7871
7872
7873
7874
7875
7876
7877
7878
7879
7880
7881
7882
7883
7884
7885
7886
7887
7888
7889
7890
7891
7892
7893
7894
7895
7896
7897
7898
7899
7900
7901
7902
7903
7904
7905
7906
7907
7908
7909
7910
7911
7912
7913
7914
7915
7916
7917
7918
7919
7920
7921
7922
7923
7924
7925
7926
7927
7928
7929
7930
7931
7932
7933
7934
7935
7936
7937
7938
7939
7940
7941
7942
7943
7944
7945
7946
7947
7948
7949
7950
7951
7952
7953
7954
7955
7956
7957
7958
7959
7960
7961
7962
7963
7964
7965
7966
7967
7968
7969
7970
7971
7972
7973
7974
7975
7976
7977
7978
7979
7980
7981
7982
7983
7984
7985
7986
7987
7988
7989
7990
7991
7992
7993
7994
7995
7996
7997
7998
7999
8000
8001
8002
8003
8004
8005
8006
8007
8008
8009
8010
8011
8012
8013
8014
8015
8016
8017
8018
8019
8020
8021
8022
8023
8024
8025
8026
8027
8028
8029
8030
8031
8032
8033
8034
8035
8036
8037
8038
8039
8040
8041
8042
8043
8044
8045
8046
8047
8048
8049
8050
8051
8052
8053
8054
8055
8056
8057
8058
8059
8060
8061
8062
8063
8064
8065
8066
8067
8068
8069
8070
8071
8072
8073
8074
8075
8076
8077
8078
8079
8080
8081
8082
8083
8084
8085
8086
8087
8088
8089
8090
8091
8092
8093
8094
8095
8096
8097
8098
8099
8100
8101
8102
8103
8104
8105
8106
8107
8108
8109
8110
8111
8112
8113
8114
8115
8116
8117
8118
8119
8120
8121
8122
8123
8124
8125
8126
8127
8128
8129
8130
8131
8132
8133
8134
8135
8136
8137
8138
8139
8140
8141
8142
8143
8144
8145
8146
8147
8148
8149
8150
8151
8152
8153
8154
8155
8156
8157
8158
8159
8160
8161
8162
8163
8164
8165
8166
8167
8168
8169
8170
8171
8172
8173
8174
8175
8176
8177
8178
8179
8180
8181
8182
8183
8184
8185
8186
8187
8188
8189
8190
8191
8192
8193
8194
8195
8196
8197
8198
8199
8200
8201
8202
8203
8204
8205
8206
8207
8208
8209
8210
8211
8212
8213
8214
8215
8216
8217
8218
8219
8220
8221
8222
8223
8224
8225
8226
8227
8228
8229
8230
8231
8232
8233
8234
8235
8236
8237
8238
8239
8240
8241
8242
8243
8244
8245
8246
8247
8248
8249
8250
8251
8252
8253
8254
8255
8256
8257
8258
8259
8260
8261
8262
8263
8264
8265
8266
8267
8268
8269
8270
8271
8272
8273
8274
8275
8276
8277
8278
8279
8280
8281
8282
8283
8284
8285
8286
8287
8288
8289
8290
8291
8292
8293
8294
8295
8296
8297
8298
8299
8300
8301
8302
8303
8304
8305
8306
8307
8308
8309
8310
8311
8312
8313
8314
8315
8316
8317
8318
8319
8320
8321
8322
8323
8324
8325
8326
8327
8328
8329
8330
8331
8332
8333
8334
8335
8336
8337
8338
8339
8340
8341
8342
8343
8344
8345
8346
8347
8348
8349
8350
8351
8352
8353
8354
8355
8356
8357
8358
8359
8360
8361
8362
8363
8364
8365
8366
8367
8368
8369
8370
8371
8372
8373
8374
8375
8376
8377
8378
8379
8380
8381
8382
8383
8384
8385
8386
8387
8388
8389
8390
8391
8392
8393
8394
8395
8396
8397
8398
8399
8400
8401
8402
8403
8404
8405
8406
8407
8408
8409
8410
8411
8412
8413
8414
8415
8416
8417
8418
8419
8420
8421
8422
8423
8424
8425
8426
8427
8428
8429
8430
8431
8432
8433
8434
8435
8436
8437
8438
8439
8440
8441
8442
8443
8444
8445
8446
8447
8448
8449
8450
8451
8452
8453
8454
8455
8456
8457
8458
8459
8460
8461
8462
8463
8464
8465
8466
8467
8468
8469
8470
8471
8472
8473
8474
8475
8476
8477
8478
8479
8480
8481
8482
8483
8484
8485
8486
8487
8488
8489
8490
8491
8492
8493
8494
8495
8496
8497
8498
8499
8500
8501
8502
8503
8504
8505
8506
8507
8508
8509
8510
8511
8512
8513
8514
8515
8516
8517
8518
8519
8520
8521
8522
8523
8524
8525
8526
8527
8528
8529
8530
8531
8532
8533
8534
8535
8536
8537
8538
8539
8540
8541
8542
8543
8544
8545
8546
8547
8548
8549
8550
8551
8552
8553
8554
8555
8556
8557
8558
8559
8560
8561
8562
8563
8564
8565
8566
8567
8568
8569
8570
8571
8572
8573
8574
8575
8576
8577
8578
8579
8580
8581
8582
8583
8584
8585
8586
8587
8588
8589
8590
8591
8592
8593
8594
8595
8596
8597
8598
8599
8600
8601
8602
8603
8604
8605
8606
8607
8608
8609
8610
8611
8612
8613
8614
8615
8616
8617
8618
8619
8620
8621
8622
8623
8624
8625
8626
8627
8628
8629
8630
8631
8632
8633
8634
8635
8636
8637
8638
8639
8640
8641
8642
8643
8644
8645
8646
8647
8648
8649
8650
8651
8652
8653
8654
8655
8656
8657
8658
8659
8660
8661
8662
8663
8664
8665
8666
8667
8668
8669
8670
8671
8672
8673
8674
8675
8676
8677
8678
8679
8680
8681
8682
8683
8684
8685
8686
8687
8688
8689
8690
8691
8692
8693
8694
8695
8696
8697
8698
8699
8700
8701
8702
8703
8704
8705
8706
8707
8708
8709
8710
8711
8712
8713
8714
8715
8716
8717
8718
8719
8720
8721
8722
8723
8724
8725
8726
8727
8728
8729
8730
8731
8732
8733
8734
8735
8736
8737
8738
8739
8740
8741
8742
8743
8744
8745
8746
8747
8748
8749
8750
8751
8752
8753
8754
8755
8756
8757
8758
8759
8760
8761
8762
8763
8764
8765
8766
8767
8768
8769
8770
8771
8772
8773
8774
8775
8776
8777
8778
8779
8780
8781
8782
8783
8784
8785
8786
8787
8788
8789
8790
8791
8792
8793
8794
8795
8796
8797
8798
8799
8800
8801
8802
8803
8804
8805
8806
8807
8808
8809
8810
8811
8812
8813
8814
8815
8816
8817
8818
8819
8820
8821
8822
8823
8824
8825
8826
8827
8828
8829
8830
8831
8832
8833
8834
8835
8836
8837
8838
8839
8840
8841
8842
8843
8844
8845
8846
8847
8848
8849
8850
8851
8852
8853
8854
8855
8856
8857
8858
8859
8860
8861
8862
8863
8864
8865
8866
8867
8868
8869
8870
8871
8872
8873
8874
8875
8876
8877
8878
8879
8880
8881
8882
8883
8884
8885
8886
8887
8888
8889
8890
8891
8892
8893
8894
8895
8896
8897
8898
8899
8900
8901
8902
8903
8904
8905
8906
8907
8908
8909
8910
8911
8912
8913
8914
8915
8916
8917
8918
8919
8920
8921
8922
8923
8924
8925
8926
8927
8928
8929
8930
8931
8932
8933
8934
8935
8936
8937
8938
8939
8940
8941
8942
8943
8944
8945
8946
8947
8948
8949
8950
8951
8952
8953
8954
8955
8956
8957
8958
8959
8960
8961
8962
8963
8964
8965
8966
8967
8968
8969
8970
8971
8972
8973
8974
8975
8976
0.01906825911242199 0.2686739744140933 0
0.01729242644397749 0.7303996270843686 0
0.2699589322000057 0.01739180387247824 0
0.2675982872531428 0.9820185728954978 0
0.7322048434927778 0.9848135638365747 0
0.7284225540822583 0.01852021295073686 0
0.9847621361143937 0.2687207262813173 0
0.9826794919243111 0.73 0
0.6298880666313786 0.9830782854926716 0
0.628516245267239 0.01932511436197026 0
0.02016941181762028 0.6315462526987974 0
0.0185559583886199 0.3701544903514896 0
0.9828732492323851 0.6295445234079966 0
0.9825345410623511 0.3696344599887732 0
0.3698838950106765 0.01811997115588504 0
0.3705020827974212 0.9828032903146462 0
0.9822962246159234 0.46876527782394 0
0.470474711447276 0.0172577999322473 0
0.4697999419420318 0.9847492605670136 0
0.0170061487767274 0.4704608357414648 0
0.5496344510628979 0.9829345942765944 0
0.01665070689211928 0.5509303356396691 0
0.5495511278048206 0.01725567356149316 0
0.9832578941700794 0.5501097630392645 0
0.9827305015123619 0.1902731474212667 0
0.1902492969405183 0.9847829156724033 0
0.9829267491364799 0.8103998276513323 0
0.01645596669675498 0.1909627839907239 0
0.1901645945099635 0.01738039276633685 0
0.01641403931771451 0.8097122189878754 0
0.8077820919648007 0.01958087195546271 0
0.8089071655695375 0.9832864262634007 0
0.1107714026805758 0.0177621006868513 0
0.9826794919243113 0.1099999999999999 0
0.1099999999999999 0.9826794919243111 0
0.9823524433444293 0.8904053492440287 0
0.01861642982511569 0.1281606072403928 0
0.01635447709223581 0.8697991055013713 0
0.87 0.0173205080756888 0
0.8720624179734235 0.9838076891540515 0
0.01732050807568869 0.93 0
0.9312020837295292 0.9813303298612195 0
0.9304536801365347 0.01663587764663393 0
0.01667843318213141 0.06846905872754 0
0.5090250163126401 0.01720450833918563 0
0.4292417623721752 0.01763902051863003 0
0.4300570097072529 0.984088175276615 0
0.5087544812057775 0.9819687133097232 0
0.01585790805426129 0.4312695130834355 0
0.01586935135875855 0.5096573172724558 0
0.9841726122697203 0.5100097431188579 0
0.9816195064788185 0.431627018546354 0
0.589416826225899 0.9828154121874618 0
0.5888786888892565 0.0181392235861122 0
0.01619852817780265 0.5899954488510294 0
0.6700352163802437 0.01704359251140564 0
0.6700520432915344 0.9821632254385364 0
0.9826860052219346 0.669518127594084 0
0.9832216806662694 0.3303945590593582 0
0.9829704315317226 0.589796597202709 0
0.3301963306284044 0.01713419715070608 0
0.3294802357131069 0.9827631268754818 0
0.01630223239408612 0.3295253599216433 0
0.01669775547255425 0.6714276955968617 0
0.01714721607653147 0.7698750829040469 0
0.01825695889579304 0.2314465771348082 0
0.7685034356545083 0.01648003779369556 0
0.77 0.9826794919243111 0
0.9828513646307042 0.2301228605023571 0
0.9838352322712745 0.7717071106907656 0
0.2301560115255686 0.01723179239162898 0
0.23 0.9826794919243111 0
0.1473008692047236 0.9830794317732475 0
0.9836114301171199 0.8495350121227825 0
0.9832216820106972 0.1500000268959262 0
0.1500832830489056 0.01734719280000685 0
0.07100255917630921 0.9829774667399979 0
0.9822922308838113 0.9272994872217271 0
0.9827026514262586 0.06996052463574609 0
0.07065364618944603 0.01770680982926709 0
0.01517632143763303 0.03031140966542201 0
0.9682843302207816 0.01916594849277348 0
0.9831264572958701 0.969226041123679 0
0.01699774594986775 0.9700156315469676 0
0.4902773369795623 0.01716038749588206 0
0.4800892670124469 0.03381158862764488 0
0.4614378955945023 0.03420799189565277 0
0.4710080675155247 0.05002274308275512 0
0.4529143700268594 0.05042916080410353 0
0.4621501619570882 0.0655378742992917 0
0.4447015971474745 0.06601638195357723 0
0.4537845746454408 0.0806578119737934 0
0.4368211861089601 0.08105591627486586 0
0.4455856763318697 0.09516417266158628 0
0.4297116776063192 0.09506960728626995 0
0.4370735665492075 0.1087559176770795 0
0.4227323018647392 0.1091240068300472 0
0.4293790660286461 0.1222578858065891 0
0.4750156229755857 0.4005842127007624 0
0.4864516346072262 0.3981917670073423 0
0.4150281880399644 0.1230630154121848 0
0.4221558307506265 0.1353238570190855 0
0.4380646798605514 0.1361607789893153 0
0.4075424129702676 0.1361498695994585 0
0.4160823000164438 0.1499001637409764 0
0.4008208546961491 0.1492792563221775 0
0.4584647812535918 0.4064125180589323 0
0.4074834051637924 0.1618076376965963 0
0.3938016908375445 0.1615904112900037 0
0.4010018308224582 0.1735002046146016 0
0.3872531200248665 0.1737621717168761 0
0.3943350628945844 0.1853762391379243 0
0.4437372990405847 0.414829436137899 0
0.3808078677932374 0.1857351860901754 0
0.3877533195630256 0.1970586847116914 0
0.4004811301715131 0.1963635377901335 0
0.3746822503024877 0.197482194891659 0
0.3813465148124666 0.2085186112193533 0
0.3685494978371473 0.2089386008201206 0
0.3750500419878608 0.2197514482451259 0
0.4300352194397344 0.4253283440720267 0
0.3623683822269138 0.2200885715472418 0
0.3688540900288154 0.2307601239853347 0
0.3564009556031261 0.2310902761562452 0
0.3627842419788789 0.241565236987049 0
0.3506376044224068 0.2419418828866241 0
0.3748959082034846 0.2413308993155837 0
0.3570385851141828 0.2520781089311317 0
0.3448453687836138 0.2525760006027352 0
0.4183222557178018 0.4377808015704358 0
0.3511674704417869 0.2625419487690028 0
0.3392266355885928 0.2629428968868481 0
0.345251912660808 0.2729668593179844 0
0.3335123374195612 0.273400851616681 0
0.3273300480847676 0.2632190989862637 0
0.3217441139318271 0.2737375821371095 0
0.3279069616403667 0.2838160040443761 0
0.3162431168963656 0.2841998727597607 0
0.4089919347396605 0.4526794179670278 0
0.3225093398605151 0.294158542771044 0
0.3111603108935794 0.294317398662458 0
0.3169442052034098 0.3043062456338531 0
0.3042761534574798 0.3044583063025534 0
0.3113727818668235 0.3142359260981313 0
0.300293016415598 0.3148076531883486 0
0.3062393437195535 0.324200936004938 0
0.4025779334330968 0.4688943849570555 0
0.2951723680829726 0.3247352222970685 0
0.3004058844753197 0.3337947107031628 0
0.3153219692689087 0.2635021532888983 0
0.2900596512969439 0.334618562029129 0
0.2951134498263398 0.3435495335156741 0
0.2848362931306964 0.3443677172780106 0
0.2900474530866309 0.3537142716202122 0
0.288962400962654 0.3152073861071317 0
0.2796602790417024 0.3541036133788289 0
0.2845035124026917 0.3634513632370554 0
0.3987696464482251 0.4859341111339109 0
0.2745171581465934 0.363889716421083 0
0.2797500160399625 0.3730332227426775 0
0.2694437439639159 0.3734983825842995 0
0.2751367029982265 0.3827596364709115 0
0.264404880141102 0.3832094044144984 0
0.2700766680944044 0.3924513643747179 0
0.32169327871384 0.3132409082988103 0
0.2591969935977588 0.3928342219800275 0
0.2650085761108247 0.4020373418265988 0
0.3976439742467134 0.5030479631167838 0
0.2628906588966069 0.3636611967736828 0
0.2540545722188248 0.402502112716942 0
0.2598993544771035 0.4117368347054411 0
0.3012113033895698 0.3529525193656083 0
0.2488791988828338 0.4122334712031914 0
0.2548488857443013 0.4214295711595342 0
0.2655730119698074 0.4209418104672397 0
0.2600402781933346 0.4301979877428067 0
0.2498213801704143 0.4309945747768754 0
0.2550871307577967 0.4397127526008433 0
0.3995557143661828 0.5200715663260066 0
0.244912421907049 0.4406813186335561 0
0.2509263887021257 0.4495946871584288 0
0.2616558905285639 0.4477236859468011 0
0.2568924873072043 0.4582511247020638 0
0.2466500938575859 0.4592690268785176 0
0.2524938381612788 0.46782084539609 0
0.2627204696075454 0.4670569713181259 0
0.2584348852767694 0.4762616389538379 0
0.2480855799293631 0.4772490367343526 0
0.2541592637297149 0.4856510647667682 0
0.4044634554360858 0.5362710768585206 0
0.2437255555758883 0.4867869420230814 0
0.2498813272974492 0.4951930581705427 0
0.2595570590523653 0.493964431800153 0
0.255609897243115 0.5036702913573298 0
0.2462480784996361 0.5045167390738501 0
0.2521251126473664 0.5130039669812774 0
0.2619213407318309 0.5118202760638321 0
0.258098104438416 0.5211200366406568 0
0.4119997669394397 0.5522076220602203 0
0.2486557374723636 0.5225130452650233 0
0.2546400344198764 0.5307912793213485 0
0.2654119633034572 0.5296959016690326 0
0.2605927771634351 0.5387155833228146 0
0.250502843894266 0.5404000468728063 0
0.2568741883652036 0.5485337566833843 0
0.2670027067878737 0.5475646105582962 0
0.263499762996563 0.5567960206063837 0
0.2532296335273824 0.5585132276525118 0
0.2598981014007934 0.5666507888534285 0
0.42191708985095 0.5663521266822 0
0.2705576179118979 0.5651694784855468 0
0.2669328665472511 0.5749876667856622 0
0.2561808435204602 0.5767668974969367 0
0.2632734114090905 0.5849761390582509 0
0.2739474637793459 0.5831122460955872 0
0.270411536759709 0.5931390601477209 0
0.280960830968204 0.5911196321508546 0
0.2776261803781193 0.6013386089685011 0
0.4344517180939152 0.5783984969653014 0
0.2668323756367381 0.6034430681522372 0
0.2741322260970959 0.6116304901167041 0
0.2848931233957084 0.6094905395977779 0
0.2814819039450776 0.6197824159665235 0
0.29206777014949 0.6175138956864265 0
0.2887566112965371 0.6278323574500804 0
0.2992624417552019 0.6255697373435942 0
0.2959895266651535 0.6358337380507862 0
0.3065003695908212 0.6336255382695557 0
0.4486853791065254 0.5883442233801203 0
0.3033393766580117 0.6439281895958078 0
0.292580334327068 0.646207939256236 0
0.2999985914309247 0.6543057246683642 0
0.3107605990987463 0.6519940877026764 0
0.3074728120026058 0.6624136750912037 0
0.3181174341133417 0.6599804936281137 0
0.3150731595895127 0.670304185046589 0
0.3255554805621716 0.6679907663091404 0
0.4639893475798247 0.5958913718930982 0
0.3050378998407329 0.6730558423195248 0
0.3225415174644526 0.6783073922848948 0
0.3330688822631236 0.6761028866411466 0
0.3299504707211353 0.6863888064349106 0
0.3405262765152073 0.6841622036593862 0
0.3372557969790936 0.6945883565289757 0
0.3479475968103384 0.6921870615950777 0
0.3446863617530959 0.7026999985900784 0
0.3554630198913821 0.7003175286274029 0
0.4808981622591993 0.6000703422547957 0
0.3521735870785858 0.7108382689152157 0
0.3630044319372839 0.7084416936945069 0
0.3414425108519669 0.7131937128523279 0
0.3597134811422484 0.7189961601549266 0
0.3706015953740854 0.7166322915333105 0
0.367254345731915 0.7272496427498947 0
0.3782464640270669 0.7248443129638864 0
0.2631875750331327 0.6139433016074396 0
0.3748725692600948 0.7354781212229826 0
0.3858068519227766 0.7327919335580162 0
0.3891156841771596 0.7223737628576292 0
0.3965541872112318 0.7302925886718614 0
0.5009546918375 0.6023832331780418 0
0.3995925152998734 0.7199896181649835 0
0.4070041818475961 0.7277605260755819 0
0.4040653099995294 0.7381582364640483 0
0.414513677484938 0.7354082448968352 0
0.417197737348715 0.725180523157636 0
0.4247672307951421 0.7326496481459341 0
0.4274459983246797 0.7227556466657604 0
0.4348200497771946 0.7301277676094515 0
0.5180139301300288 0.600787038371029 0
0.4374740954902652 0.7204056923860325 0
0.4446207004827408 0.7275747607055258 0
0.4420554552425037 0.7374129467065181 0
0.4518856787218661 0.7347687104378827 0
0.454486426198735 0.7249591188387358 0
0.4615238844407338 0.7320172526633334 0
0.4639222407575438 0.7225168887431012 0
0.470900740457768 0.7293470126606598 0
0.4732258606452913 0.7200905792352927 0
0.5346256700967986 0.5964284299143022 0
0.4800998218087574 0.7267342773268746 0
0.4778331271431337 0.7360796736447029 0
0.4870809325121818 0.7333814025716165 0
0.4892949342752279 0.7241359195617446 0
0.4962035239850578 0.7306469741596205 0
0.4984623189352228 0.7214823841268572 0
0.5047871424471898 0.7278742307689241 0
0.5073949955361399 0.7190544181669485 0
0.5142131028604613 0.7262856455627583 0
0.5503598945542489 0.589027799532142 0
0.5160507137682883 0.7167339691622123 0
0.5225419983119987 0.7226827546272466 0
0.5245719075248935 0.7141234153355882 0
0.5310054227287521 0.7201520659841059 0
0.533027540914715 0.7116559730805621 0
0.5393934303735759 0.7176354000130545 0
0.54139533486971 0.7092165658273597 0
0.5476147147861303 0.7151372891548684 0
0.5644469694269598 0.5795931523547068 0
0.5497446759844739 0.706717400419175 0
0.5557781800793373 0.7122638219498476 0
0.5580581514655856 0.7042311441738719 0
0.5641883739278577 0.7098010596824226 0
0.5664058351075865 0.7017144169507561 0
0.5726240064811553 0.7074561741225537 0
0.5748198632705314 0.699213713690285 0
0.5810940536064084 0.7050155422226705 0
0.5831942862025339 0.6967583014098437 0
0.5771100416838906 0.5674237625972905 0
0.5895349336690461 0.7027898585122573 0
0.5917253596205884 0.6942436452577354 0
0.5980860583266494 0.7001167057981139 0
0.6004689398215267 0.6915662768885974 0
0.6070080500705635 0.6976276029972172 0
0.6092840725720963 0.6888891016724711 0
0.6158618779857459 0.6949178837567729 0
0.6181755936814081 0.6861765461731328 0
0.5873548484065334 0.5534888095879755 0
0.6248429009040225 0.6922940708128278 0
0.6271864493670928 0.6834449048101476 0
0.6339598421154919 0.6899718741831373 0
0.6363254113184347 0.680728741900206 0
0.643049251271107 0.6868188341981638 0
0.6455773046193016 0.677843994036411 0
0.6525088982085352 0.6840812822975308 0
0.654991751574334 0.6749632626675498 0
0.5927983487540277 0.5432181156534517 0
0.6624402051576885 0.6823992264755026 0
0.6646421979279109 0.6721936386086377 0
0.6722606584901614 0.6797901329525131 0
0.6744845954338542 0.6691579163877759 0
0.6820562767050452 0.6764346139843743 0
0.6843893111320555 0.6660678992705658 0
0.6575950186201462 0.6912167480722153 0
0.6144047127125876 0.7039244319029982 0
0.5703435347588509 0.7160702638372725 0
0.529318797431429 0.7281432668578871 0
0.6922184701963788 0.6733789967521989 0
0.6947708572803279 0.6626791301664726 0
0.5991186523878597 0.5267185216049407 0
0.7027593027850754 0.6703248125740834 0
0.705233413512273 0.6596296754910232 0
0.6972900682244885 0.6519438419125196 0
0.7078632660234773 0.6491193905274661 0
0.6996621131430514 0.6413283782041139 0
0.7102858727694226 0.6385007936423022 0
0.7022103634163536 0.6309745393749489 0
0.7118216933824166 0.6277730143957775 0
0.6021342043412005 0.5099501367096684 0
0.7045795338715215 0.6207486102105031 0
0.7139531143140464 0.6175108158205003 0
0.7074199843110549 0.6107034136062831 0
0.7165291251020167 0.6075260442200469 0
0.70989535232919 0.6007784906626106 0
0.718754201500198 0.5974983183381717 0
0.7117536655416516 0.5908859742345142 0
0.7211869263882794 0.5877426421701236 0
0.6023860374338332 0.4929042274481449 0
0.7139841235143899 0.5811521773801931 0
0.7234535918473902 0.5781722160824565 0
0.7161213288483959 0.5715715028853657 0
0.7256307460526379 0.56856661594927 0
0.7180824684379283 0.5622079776397765 0
0.7277692807204326 0.559024185553641 0
0.7203636083869718 0.5525873929718371 0
0.7299049731844224 0.5494602137181388 0
0.5995689124941905 0.4757075419188634 0
0.7227943376580594 0.5428363563742689 0
0.732138855277878 0.5398679031115117 0
0.7250215110560174 0.5333022046165357 0
0.7343474974106953 0.5303635915085307 0
0.7270264581878757 0.5238077597967721 0
0.7365053111629408 0.520844422450858 0
0.7291645802576461 0.514279270104617 0
0.7386804165939309 0.5113058347826352 0
0.7316063203379402 0.5045081399094576 0
0.5931404192397092 0.4567202578543927 0
0.7409241913202244 0.5017047193537388 0
0.7338219956117206 0.4948722449811033 0
0.7431550343988502 0.4920794882429107 0
0.7358921378159267 0.4852986488609901 0
0.745398249792637 0.4823922105908424 0
0.7380092606380586 0.475611885187725 0
0.7476798922212647 0.4725849332391793 0
0.7402509024623454 0.4657610462184194 0
0.7499665153644619 0.4626436972285154 0
0.742458741201802 0.4556924090890409 0
0.5844949397523554 0.4416255521767022 0
0.7523478268621271 0.4525103064702791 0
0.7446478448431899 0.4453070286846788 0
0.7548314808938231 0.4421406117432085 0
0.7469003215296739 0.4347816618740181 0
0.7133296115026151 0.6674725615621313 0
0.7108181206437829 0.6783350763576567 0
0.7243244600534617 0.6159180188857041 0
0.7573570192960958 0.4315038285320526 0
0.7492342786983066 0.4240946543304218 0
0.7383499960674951 0.4273946349554916 0
0.7409765925007379 0.4163188475812047 0
0.7520950615570559 0.4124565022642173 0
0.742760213841813 0.4055050480321361 0
0.5731902277636167 0.4283402982759693 0
0.7307999942487345 0.4097803237996728 0
0.73438983854372 0.3984436550609815 0
0.7451606742405953 0.3952100845728204 0
0.7365482149351501 0.3876516536889986 0
0.7261087738583184 0.3913947092661856 0
0.7282057494179413 0.3800950032506648 0
0.7388970455143817 0.3770108924024205 0
0.730096905134617 0.3689155242888703 0
0.7181515959161708 0.3726037458129473 0
0.5602093764484587 0.4166182025261272 0
0.7212267253911584 0.3615282707504542 0
0.7320039311142819 0.3573499284340401 0
0.7229609851918413 0.350013446075242 0
0.5319269897997944 0.402672770441202 0
0.5456036588946324 0.4083213788636977 0
0.5178292310672026 0.3991714982012381 0
0.5035498883837883 0.3973313444281912 0
0.712452259796781 0.353893290958858 0
0.713807079349283 0.342974705768767 0
0.7033387099830447 0.3469662413896779 0
0.7048134587341892 0.3359406934234266 0
0.6944622359119412 0.3398788886337989 0
0.6960955345010638 0.3286955278351089 0
0.7067408220649921 0.3254217173224064 0
0.6855900432085646 0.3327748239731201 0
0.6873255165934365 0.3216740098169028 0
0.6767840945903442 0.3251954731501813 0
0.678592604384372 0.3146068008882685 0
0.6681060338824349 0.3182965786344095 0
0.6698998438541501 0.3077890614906865 0
0.6596301883640395 0.3117557817709563 0
0.6611953736756722 0.3009616661964439 0
0.6510342256645971 0.3048933901406163 0
0.6525874534914863 0.2940308574495337 0
0.6423528989065488 0.2979552552777967 0
0.6636522975300733 0.2904520309918334 0
0.6439254245661864 0.2871121771885731 0
0.6336468495718095 0.2910280586267013 0
0.6353358829927652 0.2800402769590342 0
0.6249091224707171 0.2840832363556877 0
0.7349323806638013 0.5665572331732658 0
0.6266045237192093 0.2729943090408907 0
0.6159210824671311 0.2771082029800268 0
0.4849737318617639 0.7425918495186763 0
0.7217794922020283 0.6754068843586536 0
0.7191477948792291 0.6866703973587517 0
0.6177417370029504 0.2658552769958046 0
0.606904514323369 0.2700325908031257 0
0.6084776933656462 0.2589691919375589 0
0.6187077878190818 0.2537591944749336 0
0.7459993038103997 0.5179777628226855 0
0.7306910844906835 0.4688913187934399 0
0.7306329399509188 0.6832978469307599 0
0.7277729125313519 0.6951767502942963 0
0.5979948782795805 0.262890763891565 0
0.5985729297164771 0.2519182727791598 0
0.3560008309680429 0.2086318588441124 0
0.6480096541302555 0.6691312653706938 0
0.2429283382328448 0.4027573083658947 0
0.6839807876843086 0.3437265624046345 0
0.7549534199604784 0.4798395020206492 0
0.765373369810217 0.439111529438957 0
0.5962235969094185 0.2741528790811265 0
0.5875399066706303 0.2671601026044326 0
0.6973867409012975 0.6127486984107173 0
0.5859386917857742 0.2782402066667841 0
0.5772426849750079 0.2710483546427474 0
0.6318425361742603 0.3021987207117412 0
0.3582848912685725 0.6902122769507942 0
0.7396111458961742 0.6917222980567328 0
0.7365164611518042 0.7041644083992122 0
0.7207880924463663 0.507179606404301 0
0.5758569567923638 0.2819724415361338 0
0.5674037984346885 0.2751844640164123 0
0.5660429606512726 0.2857516566889605 0
0.5579884240337589 0.2794023492090716 0
0.5100333158450889 0.7107209240237446 0
0.5592444502659218 0.2691752859867922 0
0.7067673863944863 0.5747224127147639 0
0.5565851636553599 0.2893802250840509 0
0.5487086529648969 0.2832683431030402 0
0.6115436936305234 0.6800852838411772 0
0.3095893493272718 0.6235826975623462 0
0.5440538804458733 0.7009090933074227 0
0.5473717364557514 0.2932696139716034 0
0.539767294226231 0.2871395399213305 0
0.5551733214407183 0.2983538428767063 0
0.7489941981276202 0.7003591308916586 0
0.745682697432074 0.7132745885064821 0
0.5767831470218294 0.6909391070974846 0
0.5383470461385064 0.2966595128773607 0
0.5309885230253761 0.2907659517466405 0
0.529637305192256 0.299805433015471 0
0.5223951479307338 0.2941342874263124 0
0.5237782588677045 0.2841067664668165 0
0.5211207423000367 0.303020117412069 0
0.5140591440957598 0.2975244688387982 0
0.5127507292410415 0.3062263676494677 0
0.5059330080624328 0.3008562857063037 0
0.5047294742564942 0.3093076845997045 0
0.4980390205933879 0.3041011455956969 0
0.4968734704970634 0.3123371561473815 0
0.4903409801467725 0.3072656177278388 0
0.4892056818637839 0.3152952360419555 0
0.4828326030389984 0.3103538242235855 0
0.481835349119459 0.318210663089118 0
0.4755204519591198 0.3133674716383016 0
0.4744964959699547 0.3210562064798176 0
0.7584788683220219 0.7094579628502405 0
0.7552852340671796 0.7223374454747019 0
0.7616392023901805 0.6964502436570363 0
0.7421927960791298 0.726090017081807 0
0.7520892700613556 0.7355441091206681 0
0.7385988913077466 0.7392439870781199 0
0.748594180284946 0.7490285780426529 0
0.7351740683860918 0.7526231580108985 0
0.468331051118559 0.3162985152637765 0
0.4672660379126292 0.323832182427041 0
0.4913488909844755 0.29894744869962 0
0.4612352198714014 0.3191591084254043 0
0.4602833792102633 0.32661029758567 0
0.5197445040205488 0.3115565657144458 0
0.7622187615897588 0.7451995463358645 0
0.7586443315705981 0.7590647765154093 0
0.4542421592347377 0.3219914659518572 0
0.4532578740019283 0.3293827957432329 0
0.4623636944197168 0.3118462689566363 0
0.4472987976012439 0.3247953124663593 0
0.4462703772948137 0.332110243824123 0
0.4404031653630084 0.3275685941958682 0
0.4394771969099923 0.3348306602455188 0
0.7729185219121801 0.7548114679822671 0
0.7690149208838852 0.7692812543839596 0
0.4335730631512984 0.3303443701604146 0
0.4325980993070777 0.3375858604259315 0
0.4955416993047097 0.3200268971824197 0
0.3790540787202644 0.1622154771477671 0
0.4730978292916853 0.3279427013648128 0
0.4268002703042404 0.3331771385734543 0
0.4257874536299585 0.3404018042342103 0
0.7836921827879669 0.7649612409338649 0
0.7796459305435108 0.779884875163138 0
0.466705091412029 0.4031321965078913 0
0.4514005249725287 0.4100256814013447 0
0.4365223013945799 0.4196130048032666 0
0.4134231036500105 0.4453481076737063 0
0.4239935553863592 0.4314705890535244 0
0.4054984001031806 0.4607317569657172 0
0.4001325223673996 0.4772022522643595 0
0.4015982236598849 0.5280706842704193 0
0.4078502427213396 0.544618280553897 0
0.3975365149027505 0.4941482480726994 0
0.5884430198435715 0.4489830274368499 0
0.3983793397236124 0.5114189885399477 0
0.5789940338745831 0.4346236398303706 0
0.5580684600060818 0.5846309430703496 0
0.5966374530515357 0.5350558135823567 0
0.4920713255513016 0.6021227614822166 0
0.566550323391922 0.4222585192912163 0
0.5959561070225962 0.4643060772933888 0
0.6021361755821278 0.5014295959460802 0
0.6008497651998242 0.5187417692650064 0
0.4167172828519525 0.559577098997428 0
0.6012617188312437 0.48409146465667 0
0.5711423814066038 0.5736931737616481 0
0.5096653136056282 0.6021032158221407 0
0.5259006676117963 0.5989326442841338 0
0.5427046444100945 0.5931002622028893 0
0.5826252397413912 0.5607151991371429 0
0.4560421678129378 0.5930803339652377 0
0.4723905880554536 0.5983992058498948 0
0.4412382567382062 0.5837801626650256 0
0.4276205985121994 0.572941263380202 0
0.4951397579560974 0.3979333255427431 0
0.5528101633379782 0.4120878477243637 0
0.4519877837308431 0.3366787528536162 0
0.4323773189785872 0.3456977468672741 0
0.4249071408768705 0.3475576314817289 0
0.4191695094663684 0.3431869840586691 0
0.4182529506041988 0.3502172322204348 0
0.4126208299472793 0.3459636300171994 0
0.4118448555583435 0.3529843662705284 0
0.4715520564096327 0.08042226726786972 0
0.4352407575088981 0.3227048790124658 0
0.4173043975995555 0.3570767642927792 0
0.4110216334857237 0.3598490973373571 0
0.4055344318670641 0.3558175632924955 0
0.4047583188433348 0.3626710384247477 0
0.3993084459605289 0.358649907760059 0
0.3985823445166536 0.3654772095353773 0
0.3928954590453319 0.3614841353891656 0
0.3923428982418031 0.3683447023461677 0
0.3978363083720629 0.3722113683764222 0
0.3918448544112304 0.3750150963417326 0
0.7941979732283602 0.7758166932850128 0
0.7904213256516885 0.7907933220662555 0
0.7765582694876012 0.7944943248289704 0
0.7985321809079665 0.7596344038841508 0
0.3971808304735849 0.3787516609442619 0
0.3912753556456511 0.3815231127040138 0
0.3859116243847068 0.3777931060720274 0
0.3854089483228892 0.3843595572712553 0
0.2859861960307443 0.3827671468984257 0
0.4114731129453796 0.7460017067859872 0
0.379932295524894 0.3806332726038315 0
0.3795036343279437 0.387233700622248 0
0.3847855523475928 0.3906021496063989 0
0.3789822047512665 0.3935184850821624 0
0.3734881580342769 0.3903100236468311 0
0.3733225542393593 0.396740618081267 0
0.3792463831522203 0.3991860936154448 0
0.3743243028180777 0.4034697877425428 0
0.3676341746295652 0.3996798174728983 0
0.3675439348277523 0.4061798852157137 0
0.373253888158722 0.4100811211806319 0
0.3673881078288925 0.41266544481628 0
0.3612124992825476 0.4091264405410595 0
0.3617512243470623 0.4158199221551313 0
0.3674582360129816 0.420066221474743 0
0.3617184197091025 0.4222327138779728 0
0.3558959826483147 0.4191308403859313 0
0.3562548166158384 0.4255038454846558 0
0.3617087728077203 0.428619725595225 0
0.3564228708501403 0.4319744898871061 0
0.3508418102051949 0.4288553697025017 0
0.3511227023933161 0.4353017982561743 0
0.3566482393709283 0.4383450442551906 0
0.351457824407718 0.4416527653615546 0
0.3568634951434353 0.4445604922345242 0
0.3516934990033761 0.4478530522283759 0
0.3570639469496512 0.450705510958287 0
0.3519635665255049 0.4540584459766381 0
0.3464493941881068 0.4511746931088828 0
0.3468052449884566 0.4573852313896032 0
0.3522830772577742 0.4601949875528027 0
0.347227826978006 0.4635162252161129 0
0.3526253975734465 0.46621872313605 0
0.3476499979594987 0.4695361964345528 0
0.3529535137372676 0.4721278961948634 0
0.3480618845831388 0.4754543925402738 0
0.3532810884496529 0.4780502974885656 0
0.3484608881413452 0.4813038428129082 0
0.3536231752821221 0.4839335326251095 0
0.348873648231649 0.48710129677728 0
0.3539743817297077 0.4896141565046362 0
0.3492369809704068 0.4928075633903587 0
0.354369514429497 0.4951564335930222 0
0.3496138574280261 0.4984579321856445 0
0.3547251970907594 0.5008301849847131 0
0.3499813646804674 0.5041071507430589 0
0.3560830785037034 0.506852281634591 0
0.3505088642986099 0.5098095063408873 0
0.3558493227782982 0.5126687456885574 0
0.3507875033019927 0.5154922680585861 0
0.3559600970489321 0.5181216343255023 0
0.3510818356503805 0.5211325689858998 0
0.356165037562032 0.5236354827601639 0
0.3513990670567545 0.5267943622998984 0
0.3565253954980473 0.5293877754580378 0
0.3517224391036541 0.532561885594219 0
0.3569178804369204 0.5351750706871387 0
0.3520539016897625 0.5383859972813021 0
0.3573241706699651 0.5410336904932846 0
0.352390783348304 0.5442918481520581 0
0.3577765336408075 0.546997532200419 0
0.3440217306616213 0.4960274821545206 0
0.3529324545964082 0.5502876661122463 0
0.3581873722174729 0.5529701551028172 0
0.346859110275897 0.5184049832435277 0
0.3426453532669126 0.4728863923182959 0
0.3532659464135397 0.556384159359653 0
0.3587062173896426 0.5591793753361888 0
0.7132444931714069 0.5473540822792294 0
0.4307474550531235 0.7131999668071234 0
0.3453553320095971 0.4321333135854257 0
0.3469700958981857 0.5414419714831838 0
0.3379608794320348 0.6656165094395351 0
0.65843808264926 0.321719351121254 0
0.3410975967725413 0.4545842352725358 0
0.8056020227786397 0.7864907884049492 0
0.8015241021903684 0.802100367149055 0
0.7339649034897031 0.3456616900018225 0
0.353446019508378 0.5626491447961387 0
0.3590646713530763 0.5653453329011811 0
0.3618174319061717 0.4474148916679953 0
0.3935047320426246 0.3545876591945545 0
0.3642988898371829 0.5617901683572635 0
0.3642964244523345 0.5680323891063503 0
0.35945846529051 0.5715501333537668 0
0.3647729281569875 0.5742375238036134 0
0.3637041786631693 0.7381216703369988 0
0.8172850695329749 0.797552441339378 0
0.8129941439357895 0.8136934663490286 0
0.359955875446142 0.5778716569921629 0
0.3657167055658125 0.5804533795913914 0
0.3710370825567101 0.5763468257920872 0
0.3718344563177562 0.5831625482588024 0
0.3665282015545993 0.5867387355070901 0
0.3724337800075131 0.5893798488749077 0
0.3671800779002297 0.5930922122074538 0
0.3730869595641624 0.5955904226587061 0
0.3782200319357185 0.591900384999502 0
0.3789262664582028 0.5980167101800423 0
0.3838473110607767 0.5942359685361651 0
0.3847044513365393 0.6003676798852704 0
0.3796833634259373 0.604265669397887 0
0.3855782892128781 0.606607418404236 0
0.3904981658100007 0.6027291085205945 0
0.3914141585719548 0.6088826173792202 0
0.3961607156306599 0.6050094525256818 0
0.3971592556540277 0.6110828200139417 0
0.3923675117089004 0.6150426122049001 0
0.3982224675512625 0.6172567936214961 0
0.4029573764778732 0.6132935911180701 0
0.4040607758578379 0.6193896199221186 0
0.4087582214026435 0.6155117169408971 0
0.4099096102984239 0.621521332903421 0
0.4051088206238085 0.6255164208014946 0
0.4110076297441499 0.6275544379158973 0
0.4157168080515996 0.6235834133466578 0
0.4168468703840367 0.6295339261541959 0
0.4213486454655209 0.6255066090908973 0
0.42260313527423 0.6314378339061133 0
0.4179955271353445 0.6355896473798857 0
0.4241820682850619 0.6378226011481066 0
0.42855902785357 0.6334531147957316 0
0.4303005771823187 0.6397025253644023 0
0.434492043526927 0.6353981332696332 0
0.4359111259778413 0.6412400586738149 0
0.4401453760673469 0.6371524444329011 0
0.4414636627405887 0.6430271623017819 0
0.4458213131905386 0.6389719597991738 0
0.4471597503694373 0.6447851808998096 0
0.4514717688388687 0.6406994949680695 0
0.4528189377084842 0.6465743493215599 0
0.4578997438799199 0.6417862791038338 0
0.4586142856335209 0.6482045150498614 0
0.46287299709478 0.6443531646933485 0
0.4642632295030502 0.6498312839088899 0
0.4691373074152563 0.6452308611150266 0
0.4195454300964726 0.6422039107977937 0
0.4700068878370249 0.6515097503524282 0
0.4747303253648866 0.6476959084188849 0
0.4756056768240601 0.6536545549470023 0
0.4801295533093579 0.649681620661873 0
0.4371353405595648 0.6469188613559099 0
0.3473144742241214 0.559115599673455 0
0.4541797428196461 0.6522580129157187 0
0.4701602484628593 0.6566971912799598 0
0.3576023611259154 0.4689155314302673 0
0.4812524921210989 0.6554499566444982 0
0.4855626005079983 0.651472066609762 0
0.4844323427903833 0.6458256315927376 0
0.4897506074297167 0.6475549115670208 0
0.4911030798893503 0.6531780842467085 0
0.4952479745981864 0.6491968306703819 0
0.4967144318985919 0.6548145208172167 0
0.5008328898116899 0.6507518716813341 0
0.4994270017945359 0.6444337812689623 0
0.5049173947960541 0.6466689356604182 0
0.5063133724300982 0.6521959121861836 0
0.5102992530821648 0.6481922224547912 0
0.3567934831741836 0.2727435792729349 0
0.5088749330582016 0.642840594183106 0
0.5141426878525174 0.644224091697006 0
0.5157018159739127 0.6495978408597867 0
0.5195225223516263 0.6455474569642984 0
0.5211789674513978 0.6509608347439788 0
0.5250036647743929 0.6468601719899383 0
0.52319835041652 0.6415369662593295 0
0.5286765105438466 0.642764932842689 0
0.5310378654517087 0.648520760674307 0
0.5343092700057863 0.6438141926684757 0
0.5323021301397509 0.6386976311814179 0
0.5377741215399675 0.639814577912888 0
0.5397269560788697 0.6443124122040487 0
0.5432977431326845 0.6406152409902357 0
0.5412592660374128 0.6360721926526317 0
0.5467602722507505 0.6369192454832362 0
0.5478019248009038 0.6409806534848012 0
0.5521301429385391 0.6389045600325729 0
0.5504928027820861 0.6330379272464041 0
0.5557400648856677 0.6336366337986863 0
0.5579779966866529 0.6390261435060464 0
0.5611588636559679 0.6343406206273534 0
0.5592117462856782 0.6291015569955845 0
0.5645530573869506 0.6298415141991314 0
0.566577969066413 0.6349646654019049 0
0.5699479183583238 0.6305338256055411 0
0.5678654001725455 0.6254631368427129 0
0.5732159448647786 0.6261183871942397 0
0.5710290836850216 0.6212070206157145 0
0.5763979073990869 0.6217510309298482 0
0.5786397523028654 0.6267384054080791 0
0.5817685302606017 0.6221767189729113 0
0.5796763519101754 0.617356411471945 0
0.5850858672500782 0.6177498743505125 0
0.5874777640443704 0.6236382613315025 0
0.5907361827358708 0.6183052878688547 0
0.587948562179589 0.6123737029064547 0
0.5939819838237995 0.6132536452397499 0
0.5965007883571286 0.6186324049468634 0
0.5996945092974001 0.6137385948207048 0
0.597222066266908 0.6085242098568561 0
0.6028447716612606 0.6089016592110987 0
0.6002378801384676 0.6038430525803795 0
0.6059593036656514 0.6040924938984388 0
0.6086363146769169 0.6091944600744406 0
0.6117952379998894 0.6042788211465253 0
0.608977455693517 0.5990708576011257 0
0.6149165985455527 0.5992566971592883 0
0.6178100029155613 0.6045476924040054 0
0.6209722593800168 0.5993303487172923 0
0.6179470227826697 0.5939780467138954 0
0.6240503937219891 0.5940666653116975 0
0.6211623778268075 0.5887433194178222 0
0.627132982924306 0.5888438090177208 0
0.6242661836335616 0.5835558292276674 0
0.6301223252804542 0.5836194415948183 0
0.6272790942793952 0.5784153383745367 0
0.6331435971508492 0.578465089476957 0
0.6303118351772727 0.5732798103416868 0
0.63617842896458 0.5733278976985274 0
0.6333046978176988 0.5682913838989098 0
0.6392394737716802 0.568226938048158 0
0.6363305013443215 0.5631758627606314 0
0.6240498734729114 0.6047670750487242 0
0.6422971472188304 0.5631056505370533 0
0.638583861865599 0.5571012406441465 0
0.6452623785431286 0.557801876963384 0
0.6423015494996047 0.5521199977256315 0
0.6483160459947506 0.5525333423627711 0
0.645463998043486 0.5471680753157954 0
0.6332945842641037 0.5885040950961636 0
0.6514923439964375 0.5474121489946384 0
0.6485374032271926 0.5421460228470689 0
0.642603612459109 0.541992676016496 0
0.6455083587866984 0.5370461894083457 0
0.6515148334770706 0.5369903069934453 0
0.6484073974560645 0.5318799714638264 0
0.6544792354847075 0.5317249978420872 0
0.651316765054368 0.5266031632849949 0
0.6444699404564853 0.5268437641833971 0
0.6482108128090248 0.5215464430581932 0
0.6541603150343559 0.5213556494820866 0
0.6509917801419511 0.5162564205954355 0
0.6569490045956168 0.5160400362772836 0
0.6537280145441188 0.5109960013000424 0
0.6479177998287946 0.5113021887352489 0
0.6507640807215977 0.5061418319544921 0
0.6565046212770864 0.5057198012724702 0
0.653203763389107 0.5007025332862225 0
0.6592221042208606 0.5002915110749609 0
0.6558177120757274 0.4952775262423947 0
0.6496590773818229 0.4954773991262035 0
0.6526114502638204 0.4901026642188288 0
0.6583961413837989 0.4898195330089296 0
0.6549435958973784 0.4848232425186619 0
0.6492789308171405 0.4851826947641516 0
0.6514415248851557 0.4800004572544845 0
0.6575022969424615 0.4793341205425404 0
0.6538541674146831 0.4744053399169287 0
0.6600672782526882 0.4736710921197435 0
0.6563229851841248 0.4686294715987443 0
0.6502836973210402 0.4695842283349434 0
0.6526327994067301 0.4636348132076815 0
0.6588268480506755 0.4628036749611925 0
0.6549672793973329 0.4577218360569762 0
0.6487836564832379 0.4585685343691699 0
0.6510511981714311 0.4527062284787481 0
0.6449005642978466 0.4536473833632179 0
0.6471522092932498 0.447804695570509 0
0.6534030882903344 0.4468280970711467 0
0.6494249131214987 0.4418325283084009 0
0.643169094405146 0.442796867252212 0
0.6454078229010265 0.436902050690579 0
0.6392139054835926 0.4378136077205715 0
0.6414082672452578 0.4320617739392751 0
0.6343235643561705 0.4331734846738287 0
0.6373460310456722 0.4273142366718587 0
0.6316417923343017 0.4273809862046267 0
0.6337638087320417 0.4221706820386117 0
0.6397637498402793 0.4214598521514373 0
0.635782417995262 0.4165450285290619 0
0.6300184447771978 0.4173453292258963 0
0.6317447363151938 0.4117280717124799 0
0.6258381437671926 0.4127286928120056 0
0.6276642090513811 0.4069907382537409 0
0.6214666746582229 0.4082049581805136 0
0.6236269379365138 0.4025884881562788 0
0.61637748257925 0.4035133360707461 0
0.6201848642360528 0.3974263324753056 0
0.6132880616264367 0.398224521187276 0
0.6155059490258706 0.3928647235151089 0
0.6094023075295683 0.3939755747082898 0
0.611478280900888 0.3881259124827294 0
0.6054578019795086 0.3893079197188228 0
0.6072050185383688 0.3835894142838268 0
0.6013272836580734 0.3845457272235038 0
0.6031522804179523 0.3787914851320156 0
0.5970176881134019 0.3797195340429337 0
0.5992644628691057 0.3737431663351034 0
0.5928198431226046 0.3748282585299026 0
0.5952120007101218 0.368794803152462 0
0.5887363279579 0.3698966680542014 0
0.6421400185220936 0.4154164142502136 0
0.6558797491924911 0.4407893404597595 0
0.5910891159022353 0.363669079464722 0
0.5845231385940477 0.3649212625699718 0
0.6171835034144408 0.3876540283239511 0
0.5823573461916268 0.3710258624193081 0
0.5781802329904108 0.3662338446717728 0
0.6421008586141121 0.5737584461429825 0
0.6056613190855178 0.3740860669798298 0
0.5951946805130237 0.3855581229333256 0
0.6299344273566292 0.401014119906471 0
0.5761013382568713 0.3721307804974472 0
0.5720233297015431 0.367502322221826 0
0.5866923935416769 0.3585111981267869 0
0.5935852646669943 0.3572389398182564 0
0.6330975249311304 0.4396350917165406 0
0.6193286382274115 0.4142867236182819 0
0.632744691441803 0.5587203288835455 0
0.6079548365920442 0.3987316654786328 0
0.3620329878700113 0.5437619687176484 0
0.6218641014314424 0.5787603727880284 0
0.4670096972363414 0.6403918555609127 0
0.8291058041322494 0.8091802200047533 0
0.8332200775581901 0.7928395915406662 0
0.8249886959050607 0.8254694622900398 0
0.8085738806616793 0.8299342109197017 0
0.4388735161729816 0.6314121846098191 0
0.5700952556633025 0.3732019716339209 0
0.5660729902678661 0.3686860500320641 0
0.5678448331020078 0.3633584805713944 0
0.5620655793954484 0.3645564996111007 0
0.560290688079388 0.3698986219530268 0
0.5562872002783841 0.3654833996566679 0
0.3593985131509315 0.4861417243169679 0
0.5578906053347459 0.3603816862234909 0
0.5520852026991154 0.3614528032665095 0
0.5504259092953417 0.3667764490640958 0
0.5463321144791518 0.3627672526240404 0
0.5889727608981192 0.3518964270792589 0
0.400819157690928 0.1239782843284681 0
0.3608715157528711 0.5206476672716244 0
0.544610508836894 0.3681525570340554 0
0.5407699424690009 0.3642208214739064 0
0.3601909610185597 0.5023608756464696 0
0.8207121693927095 0.8419749591890575 0
0.8042079976943073 0.8463390143504235 0
0.5484778016719275 0.3566486273149034 0
0.8372832157824794 0.837401656617369 0
0.6517108642942808 0.5573421014301989 0
0.5393866114030118 0.3693271274006344 0
0.5354355989920366 0.3655076970136709 0
0.4164131076659732 0.3637739137950062 0
0.4493009227137635 0.7447434732096844 0
0.5431902893326931 0.3729119732610157 0
0.3716262097255487 0.7466083407878782 0
0.3600860255319869 0.7493032236704779 0
0.3681147327133391 0.7581304135643583 0
0.3563539836425189 0.7609046753174487 0
0.3647602976470576 0.7699317805968158 0
0.3525639494648047 0.7727857962872031 0
0.3611820503534728 0.782127441438601 0
0.3484679115928275 0.7850583845311925 0
0.3576407376089836 0.7947645716498939 0
0.3445425818680706 0.7977773696894324 0
0.3353954973263321 0.7878284882380144 0
0.3312967904364165 0.8008069079970082 0
0.3219952740882646 0.7906103469621646 0
0.3176215952912105 0.8031666761018073 0
0.3082521129667608 0.7933344554918532 0
0.3037756734990167 0.8061757085142849 0
0.2943492866151547 0.7962767654890345 0
0.2897304717047274 0.8104779316129663 0
0.2800166625481688 0.7993627103672669 0
0.275050001892679 0.8140442281397108 0
0.2653243868919805 0.8024074868230811 0
0.260387949376945 0.8170060099390666 0
0.2501289728252675 0.8053867843299527 0
0.3537626952990099 0.8076790129103298 0
0.3670282322305612 0.8045331827125167 0
0.2449390764948676 0.8202330730034257 0
0.2343463244478654 0.8083436567400936 0
0.2395618532079458 0.7935902490686584 0
0.2244152135873981 0.7969530730225454 0
0.2292408387048228 0.7819962704497319 0
0.213978640295616 0.7851873660847932 0
0.2187531871228671 0.7703869311943913 0
0.2085062025932048 0.799890856639968 0
0.2034969467689 0.7735150168338752 0
0.2082847683284911 0.7586990481291033 0
0.3631006092487091 0.8177528497933848 0
0.3760552215223159 0.815069622374194 0
0.193045647524313 0.7617856581794318 0
0.1977977764189708 0.7468710903401408 0
0.3005656869808812 0.8218288972498164 0
0.3725327527429458 0.8280423193276416 0
0.3863108073165368 0.8246480926689717 0
0.1825402036949353 0.7500895507003886 0
0.187314076445566 0.7351116638284476 0
0.1778830974198066 0.7656657438749981 0
0.3822721193032158 0.8383378015925474 0
0.396371266385925 0.8344573664572246 0
0.1724551973059281 0.7383000904168584 0
0.177152743035609 0.723372884089458 0
0.1921969692568786 0.7202663987229486 0
0.1819196182936799 0.708565176320344 0
0.166862504043669 0.7116362975547653 0
0.1718177850087002 0.697059596301237 0
0.2557832044983694 0.8319213593587802 0
0.2399539639926588 0.835368917339072 0
0.3921309334702296 0.8488114146585074 0
0.4062986910178432 0.8452955089524768 0
0.3778847584035934 0.8522763165263221 0
0.2350417142682235 0.7646560167922449 0
0.1565359270054107 0.7000295261398525 0
0.1616221923736855 0.6850840551035473 0
0.1968264993682763 0.7056180637942771 0
0.2514728900003866 0.8473589422909042 0
0.2355587835928516 0.8509643338834663 0
0.1462314321439194 0.6882738626977731 0
0.1513278291472754 0.6734179424333901 0
0.1411850033637191 0.7034280216450486 0
0.1666164789445145 0.6701124507443625 0
0.1564590086447681 0.6585560232876668 0
0.3877459518264975 0.8630593180289959 0
0.3733120186473882 0.8666219927556635 0
0.2988570375534292 0.7827586392447572 0
0.4104508028182924 0.8309415323861526 0
0.4203590059443296 0.8417794249980675 0
0.3870069836295367 0.357432499220066 0
0.3877736703046047 0.3501146742160796 0
0.3807704750747526 0.3532684210028981 0
0.3814429811889845 0.3456897732821418 0
0.3742870787565018 0.3488836580172948 0
0.3751171327564424 0.3408226337842121 0
0.1411323151304202 0.6615904050803221 0
0.1464208806549385 0.6468906634290017 0
0.1615458678177606 0.6439974739178207 0
0.1517000376437151 0.6323696562354726 0
0.1666291220344007 0.6298485787175131 0
0.1569655407786239 0.6182650227971112 0
0.1421119865237543 0.6207912254922511 0
0.1473581951398688 0.6065848343263411 0
0.1622403646729383 0.6040200995841483 0
0.1527416879779389 0.5924266985461765 0
0.1377387312547478 0.5948614112014851 0
0.1432981314831105 0.5807627170538447 0
0.1580637687800157 0.5784483878207666 0
0.1488145775031279 0.5668503719323419 0
0.5338533494666299 0.3708281335390383 0
0.5300124669063182 0.3668420648699074 0
0.5315839787928587 0.3616525737821973 0
0.5263313696626982 0.3630512075358668 0
0.5248084419304083 0.3681488919900149 0
0.5211871779989684 0.3644861136607367 0
0.5197986173299214 0.3695409319789368 0
0.5160436210617276 0.365954295054619 0
0.5174358486446299 0.3607891120117956 0
0.5123510705318793 0.3623103230841144 0
0.5109762404186082 0.3673963055218014 0
0.5073577630314334 0.3638409889410759 0
0.50612702298847 0.3687803089011455 0
0.5025267695326889 0.3653597696799799 0
0.4247250640795613 0.8277652225731054 0
0.4344964527295067 0.8382927845703596 0
0.4304126863093962 0.8523146479759873 0
0.4444687015694216 0.8486340746020784 0
0.448400970944298 0.8347947178871119 0
0.4583943730283366 0.8449286437517662 0
0.4620590745583263 0.831255983457192 0
0.4720056053077062 0.8411347238434637 0
0.4756438907447908 0.8277463678843053 0
0.4854505859404448 0.8374280266832355 0
0.489160672777017 0.8241902656457388 0
0.498770207343087 0.833940192806689 0
0.5022158217236421 0.8202355245397263 0
0.5116716447561199 0.8299008291731433 0
0.5084293395057059 0.8436606415621251 0
0.5217145712892425 0.83994782404449 0
0.5243155622157436 0.8260149182586373 0
0.5348389562630328 0.8361545352995423 0
0.5376681292964367 0.8227183741302819 0
0.5478442511165015 0.8321309860442725 0
0.5514830504677485 0.8201165849745733 0
0.5609752994150327 0.8285253329752984 0
0.5646392685836485 0.8166370084686947 0
0.5739842745569901 0.8248010154794053 0
0.5775334219085746 0.8121628272161785 0
0.5871501606166251 0.8215106092890443 0
0.5906184214520063 0.8083725303544449 0
0.6003285194669499 0.817856266352146 0
0.6037305026221031 0.8046360144885399 0
0.6135637463027783 0.8142174558817693 0
0.6166315757572922 0.8012008543116368 0
0.626831635715402 0.8104446495975868 0
0.6234905174594456 0.8241357677290965 0
0.6372645291928223 0.8202682058709303 0
0.6298568744998725 0.7974718011982713 0
0.5810051072093968 0.8340830658132424 0
0.5449791720132263 0.8445513319273469 0
0.6337151205517091 0.8343211967147388 0
0.6482923988165274 0.8295975479695784 0
0.6443227855149738 0.8447040647152214 0
0.659407855960448 0.8392934792850893 0
0.4690501895776352 0.8546982671815156 0
0.6543779578610217 0.8558646669417861 0
0.6699463464983061 0.851349541959713 0
0.6401487572593128 0.8596450074415525 0
0.5014215917635115 0.370177062385709 0
0.4978172482573818 0.3668380954454019 0
0.4968702644940604 0.3716227613548275 0
0.4931979981835883 0.3683485107857162 0
0.3821234850729078 0.3379886864978605 0
0.5961107324355833 0.350551989640502 0
0.5911867696759204 0.3447326457531202 0
0.8329500360585613 0.8542837297580812 0
0.8499772498646843 0.8495676810814909 0
0.4942067223172127 0.3634891471890954 0
0.4894639023598535 0.3649946552608015 0
0.4884208042432917 0.3698625114085867 0
0.4847539897795123 0.3665546620042563 0
0.4838213820754257 0.3713311543732649 0
0.480149058451443 0.3681031041857196 0
0.4791989132272128 0.372778843463091 0
0.4756019907359466 0.3696244894337299 0
0.4746639242893475 0.3742421641285689 0
0.4711661966060829 0.3712965089078296 0
0.4701876281587651 0.3757279159728563 0
0.4667236385184376 0.372813593921749 0
0.4657326313182308 0.3772004944412463 0
0.4622366731421602 0.3741198365214202 0
0.4612013989924199 0.3784169636222918 0
0.4577854823618288 0.3755126595796471 0
0.4568551242226341 0.380130928146424 0
0.4534558591964277 0.3770196303811529 0
0.4523435815357076 0.3813217573325417 0
0.1633391006949453 0.5648216866308582 0
0.1542953444230575 0.553270895608766 0
0.1396855634148925 0.5552628497534822 0
0.1452241246413883 0.5415208950640616 0
0.1598849708826228 0.5401556156553603 0
0.1509058272304795 0.5279830122668803 0
0.1363308975771935 0.5286960523444459 0
0.1420243208043769 0.5160034769651511 0
0.566575295814695 0.8034270611384333 0
0.1568043479797009 0.5143278113730495 0
0.1473063670471974 0.5020887089501196 0
0.1331881176314093 0.5040428288056471 0
0.1391432640106835 0.4903023486635777 0
0.1532602767101435 0.4883996711234989 0
0.1453428097188826 0.4765349006864467 0
0.1305545961892317 0.4781174056151664 0
0.1368924408214106 0.4644350419716893 0
0.1517344235141227 0.4630341551819974 0
0.1433413065209005 0.4509300848972369 0
0.1579862554307503 0.4499124244880577 0
0.1499738599338356 0.4376847754032709 0
0.1349942457193141 0.4387434465841076 0
0.1417082666537801 0.4251957959663433 0
0.1269558171445292 0.4262586544222423 0
0.1333941976465908 0.4128293529436009 0
0.1489109280818531 0.4117525331716271 0
0.1400995541044474 0.3993640018130151 0
0.155352818110634 0.39838644621007 0
0.1467677017311563 0.3860900275497561 0
0.1619603404122206 0.3848979749805805 0
0.1532035042267403 0.3728129500808235 0
0.1691861880651334 0.3721596373307539 0
0.1605537875670759 0.3600777169218831 0
0.1445798778030248 0.3609129210355187 0
0.1516040388106668 0.3474090197190015 0
0.1663224480755376 0.3465583542060727 0
0.1582869155211465 0.3340904431158187 0
0.1722142555308279 0.3329459862093317 0
0.1648840397066852 0.3208865765320575 0
0.1795322176287946 0.3201763993405252 0
0.1716888441698595 0.3078201841157596 0
0.186377078345975 0.307133021480038 0
0.1784550905415137 0.2947200583858619 0
0.1931478547154154 0.2941052925876819 0
0.1852266150512059 0.2815668114014798 0
0.1701996426219409 0.2822026018735404 0
0.1765548893756752 0.268425209529162 0
0.1923417346443547 0.2680908457562504 0
0.183507968623646 0.2547867039661534 0
0.1994323615333501 0.2544008647559395 0
0.1911706991805828 0.2413907842930263 0
0.2067391214948746 0.240832455117942 0
0.1984935534322447 0.2277509335682627 0
0.2139769920078629 0.2271113847180111 0
0.2057311788610244 0.2137723529806984 0
0.1898752914826333 0.2144271278518881 0
0.1972704891166082 0.2002439141328467 0
0.2133050724030791 0.1996580030320835 0
0.1804270408442365 0.2007505147229196 0
0.204747145291894 0.1859469903343648 0
0.2210258706357594 0.185413099382034 0
0.1608411349508181 0.269184824223536 0
0.2123457120798539 0.171486422020139 0
0.2288312974489805 0.1709758425664229 0
0.1422484621826827 0.3339805096021045 0
0.2201723956355688 0.1568543297863246 0
0.2367430163158557 0.1564284646297256 0
0.2033919569028975 0.1573984073165706 0
0.2452835358658438 0.1704283629591916 0
0.2530604796671162 0.156087138309667 0
0.2446911812895365 0.1419303283793005 0
0.261102327909667 0.1412015012528087 0
0.4666915578195341 0.7134017719684921 0
0.6065091078477699 0.7919874093830688 0
0.7251976580172195 0.7429316799429455 0
0.7218518128944124 0.7561427206703768 0
0.215820763752208 0.2547799099380826 0
0.6647185140295804 0.8671681052948449 0
0.6812179615409779 0.8623628652644224 0
0.2468821486947461 0.8633011710250279 0
0.2304014002396912 0.8669596953599038 0
0.7333162698933094 0.6716966690543181 0
0.4485009532672713 0.3778741313733584 0
0.447838262741293 0.3829303980372132 0
0.7120952350913854 0.7465604985618788 0
0.6852778190938194 0.8458071840995334 0
0.6968873978847501 0.8574450355743637 0
0.261384004148973 0.1700077210112037 0
0.125130749905983 0.4000202807567413 0
0.3759748231931636 0.332610030517242 0
0.3833568240021801 0.3295177035194786 0
0.7083427294836278 0.7597734283958149 0
0.6988250153823459 0.7500249129257489 0
0.5136040251343177 0.3570319017908468 0
0.6927834430279376 0.8735048402719983 0
0.3835631181395204 0.8778898783386482 0
0.3683200788475639 0.8815340437963973 0
0.4716263339745679 0.3671745413620496 0
0.4546160672882261 0.372522512176136 0
0.3677304329710492 0.3441915406366214 0
0.2009520851747686 0.3064100490154463 0
0.7088051160103696 0.8690090257071701 0
0.2526299533706726 0.1271948331891019 0
0.2694750567722923 0.1264056810880811 0
0.8454396458450322 0.866827377240974 0
0.8627390577819806 0.8621458976680964 0
0.8672577195739694 0.8446243903404578 0
0.4444789265424015 0.3799544711631552 0
0.4434451532078451 0.3845511964979784 0
0.5988330386460897 0.3434295145575979 0
0.5938377937885625 0.3374835619453464 0
0.5859822416983675 0.3388450721967855 0
0.4904408327936233 0.3599985199746786 0
0.4795385989921406 0.8145598505689529 0
0.5048721983582886 0.373898983513235 0
0.3670504462706564 0.3523611602535186 0
0.3602902567228101 0.3476621067637477 0
0.3594457380238163 0.3557075814944188 0
0.2418727221463212 0.8794205907844836 0
0.2585277756183354 0.8756555870742015 0
0.2251691874055841 0.8831755293790986 0
0.2135561385108349 0.8705078842672278 0
0.2081357181944736 0.8869934111805508 0
0.1963735063033639 0.8740777225176063 0
0.44000320797127 0.3814231246095736 0
0.4389882112513636 0.3860365710576649 0
0.440637743631499 0.3763497045634685 0
0.5741476848465853 0.3777468499161295 0
0.771397033224091 0.7057145741972574 0
0.7745509363487487 0.6924471470092083 0
0.7845729681055225 0.7018963586541069 0
0.7876187534693733 0.6885684827059275 0
0.798047526484807 0.698038326026863 0
0.801388340739593 0.684413579359071 0
0.8119140438084159 0.6940679778740522 0
0.815513809544585 0.6798418263030039 0
0.8261252323234878 0.6899314486768857 0
0.8295466824360922 0.6754120807781033 0
0.8187298891465962 0.6652696945890368 0
0.8327588936627097 0.6608077997254901 0
0.8222513154179918 0.6507979963437724 0
0.83610201741893 0.6463531326555758 0
0.8253011550237866 0.6363739718202428 0
0.8390005085108141 0.6318880316193193 0
0.8285000745210445 0.6220190979943079 0
0.8420600567611408 0.6175205209316867 0
0.8316190977620723 0.6077849604680301 0
0.8454205497436746 0.6032980550182565 0
0.834615794371375 0.5938065359349755 0
0.8487536614487208 0.5891385735075351 0
0.8379746127295082 0.5795182293757696 0
0.8519601554825768 0.5749000568720908 0
0.8413707500332823 0.5651485816390192 0
0.855452799214016 0.5606544482664997 0
0.8446108053189417 0.5509232700702541 0
0.858748650536483 0.5463982902999582 0
0.8478210905358856 0.5367088082639605 0
0.8406330839046159 0.6856983465578406 0
0.8620062425676889 0.5320950764373685 0
0.8509208984437719 0.5218657662222218 0
0.8653504150799873 0.517630266189628 0
0.8538675212114212 0.5070791834178209 0
0.8493907481448066 0.6410913343071406 0
0.8685999440392568 0.5030414517875365 0
0.8577671401777058 0.4929730245815572 0
0.8719947419070855 0.4884761828899521 0
0.861306640000279 0.4783068316980018 0
0.8593063278861169 0.6003718641848862 0
0.8755593197641092 0.4737713135760773 0
0.864673443998596 0.4634731160830657 0
0.8178164545628226 0.612389088012218 0
0.8272987990076381 0.5698969100833797 0
0.8790808025447068 0.4588845829819724 0
0.8677827102382574 0.448357382119469 0
0.8825730228470088 0.4437798952957773 0
0.8710794355626618 0.4331770750656751 0
0.8366593161319575 0.526939652275413 0
0.8696361752294337 0.5566765720916946 0
0.8464628760317376 0.4833404180797521 0
0.8861556649305631 0.428437939940059 0
0.8744947895059612 0.4178350517987761 0
0.8597047485063037 0.4225539169351313 0
0.8629484737223205 0.4072838832813858 0
0.8776395256300202 0.4020516930246348 0
0.8659637868053709 0.3919676668662889 0
0.8513799976734124 0.396887935760057 0
0.8543938573070502 0.381727959545051 0
0.8690120225502407 0.3767187096957951 0
0.8573321266174264 0.366485085112 0
0.8721582015488762 0.3613765656152775 0
0.8602806472930958 0.3511662853255598 0
0.8459226870712349 0.3563741761122845 0
0.8491832414659239 0.3411489595543298 0
0.8633406773986996 0.3357814259119357 0
0.8512835976878749 0.3255553469422828 0
0.866166902661915 0.320113323079829 0
0.8538801723903694 0.3098493735984801 0
0.839501665677118 0.3147207476812743 0
0.841678403856977 0.299512779390781 0
0.8566141276237443 0.2940612850890061 0
0.8441932572931681 0.283778899370366 0
0.8289094738154772 0.2891628582184422 0
0.8315635699241024 0.273487315471943 0
0.8468479485787204 0.2677603765782678 0
0.8341518344976606 0.2575708856556639 0
0.8189940072818488 0.2633630303163176 0
0.821462170884127 0.247474154431974 0
0.806483564988931 0.2533735080029491 0
0.8088462043642182 0.2373985419684827 0
0.8238549543603961 0.2314536044653573 0
0.8110765050196649 0.2213523419232011 0
0.7959363378958397 0.2274146305118822 0
0.798253424052763 0.2112690675641322 0
0.7832651563234454 0.2173333326566763 0
0.8134628740419967 0.2050314941943378 0
0.7854937720163848 0.2012974118263691 0
0.7705679565867429 0.2073268930826488 0
0.7727854421519798 0.191334568870303 0
0.758113950643883 0.1973826925712887 0
0.760140379007137 0.1813997216231685 0
0.7451840112097593 0.1874193144531695 0
0.7751085128554414 0.175266738442641 0
0.7474344792580641 0.1714722592378564 0
0.7324734894021292 0.1774971578062072 0
0.7347373925867361 0.1615780868665528 0
0.7199054365609617 0.1676521639348507 0
0.7561574568360008 0.2133271025190492 0
0.7175843901765028 0.183227921478199 0
0.7026391822442373 0.174638482843787 0
0.7068977618102797 0.1581597204230393 0
0.6906457855685291 0.163493035973341 0
0.6943664395622561 0.148264511747558 0
0.6790838649590025 0.1541571769639821 0
0.7034019544025234 0.1905810316467599 0
0.6819030840202205 0.1384981637397584 0
0.6672551373026507 0.1447259777337148 0
0.6642655747815256 0.1600117514917673 0
0.6526398113720935 0.1508686982054387 0
0.6969952510399868 0.1323846570632415 0
0.654761665858529 0.1352751633206966 0
0.6401616234086875 0.1415174423940777 0
0.6382164210381036 0.1564459887281411 0
0.6258222499094446 0.1474459446422428 0
0.627487420433522 0.1322467294089968 0
0.6134857981317222 0.1393863947678894 0
0.6115247284187977 0.1538835649497868 0
0.5994500985320035 0.1451926611220558 0
0.5973804117623711 0.1602619947945318 0
0.583902654313761 0.1496062774144703 0
0.5834669461565878 0.1660417490806276 0
0.5715221955457122 0.1577443879404078 0
0.5701352660000666 0.1722272982577258 0
0.5585593958698928 0.1642626955691691 0
0.5568845597107045 0.17819814528158 0
0.5456677937192106 0.1703376566146779 0
0.5441110406123463 0.1838073713096106 0
0.5582773935345968 0.1517424432276203 0
0.5329404458349141 0.1759034222551292 0
0.5314014727036563 0.1893428794894639 0
0.5205815050313942 0.1815632276669648 0
0.5191145773160896 0.1947154570364852 0
0.5084506277204268 0.1869494408296122 0
0.5072474532799233 0.1998834291546674 0
0.4967356762279133 0.1923638663051806 0
0.4954235266834001 0.2050147440089014 0
0.5101681973676611 0.1734128336595161 0
0.6003409088160767 0.1295830929946903 0
0.4851998841124746 0.1976532068332834 0
0.4839685904154966 0.2100469139569925 0
0.5058043365130118 0.2124418577883276 0
0.8800365132517042 0.512861402606886 0
0.837019281319124 0.7005496305878948 0
0.8519027534337071 0.6962863295946773 0
0.5422582401664283 0.1967490402283694 0
0.4738793015997185 0.2028386583511723 0
0.472672738496048 0.2150213651612308 0
0.5955010557669952 0.1749735983736416 0
0.7183422578320293 0.76946121460273 0
0.1716856759902013 0.3965608912542534 0
0.3767823001051659 0.3241160475834889 0
0.38470393656597 0.3205827444535077 0
0.4829172953636806 0.3758689032133362 0
0.1909282342731735 0.8908754701034242 0
0.178899679056589 0.8777015063781645 0
0.5886890309944783 0.3314771639456373 0
0.4354140219454201 0.3828700335059334 0
0.4345780178088737 0.387519229859478 0
0.4379975233161481 0.3905683155189997 0
0.4336705151218595 0.39206948167751 0
0.430202954685989 0.3890423324164403 0
0.429339522723696 0.3936194735086739 0
0.4258514500188608 0.3906432648045274 0
0.4250620566935681 0.395190698057417 0
0.4284874404987834 0.3980949757523712 0
0.4242479694563165 0.399732188911915 0
0.4207840764047478 0.3968188266828629 0
0.420011645137529 0.4013847230221824 0
0.4165196012699841 0.3984651478404433 0
0.4158378019569735 0.4029932997320737 0
0.5807558281898815 0.3329462296080412 0
0.7046323341311052 0.885190062762282 0
0.7211650165373724 0.8803919627530669 0
0.4192813583836033 0.4058347882134581 0
0.4151702163312451 0.4074757172121662 0
0.4116222991329333 0.4046711262039256 0
0.4110258887623638 0.4092069865395012 0
0.4073538131760086 0.4064153985787532 0
0.4068249902738901 0.4109757531296372 0
0.4104661081049095 0.4137304306638701 0
0.4062550806474265 0.4153667010452955 0
0.8810078232381759 0.8575189471926697 0
0.8855902420910855 0.8398622158041705 0
0.8757925594886181 0.8750880706458819 0
0.3526944056963583 0.3512064162791786 0
0.3518144951357595 0.359341379429623 0
0.7044386383493658 0.7732015640710932 0
0.7148450929686753 0.783177813349729 0
0.4645581362244697 0.3811047428812343 0
0.8483670321123697 0.7114363618589574 0
0.8635543827386492 0.7071454150843677 0
0.8903698953944024 0.4698414186551257 0
0.4024816305163936 0.4130661457238437 0
0.4021839241739493 0.4174010628652638 0
0.4055454146095349 0.4198848041895279 0
0.4017386330348891 0.4218957533512202 0
0.4515413436344713 0.386018054572719 0
0.1736080726013884 0.8949117321606181 0
0.1612251969164601 0.8814558950015917 0
0.1669059624731062 0.8643910064247675 0
0.1490806120023509 0.868049160196809 0
0.1433596406049996 0.8852398112152233 0
0.131140957267301 0.8716125418216143 0
0.1369261302583373 0.8543922788232843 0
0.1252800127290525 0.8891095554885005 0
0.1189945930643992 0.8578812854812774 0
0.1245810189924483 0.840705565446983 0
0.3793167968179225 0.8931531551462126 0
0.3636815825075825 0.8968659939824954 0
0.3527837571386365 0.884907525606875 0
0.3477196048461615 0.9007708543777488 0
0.398260157699362 0.4193064462837754 0
0.397966226366701 0.4237860277465899 0
0.4014664277696735 0.4262787787969991 0
0.3974858201192105 0.4283267062755495 0
0.2607383851470504 0.1124584686931098 0
0.2436510332210318 0.1128140072561684 0
0.2777787474485293 0.1120917302978886 0
0.2864412960309626 0.1260822752743193 0
0.2946946323177891 0.1118420409058509 0
0.3941943153153039 0.4256501640480732 0
0.3935337696196181 0.4302592902702546 0
0.3971623055716161 0.4328629566992441 0
0.3932406592722006 0.4348367971347619 0
0.3896951705451475 0.4325516155189916 0
0.3895426377557719 0.4369307517957852 0
0.3930939925663112 0.4392789635308199 0
0.3893996513495774 0.4413375539388675 0
0.3929527256127244 0.4435534063538736 0
0.3893584580261163 0.4456355951661709 0
0.7125673579009406 0.8530057529597201 0
0.303157243248004 0.1262796631631837 0
0.3114847021057113 0.1117948126829204 0
0.859904344861297 0.7226822569304239 0
0.8754636111639387 0.718293026699065 0
0.8776210244942388 0.7023507594611403 0
0.871905397864961 0.7340315301626237 0
0.8876997609705337 0.7296903212261363 0
0.883970701774077 0.7458732904928116 0
0.3855661717320205 0.4389097590862348 0
0.7773650920618305 0.6795959172179842 0
0.5954350098767535 0.2843089734931295 0
0.6016951475145502 0.3360257171530939 0
0.606776173883177 0.3422377202516383 0
0.2535088690142205 0.8919469627263994 0
0.4627462525744187 0.207938807765761 0
0.4617009732839095 0.2199442584835835 0
0.4712732879817216 0.2269098063217649 0
0.4606788890363367 0.2316138096177905 0
0.4698373095363504 0.2382398790292977 0
0.4595634622254333 0.2428074958889779 0
0.4504978980324718 0.2363660040144633 0
0.4494995714095924 0.2473511077963372 0
0.4407033817856827 0.2409442925635522 0
0.4397905549115668 0.2520588230474078 0
0.4483211808649219 0.2581123563257767 0
0.4386777818190406 0.2624209299681664 0
0.4304200145807158 0.2567511414193636 0
0.4295387510621021 0.2669137695379281 0
0.474770531601923 0.1900874275795523 0
0.1067885854373633 0.8441945300676348 0
0.1123861872470377 0.8269666008795942 0
0.4209802821047098 0.08167581856911099 0
0.3941626874799032 0.889080124397153 0
0.3904132443099519 0.9049071006923491 0
0.4051951012322681 0.9004264436344462 0
0.4377401379379047 0.2725804112458187 0
0.4287898473633297 0.276788517581689 0
0.4204815739220633 0.2713308780284387 0
0.4200138194225408 0.2809793812490001 0
0.4115674632579379 0.2751065405535049 0
0.3928063325556451 0.4477823967922939 0
0.3892424728271793 0.4498140193254774 0
0.3029331492472213 0.09712471091121722 0
0.3199376350887538 0.09711238285991997 0
0.3489150459114426 0.7518572295002861 0
0.3874065896015475 0.219526574763976 0
0.7170925046888517 0.8969711873232132 0
0.7335623633413031 0.8921329151935627 0
0.7003741920485647 0.9017230075842972 0
0.3771455516814565 0.3151417100903956 0
0.5834216269842869 0.3252342271677228 0
0.9001733608479824 0.7413972152247394 0
0.8959835744497078 0.758389916782835 0
0.3698854332618133 0.3190263246784832 0
0.5368549548099393 0.3058610055536481 0
0.4806900322449664 0.3994082539181896 0
0.8942308618437496 0.8707222132674497 0
0.8888532279618047 0.888446663708649 0
0.3367606488804342 0.8884032995068967 0
0.3309460942550798 0.9047592211300142 0
0.3924322542346952 0.7123215986478512 0
0.5120977858272225 0.3982698930847348 0
0.5238129459037387 0.4002528424045315 0
0.5978852389143134 0.4705595319430048 0
0.5902055811024932 0.5484703165816802 0
0.5374364148171353 0.4045325193402763 0
0.486337510517304 0.601476027299871 0
0.6905485168621243 0.6336000021497666 0
0.4736299934827607 0.3787141896266257 0
0.3857029386472119 0.3116468067296482 0
0.3438162925126533 0.353815310343924 0
0.3442416145634332 0.3633701523078706 0
0.4499969186848788 0.6349342120358852 0
0.3530716870616495 0.3424527666364245 0
0.5682663833131467 0.1857559401669496 0
0.7021097805403129 0.3567314818312629 0
0.3971229350434736 0.4418190788938683 0
0.4891939583602145 0.04979941497759049 0
0.4521040437208201 0.1085158387803814 0
0.7024164832102229 0.7372986272480946 0
0.689900502657533 0.7405200212648952 0
0.7012939395434132 0.5951039028768658 0
0.3615785383174591 0.5319367602253431 0
0.3831540360494705 0.5883516066096057 0
0.6428568490455275 0.4594477104490275 0
0.2516634154102532 0.09774217291859455 0
0.234270768915553 0.09803025250379999 0
0.3952966521501218 0.5991053018303655 0
0.4076453212116877 0.6096055101410135 0
0.5264030552738821 0.7059730235498958 0
0.6274280048629801 0.5681657054487934 0
0.4200850974697171 0.6198963230715608 0
0.5948029145567705 0.6035008608015571 0
0.5235154094789214 0.3731506815847925 0
0.3283478972026386 0.1117110793509328 0
0.3368279582961478 0.09715363290711337 0
0.2969861150191926 0.6075624262612581 0
0.2843165840086902 0.5812119527743878 0
0.7175774962169328 0.5270013289754486 0
0.275738048430043 0.4020330726360929 0
0.8097041514191279 0.6416848380527447 0
0.6148898860948344 0.5886497914503179 0
0.7007526657453336 0.786870137205913 0
0.3928799545836314 0.3168815429830079 0
0.5933470609360334 0.6844345945388914 0
0.5658025897879418 0.6206112299814146 0
0.4157088173800765 0.8165735205660201 0
0.4915079913055697 0.7155491659982396 0
0.2538441983584092 0.1840216561254702 0
0.2696002227048446 0.1835538480819962 0
0.2624423674042017 0.1970866470149788 0
0.2775592227326025 0.1967186472294708 0
0.2706074389783968 0.2098899071381545 0
0.2853735462507351 0.208928507310402 0
0.2923976630046076 0.196431922412029 0
0.2780438449511012 0.2213688787534085 0
0.3225596109801327 0.6495797797748839 0
0.2068285230540605 0.7169633306591736 0
0.2114386605082375 0.7029766741239134 0
0.2211349584903667 0.7136575612639176 0
0.2256070274947604 0.7001849358040084 0
0.2350209686146392 0.7105224446368646 0
0.2394269915167668 0.6972490000909117 0
0.2301637150553302 0.6870549318415464 0
0.2487155197426012 0.707432215170489 0
0.2435759839040901 0.6842668398558324 0
0.2346130032341998 0.6742865265505935 0
0.176286969873103 0.6412893393263317 0
0.629874875031154 0.6743795817043838 0
0.5602006944353405 0.6959088706886168 0
0.5753996543831222 0.3268339512252029 0
0.7812244909544837 0.2333569621046606 0
0.5417838936680721 0.8096137588476822 0
0.4518676098063326 0.8206336370908311 0
0.5683274311818871 0.3786915647616201 0
0.5720932259322031 0.3829652185592178 0
0.5666753032827588 0.3838604318539386 0
0.5699695034262811 0.3877967115421133 0
0.5650751705283845 0.3886821241480675 0
0.5681487866356509 0.3923646133713812 0
0.5635515285755575 0.3932628223234774 0
0.5665422616691314 0.3966897884334837 0
0.5710012699794507 0.3959441258646271 0
0.5694048668383744 0.4000994708201366 0
0.5737455109154591 0.3994396514577868 0
0.5721872370892287 0.4034715638127184 0
0.576449213513784 0.4028291612146892 0
0.5604847421257045 0.3898149553715741 0
0.5749177245496693 0.406785491237889 0
0.5791129470546429 0.4061551671031019 0
0.5775560552739334 0.4102374890011043 0
0.581732903662555 0.4094605843528505 0
0.5804490144167658 0.4134146032533339 0
0.5843372767710383 0.4126864246516592 0
0.5828987142438017 0.4164962299953396 0
0.5868726021449476 0.4159120908015497 0
0.5590934491039903 0.3940618513743432 0
0.5561537702121476 0.39079787208401 0
0.5854532401830768 0.4196532564592403 0
0.5894773215654612 0.4190601779866206 0
0.5881648057485832 0.4228579673801557 0
0.5920584967720462 0.4222063931720798 0
0.5908387563251625 0.4258399129885266 0
0.5946692662341774 0.4252733772563701 0
0.5961459709629032 0.4214714113677681 0
0.598779403171277 0.4247757095297564 0
0.5972679550290576 0.4286190831630688 0
0.6014101512150939 0.4281351963568454 0
0.5998558629080782 0.4321164888207216 0
0.6039876973662348 0.4315499183304686 0
0.6025982226943046 0.435355053582582 0
0.6066238732124706 0.4349431501302709 0
0.6053144931401759 0.4387559965565206 0
0.6093520481791614 0.4383211810429022 0
0.6079216893143602 0.4422705117368539 0
0.5859257758244675 0.4091724768118642 0
0.6120390141305964 0.4417677353749683 0
0.6103945724361283 0.4458994117797556 0
0.6147013598980766 0.4452694359494583 0
0.613045154437421 0.4494493965287995 0
0.6173816580203527 0.4487894967093896 0
0.6156826415176393 0.4528903706079531 0
0.6114061142105796 0.4535186916189223 0
0.6139852204653548 0.4569952896925875 0
0.618295064719561 0.4564270418791749 0
0.6165535737872297 0.4605277374587876 0
0.6209017283954847 0.4599728243324396 0
0.6190940473541103 0.4639972007645023 0
0.6148310017908309 0.4645066079466523 0
0.6173012882005728 0.4679716242728714 0
0.6216269197704358 0.46755099123051 0
0.6197413292284394 0.4715229775934631 0
0.6241585047367829 0.4711870063567583 0
0.6222065834131646 0.475136243821989 0
0.6179114158590961 0.4754396972818385 0
0.6203074027043086 0.4790362399451452 0
0.6245904850064051 0.4787791587406795 0
0.622619093209322 0.4826284793740258 0
0.6183905678232188 0.4828567482194668 0
0.6206416769602983 0.4864470150963073 0
0.6249401659884916 0.4862655421030675 0
0.6228689974662138 0.4900904982858686 0
0.627267034752334 0.4899802174016535 0
0.6251339641362156 0.493809002791998 0
0.6208242727265798 0.4938338598434613 0
0.6230001695191338 0.4975606631846244 0
0.6274006130664465 0.4975506457852247 0
0.6251781708484963 0.501346854978436 0
0.6208804406172119 0.501314657100252 0
0.622980364380634 0.5050434718309503 0
0.6187990679279052 0.5049652168823142 0
0.6208170286265846 0.5086413645140155 0
0.6250371621204998 0.5087646038736207 0
0.6228390844450393 0.512410919976393 0
0.6180681439822947 0.5121345979687821 0
0.6204962410880097 0.5159942768520788 0
0.6248793936969719 0.5161742055670535 0
0.6225186132285306 0.5197940228516664 0
0.6182490942999597 0.519581470694115 0
0.6201823245602546 0.52334220303173 0
0.6160420734834967 0.5231023768245547 0
0.6178919265519135 0.5268537408773522 0
0.6221254057654262 0.5271298600260529 0
0.6197137663482568 0.5306566022334256 0
0.615487429595508 0.530338351328123 0
0.6172985715268885 0.5341187332504006 0
0.6131604957174976 0.5338076699252037 0
0.6148725961368228 0.5375985295563428 0
0.6191281889437598 0.5379421927495286 0
0.6166565719362753 0.5414217106390276 0
0.6124321217134293 0.5410342380114481 0
0.6140625140162289 0.5447648023505368 0
0.6099820514840557 0.5444272300308796 0
0.6115699836080739 0.5480979621408296 0
0.6075693450100523 0.5477773163458227 0
0.6091988422826974 0.5514435636491956 0
0.6052309202668046 0.5510276122875029 0
0.6068037791862658 0.5546893906645651 0
0.6028877068559739 0.5542781641028653 0
0.604476363940634 0.5579359663103652 0
0.6135361529400096 0.551405112684954 0
0.6005300848562257 0.5575265081627481 0
0.6020638159633049 0.5612115030514822 0
0.6061631596137291 0.5616470969593031 0
0.6036948751915916 0.5649495588236579 0
0.5995939372861325 0.5644781648471834 0
0.6011926349621471 0.5682503827648128 0
0.5971349956466611 0.5677077359682892 0
0.5987947835325738 0.5717631843366163 0
0.5946364276365971 0.5710031559034947 0
0.5961672890856161 0.5747792430892404 0
0.5920970069362325 0.5741406009117482 0
0.5935597329393133 0.5779598112407924 0
0.5896015051641033 0.5771432411588795 0
0.5911559318597797 0.5812744227746781 0
0.5866098421434867 0.5800859288089318 0
0.58858046317831 0.5845179856582657 0
0.5844440100360846 0.5840000248620696 0
0.3926596613566908 0.4519434457588176 0
0.3890727055239568 0.4539462527820309 0
0.3856480284507933 0.4516431527169783 0
0.3854833558310019 0.4559851297752104 0
0.3891209061865315 0.4579252006222509 0
0.3854925394894351 0.4601787463129332 0
0.3818024900293923 0.458123544696838 0
0.3818785034595712 0.4623810595583822 0
0.3855994516804693 0.4644290992869903 0
0.382003308298804 0.4666020920147078 0
0.385615843724315 0.4686308476021299 0
0.3821290049076135 0.4707453266521088 0
0.3854373645482169 0.4727021749456552 0
0.38221973595957 0.474804096882101 0
0.3780270476369121 0.4603194189716888 0
0.3858894323969718 0.4772628958635906 0
0.3822944612871615 0.4791120716931661 0
0.3788112945489145 0.4769307392161267 0
0.3789332749334628 0.4810946386610392 0
0.3822919724519946 0.4832164371990119 0
0.379103663038401 0.4852142203260255 0
0.382558351293862 0.4871413895846927 0
0.37933289295502 0.4892547615747544 0
0.3829369452956191 0.4910633533211847 0
0.3795877598818774 0.4932548109446061 0
0.3831403270808925 0.4950426515242766 0
0.3798358365068715 0.4972454063125422 0
0.38338801946714 0.4991202583258628 0
0.3800486222746773 0.5012092117716515 0
0.3835979883133828 0.5030512163426549 0
0.380278726571709 0.5051716057718723 0
0.3838132862725676 0.507041438336655 0
0.380487594880536 0.5091346543186988 0
0.3839706012683243 0.5109672342173011 0
0.380646196395913 0.5130935115465771 0
0.3841668040254739 0.5149281159708876 0
0.3808459904791704 0.5170672405810088 0
0.3842328561358745 0.5188951418358151 0
0.3809954882820316 0.5210657279565352 0
0.3846291292772672 0.5228851402968238 0
0.3812923072548872 0.5250922182391931 0
0.3846679967682638 0.5269560596036396 0
0.3814805716565162 0.5291695074294845 0
0.3850843057890344 0.5310317656636285 0
0.3816005570490116 0.5332975277443951 0
0.385310279517591 0.5352191209211322 0
0.3817872299445499 0.5374901734083712 0
0.3855581479196658 0.5394426529234496 0
0.3819727919997586 0.5417501517083484 0
0.385813447227205 0.5437374981652664 0
0.3821873723566983 0.5460605907032713 0
0.3860692938192654 0.548015816783016 0
0.3896187865283911 0.5457033491814474 0
0.3899308421342836 0.5499431630549519 0
0.386342954628334 0.5523363745165973 0
0.3902880286549175 0.5542094314873774 0
0.3866624983048039 0.5567326044115473 0
0.3906560381276795 0.5585602326607292 0
0.3946649244087289 0.5554287599980523 0
0.3946827258242148 0.5602551851380262 0
0.3911093287845916 0.5628869289618064 0
0.3951058928163973 0.5645794655696278 0
0.3981884431050983 0.5621387463381214 0
0.3987995086226901 0.5663918161580194 0
0.3953445569923844 0.5688279520184285 0
0.3995794138519344 0.5705772821219365 0
0.1723767767540501 0.576041466583088 0
0.4141656204354739 0.1725273731507518 0
0.1661823365016183 0.4613320742492312 0
0.172250531588278 0.4488528597404194 0
0.1801115132651653 0.4598408803796328 0
0.1854056885206868 0.4479330098729706 0
0.1924163696192145 0.4588635488927684 0
0.1881619585675176 0.470946856966519 0
0.4684467936342235 0.2492389649301097 0
0.4785426956755005 0.2448821032905409 0
0.4771391472694289 0.2555451228219533 0
0.4869086909299887 0.2514161523223168 0
0.4223961100595297 0.361186886679468 0
0.186678041408704 0.3329164022152334 0
0.5950669530353039 0.5814429482330143 0
0.8531295860979613 0.453076427467487 0
0.8041069690096544 0.2689946762965151 0
0.6296600260323774 0.5014207406622531 0
0.7351006829115423 0.4490043982288708 0
0.4518508178417555 0.2129718131506461 0
0.4030019865592144 0.5679242392766422 0
0.4037312640621087 0.5722030225003805 0
0.3998142247134843 0.5753886826242895 0
0.4043462708021686 0.5763775650164572 0
0.2033445524234204 0.9037866507983973 0
0.1312484148276314 0.6497791689550541 0
0.6097734028049574 0.3346297300425566 0
0.6150291070978982 0.341109571659271 0
0.6931571380286385 0.7283151323298399 0
0.6809995788723989 0.7314596743163149 0
0.6776669556284431 0.7435245659321463 0
0.6694148947458519 0.7343042053405959 0
0.6657364394481176 0.74645969463012 0
0.6574611147445601 0.7374658917207372 0
0.7271806318397706 0.4878155722999777 0
0.6059249419666387 0.4464351902060059 0
0.1812394308532676 0.6273112294056463 0
0.1774644690040734 0.5628764361683286 0
0.1862712503756109 0.5737431081496266 0
0.1910898815624076 0.5610156980888278 0
0.2001296656228048 0.5725813271758522 0
0.1281700868196126 0.5829939088421631 0
0.3677923714252039 0.5995085035721429 0
0.3617828842042278 0.5970686334802716 0
0.3623693092639166 0.6037114718473923 0
0.3559379138527475 0.6010824652349642 0
0.3567118486636943 0.608276763067068 0
0.3498198628342593 0.6051800224532128 0
0.3505694071807695 0.612793973237733 0
0.357738603203071 0.6158729832019678 0
0.3514367639701995 0.6206012640010853 0
0.3588305303992363 0.623740719492494 0
0.3494958973923903 0.598189916655373 0
0.3428610079767371 0.602153781789697 0
0.3424568930808484 0.5946999989293 0
0.3356653476711522 0.5988356622198601 0
0.3349233085965987 0.5909030063594152 0
0.352337607908042 0.628634687040697 0
0.3599429173390134 0.6318420715946664 0
0.6674544716404092 0.662227368720647 0
0.5652089182730192 0.4007388259794324 0
0.5757083414416995 0.3875053226550937 0
0.1429575843534946 0.8380636906277255 0
0.3804503909936438 0.6105919118580979 0
0.6107782733883983 0.4340696199179969 0
0.626942101960416 0.5199867287583668 0
0.3932398730123405 0.6213253806959576 0
0.3808764376778569 0.8027581483496631 0
0.5721816524951412 0.6357555202162178 0
0.4405763987852671 0.8628483096735777 0
0.6240238453052602 0.5309447778245513 0
0.5860580079723489 0.5878841880485908 0
0.5819856319568003 0.5874088027400846 0
0.5835384590295957 0.5912449736567532 0
0.5794469818757296 0.5907321675020132 0
0.5810397473307638 0.5946510216580257 0
0.5768627722935356 0.5940979592291475 0
0.4078235410807652 0.5737859347503139 0
0.408446111072387 0.5778828705336554 0
0.5689011509800626 0.6165803407282 0
0.5639259367906471 0.615963320365907 0
0.5669211236863173 0.6121596149575388 0
0.5621512449640539 0.6115588400193276 0
0.55925048587883 0.6152260341709695 0
0.5576194384240302 0.6111102781245259 0
0.5603781377604962 0.6077583829556426 0
0.5548887781316747 0.6144580011709058 0
0.553248212348772 0.6105688055578917 0
0.5506223980214562 0.6137973947464218 0
0.549011298091341 0.6098012577822713 0
0.5464405052119707 0.6131306323738603 0
0.5515734170694505 0.6065219024747347 0
0.5448490703378144 0.6093633461368357 0
0.5423956018501986 0.6125438351241933 0
0.3770497496465528 0.5110679293052381 0
0.5183426567611847 0.8536624471242868 0
0.73760309370337 0.8754123259498467 0
0.7502198501925337 0.8871904411865346 0
0.7461685478348863 0.9041743826863801 0
0.7631251744745848 0.89911388193858 0
0.488438056733546 0.6420841725070899 0
0.8494658650991007 0.2515645787235693 0
0.2710761644874482 0.4311568491182217 0
0.4368899607114975 0.2823005318693264 0
0.4455775175962089 0.2782141054512334 0
0.60240815726343 0.6190556619250229 0
0.4369541641212715 0.3950354143541443 0
0.13769177760156 0.9029339279420667 0
0.1194113256736606 0.9068469311172771 0
0.8711933458055146 0.8926454061173044 0
0.4276560328604966 0.4024792077441811 0
0.5366470152347914 0.1618283212247649 0
0.7432475607544007 0.3532296757586474 0
0.7452701854756517 0.3412517364626974 0
0.7549312307857963 0.3492099592619646 0
0.7569259963079471 0.3367025336820433 0
0.7669104810470977 0.3449290914270985 0
0.7687563878442769 0.3322280812417136 0
0.7582281146542419 0.3239307497273289 0
0.7791034070439404 0.3403423995675597 0
0.7769030526955544 0.3534115955885733 0
0.1216772386598013 0.4657197910112256 0
0.2684449839824599 0.4752890494463027 0
0.2725788906572686 0.4665105470149207 0
0.2780217122653197 0.4745151086837004 0
0.2820772532979954 0.4661433485982979 0
0.2871961524391608 0.4736773306060777 0
0.2911143294350671 0.4656811688948109 0
0.2960127571658702 0.4728633729958787 0
0.2925967437070566 0.4805654507855125 0
0.3008606501061187 0.4798828243199501 0
0.2976548107488265 0.4872609321063528 0
0.2998433168155804 0.4650706579733205 0
0.3054245972120639 0.486847304562421 0
0.3021613015509941 0.4940989251893073 0
0.3099172838797827 0.4935637804663269 0
0.3067449890706515 0.5006211129043137 0
0.3082684755729332 0.4799283603731914 0
0.3142540115498215 0.4998398159216944 0
0.3112872685258152 0.5069940679452617 0
0.3033982943967499 0.5077199644835619 0
0.3080599462558591 0.5142924826987821 0
0.2950459696758359 0.4579593500982879 0
0.3035615822175398 0.4573860687195473 0
0.2989717018090651 0.4504042458787887 0
0.3073809602469727 0.4499152679348143 0
0.3028170248919579 0.442942900761804 0
0.3110866392619454 0.442375327349148 0
0.3065263078446021 0.4354682802232058 0
0.318398671723744 0.4920424733979648 0
0.2999640569894834 0.5149919125468703 0
0.3047930024551257 0.5216120008520861 0
0.312855388146933 0.520781006238903 0
0.3095778719960215 0.5280814520615833 0
0.3174461093837243 0.5273840731782053 0
0.3142927864764051 0.5344606075815558 0
0.3062941367330059 0.5354250470867329 0
0.3111763197177593 0.5419013924241836 0
0.8623973991679281 0.2620094462466327 0
0.8651044606273711 0.2454694231223408 0
0.8782198362931191 0.2561706975043218 0
0.8810679168461543 0.2392228277439181 0
0.8946283280839342 0.2503170154706874 0
0.8973874320637394 0.232893164390702 0
0.8836864559323457 0.2218593474641766 0
0.9002053194758448 0.2153427181391541 0
0.8861011185471626 0.2040124378096971 0
0.9030078334383206 0.1975396692837739 0
0.8886430076140562 0.1860122704958507 0
0.9058565934639364 0.1795093283797893 0
0.8914332945784835 0.167935035309022 0
0.9084328968898483 0.1612166777689739 0
0.8942033546100273 0.1496713689961534 0
0.8769571663883675 0.1564041929142774 0
0.8797192542092844 0.1381531455203359 0
0.8625597928284769 0.1449383713891427 0
0.8650461210115049 0.1269242171615494 0
0.8811994156580585 0.1201268152590161 0
0.8480793043758054 0.1334760357926144 0
0.8505682557301457 0.1154987875380855 0
0.8336630326751207 0.1221176018670599 0
0.8361149921690477 0.1040657710175839 0
0.8194120775458926 0.1116479629091757 0
0.9106635701536087 0.1429846005155279 0
0.6839667133365431 0.1224436408475636 0
0.6994655291091996 0.1160675878870705 0
0.6858585381218297 0.1058675727485382 0
0.7016749303344024 0.0992969495712045 0
0.7152670176967724 0.1097661558383438 0
0.7175938235724066 0.09268893655872246 0
0.7313698198055254 0.1033761526313786 0
0.3030251421888885 0.5429157269362519 0
0.3081613293854225 0.5494436573500501 0
0.3161697106066368 0.5484583020556308 0
0.3132259536578335 0.5559880285314216 0
0.503112682082049 0.7371016894519239 0
0.106886958234311 0.8928352690995023 0
0.8399785038559968 0.3867789216216752 0
0.8370515636697881 0.4013828823492325 0
0.8260419511363489 0.3916729114235419 0
0.8230831127607183 0.4057691896693333 0
0.8126919347205728 0.3968512185473198 0
0.5548713177433793 0.3949129331186188 0
0.5519659316494091 0.3917393742901781 0
0.5126246173506799 0.6390695255643087 0
0.5076440639874288 0.637780459100414 0
0.5111949392203667 0.6342024637202698 0
0.5065556555957547 0.6328971055055479 0
0.5098512190267743 0.6295479709326034 0
0.5054745354435018 0.6283047106540609 0
0.5086477830865247 0.6251356616450485 0
0.512960915997639 0.6262578214401825 0
0.5043165627228775 0.6241433884898288 0
0.5117573223574601 0.6220360744507436 0
0.5159158950354332 0.6230566173088008 0
0.5146399835553088 0.6191876132179615 0
0.5187617528637249 0.6200337086597195 0
0.5105378825011692 0.6185502791626483 0
0.501205049975177 0.6270317927280424 0
0.5001166019929641 0.6229916128665081 0
0.4970528851879435 0.6257850022170777 0
0.4960594660602554 0.6216266376821572 0
0.4929752450624746 0.6245338906850112 0
0.4920018925232738 0.6204450555330258 0
0.4889361631476574 0.6233237551483918 0
0.4879223324552447 0.619341435205595 0
0.4849246813515786 0.6221418177516582 0
0.4839182893714354 0.6181977832903059 0
0.4809516010482264 0.6209675728325169 0
0.4799096850922108 0.6169867649920648 0
0.4769984873349303 0.6197924828106316 0
0.4759603154631655 0.6158277984334916 0
0.4731197575397915 0.6184505551820115 0
0.4722631346872116 0.614795323952485 0
0.4692479110390838 0.6172857582576911 0
0.4686838716174015 0.6129395676364436 0
0.4652583787091342 0.6163023948355434 0
0.464315514370664 0.6122098574871827 0
0.4613442438119091 0.6151516656690126 0
0.460375164388391 0.6111922266416122 0
0.4574158244544476 0.6140274604229002 0
0.4564166322436924 0.6100518855828991 0
0.4534659473770336 0.6128888224053533 0
0.4524644884305707 0.6088835186653956 0
0.4494936111421272 0.6117380249083252 0
0.4484833640076365 0.6076972013292279 0
0.4454804285150918 0.6105838811107989 0
0.4444295368120182 0.6064478832815363 0
0.4414104394109805 0.6094096086500352 0
0.440343525007156 0.6052146090126447 0
0.4820095204321712 0.6255988896111712 0
0.499198293279105 0.6187079002035836 0
0.4669925826005074 0.620129827812812 0
0.437332437874827 0.6081901814440892 0
0.4363354951157511 0.6040320444483367 0
0.4051990019813188 0.5803227332495621 0
0.4092576632212472 0.5819891176870123 0
0.4125218627494506 0.5793310318008124 0
0.4133051721732323 0.5834557641658362 0
0.4101398161349607 0.586285463817926 0
0.4141610679570196 0.5876427887082635 0
0.4173482599923702 0.5847968949549774 0
0.4182308036928481 0.588909228640654 0
0.8839704601299785 0.3714341979082754 0
0.2892575822418266 0.6566080142524953 0
0.5776190990036132 0.2593284902411588 0
0.6210073858746064 0.5418426061086818 0
0.8839940395236674 0.9063242632747088 0
0.8658072857038641 0.9112558564145579 0
0.9021612722186596 0.9016404181436022 0
0.2375895273586981 0.4127784565857907 0
0.2313801268106505 0.4028966050642001 0
0.7807349634921841 0.3277830841948864 0
0.653872172867462 0.7494263032350759 0
0.6454179659800712 0.7407618258888733 0
0.1008900276630388 0.9107920125921455 0
0.4185934358328289 0.410125503926241 0
0.6165153227913407 0.4865216148433642 0
0.4393184773016053 0.6011203348380557 0
0.4352952927912736 0.5999478712217622 0
0.4322724937933569 0.6027799438944219 0
0.3055419932990578 0.2830554947649626 0
0.115167390159111 0.4797583315248438 0
0.1058465860167259 0.4666966451551336 0
0.09922722893179614 0.4816593079396304 0
0.08960365664053532 0.4679683881882583 0
0.3000292254563677 0.2088067896745476 0
0.3071683723728738 0.1962662078994588 0
0.8783349221510199 0.3304445513522138 0
0.8814124804128212 0.3144916843758383 0
0.8939650393181874 0.3251373897694381 0
0.9031586747480319 0.7256135759607842 0
0.3148090551142673 0.4349902124861686 0
0.3103664921039331 0.427899068048361 0
0.5278029497237916 0.3577083296136807 0
0.1304607491201323 0.6911981226237581 0
0.1252881413599516 0.7068469105359196 0
0.1142409986336207 0.6943022703850232 0
0.1093508192502947 0.7102100477832314 0
0.1202394189390563 0.7228724520908731 0
0.1039791130950527 0.7262925831725004 0
0.114876638922015 0.7390076332269374 0
0.09807882986035826 0.7424769697439355 0
0.09589368274054366 0.698885628101636 0
0.7337651172137147 0.0859969013340377 0
0.1225773268850402 0.5974151003175523 0
0.1125485942206361 0.5850443717412069 0
0.1068160715636516 0.6003241932975227 0
0.09651574743940761 0.5875832739857932 0
0.09065181007747597 0.6030530187142804 0
0.2258185087187856 0.4134134295554294 0
0.3760657627604196 0.4955281425543422 0
0.2375324955157716 0.478236003139153 0
0.2330093473504697 0.4880159130059695 0
0.768105182711633 0.4280676684973418 0
0.776533178868564 0.4362207316253563 0
0.2524001655223836 0.5870015459900502 0
0.6004598092395483 0.4208004853885395 0
0.5402198817431069 0.2779006843698048 0
0.3117883551204713 0.4566451937194507 0
0.6167704320528888 0.5014060517226125 0
0.661458131962626 0.4568898561203051 0
0.4924205529041628 0.6589669687158044 0
0.4982589651741028 0.6606385492915039 0
0.4938150782737755 0.6649542557890308 0
0.4999448669370471 0.666743213915396 0
0.4952536847695417 0.6712395497069172 0
0.501661267151044 0.6731122297228781 0
0.4967548185891161 0.6778019827609987 0
0.4901926872696917 0.6758101640707885 0
0.5033722038941197 0.6797143337982118 0
0.5082993578545685 0.6747947514887833 0
0.4917468848749363 0.682624179560779 0
0.4848702271173553 0.680551924883473 0
0.6602578331453992 0.521156400648899 0
0.5172814561308045 0.615935439820697 0
0.521594172171487 0.6170476829055505 0
0.5227760421860446 0.6209669388243786 0
0.5255127359489827 0.6179191577225278 0
0.6613996391936265 0.7586604770306266 0
0.6206978070779205 0.6101812067550316 0
0.6271813035646276 0.6104384050988514 0
0.6236542827317298 0.6161698212210833 0
0.6304978295711164 0.6163961543987517 0
0.6267905336572903 0.622383582993263 0
0.6339487787295403 0.6226089006310853 0
0.6376958466961054 0.6164435967525845 0
0.6413404187864929 0.6227631827964951 0
0.6452952024260448 0.6162893907932927 0
0.6300984315976371 0.6287761828020786 0
0.6490233103068501 0.6230517559967169 0
0.6531356783406042 0.6162886637457002 0
0.412239426943152 0.2655272329402579 0
0.4028330327940066 0.2697719068154451 0
0.6654233030182379 0.462035786679189 0
0.6682256091073524 0.4559036940559288 0
0.672361775214164 0.4613231150216263 0
0.6752345680433152 0.4549034451625679 0
0.6796591474578255 0.4605971723692656 0
0.6826574882908958 0.4538438088778582 0
0.6871863712676266 0.4599727805460835 0
0.6841019637120727 0.466793566070571 0
0.6903697171172466 0.4528166878165246 0
0.6855861259513523 0.4465658989170251 0
0.6935294368503008 0.4454316448355896 0
0.6885320311834282 0.4389072783651349 0
0.6968279372191264 0.4377741486644788 0
0.6916491710685989 0.4311052839359635 0
0.6917890004068611 0.4662312174948678 0
0.6889398122007311 0.4731512217275389 0
0.3684105202845782 0.1852697316928185 0
0.8512220116319595 0.09631190849545507 0
0.4062463869233545 0.6316010675986828 0
0.6570047615898597 0.6234041314621445 0
0.6611705298263894 0.6164474021363393 0
0.6572273697646713 0.6093439265496789 0
0.663815981182053 0.4788098493752903 0
0.5070249690867599 0.291154417205753 0
0.603410695728926 0.5727395423612104 0
0.6079015234692875 0.5654497884560322 0
0.341552997552077 0.8729093636543515 0
0.6653094329261856 0.6094370926041691 0
0.6612638972869676 0.602370353666849 0
0.5990314067674354 0.6241166847382909 0
0.6979922454751031 0.4517281040459525 0
0.3542739242292778 0.5751872899295752 0
0.6833111391066263 0.4322982568287181 0
0.686414238657461 0.4244819402782885 0
0.6781690048380885 0.4257150799680668 0
0.6811928901077792 0.4178576742397916 0
0.6896402064309527 0.4165702938897302 0
0.6842139869320469 0.4098687137757048 0
0.675682725578777 0.4112691709033471 0
0.6787379019224065 0.403229931508349 0
0.6707881568926074 0.4047980030216214 0
0.6733765969561996 0.3966928604192798 0
0.6648532518709256 0.3992050848051525 0
0.6679023589108152 0.3903369138857313 0
0.6599778267018936 0.3914138546141258 0
0.6626231416033433 0.3836527993857294 0
0.6543047877185805 0.3849768239653252 0
0.6572506483806881 0.3771535304096681 0
0.6489659997339313 0.3784619050904139 0
0.6519137098139178 0.3706757056394587 0
0.6436254824591071 0.3719489047459195 0
0.6465969788118138 0.3641598795534224 0
0.6817266310740175 0.3949974045893455 0
0.7001706304368318 0.4299081996331687 0
0.6382656686876426 0.3654512063059998 0
0.6412318945734891 0.3576818017401491 0
0.749828865627626 0.1553816752234908 0
0.6576563147558399 0.5369398441775297 0
0.6625992174730418 0.5053788197430382 0
0.6654865205115319 0.4997942076482154 0
0.6689741985808016 0.5052022585846664 0
0.6720249499378752 0.4992742237180508 0
0.6758110758323232 0.5048523962500174 0
0.5686861362990877 0.6404109631920555 0
0.5745627013205722 0.6412156515571787 0
0.5707380046378657 0.6461593568571162 0
0.5770414834645481 0.6469583103111844 0
0.5730109750545306 0.6521195781995055 0
0.5796188935990174 0.6529387611614756 0
0.5835979452192085 0.6476614686190849 0
0.586327486109792 0.6538286427582686 0
0.5904110689848632 0.6479610748355655 0
0.5755510913575618 0.6582412495278962 0
0.5687733512831619 0.6573320669259191 0
0.41715879189155 0.3938357256133539 0
0.3449942514933216 0.4255035300022175 0
0.3254292232834157 0.8151326018599854 0
0.7213226839486275 0.6346112107476863 0
0.3200882016045151 0.5061093884580319 0
0.1905604359110565 0.6384732614019428 0
0.1953545240240407 0.6249040315337386 0
0.6131378791151736 0.4682681259670865 0
0.6294064348158903 0.4860198750707553 0
0.4127665367458819 0.395465664300066 0
0.6107351429076395 0.464855662856616 0
0.5243929275714327 0.6141161440810405 0
0.09451163719404809 0.8303796661401892 0
0.4266472788401797 0.3858952454813352 0
0.3759961256638581 0.7665519266696761 0
0.6228057255474857 0.4558073065567332 0
0.2045119560068118 0.5598372978756816 0
0.1961599599818867 0.5489880141471202 0
0.3779621312499124 0.455829952574951 0
0.08861032853822481 0.8477929559145281 0
0.1024906361260555 0.5722231542468419 0
0.1732006613251864 0.2416831766038268 0
0.6789703669327464 0.4987403445839019 0
0.6828707490381358 0.5047046012569022 0
0.6795254553107514 0.5105799090856897 0
0.6869289784012511 0.5107890696524884 0
0.6833898207539826 0.5170662297344087 0
0.6903667435040932 0.5042089670557732 0
0.6293871957157696 0.5162317120880648 0
0.3826322952810218 0.5548342646062899 0
0.3829206547616445 0.5594215418680575 0
0.5982939360499797 0.4359885560508414 0
0.652884183485366 0.6303943797575886 0
0.5781754968896238 0.5869733764336524 0
0.3887551291194755 0.5371580528048113 0
0.3258499937217417 0.8762441120554618 0
0.897764343786015 0.4393230773969615 0
0.9014632609968642 0.4235863263415789 0
0.1566234461987236 0.3077583435998867 0
0.3211214674024271 0.2527009118675917 0
0.6045100464435283 0.3284850492198723 0
0.350441655984838 0.367767901466767 0
0.3432208659992862 0.3717764915912652 0
0.3362060355705645 0.3667607210021901 0
0.3360468324915943 0.3756876037579796 0
0.342604532180301 0.3806171580310982 0
0.3354881023070827 0.3843498647634667 0
0.3282340984459958 0.3795527177287424 0
0.3280403658724333 0.3881492830233298 0
0.3351500469822557 0.3927805469275373 0
0.3278694032510197 0.3965955002590015 0
0.5438851561959549 0.6163454700345156 0
0.7307085738883417 0.5846741107242095 0
0.2782019521839717 0.6300766618678251 0
0.6890752166481035 0.3105070442752059 0
0.2736740113312071 0.3454885217025592 0
0.6370622739930477 0.2689688038581635 0
0.2943353916410854 0.4938072003597177 0
0.5454879905477084 0.724141861675454 0
0.7416250443173348 0.5370253509402104 0
0.3272652144765784 0.6970037628788071 0
0.3340150428852604 0.293676693734767 0
0.8281626629580083 0.8713897011285813 0
0.3784331300184843 0.468911928465159 0
0.5267873425328365 0.6218952098410933 0
0.6317682078026213 0.6983460939072622 0
0.3435503238458591 0.6181651608773621 0
0.7601127015804552 0.4596815202853224 0
0.7505957753095531 0.4990378292595529 0
0.5932373104225823 0.6547299612044221 0
0.5974658917044035 0.6486226299506169 0
0.4765365932204317 0.3056021945695737 0
0.2535867554608763 0.3829107993499229 0
0.4483203705937236 0.3174043900273424 0
0.4212297580513163 0.5859915386178206 0
0.5862784001123016 0.7110543187194314 0
0.08605258503077806 0.5746910837337903 0
0.09219228269748631 0.5591797905495584 0
0.6717628267637223 0.3819304614015329 0
0.3435761245958999 0.484557691650654 0
0.5784539809492767 0.5980415345448395 0
0.5409824718429869 0.6088210808712422 0
0.4503494571481572 0.6158623584799818 0
0.6881384359916272 0.08883590415001441 0
0.672230571721802 0.09563319032172124 0
0.2981877965926381 0.5367180636233028 0
0.4810487247201052 0.3632629184453371 0
0.6476571161568345 0.4309547593254642 0
0.9115327720281057 0.2434322057937227 0
0.9083436369267097 0.2615908418761457 0
0.5727850649079704 0.3345669263575399 0
0.56752384001067 0.3285403799378056 0
0.2193841584706295 0.4033691406115421 0
0.2251523218561035 0.392762557740759 0
0.5806120442397544 0.4022467716445423 0
0.4133989044394933 0.3906368709847061 0
0.5779930314208139 0.3188839362821126 0
0.3462093254936829 0.5294836199187326 0
0.4014307967485662 0.9170137085475192 0
0.4172620358707892 0.9126242786771144 0
0.4736156190276562 0.6226446311730676 0
0.5036953370309459 0.3604030734734558 0
0.08274682832926272 0.4832568549469413 0
0.5906514135065033 0.4149521157212691 0
0.7477316467768456 0.09686778142616481 0
0.3452604648447836 0.5067128447349939 0
0.5900623125634887 0.588770440140831 0
0.109366802785576 0.7553283961501274 0
0.09210877990868571 0.758863343534772 0
0.3751950294157 0.4791079381306494 0
0.3766455882636237 0.5035600457690724 0
0.3933452556280659 0.5475508020414364 0
0.9136233551333001 0.4349480640711415 0
0.9173493666628325 0.4183185332127426 0
0.4583692161266342 0.6180779463839012 0
0.5742466317470323 0.5974461386786241 0
0.5726302638620786 0.5936199873911372 0
0.6512787351254711 0.8160034256719684 0
0.3782098215839845 0.3059963467390539 0
0.8228254126516095 0.09403959380427196 0
0.4639773257211208 0.3696978232344351 0
0.6497562395437132 0.3561615136269853 0
0.6142347860088279 0.5194838169241894 0
0.6058372474428456 0.4277236626906345 0
0.4528232017520907 0.2008920994050199 0
0.442289274312727 0.6134762455756075 0
0.6693695790524086 0.6024178710964547 0
0.6654582146742687 0.5953344978244486 0
0.7893892203813242 0.3487983953385544 0
0.3590180835052821 0.9126636952736441 0
0.4909117870673515 0.6166775852121822 0
0.6143817871474822 0.4831693887030147 0
0.4477284491348477 0.6029941933506712 0
0.6121218852794412 0.5228026103304433 0
0.6420422673762898 0.7524083258308976 0
0.6337612785054096 0.7438355781282301 0
0.6217803718684491 0.6284634502667237 0
0.6260670393855055 0.6349987764701206 0
0.696573390671437 0.4725640730075192 0
0.5863810142282468 0.3172640345140447 0
0.5532377530431037 0.3875693229263359 0
0.5490070237951913 0.3885812304593956 0
0.5477992148495281 0.3926460825952798 0
0.5448945672736647 0.3896047908750995 0
0.6181270254837159 0.3331619238925478 0
0.204271819586073 0.6351109659299274 0
0.2089103716074981 0.6218913544656832 0
0.2175829366881543 0.6322226918332977 0
0.3282741393077498 0.5955332705946436 0
0.3274914485374361 0.5873565268313689 0
0.320576636686201 0.392192894362648 0
0.2211095713386522 0.6768019427055109 0
0.3941794573386377 0.3084735755085608 0
0.4012059336482393 0.3133692254805279 0
0.4150707612173792 0.591919218160362 0
0.571119487297758 0.4070479621352616 0
0.5101045659894222 0.6815895251527955 0
0.5151753075415083 0.675834699074326 0
0.6149177492361751 0.5047671393983097 0
0.0850758615138647 0.7288807878841759 0
0.3113710245521933 0.3354374426168904 0
0.7127538348529882 0.9139062384013352 0
0.6962452399823975 0.9185690001736684 0
0.6902487427338485 0.6839963297112879 0
0.692913709182738 0.4084142158848587 0
0.431266029452449 0.5987519612937707 0
0.4281433830400119 0.6015100989082232 0
0.08845012539135477 0.8966473638893122 0
0.8312066609120263 0.1403084193544492 0
0.9129613151005193 0.7531922133644136 0
0.9087487920872689 0.7707070798343381 0
0.5713403610900238 0.6636289553334269 0
0.564469242380184 0.6626084167272197 0
0.4554262007020941 0.6061711766717204 0
0.8070461708514826 0.7115700099955623 0
0.2451122215237488 0.5785704972013204 0
0.311224904955043 0.0822503706078665 0
0.3890166878070339 0.4704439237443716 0
0.5823574311562963 0.5803909023575241 0
0.5953086671860285 0.5635552447843779 0
0.2411680014572212 0.589236216151368 0
0.2089585160792869 0.5470312866258262 0
0.2010625315033173 0.5370604122797099 0
0.4865962393104551 0.6877617811567555 0
0.4794850396296415 0.6857037475060946 0
0.4381202971089514 0.5972474421786031 0
0.4088780045841902 0.3923547218496921 0
0.8915089998901014 0.7756303214891622 0
0.6456564442002872 0.4806244713236786 0
0.3740068692748927 0.458123945331869 0
0.6319671731040006 0.4975058667283222 0
0.5648854087391083 0.3359356334100555 0
0.5598124545198506 0.3301683459432213 0
0.4855168045385274 0.2618162955327679 0
0.4951836050955355 0.2577706047025589 0
0.2995883681127075 0.1836570202645595 0
0.3144213785832685 0.1835593443699932 0
0.3961532863620124 0.4499713388674457 0
0.3440588973116502 0.2313512535583539 0
0.7110770109371221 0.7971197770955541 0
0.660286866932299 0.3692334993620947 0
0.4027105927869334 0.3757059507390188 0
0.09261849168017272 0.4967913109638869 0
0.6083242878201158 0.5406208734946891 0
0.2128027216110892 0.3930419359227759 0
0.2187819453837082 0.3819607081080293 0
0.3776130521684195 0.5236042519283133 0
0.5793420131341696 0.4170595634562669 0
0.3196136243690419 0.4268524005292885 0
0.8973877271170532 0.9199136991779906 0
0.9167959804998463 0.208462576999948 0
0.388277904502477 0.5285241428029664 0
0.3532685014570964 0.6369046426981877 0
0.3610484595422794 0.6401147824141217 0
0.3683958018999116 0.635412745550325 0
0.3688365504559873 0.6437607124201692 0
0.3621938876660922 0.6485554561916226 0
0.3701225455661888 0.6517437790095737 0
0.3765391057457919 0.6468923258233769 0
0.3779996118981723 0.6547433304122694 0
0.3844211364108159 0.649511087276994 0
0.3858016719327407 0.6575928446261844 0
0.3921119608170246 0.6524327187648746 0
0.3934901269415211 0.6604545823926364 0
0.3870725038995223 0.6657988373144628 0
0.3949795569183815 0.6687015804220504 0
0.3884677738508536 0.6740379876546303 0
0.396555434543589 0.6770999385016492 0
0.4029961103079827 0.6715551627520739 0
0.4046661800339785 0.6800067661210105 0
0.4111138918384204 0.6745183305832055 0
0.4127085998131728 0.6829569595689559 0
0.4190965644725519 0.6773989257832167 0
0.417552520853026 0.6692677163169296 0
0.4252054658762168 0.6720715492179832 0
0.4267946601306449 0.6800270234523804 0
0.4327986249369611 0.6747224573736814 0
0.4345408727323668 0.6822716489812988 0
0.4405270108681451 0.6773050678198067 0
0.4422349176214385 0.6847296819556509 0
0.4481170071833913 0.679848847555778 0
0.4497030626436544 0.6875605388406998 0
0.08218742965656778 0.9147319003272705 0
0.301820657281778 0.4284224172280741 0
0.3058154460102535 0.4206370562225495 0
0.2476584405788894 0.6717243680405108 0
0.2564075782817241 0.6813872709509442 0
0.3756789218164093 0.4874938753932294 0
0.4829236091560535 0.6140314456430457 0
0.66109877287994 0.6307075303899041 0
0.4411660732221447 0.3935385361868072 0
0.440183935271627 0.3977584448859384 0
0.4441183334641373 0.3964017083132418 0
0.616255943959464 0.4410704938370354 0
0.8576321008503707 0.7384217063521381 0
0.385678733839438 0.4887900198520956 0
0.3220122127426956 0.5334931500595281 0
0.6004411303982941 0.6553007535147121 0
0.570117601285682 0.5968396659814765 0
0.5685443039456695 0.5931828437560713 0
0.5432733156609023 0.6057958555749973 0
0.2701954666369027 0.8879868758917725 0
0.2653174840333672 0.904591143948174 0
0.7590362240537717 0.9164539962711009 0
0.7762079257798657 0.9112499987214753 0
0.6261028664107023 0.4671513809572246 0
0.6287683472798919 0.4709129371478419 0
0.7501997787441175 0.07918556147286993 0
0.4433391754410566 0.4003400999911506 0
0.4469261809516676 0.3991327017768433 0
0.4395389801772717 0.4016655573585309 0
0.5280820982706742 0.6148677240916098 0
0.6441630967454302 0.3493614390750528 0
0.2425721003695704 0.08262253281159004 0
0.2248652532688777 0.08294781785744776 0
0.2163364095738494 0.09867942592352391 0
0.2068194224418201 0.08332686419611174 0
0.1982357405874559 0.09930667288115108 0
0.188596189682657 0.08382228097363376 0
0.1799193228832979 0.09945232480939259 0
0.170168273736765 0.08419989969217101 0
0.1614350618345946 0.1000313824473733 0
0.1515580010439598 0.08473806068028805 0
0.142844644999829 0.1012002478392448 0
0.1533853461610479 0.1161611513564175 0
0.1342810667876508 0.1176960645699114 0
0.1241777258724134 0.1019522215547592 0
0.1155235817750273 0.118584550556727 0
0.1255184614562967 0.1343667330835719 0
0.1068902829020381 0.1351618515303346 0
0.1168501036486536 0.1508092386720508 0
0.105380353608671 0.1027538779898687 0
0.0983940956023765 0.1516776420245037 0
0.1082403979530485 0.1672291396683692 0
0.0899090246688744 0.1680646520336423 0
0.09980346842797888 0.1836049703595177 0
0.1371308071621321 0.1508904154461791 0
0.08849638859951914 0.1360289646066006 0
0.1179419697548864 0.1827496436327384 0
0.1094450959566813 0.1989673838739997 0
0.09146425812274284 0.1998175288019815 0
0.1011215052061578 0.215061452470302 0
0.08321899078357187 0.2158929273652003 0
0.09305487596174478 0.2309385089380767 0
0.1107442535162437 0.2301236261732124 0
0.1027016293990948 0.2458841329451459 0
0.08505987211044891 0.2467995517281224 0
0.09475018446708922 0.2616525559313332 0
0.3211803931099008 0.5550933212900795 0
0.263858197012294 0.2226665117748502 0
0.2711631480295884 0.2344849653475615 0
0.5906829518782043 0.5702824025514359 0
0.2750998472230676 0.8717443395764283 0
0.4760742935682686 0.2658797999696565 0
0.5661975318087532 0.5962531538367944 0
0.4632257756289035 0.6084225100993135 0
0.42495838163676 0.62158619456292 0
0.4750621151859551 0.6122689546402484 0
0.363378269298639 0.6571974299449652 0
0.5187243111039621 0.37438262803626 0
0.522023573837223 0.3777144568716514 0
0.5176912424627619 0.3788766777590413 0
0.5208486348318316 0.3820196643452236 0
0.5250341193004644 0.3809551428863652 0
0.516747770080034 0.3830700189897155 0
0.5239239510534474 0.3850245571420705 0
0.527951272848649 0.3839040379524245 0
0.5271579660102673 0.3881632539872157 0
0.8598563203298024 0.1631114353112164 0
0.5437370831045123 0.3935179289534645 0
0.5409427122373995 0.3906053212234953 0
0.3780085270301041 0.535431085832217 0
0.527023020841096 0.6112527251471831 0
0.1141606310334473 0.08594031083624354 0
0.09504966223092354 0.08673325859728864 0
0.4134109825314717 0.3387420443051662 0
0.6682314583268324 0.4131286880192391 0
0.2137676491230927 0.4141818927993896 0
0.6735001991137107 0.5954237251118615 0
0.6695753528249693 0.5883302150714369 0
0.5239858832804742 0.6250297885563267 0
0.07589172765146018 0.4985924108258475 0
0.3005920456229104 0.5513023089848916 0
0.3451848650047382 0.1116544457380267 0
0.3537727110748912 0.09716035199970163 0
0.336802071747675 0.1259101381379973 0
0.3452898733235382 0.08247404153778576 0
0.3625187327609355 0.08257970043738777 0
0.2444665204529864 0.7206952844557404 0
0.2579170711154242 0.717694237331638 0
0.7198615923555023 0.07535416441382115 0
0.6304498999536462 0.7553495826543752 0
0.6222704139035165 0.7467460900544116 0
0.6047714172234848 0.6494666903155969 0
0.9158666221065466 0.9148821330817418 0
0.9222983216736336 0.8978758711183414 0
0.6577661950733096 0.5947550717829651 0
0.3873735349423146 0.5166303686336071 0
0.07713862101711538 0.2626682788851229 0
0.08696792443096901 0.2772963659429863 0
0.1043183253337036 0.2765221079074616 0
0.09662841846292419 0.2919595102399351 0
0.0793168363929781 0.2929681714436874 0
0.08898049725120782 0.3074742653741224 0
0.3959968989426913 0.4538748771511184 0
0.6969784150517713 0.8007803633028476 0
0.2017037234083183 0.8575660968338101 0
0.5171972043115791 0.6551363680294496 0
0.5229139211272232 0.656539116294192 0
0.6744054498401851 0.07827827333870657 0
0.6580859111341565 0.0852351498886143 0
0.5665379281828042 0.6688247977959092 0
0.560011420293913 0.6679613651515479 0
0.5573126830925219 0.6615538347058744 0
0.5530321910165626 0.6668699681817604 0
0.5781202204140259 0.6641950112895594 0
0.691011822852013 0.5172183204121237 0
0.6874681954335947 0.5240359391728679 0
0.7790877819765918 0.4247692771246716 0
0.7878276551339228 0.4329930257045844 0
0.7850915748909297 0.4444913971310251 0
0.7967406260899322 0.4413204636559147 0
0.7938493385518628 0.4534353951482226 0
0.805828946928375 0.4500221830532808 0
0.8029403258676417 0.4621074575951075 0
0.6125977399162188 0.4866100948701537 0
0.5841376232596392 0.4235659910641275 0
0.7158487415206538 0.1987300775373467 0
0.7015253697979285 0.2046812362169891 0
0.7131609314678846 0.213303749652975 0
0.6993625327854691 0.2186569934112677 0
0.7112549835647277 0.2276053259907466 0
0.6881278328869127 0.2102762719391154 0
0.6974939151847581 0.232730604767055 0
0.7087528655632066 0.241510329467062 0
0.695543428509749 0.2464041904387005 0
0.7062302841090156 0.2550438950115863 0
0.7198519359641806 0.2504506459233208 0
0.7171133601100949 0.2636894874107274 0
0.6847201371276519 0.2380374864074796 0
0.7299497123566576 0.259033387995089 0
0.7277018953984528 0.2723264514910041 0
0.7404234501023113 0.2673830349810331 0
0.7042891371009046 0.2684317911590263 0
0.7381298399721468 0.2808546420636746 0
0.7510472453211904 0.2759848233165489 0
0.6828902714418636 0.2513123445261453 0
0.6724097384827172 0.2433070203827396 0
0.3349199086035934 0.4009017978478987 0
0.4833617616206596 0.6404139477266726 0
0.4203780300034299 0.5819823733731309 0
0.9042565036961401 0.7883745058507767 0
0.9218459932058367 0.7832770954943423 0
0.9172655546086801 0.8012552263279724 0
0.403709394556655 0.2597504631091487 0
0.7908083858053423 0.46570111632593 0
0.7997409778086566 0.4742022621174423 0
0.6091564820235693 0.4685869637885667 0
0.6775576688273215 0.5884180799998793 0
0.6735062798116087 0.5814737218220777 0
0.6656772514618555 0.5813879827129242 0
0.6695263950409301 0.5746471195321571 0
0.6773845822878635 0.5746180884121324 0
0.6733658283281967 0.5678725144258338 0
0.6809138930978025 0.5675847255041773 0
0.6771894645412032 0.5609183902948528 0
0.6850184711705771 0.5608644612975998 0
0.6807963871397755 0.5540459139576362 0
0.6078546656533589 0.6562457388331607 0
0.7255550343523494 0.2856981372070707 0
0.3206111023550969 0.5921026059109092 0
0.3199130990670365 0.5838490887534307 0
0.3192559700824758 0.4413485499315487 0
0.5758450894491115 0.6014934851068534 0
0.3261963229792584 0.5806869325704551 0
0.7253047185495223 0.7933486401285237 0
0.4416732948298033 0.2059477986176341 0
0.2701163571320709 0.7880499085091924 0
0.4215442569569331 0.3674436240484961 0
0.4271980024497427 0.3651151729813399 0
0.3996588006319191 0.6552629235269085 0
0.2537897955054933 0.7308412502868835 0
0.2671083529505434 0.7277121254550504 0
0.2711824181671894 0.7148139618631776 0
0.2802902332106276 0.7247955129343409 0
0.2763183886954982 0.7375739596700913 0
0.2894467599149705 0.7345957159203057 0
0.2843659905350235 0.7123547398566283 0
0.4966232151169264 0.2473357710009861 0
0.5051520255506063 0.2537476105559253 0
0.7536085917761004 0.8708812918350122 0
0.4443441410140592 0.2876743155137409 0
0.4362004797798053 0.2916106935648723 0
0.4533943743041816 0.2844516799904202 0
0.5464383747144023 0.3965022423397419 0
0.07540729801894902 0.5614866953894095 0
0.7055347638998227 0.4368562752445709 0
0.387243960155392 0.5089670342560132 0
0.207605358844984 0.2935670495157046 0
0.2152086751726269 0.3055514886676451 0
0.2217197803017469 0.2930447025110825 0
0.2292059352385333 0.3046428375400071 0
0.2355126667083344 0.2925211543966325 0
0.2223446274653956 0.3168081661324298 0
0.2422570373901142 0.3035222870619736 0
0.2490490547980191 0.2919339657296465 0
0.6118256161969368 0.3494883513038846 0
0.5055360496478626 0.6866230295731492 0
0.1320422243395171 0.9208280631259388 0
0.60359709516677 0.5473910514216834 0
0.3943431099073354 0.2645974866289739 0
0.3935235049649802 0.2745723506831692 0
0.3419912523985273 0.3972485616456045 0
0.4290780902980847 0.6058319110980982 0
0.4247490007895318 0.6044562293390843 0
0.6405745558779328 0.3794445159760144 0
0.345423642728513 0.6335818221681693 0
0.5232292114467801 0.3889887434577335 0
0.516941741146365 0.6833627896214239 0
0.5219837866266953 0.6784403153970099 0
0.3862017259561869 0.4969787248750611 0
0.6414699456153732 0.609842660424858 0
0.07617305418304604 0.8339168715612038 0
0.3905717405617747 0.6821400547120129 0
0.4983264016777367 0.6303344765151255 0
0.07291663988260638 0.4695477557394258 0
0.08019032107956026 0.4541471189955562 0
0.08193506739426848 0.81624261209271 0
0.3250653569922366 0.5267081451083889 0
0.2265857661195009 0.479081246298253 0
0.2215665046050583 0.4898767813368185 0
0.4392779789479451 0.6685940496518132 0
0.5233712333399723 0.6104412162931766 0
0.1271940300497691 0.1984060816160337 0
0.6343602870898979 0.5015048804418434 0
0.07160994581238772 0.3086213311780958 0
0.08134042151301152 0.3231860621307174 0
0.6867512761186405 0.7904626692868632 0
0.9225800857398492 0.1728987943029288 0
0.6069043106201165 0.4655166772477847 0
0.639733031850283 0.5371390947239464 0
0.6369269049557709 0.5418304059914444 0
0.4781914812025962 0.6783502753906219 0
0.787834548146062 0.4776353496837271 0
0.7965829683687691 0.4861569957514522 0
0.7847186118667188 0.489423993195063 0
0.7933596492277362 0.4980664615463828 0
0.8054344016566654 0.4948049589234407 0
0.8021954167303812 0.5068462535772267 0
0.7901388930024513 0.5099938929377266 0
0.798819831819949 0.5188060532725676 0
0.786948381756295 0.5218426110683411 0
0.7955253184755429 0.5306413736023461 0
0.7837216467485673 0.5336593160874598 0
0.7922384113723069 0.5424144311424592 0
0.780418190124051 0.5453156257109668 0
0.7889567560932464 0.5541155125028794 0
0.777176539171867 0.5570008410329077 0
0.7854541992007003 0.5657210187566428 0
0.7736621116652515 0.5685743425030214 0
0.7821262951426354 0.5773573382438609 0
0.7707165748436273 0.5805088204892256 0
0.77912899691464 0.5891241966436752 0
0.7675050477399139 0.5923107813062635 0
0.7757376420662069 0.6008010213141995 0
0.7642162306423479 0.604033533960302 0
0.7725532240933415 0.6125612712345686 0
0.7608378553254845 0.6157675825493625 0
0.7694693456164 0.6244054510974507 0
0.7575337173244909 0.6275869288253094 0
0.7662344348966936 0.6362708703532718 0
0.9254998659823848 0.2546176896804111 0
0.9223871201936575 0.2726886018551909 0
0.539831682207629 0.3943688243519002 0
0.7921494365690909 0.8343114164786785 0
0.6732386400768804 0.5542354749059037 0
0.6769408303291217 0.5479574706552872 0
0.6846047815480911 0.547293041332181 0
0.6128692113618172 0.5015656882849395 0
0.4240491975746181 0.5832007812108873 0
0.424991808182983 0.5870439527982566 0
0.2134350019004626 0.5353554433455331 0
0.2057573443042333 0.5254440897224377 0
0.7865487000089595 0.3618900536282307 0
0.8003312466618877 0.359340815163448 0
0.8023104051698789 0.3442037348711445 0
0.7745470624708528 0.3665424539423188 0
0.3657568378454565 0.3610308347690451 0
0.2573705337698015 0.2356812032383184 0
0.2644281346184468 0.2473097419476383 0
0.6844404835213896 0.719460001176252 0
0.5573606001512081 0.3374130991525903 0
0.5522155803705269 0.331750692338879 0
0.2904079391986546 0.451123934074942 0
0.4021310721387571 0.7104437758201113 0
0.6785104558945789 0.523661462470334 0
0.3264836373599304 0.7783930757332294 0
0.6694319933275001 0.6165751209243623 0
0.7543017103757081 0.6392502292763684 0
0.8693107306801122 0.210400394622709 0
0.6835416522816095 0.9064069827571496 0
0.6793830926465563 0.923291065925876 0
0.6668262812204981 0.9110334144626807 0
0.6624825613865666 0.928044515348027 0
0.6501519152436498 0.9165658303468063 0
0.6919808077432182 0.9357319632287482 0
0.3128667893289619 0.5889231242060231 0
0.4424434952193174 0.4040502000364106 0
0.4390434607231017 0.4052308676513781 0
0.8715592641775927 0.8269453597415958 0
0.638770923452995 0.4544769513890099 0
0.6515446016225341 0.3927356246186925 0
0.5552178400104932 0.6736179561382003 0
0.5486779381613887 0.6722195027450915 0
0.5462047417835353 0.6656982614433057 0
0.242276072955089 0.28118875017847 0
0.2204285645547536 0.4239280015839218 0
0.7643373658331269 0.09020569587654997 0
0.7669604940453242 0.07224798114467473 0
0.721475757512833 0.8077265922274818 0
0.4024786678533465 0.3050253198332246 0
0.4094932373431441 0.3100311817345913 0
0.3292784912311615 0.6031961107076147 0
0.358855383707719 0.8311898072405763 0
0.6488497325709984 0.7271251037770994 0
0.3781739209530608 0.544069530308106 0
0.4810794671567842 0.6930028385614617 0
0.4729814745425857 0.691327865187056 0
0.5819468838663492 0.3532333823228825 0
0.6934828417239833 0.4797331877730843 0
0.1262823354235893 0.7517858008356041 0
0.1208914365589372 0.7681686792117519 0
0.3086849557129441 0.2529572426625098 0
0.7611728528572906 0.1077738873153604 0
0.2969689996908891 0.4211586496698041 0
0.301037299460184 0.4132615027361254 0
0.06916304517156852 0.5774857369024267 0
0.8545619833662188 0.6809972707058017 0
0.1032202567282657 0.6816078858160932 0
0.08645551802212115 0.6842942760498714 0
0.09230082096419107 0.6684431491054573 0
0.07508531251954548 0.671186625543273 0
0.06923897394689726 0.6877433767616827 0
0.08100841152656768 0.6556777828255735 0
0.07007635999155359 0.9006914502314489 0
0.4128087737192884 0.9292479085376925 0
0.4300440862074699 0.9253083384804979 0
0.4327295384377562 0.9085215438838556 0
0.4465677941105558 0.9206481673911747 0
0.4489588145299029 0.9022400478397991 0
0.4627968057979029 0.9167078230391847 0
0.4671624642794161 0.9003554080688321 0
0.4789724989856528 0.9125770929514745 0
0.4835547020624256 0.8966589228909245 0
0.4964825051995244 0.9055409845904833 0
0.4908855509184429 0.9241981551463039 0
0.5072039758361835 0.9197962377122014 0
0.5136522975770397 0.9039846163957235 0
0.5235450796948479 0.9158495729739866 0
0.5293805754905651 0.9003086578183328 0
0.5391372594873755 0.9115802712985329 0
0.5443968506058906 0.8959551767828043 0
0.5550933301995057 0.9070546989845462 0
0.5591990113263525 0.8913903464222463 0
0.5710807737329392 0.902760176963409 0
0.5659874763744239 0.9185543335162103 0
0.5827389367901142 0.9145124663389603 0
0.5871101265539908 0.8982584437955508 0
0.5345487042298781 0.926924676396522 0
0.3963802508905861 0.9334811867252282 0
0.5520075035917044 0.6178968569087546 0
0.7358351181575993 0.3339295501523978 0
0.2482617520107203 0.908605646817942 0
0.2602994469476907 0.9215232825619124 0
0.2428892311187228 0.9256374316676214 0
0.277555659873176 0.917357933492458 0
0.6114034752976782 0.5046969803491402 0
0.5647569870837577 0.5926590294552646 0
0.5624572743264773 0.5956359282022099 0
0.5669851667137275 0.5897329277956038 0
0.6961408848354729 0.7162924469940866 0
0.7011597131430891 0.4792226626257791 0
0.7043978461478355 0.4727481312951635 0
0.5546783763495747 0.324456935381112 0
0.5471218032679285 0.3261219019269748 0
0.5447453127066214 0.3333470363068379 0
0.5396729660824684 0.3278395083241359 0
0.5374687401854342 0.334920057481174 0
0.5324811016175913 0.3295299333387222 0
0.5303725090894841 0.3364653698842749 0
0.5254717326400072 0.3312518664491368 0
0.5234039864331751 0.337980496492236 0
0.5185810720032744 0.3328778354727553 0
0.5165098313447074 0.339355291066972 0
0.51186476112445 0.3344318124637496 0
0.5097607445773648 0.340778144330259 0
0.2939140999919199 0.08228661805285442 0
0.3024181574767187 0.06691961547734981 0
0.7091483468777555 0.4286616975206198 0
0.5395691869662416 0.6052608517773125 0
0.6253422705344178 0.735529271081366 0
0.6141676675817043 0.7385000177659002 0
0.6111401498730487 0.7493993847734828 0
0.6033900185346491 0.7411961537755785 0
0.6001184331219804 0.7516934346798541 0
0.5925588483707239 0.7437997349740287 0
0.5892616223329138 0.7541163845568635 0
0.5818609613144954 0.7462746237810557 0
0.5785807948337253 0.7567292551555563 0
0.5712071154143528 0.7488473203429197 0
0.5679674166852275 0.7594391281337397 0
0.5605596621343458 0.7511874404947212 0
0.5573733670966218 0.7619117628135053 0
0.5498743218096174 0.754078509185273 0
0.5467930952422616 0.7645079666367041 0
0.5392300786271353 0.756710796072727 0
0.5362088742930127 0.7670530654888297 0
0.5286161512979288 0.7592354702848561 0
0.5255774621625803 0.7696140390598596 0
0.5769233993972906 0.768584880004078 0
0.5179991639595332 0.7616855512362988 0
0.5149224760419741 0.772161126153156 0
0.4890118137958435 0.6281359643846854 0
0.311888489579164 0.5797159572118674 0
0.6602873870375678 0.06766269305804584 0
0.6440752916708348 0.07466384480467958 0
0.5072478222574446 0.7641869370107858 0
0.5041271925335518 0.7747888155348728 0
0.5118634600443532 0.7831102117697297 0
0.2002094129176894 0.6105699237480338 0
0.5803091703804878 0.3102289066974868 0
0.07320300947167885 0.2005924294000249 0
0.7804762823868463 0.894576108709271 0
0.7934504842567406 0.9060710260503395 0
0.7894688346706522 0.9237536889365903 0
0.8069728009345476 0.918326304964229 0
0.7903686093131972 0.5853999698384423 0
0.5066017596424978 0.243246835986336 0
0.5152105640047959 0.2496611253841183 0
0.5165596929453096 0.2387655996946597 0
0.5254170309924954 0.2454255133733196 0
0.526997797275364 0.2345252561010787 0
0.5359412722663951 0.2411689850248958 0
0.330674657314552 0.8608982312212266 0
0.4391232987007355 0.7475489716399064 0
0.44681859891682 0.7552235333817403 0
0.4362273571892187 0.7580942285365211 0
0.4439456152971091 0.7660220294732784 0
0.4329157950607056 0.7688947413417451 0
0.4548813178465416 0.7630422107021844 0
0.4519650908165265 0.7741034984947325 0
0.4631094447995491 0.7710288147043171 0
0.4598952157356225 0.782281363322835 0
0.4487111318928781 0.785476454066835 0
0.6530218488378965 0.3478387993815603 0
0.3530889030089388 0.1258006905804759 0
0.3451709817340255 0.1395920843265923 0
0.8035316483935165 0.5399257478915497 0
0.4237280561710446 0.6642688719423787 0
0.4291976640883998 0.6888343522423762 0
0.7821732877977744 0.7146672794240245 0
0.5437328856170079 0.7750738926293869 0
0.6448896626478418 0.9335794439614826 0
0.6567243155174824 0.6381430929630076 0
0.6652435411079394 0.6382452479545108 0
0.5964355225153679 0.6617606912322169 0
0.07015560099458784 0.8517101682647016 0
0.3280632906155862 0.4043567636242701 0
0.5418477922313466 0.6708800823937654 0
0.5441133884643883 0.6775629429697707 0
0.5981109275837618 0.9097893508920913 0
0.5949130683782122 0.9264380557351815 0
0.601856713688943 0.8935403385190521 0
0.5910676783656075 0.8822814128886856 0
0.6198728978329286 0.8378929861733947 0
0.2060801891215256 0.3823833409201378 0
0.2121485845987072 0.3711640501402323 0
0.2248974641684587 0.3708121503643186 0
0.2182913321436843 0.3599408486346296 0
0.7425359510279228 0.2536356910494758 0
0.2309901590065243 0.3598392819366067 0
0.5876097605760391 0.6418796704261912 0
0.2167533573802763 0.5569931727199716 0
0.504556271323118 0.8574272843784907 0
0.6708267879780972 0.4491635319321054 0
0.2846383827895531 0.0670801915010506 0
0.3539159498766609 0.06754320500608441 0
0.3712160394002023 0.06777751965136591 0
0.6315846089675945 0.5202780950766095 0
0.3822653518336308 0.641340514790433 0
0.5344710957516493 0.3414425062170159 0
0.5052705914489031 0.3359736763612298 0
0.5032248548944995 0.342287398785487 0
0.4988408617311322 0.3376156669680397 0
0.4966216531282749 0.3444577501202791 0
0.4924736865828899 0.339250167979685 0
0.340773121874667 0.4481059851354551 0
0.5280948285138886 0.6260354793102063 0
0.5308509213758068 0.6226029169326799 0
0.5990374888300393 0.553962091327844 0
0.5420403323158042 0.3868067975497296 0
0.6336677245691248 0.6354043177778824 0
0.6296238087052122 0.6418822147169392 0
0.9298836306475149 0.4300002592025977 0
0.9259238364679262 0.4468261563614616 0
0.9337513874815503 0.4131892621561562 0
0.9209495530604089 0.4015280107915368 0
0.6103731294407474 0.5193932163692117 0
0.6085580016325763 0.5222171230589632 0
0.3805475174988582 0.6712750523200643 0
0.5238518561526765 0.6853924890585582 0
0.4066293687764508 0.3416510185907934 0
0.1011623599304185 0.615865972525365 0
0.2221477832660472 0.6198857552204291 0
0.2302381697914226 0.6300207864039018 0
0.1772438635528916 0.435217087332024 0
0.4841782676695589 0.2719188123025107 0
0.5006891614755187 0.7858127027745269 0
0.4402100192787657 0.7109592360898843 0
0.6105429912153226 0.4834723050022203 0
0.6618705412777107 0.5748049359086954 0
0.9376398407965909 0.3961962288019767 0
0.9250394230405921 0.384440638541943 0
0.4900533644851406 0.3452274073891582 0
0.4962215172083303 0.7662249264401282 0
0.3786398711603224 0.5574103106274455 0
0.3789695773725617 0.5622445180385042 0
0.7651873994389723 0.5591525116873521 0
0.670697206972389 0.2562153625853444 0
0.660371954612461 0.2482677543579912 0
0.6620996711263006 0.2353899926887065 0
0.1060849209452863 0.3064345550599381 0
0.06336343083931978 0.4553001613019428 0
0.07047389233382545 0.4399203620561788 0
0.8153030737085842 0.458568694993307 0
0.8184495997117844 0.445896882939604 0
0.1201310764617169 0.2448926793977446 0
0.3993620813132153 0.452106851378177 0
0.1933305972951722 0.5270790154448961 0
0.1980368476460091 0.5152742574087477 0
0.3067745950510093 0.1708604043064075 0
0.5396153043816569 0.6644563926726064 0
0.3351905928210905 0.451636820772768 0
0.3355778548103733 0.4583060628415769 0
0.5036650712012678 0.2642371067281588 0
0.650032555624259 0.2403932847180298 0
0.6517129504112168 0.2274918850186016 0
0.639586968400272 0.2325079315271233 0
0.6412788853709497 0.219471717749771 0
0.6290395705369305 0.2245492337646967 0
0.6307206107319583 0.2113687286156466 0
0.6184874018935212 0.2166033486056244 0
0.6431676753282005 0.2061304561662202 0
0.6323004721670707 0.1977738394648086 0
0.4426401752467234 0.1937877664855419 0
0.5372714933485269 0.2300060718954454 0
0.5466792643471186 0.2367797198757158 0
0.735854499504265 0.2941504798133993 0
0.6437855367007446 0.4862719899290885 0
0.6752896373288286 0.4930310358260319 0
0.5502343177387082 0.3842901294928874 0
0.5545946655354402 0.3832143024654293 0
0.5367676066595977 0.6083414354040173 0
0.5361064826157367 0.6045626875545114 0
0.06721513790851663 0.2478498611994627 0
0.6188605523300795 0.6358310823476421 0
0.0635290167515371 0.6580707280693322 0
0.6104699953933247 0.5619843168392062 0
0.6123556090123363 0.5660119673086644 0
0.6150470909760519 0.5622842375015589 0
0.09500240741165394 0.9290730356861395 0
0.07606570200577284 0.9331337695180557 0
0.601355881991493 0.6421606500095974 0
0.5894409699882062 0.3088539329960407 0
0.6341316186278132 0.5164800922445405 0
0.5976987505798605 0.5990737517716976 0
0.784201490633161 0.3749597117535267 0
0.2179694929691107 0.5239015344072344 0
0.638838614101976 0.764162248924078 0
0.06940435078842827 0.6412000578822781 0
0.5802620048020553 0.6021215301151237 0
0.2163756251467043 0.06716557662467487 0
0.6329305155098923 0.3591207643572274 0
0.6300600267448129 0.3667843675117244 0
0.5371445174798624 0.3915707150592644 0
0.4584241742995602 0.9332485585923218 0
0.3421364838808384 0.4050614780693059 0
0.3739577308382162 0.4534140253406683 0
0.2554064248881474 0.2803162189314715 0
0.2624704631901633 0.2913313872346577 0
0.26860996184138 0.280200473100098 0
0.6767783801740113 0.06065575564258763 0
0.6952751375880348 0.5237609946333336 0
0.6989580967177308 0.5164976589431043 0
0.3147425016802878 0.2418283163982189 0
0.08574178861905957 0.5114214764677378 0
0.06885179389044715 0.5141506224567404 0
0.778454348411393 0.5132020127977888 0
0.5677271446942753 0.6002684229028001 0
0.3391627179112846 0.4289782642547306 0
0.7360815292465324 0.8038142167245619 0
0.7322812911712847 0.8184748701206458 0
0.6063801954492353 0.7306621069087942 0
0.4861586374140613 0.3405159980693638 0
0.4841817679447863 0.3464931953040333 0
0.6372292984889454 0.6424632207907879 0
0.6332654313491677 0.6490755114397753 0
0.5418309195853939 0.6024018507966864 0
0.455493962764382 0.6823903885361653 0
0.4539947646733341 0.6748024376336199 0
0.2855886738709197 0.747301629898996 0
0.2985887941032703 0.7441649763117555 0
0.302374216593952 0.7316021590187245 0
0.2724100605409125 0.7505607450923679 0
0.3113873953484823 0.741043025131082 0
0.7720963280222933 0.5364575028193989 0
0.5483018473336587 0.2253798767969717 0
0.5580403599901704 0.2325155247074304 0
0.5596296608290091 0.2203311433985399 0
0.5692810072861494 0.2277898810925322 0
0.3144328211811446 0.2084778120924178 0
0.4263987805591787 0.3709039998637665 0
0.4210751017362926 0.373008008068612 0
0.3803356110711997 0.3739941157151738 0
0.3741649202729218 0.3768544889186287 0
0.7809299942593073 0.6219416191449068 0
0.06207085673757617 0.2939577570122364 0
0.1792280714183856 0.06786104136976928 0
0.4193264731048603 0.5931663801802838 0
0.4160909658251347 0.5962668388503266 0
0.4116267502429933 0.5949927522896286 0
0.6089375078337759 0.4867446160551977 0
0.6108546219005943 0.4897727235660153 0
0.104053847126343 0.06969579018362226 0
0.08473974392298733 0.07042928819161043 0
0.07574101074880479 0.08763736375191256 0
0.3294160778185085 0.5326644394460281 0
0.7525282906737477 0.6069517457688394 0
0.3463139451127841 0.6421700596908064 0
0.5255309098372524 0.3917820617338266 0
0.06425028336591188 0.3245809777440929 0
0.07373038326152231 0.3389656324294382 0
0.09133220857831326 0.3375279271513201 0
0.08358621316543824 0.3531963851210187 0
0.06632161243028029 0.3546250597676409 0
0.0762321017594329 0.3688296215664505 0
0.09412681761007846 0.3675329479848699 0
0.08632925266783065 0.3829607303149406 0
0.06895625203759337 0.3844918847329504 0
0.6847542508059281 0.573684296280627 0
0.9108460563021308 0.9330810319359176 0
0.9296499006924728 0.9284746325364119 0
0.4885481540265756 0.695216853011854 0
0.427738581872392 0.5843954639015726 0
0.428666821402734 0.5880229190161156 0
0.4312962654261964 0.5854833011343979 0
0.4321964031416565 0.5889971866028461 0
0.199401060284613 0.6484527602708351 0
0.5643403072467661 0.7403265924641043 0
0.6404785984820905 0.481197395721735 0
0.539779564522174 0.6157527240428489 0
0.5412811134300146 0.6196638279398174 0
0.4074713561145386 0.3341658706031471 0
0.3388834413272515 0.4220266664861115 0
0.3212107300386871 0.1709652446882031 0
0.3290766453051963 0.1834532659589793 0
0.2725455405812435 0.9344743330054971 0
0.2901521233527883 0.9303082889987015 0
0.3850399258746962 0.2689897644322935 0
0.3831056494443577 0.2807613209664572 0
0.7629449707765046 0.6481876548478005 0
0.7751980202771402 0.6451252886098149 0
0.3158212261736415 0.8645041734277961 0
0.4800678925697857 0.3419041854692951 0
0.4782400252489138 0.347837780793522 0
0.4739991429075999 0.3433190752733584 0
0.4722037512147123 0.3491960305157703 0
0.4679668196233089 0.3446796830104631 0
0.4662486210135484 0.3505807139615281 0
0.2337346745321343 0.5810627054143673 0
0.6307850510753729 0.4666627638039618 0
0.3962128222529056 0.3850780971629409 0
0.7471135872288519 0.8146079903969656 0
0.2294723419755973 0.5910977413245083 0
0.5332586018127704 0.356181349825762 0
0.7524856576323402 0.06107540489359681 0
0.2595074739906306 0.6688842191341772 0
0.2698086951115145 0.677708884331081 0
0.2519015529843874 0.6595534997686445 0
0.2507737327793162 0.2481880824937931 0
0.6336441799649843 0.470788095826598 0
0.4756602086998282 0.2759135182512379 0
0.5623055615608986 0.3430446743803588 0
0.5259304898944364 0.607718352799629 0
0.6367705643913276 0.4973274592433413 0
0.5854241884649128 0.5948758286039517 0
0.3106463342385506 0.8795089450913445 0
0.6070953643462446 0.7599273956199568 0
0.5610966445327202 0.592230095768072 0
0.5588687192405475 0.5950529668028425 0
0.8145119789510851 0.5036994190359506 0
0.5136645438667027 0.3801009096158317 0
0.5127457365411549 0.3841634432537681 0
0.6450472934863749 0.1924851741289145 0
0.240295443829839 0.7339843403375357 0
0.3797263119507389 0.08277080398831727 0
0.8922845445319533 0.938476627998898 0
0.2495356418980224 0.223574500481168 0
0.5238049448185694 0.2562961348277425 0
0.9352008958469942 0.796057053111813 0
0.9306278555871326 0.814110179139707 0
0.05870672785871223 0.5003606885004984 0
0.3621879998580604 0.4540196278042152 0
0.6416275688581107 0.09246280072371704 0
0.6276280988961979 0.08199747123534029 0
0.6295968542732167 0.06484881363916373 0
0.6137471968475935 0.07159443654008724 0
0.6114035857588133 0.089069016562764 0
0.5974994857328306 0.07856683694034666 0
0.2053425264807572 0.3601493538391384 0
0.2116523087928178 0.3492350833291553 0
0.3347155693519359 0.4449521035248735 0
0.7588246160306955 0.5837389747694028 0
0.6237512882981726 0.3393363432804427 0
0.6268315307835035 0.3313785467673287 0
0.621109221857823 0.3247118964656271 0
0.5025258897489552 0.9368442926887026 0
0.4007417097568846 0.7488303192374617 0
0.4084352782572948 0.7570511890936054 0
0.4477702211143645 0.395434349209736 0
0.4505337062790494 0.3980481709645582 0
0.4496572507497886 0.4016007438656456 0
0.4531750912595457 0.4005282875103908 0
0.454031376024308 0.3970890530157573 0
0.4565738925596047 0.3995193189326917 0
0.4574276038853996 0.3961519176496128 0
0.4599546720000945 0.3986025489642319 0
0.4609121635303476 0.3952322311704923 0
0.4582908404336376 0.3926816109394431 0
0.4617947797144214 0.3917539402936829 0
0.4644270871881189 0.3943239012354848 0
0.4653322368223142 0.3908579637818979 0
0.4678864603983416 0.3934287228601788 0
0.4688429930335227 0.3899701401645346 0
0.4713838536192136 0.3925432501517228 0
0.4723691918045838 0.3891693987325026 0
0.4748924036567018 0.391675047261162 0
0.4758978867391389 0.3883689624170877 0
0.4784053108963026 0.3908138738957047 0
0.4793907840090761 0.3873994352753177 0
0.4819255271865605 0.3899265395765207 0
0.4828924833703226 0.3864505315029501 0
0.4854665590814077 0.3890427862079011 0
0.4864544008527822 0.3855590122612989 0
0.4890508347950125 0.3881634552673527 0
0.4900626876837127 0.3846394091860321 0
0.4927257627152319 0.3872978601817862 0
0.4937058797624157 0.3836637849126198 0
0.4964159058671408 0.386396564837991 0
0.4974051931787412 0.3827331982275936 0
0.5000372154680631 0.3854812236725468 0
0.4990525955831647 0.3890708148715341 0
0.5025038959563125 0.3881704146720411 0
0.4912204977945102 0.3810170073257601 0
0.5031164568644259 0.3849495211013083 0
0.7443748395649116 0.8294810908837864 0
0.7722809200985272 0.3794741188539306 0
0.7816426081563688 0.3876588281919502 0
0.6817665005605436 0.5955940021378124 0
0.5325157528852509 0.6266569782157205 0
0.06529501820098299 0.07120728144628508 0
0.05630936604221387 0.08853949529784161 0
0.05750327782736164 0.8375659332613882 0
0.1908471937303095 0.1144070910184742 0
0.6301146760603148 0.3230897077997366 0
0.6359152875394432 0.3304109567596356 0
0.6982875697077894 0.4863649567847533 0
0.5360764754831019 0.3951880803715648 0
0.6809553337960406 0.4742243881833645 0
0.4706035939917461 0.7796586878120816 0
0.6412450195628772 0.6495539979038737 0
0.4762971125777902 0.7456430706226201 0
0.5187198822134459 0.6907365431577559 0
0.7892223119467774 0.4209907568626007 0
0.5706807667355041 0.2154958994719165 0
0.5834675744868644 0.2224716409761497 0
0.5822211792148512 0.2095665445777097 0
0.08817911396124378 0.4394248779610674 0
0.7244859822460318 0.7072657472084686 0
0.5249249396425614 0.6292766725108173 0
0.2082065848092888 0.4250921226519333 0
0.2149321398691952 0.4350599205736809 0
0.2013848146027374 0.4152106028255908 0
0.9425756892825915 0.3792246165588125 0
0.9289974211647666 0.3671628600551671 0
0.9466774672069384 0.3618868284601238 0
0.9327651059793605 0.3505972087450334 0
0.8969228563250387 0.3089657712133192 0
0.3149091281918616 0.7286631155358497 0
0.5187384318003812 0.6608772767171458 0
0.5247119827339636 0.6623053895924547 0
0.2346417578192224 0.6183836481810786 0
0.9396761021859689 0.7779676099479255 0
0.5720983651171315 0.3124322736459542 0
0.5438200839804259 0.659403011622162 0
0.4261240726090871 0.8666092591733192 0
0.7369601915803418 0.1455153896508116 0
0.6052698487481122 0.6245825277728789 0
0.2929805783652724 0.429104360910104 0
0.2245424569621757 0.6418222602530648 0
0.5852499974877364 0.7358344270336706 0
0.4988906486930664 0.2363093003290198 0
0.61207348158807 0.6503014689526985 0
0.6154198640019034 0.6576783109405608 0
0.399219049314214 0.4556889672910445 0
0.443358879638363 0.2968015988313556 0
0.435688783214957 0.3006228565791363 0
0.4268003430429841 0.5807422337263551 0
0.7146683574781852 0.4359528479275409 0
0.5211240802979652 0.7513582711192022 0
0.5999825433495145 0.06191534710433028 0
0.5834758874420867 0.06844681940685815 0
0.5815714756357514 0.08567845795148904 0
0.5675588200281885 0.07569870100180615 0
0.5658502732230303 0.09273071672901578 0
0.5519771546509108 0.0829493693382799 0
0.5502900123279669 0.09964347439371152 0
0.5366487077421659 0.09002239872126538 0
0.5350211294274453 0.1065096869664429 0
0.5363180715265574 0.07396037140121126 0
0.5215946859246499 0.09703603020383811 0
0.5201229717783059 0.1132395162775103 0
0.5071576839315378 0.1038838203660659 0
0.5055510960830985 0.1197371535100857 0
0.564071228965637 0.1093621274150959 0
0.4931887368118696 0.1118698001620358 0
0.4915492793152684 0.1267169118249475 0
0.5040108752758656 0.1352449546017163 0
0.4900103556996549 0.1413746184471804 0
0.4778336194375362 0.1330923360226008 0
0.4765436239573054 0.1474897186466778 0
0.5332013061451023 0.1224883820069821 0
0.5072064483492867 0.08859313957494563 0
0.4159246128440169 0.6613596769518051 0
0.4886569292828589 0.334254638063155 0
0.8028002564678319 0.9357946025458778 0
0.8208995067242251 0.9308591369367831 0
0.8251525680798313 0.9135641436746479 0
0.5678095154816581 0.05933487760737255 0
0.5142823358456896 0.3276240531280717 0
0.7234835546315548 0.2987159445295397 0
0.3886475965785244 0.06801547960852938 0
0.335835700493802 0.1717228552486649 0
0.9426103374740475 0.4418337908107862 0
0.9384379300725567 0.4588500592409359 0
0.5512096507845073 0.3797573511927232 0
0.4003263952953812 0.600630429912293 0
0.3994949733421962 0.5952335615127914 0
0.3647345463390161 0.6185898747116474 0
0.6061267455187064 0.8781242583455329 0
0.617808012581499 0.8903051636170722 0
0.442057270273998 0.5982917150830344 0
0.4410268305750601 0.5946668737680334 0
0.4446772668207538 0.5956463290820233 0
0.7548490413124136 0.7729808710258559 0
0.4314261507495902 0.1988490460439206 0
0.4308760464363755 0.2106456456666871 0
0.3929730671667153 0.5434346450245622 0
0.3965511153206824 0.5452872989262013 0
0.3963756365306836 0.5415593611448475 0
0.3995588961351211 0.5432240897814447 0
0.3998119053393933 0.5467403454310054 0
0.2416115929751827 0.6288763310955834 0
0.5775341059564607 0.6055885024431333 0
0.5577991020827867 0.3980959042966377 0
0.3981173251196067 0.6475819931925709 0
0.1377162018313616 0.764576151069278 0
0.1325730796164418 0.7808221362133078 0
0.1151493292361978 0.7835283971850882 0
0.3294490386016209 0.4553040560119419 0
0.3298674217659059 0.4622575846596231 0
0.5156835470679852 0.386963001934969 0
0.511898146839072 0.3879985826107537 0
0.5144010043070031 0.3905418427123254 0
0.5110257763220286 0.3916264495701818 0
0.6828875583609091 0.8043030108746971 0
0.672932846850304 0.7939377342257663 0
0.4571774494278998 0.6902059423161437 0
0.07894172471250571 0.3980660781477949 0
0.06174642391358132 0.4002768531911349 0
0.2754874527310404 0.2908411085300247 0
0.909653823098133 0.3197445398039669 0
0.3421278973165446 0.5866724419013412 0
0.31357964325301 0.5974103371375616 0
0.4829347222360657 0.7004154375980848 0
0.4105570792097197 0.3011599518899838 0
0.2925679340573565 0.05089405786977508 0
0.3995253917464251 0.4483177482945568 0
0.3079992671163766 0.7535718938179172 0
0.2873881091806111 0.4212993284017632 0
0.521376956431397 0.3439936650758306 0
0.5535467702424732 0.3987839735591066 0
0.5563716451619591 0.4018160672115166 0
0.5523853347880864 0.4024514059765193 0
0.5494551196986177 0.3185872903090203 0
0.4683556622812321 0.2720369941960694 0
0.5575885206921602 0.5917809454596976 0
0.5554042554468585 0.5945166872103088 0
0.5566659221867408 0.597828031157029 0
0.553182814872146 0.597247031577687 0
0.3886920169048862 0.5907405818771252 0
0.3880398577174925 0.5849869321810469 0
0.3937412751717022 0.58767283241359 0
0.4226652288251747 0.4084582907021982 0
0.4219119851751288 0.4125770328014279 0
0.4256700061221061 0.4111887980737814 0
0.4249806201717061 0.4149746391749133 0
0.4215128271467887 0.4164311408318912 0
0.4284836614493051 0.4136174779250179 0
0.4244026523498873 0.4186490890833892 0
0.4210966532878297 0.4200278955785 0
0.7966526633618263 0.5642855222148868 0
0.7060423944197169 0.4858871785067531 0
0.7027706150375462 0.493370678697477 0
0.05896597666740255 0.5642506503581152 0
0.817778957731284 0.491453085274593 0
0.6344453277464474 0.5372277900165439 0
0.6054940416636769 0.4689199559761726 0
0.6075860256719173 0.4718390136272698 0
0.4319744398406476 0.3687851197009737 0
0.4327192100607282 0.3629594406488804 0
0.4374365287473726 0.366621417119697 0
0.4381744988474409 0.3608674252985736 0
0.4427515476605259 0.3644278061298639 0
0.4435634899891903 0.3587176198871667 0
0.4481004436719188 0.3623403703599671 0
0.4489556408344 0.3566193271406909 0
0.4534685657712151 0.3601495585102247 0
0.4443381674465832 0.3528333927437274 0
0.4257509198423198 0.6089539683855858 0
0.4213729536977404 0.6073693352571536 0
0.691611951839801 0.5308013868362755 0
0.699694172794551 0.5305162425910757 0
0.9389075523677539 0.2668727030495963 0
0.9358955426495492 0.2848203045069062 0
0.9427135195515018 0.2484998871837823 0
0.6581760101947176 0.5811736196417747 0
0.6123346631092766 0.5161899876822836 0
0.6087030970016838 0.5161291744198361 0
0.408085673969058 0.9461093775575482 0
0.7849446053315607 0.9418291686070127 0
0.5222857432043411 0.3926132026476501 0
0.4025832674551356 0.2959185545218407 0
0.545414505216719 0.6028342573107863 0
0.3826670335503166 0.5826809609353431 0
0.387393709780498 0.5794630007921346 0
0.3821981271563014 0.5771621043660897 0
0.4060159716508417 0.6884551112010417 0
0.6098059442439926 0.4574487085431637 0
0.6073130673017954 0.4540136798504377 0
0.6058143938457785 0.4575723428932235 0
0.6034395943427326 0.4547579585139334 0
0.6020738949254876 0.4579511459749953 0
0.3322599605581015 0.5260553505022731 0
0.3281441488946161 0.520281298965056 0
0.3180607527247664 0.5626320740257281 0
0.3260533988138856 0.5614409763727983 0
0.3289966771147447 0.5542634313038917 0
0.3098635374507871 0.5630819596444473 0
0.4291751248699295 0.4099848038529177 0
0.4318898153833065 0.4123701014578093 0
0.6115401792672249 0.5299665674906698 0
0.6149541464672892 0.4980096080246829 0
0.6111020518156802 0.4981397016265354 0
0.4499684277597909 0.3506131964211174 0
0.6147224954401405 0.2876256438845503 0
0.2152329593163121 0.479939299811625 0
0.2209668412644382 0.4692750100678588 0
0.2086903388561196 0.4916833445378709 0
0.787983634960754 0.8507887452958948 0
0.4915874177441866 0.3908178859933661 0
0.6696365776725354 0.5480037800661538 0
0.6742267133096802 0.5423848709703383 0
0.5998691805480905 0.4553429934815258 0
0.6010941709606451 0.4517998110611116 0
0.5976908712000237 0.4525522351374363 0
0.5988540576645717 0.449254010481789 0
0.5272679484879828 0.224346882829243 0
0.6105572081912918 0.5130678931145785 0
0.3751947409964299 0.7051019610248652 0
0.7776526551189245 0.101194417833879 0
0.7748833102285252 0.1186598149047711 0
0.3201558395838046 0.8492111654097145 0
0.3059163842597598 0.8522885946248433 0
0.7457735038134963 0.6306919868606016 0
0.7425195217327567 0.642170585720281 0
0.6556467263333392 0.2009661944271943 0
0.5224316474465681 0.6069390981208899 0
0.5199161874178474 0.6095104913566414 0
0.4050142385104064 0.6496831990425205 0
0.6123052806156213 0.4799430788038246 0
0.608812792465999 0.4805024878030303 0
0.2906380121902458 0.5892400346343407 0
0.6092488862893519 0.5333889570264349 0
0.6076938478232271 0.5297931680767424 0
0.60558797765894 0.5329341774854883 0
0.5342340820243224 0.6700699629807385 0
0.7261043069009283 0.2230562492196125 0
0.2792490337031072 0.2468270747917558 0
0.5086973004713877 0.7943585301477445 0
0.5201690045291943 0.7915308747765143 0
0.3865995336260388 0.5741197385887358 0
0.5292243709494668 0.3799458082662698 0
0.5321524868680253 0.3831514617007309 0
0.5451155938106841 0.2484048948012817 0
0.5421696133182227 0.7461554991176802 0
0.4096609739786059 0.3872878744753165 0
0.41425105532654 0.3856253512574385 0
0.263821507962071 0.6569773625960701 0
0.4222360737045037 0.6565872614076091 0
0.4293123125311975 0.6593313995632113 0
0.4238614141636024 0.422175392092269 0
0.4206348974347588 0.4236145983648089 0
0.4178439502168879 0.4214179311825424 0
0.4173795188708525 0.4250510112790446 0
0.4144644241964482 0.4228090912521776 0
0.414080735084591 0.4264202520724479 0
0.4169848493742989 0.4285818505350668 0
0.4137189505977947 0.4300657305843827 0
0.4108128757364493 0.4279027872938518 0
0.4105809668575319 0.4315125167927258 0
0.6752160143357413 0.4333360001510159 0
0.3547118767077435 0.5817526700315453 0
0.9148058630299565 0.3554869842613477 0
0.4611364150596211 0.6772458871638323 0
0.4595809541784086 0.6699285844231656 0
0.4527313480321359 0.667586220205084 0
0.5161670648683088 0.6353700077150148 0
0.7134257071519332 0.2905498982326379 0
0.5490156972442588 0.8806532824178654 0
0.5967788438448185 0.557044147132793 0
0.3099444198308641 0.4128178432823362 0
0.3052675546610708 0.4051214257541668 0
0.2253953390209265 0.5334265749098652 0
0.7699786230543411 0.3919137217669226 0
0.3960209665634803 0.4575252212231232 0
0.4569228173980245 0.7939642051533722 0
0.4453581081624624 0.797275861462444 0
0.3512893756964881 0.2826073128586414 0
0.6034709926071667 0.4661672034266838 0
0.6391276952453875 0.5016295934286596 0
0.4619692311127003 0.3461648064374987 0
0.6929582345891065 0.8149230164368118 0
0.323770369647569 0.7377326865492361 0
0.3954413933620193 0.2540644667535216 0
0.4046810016168639 0.2491087439142713 0
0.670255534295999 0.4270206578604676 0
0.637235870511623 0.5329571444398081 0
0.3164265604446885 0.6314371060024885 0
0.2695161861922312 0.3033976159830551 0
0.6423114868262595 0.475864270491519 0
0.5147542601560933 0.8677472166322979 0
0.8128873342812684 0.3528056007820928 0
0.5549852189536002 0.4053493398460983 0
0.5587373422153691 0.4047696295708034 0
0.3062267649367206 0.7194451031682579 0
0.6808620925096243 0.2641622575190658 0
0.3623042348320023 0.2822749860010697 0
0.3571692420452304 0.2917259620109618 0
0.3486207060910367 0.4014149369621893 0
0.3489333396038131 0.3938217855154617 0
0.4004571752435813 0.3372243955673226 0
0.4591786635280127 0.3890437803870577 0
0.5946866141552897 0.8668389151363498 0
0.5788033583983747 0.8712986378248232 0
0.3991650413468413 0.4593126566627209 0
0.3961126464601574 0.4610267559568517 0
0.2742086414606791 0.4841554161464907 0
0.8150545850539388 0.3393471747208108 0
0.6820436518799458 0.4922916868032906 0
0.4349852536306479 0.05147266832914332 0
0.3291588350066004 0.1396884079366682 0
0.6314388780784777 0.541860233111501 0
0.1817550434456013 0.5876530346338344 0
0.3194023035888296 0.6214725886131872 0
0.624793402022191 0.3606495817264199 0
0.6222285928589665 0.3680900344013756 0
0.6271478494486531 0.3740286774424869 0
0.8339866088829557 0.4157576178480593 0
0.4180486732092821 0.3067541206692605 0
0.4166815942570031 0.3151445019859639 0
0.4417784037450137 0.4075019217445316 0
0.7183909739681079 0.4273189618869875 0
0.7132651605910305 0.4200276574146641 0
0.2849442051750892 0.9476860156138915 0
0.3028038463148396 0.943417542700143 0
0.1280451349121056 0.2294901911172419 0
0.4737468532014269 0.7682772953708074 0
0.4511709492437652 0.6955887258585414 0
0.5953496353707458 0.5537228611023322 0
0.5974044228116538 0.5506791413038346 0
0.5932789314560458 0.5565285682998938 0
0.5835835664998088 0.3020213250216854 0
0.1351636725311049 0.1826117524184057 0
0.652208967492116 0.8994385240754275 0
0.7919685250539434 0.2592327546897452 0
0.7897465801235146 0.2745519805539783 0
0.8015247604071556 0.284162169442096 0
0.787442246332305 0.2895417348730926 0
0.7989148476968644 0.2989934657750292 0
0.2949912025184007 0.9130876422561736 0
0.4451781621888629 0.406330464699158 0
0.1372525708488199 0.2434913572056445 0
0.1450871809206921 0.2288438348157018 0
0.129604700862217 0.25904143325378 0
0.9527641340322015 0.391817144654269 0
0.6168704187851001 0.2295986274893023 0
0.6659661370010894 0.5542142909008914 0
0.4385231514185642 0.408611863719898 0
0.4357254913074708 0.4064429819041964 0
0.201759639049865 0.6918662755966656 0
0.3111035464508989 0.05138260555297103 0
0.6369409185571592 0.5057872591310708 0
0.1448898700931299 0.1988285723021018 0
0.1527715935351792 0.1815431416191258 0
0.5795238033812931 0.2352349117339035 0
0.5551199546418144 0.3444130576608055 0
0.5345548909717611 0.3223794388933575 0
0.4025352880461576 0.4503100608144061 0
0.4027050113783565 0.4468423231022176 0
0.3381459889761135 0.6387441417945416 0
0.5335920966418055 0.3925044796172054 0
0.5327114537169265 0.396080868686316 0
0.211380646304828 0.1427614494171576 0
0.295743589449652 0.4052452445409939 0
0.3004276646405085 0.3974638633809729 0
0.4703667661820475 0.3959050407230327 0
0.6170077200050701 0.5665900706109097 0
0.6144006119888992 0.5703312463552821 0
0.6198163978559177 0.562668356931955 0
0.4128697294024553 0.5992309731277348 0
0.5573975354985554 0.4081513965103408 0
0.5608064056070332 0.407524169070121 0
0.2751887904979028 0.05147791176957023 0
0.1855177951975069 0.5168027926966736 0
0.1903329500772964 0.5049556476027076 0
0.399114454321787 0.4627784513537495 0
0.3961393963946692 0.4645747360555978 0
0.3955617640154439 0.2432823759195691 0
0.4051130344607857 0.2378131274822344 0
0.7569732551301978 0.8245080107281386 0
0.05132012713491291 0.5161714223022114 0
0.7336068468408972 0.3070487089136941 0
0.7462911873747545 0.3030391234332416 0
0.2669046111891998 0.8438312135940815 0
0.598568971721204 0.4585006758022548 0
0.09861764136390455 0.6539087002474842 0
0.6340629344168849 0.5464037108347291 0
0.6279356079259046 0.5469119191020645 0
0.8155644693034882 0.3831485623293294 0
0.4803322578755058 0.3837507285791592 0
0.8870319627369071 0.7930148380867643 0
0.8757036941315444 0.7794375478986389 0
0.6873704677148489 0.7078994911076386 0
0.6761035484216464 0.7109518534908867 0
0.697622864230694 0.7038448917941746 0
0.4133532824211142 0.4336684874038884 0
0.4102014662584781 0.435133761190068 0
0.4074349685173893 0.433211479043398 0
0.4070728611023649 0.436692419504872 0
0.4099491560476864 0.4386586249254855 0
0.4068088987742187 0.4402799872148813 0
0.4035717088410414 0.4378823917555763 0
0.6959100803406895 0.5377108330776137 0
0.6574042351520129 0.9464024046134508 0
0.391932015967168 0.9496971312306469 0
0.08904305158848808 0.9474723504577987 0
0.5294679717128747 0.6085174662651337 0
0.2467958007711358 0.1978487458124891 0
0.5919746962057872 0.2334395948829947 0
0.4524371253604246 0.4038288828427631 0
0.5954840770419181 0.4498463016588819 0
0.596647845968845 0.4465628738430404 0
0.434746654831609 0.5865327036284529 0
0.2814796763603714 0.2794239431154755 0
0.4273007022088979 0.5972331432445905 0
0.4313132115039101 0.41586835077988 0
0.538569287250013 0.3979475486438501 0
0.4703366598475621 0.3549288812551649 0
0.4646125631212673 0.3562759792413423 0
0.5733272880472682 0.6048711084874026 0
0.2936065460381962 0.1403344468336569 0
0.09380284706530378 0.05327167863808091 0
0.1129905247092689 0.05270923922741283 0
0.7694900232567534 0.05403056541666018 0
0.7842155593021356 0.06540159867584872 0
0.1086699482789867 0.5572746788957766 0
0.1024209147804622 0.5096602877679153 0
0.4830776070961742 0.2817213374401419 0
0.4748623767901863 0.285493923028843 0
0.491906314045239 0.2778954862561949 0
0.2817696068358667 0.7605247901718684 0
0.09898782276694718 0.5441458296079944 0
0.7780022018607898 0.2651594544176059 0
0.1504367383003867 0.9169047179499815 0
0.1447393428498955 0.9349395294345492 0
0.1633800722858939 0.9309746722863599 0
0.5030522246869955 0.6362436489957252 0
0.2233810812399028 0.8382308553315458 0
0.2765753235387728 0.4569948501456332 0
0.600555580903203 0.3561402391536136 0
0.5015013483499878 0.348108324964063 0
0.06680999470587529 0.1048213542782008 0
0.3950838353342651 0.7031174303197271 0
0.8201276548236254 0.4194186604976383 0
0.8453133074996383 0.8044819819246573 0
0.2936039749521432 0.5796888941641763 0
0.2876696821189902 0.5719684534791066 0
0.6326218426839476 0.920654253049827 0
0.6253278406101339 0.9369890403365243 0
0.8754053728963225 0.2729765783554797 0
0.6369730421316826 0.6566559396843071 0
0.6270906130621651 0.766937464509946 0
0.216895716399808 0.7276385323201824 0
0.8515631609931039 0.2347864208139653 0
0.06499010930968491 0.2168258152257964 0
0.4883774627024416 0.1558017975562011 0
0.4753317842916881 0.1616679339768663 0
0.4637475877873825 0.1535807490645948 0
0.4632712482698617 0.1678971636913991 0
0.4512495901849377 0.1597550303850348 0
0.2974892305760714 0.9610795517204391 0
0.435512926330079 0.5898583647524104 0
0.3801006851464197 0.05268239251768425 0
0.3979114059139192 0.05302953263446797 0
0.5284067651262804 0.6051373016316079 0
0.6366658944213669 0.520713850534344 0
0.6170752080021279 0.3623014241591447 0
0.05136567632635147 0.3859088319839448 0
0.0425374431553025 0.4051882248970922 0
0.543991395620941 0.5995117202604063 0
0.5404636749912992 0.5992024186760132 0
0.4144918372904932 0.6915712227624552 0
0.1079731888445585 0.9433998043052667 0
0.05331989825530004 0.4409770322239288 0
0.05470202286480108 0.201421222133861 0
0.302774985481198 0.2640502292511274 0
0.7529354397860002 0.3621248787747973 0
0.2495404852160628 0.743430204475253 0
0.8342867392969542 0.7165228165359462 0
0.7999994920203792 0.8623987681583223 0
0.5362335869198899 0.6576992666934631 0
0.2766843787603379 0.1694379038075032 0
0.8278102221703579 0.5004436597547124 0
0.3280279492698651 0.5405373000107738 0
0.2367871425156448 0.569768752263359 0
0.5457104212168363 0.3811885838458047 0
0.6173274439442357 0.615373994430168 0
0.5040019706356194 0.6621628507913759 0
0.9059648745563005 0.9522692561821828 0
0.05922861710263005 0.2638952313411941 0
0.7418598546811391 0.9215217273838656 0
0.7548088370667436 0.9340444330811699 0
0.7374674187205482 0.939303035199117 0
0.6408202626512707 0.3207318260895928 0
0.4638410261839845 0.3393851440924524 0
0.2291915050228407 0.4980383663026231 0
0.05185833915675264 0.6449331131887804 0
0.05687406988763355 0.6278655412494353 0
0.3337573076272075 0.5604080323660009 0
0.3364700704108978 0.5533562084982155 0
0.5754232991802588 0.3953336634584023 0
0.9219819665320488 0.4637694305817322 0
0.9341527329465673 0.4758120087551042 0
0.9177620679687739 0.4808839416744137 0
0.9299048375492042 0.4928572573943236 0
0.9468357296750372 0.4879553704582911 0
0.9418620984795409 0.5048925771093701 0
0.9253908071085818 0.5097481668072186 0
0.9372351301267084 0.5218392478330928 0
0.9209342179557548 0.5265525280502635 0
0.9332467893619765 0.5388030089184437 0
0.9166426292398484 0.5432569289533524 0
0.9288144233021955 0.5554699520101709 0
0.9123088239093328 0.5598902861032807 0
0.9242540635753929 0.5718257049056742 0
0.9079534932487273 0.5763735764268169 0
0.9202336265342059 0.5878968902135114 0
0.9036993558480448 0.5927210787766326 0
0.9160825282562678 0.6043729726825656 0
0.8993031056424732 0.6089335463434943 0
0.9111606037584344 0.6210604597797036 0
0.9283658508152013 0.6155213410632788 0
0.9225751002689702 0.6329803277528655 0
0.9064447834299029 0.6376315725315496 0
0.9183417288928051 0.6498963507908688 0
0.9018636827763382 0.6541893956281821 0
0.91475979641366 0.669237394395535 0
0.9345982596005755 0.6415753792632781 0
0.9404438223356102 0.5689547413283769 0
0.8900634306652198 0.6419305899465535 0
0.8855988207488112 0.6581360616909964 0
0.8919056966053609 0.5806632562080866 0
0.9004415818959147 0.5475384071306659 0
0.9495929302911004 0.3442685646477497 0
0.55163318887816 0.4062569683163055 0
0.5490794427741014 0.4038744575458413 0
0.6305407574333139 0.6046110605107508 0
0.3340008058940422 0.5372193790132754 0
0.1490375770257316 0.7774921570011066 0
0.1440699070585426 0.7935541761321957 0
0.160474996616148 0.7902994639752807 0
0.1554360868702246 0.8063363503145283 0
0.1720008397464417 0.8028458210407178 0
0.1668573935280358 0.8189965803115795 0
0.1832731181820977 0.8156243878924754 0
0.1781923697413176 0.8317238751613925 0
0.06329508266131695 0.1847290890796785 0
0.7180752613644661 0.8221969546029078 0
0.685974050320003 0.5881380503612028 0
0.3621470094792489 0.8550654387109725 0
0.4592581333946867 0.6978130095903989 0
0.3607591005057817 0.1395440970633499 0
0.3688161482828149 0.126265556259164 0
0.5781327267801578 0.6362704264712596 0
0.05183645266362935 0.5804183934323328 0
0.5748360361173195 0.6091744031095235 0
0.8042523490052752 0.33073925037199 0
0.6313915055781864 0.4750541113115402 0
0.4872466356497872 0.6368677903290695 0
0.4822783068702398 0.6352397219614928 0
0.4922020666584021 0.6384500492151899 0
0.4784096468396377 0.6386927104058887 0
0.4773696644214725 0.6336299771934499 0
0.4822082803667941 0.3522028035199424 0
0.4367209896082572 0.7883829474301061 0
0.7108169083902784 0.4439449368764559 0
0.1127320980625027 0.4525693339819782 0
0.5647823130464701 0.6451180333951914 0
0.2218540622822948 0.5830350217450624 0
0.4245294072218557 0.3118496481889392 0
0.676804350577376 0.7804310405263615 0
0.6644237283554362 0.7820777064086165 0
0.7702455543882017 0.4167499846821405 0
0.3836474114343345 0.5641081144818179 0
0.3796630225029896 0.5671894886533765 0
0.6787629636869622 0.8185010753917419 0
0.2559639924720241 0.6478409748906742 0
0.5595879954848731 0.4107722665098481 0
0.5630189504395239 0.4102070914941301 0
0.2558012682799875 0.6054944411885389 0
0.3780479361144307 0.4510705246999619 0
0.3740410113743558 0.4487198586051617 0
0.3782363593944357 0.446164806218868 0
0.374211735144734 0.4438008845017134 0
0.4338887413328275 0.3569222609781793 0
0.374039716710363 0.4627876781584911 0
0.3698719098292972 0.4605152048764368 0
0.3699098514294662 0.4654212607302435 0
0.3657145847317276 0.4630188480912188 0
0.05248202082219089 0.4705554840670553 0
0.6589073019145304 0.2608106024492427 0
0.4970877095661614 0.7971537670501696 0
0.6607059566687911 0.5316075238157961 0
0.1549788689136624 0.2829371907540654 0
0.4360709480046051 0.8774140053616821 0
0.4490959872679335 0.8755058170674787 0
0.44480349141422 0.3463753629670669 0
0.6017524106103092 0.6300216718820788 0
0.5957455412925405 0.6291000443907587 0
0.3448948435676552 0.4186720271591657 0
0.951106186501616 0.534091980408862 0
0.434273293174582 0.4147436157934469 0
0.5005139664236884 0.8717733538028215 0
0.8404660879697257 0.8869306363569776 0
0.6635506998031183 0.2221523419255995 0
0.2001008767008965 0.3937122751984888 0
0.1930584977757435 0.3828510916831124 0
0.04735049163252641 0.1059111883555118 0
0.05880393873311274 0.12153244537628 0
0.4332989865870634 0.8005251661456428 0
0.4246115674216981 0.7920622488170248 0
0.2965655909618944 0.5224165360467494 0
0.2916457189197649 0.5156268316177994 0
0.2880209385357847 0.5233908207186097 0
0.2831845539986272 0.5164191066591549 0
0.5170327988890231 0.8031263177799033 0
0.2753380994451982 0.7024198293010103 0
0.2880961940053516 0.6999909676843115 0
0.6631935887575109 0.5157850199936984 0
0.666593331130358 0.5210867096562903 0
0.4844167629175569 0.3924385192217467 0
0.04913247575120766 0.2487678452515075 0
0.2174284834061887 0.5933875130348404 0
0.4857591600700976 0.941189906997639 0
0.3483077552271333 0.566492770772186 0
0.3364270894768606 0.6306340626510094 0
0.4774031952321747 0.3941355540557644 0
0.06482396801643736 0.5476469469156764 0
0.2682934556223587 0.7637477939286607 0
0.5334726295851097 0.3789827578554831 0
0.6255144266556085 0.4594826703283933 0
0.6275023043058802 0.4551988047118222 0
0.6338245891536174 0.1839691826349474 0
0.6202786448919503 0.1899032271650468 0
0.7871936581786633 0.04760124028714124 0
0.8018532938430738 0.05860690122904905 0
0.42797982368465 0.2950424240806949 0
0.5621253238922378 0.3796072833984284 0
0.355201673976248 0.6539732738610958 0
0.3563918413644639 0.6627402966305369 0
0.7503704892792599 0.9519338767501799 0
0.4144427572343429 0.3312577880660689 0
0.7111046600355082 0.4925279410239605 0
0.7076893481060624 0.4999379757983012 0
0.6697263604868229 0.6308848018834132 0
0.674284745121126 0.6385595140538338 0
0.4877697895466537 0.663021275663542 0
0.407934587776226 0.4017954647627461 0
0.4034811201961298 0.4035712551028372 0
0.6664952484483504 0.4729798330941399 0
0.6103067306794381 0.6638650131440057 0
0.05153652124233238 0.8558439585868062 0
0.03588689177855181 0.8394635624074072 0
0.6623501780161523 0.04991550279621781 0
0.3802905930792091 0.9374158712757749 0
0.3783960961390186 0.5485103525939412 0
0.3741879416732219 0.5464328026845877 0
0.3801079366322727 0.3605577833131178 0
0.5014823048785099 0.3916260268865516 0
0.5286515183817917 0.6804012077322408 0
0.5308782951014951 0.6873638800709275 0
0.3871940728055112 0.6190386993256491 0
0.3880433719136371 0.6254890796386671 0
0.3820385954055925 0.6232778709921254 0
0.3020494316210288 0.2419045104180078 0
0.4340254247062335 0.7039984170698774 0
0.424486192478712 0.7062508483271797 0
0.6317610220732808 0.4898247640314539 0
0.4000931088928978 0.6295452218842833 0
0.4993095584851366 0.7563761073438479 0
0.06297573266125178 0.5935472090351435 0
0.5172196315319652 0.6271844731437448 0
0.1427776673685703 0.7478778591964265 0
0.7759635272042507 0.7409849846172726 0
0.3745358510381024 0.6082195799067006 0
0.4661945737524819 0.6722505619952505 0
0.4143615885707758 0.2442731164418911 0
0.4152074555782158 0.2333100490109372 0
0.6614822258172741 0.6468696738123345 0
0.4301152721136221 0.6102909905232381 0
0.4980377652421553 0.3924672567646466 0
0.4136028053612886 0.6397773571892658 0
0.1730464109807178 0.2151166494337197 0
0.6785842358387663 0.6994726670109205 0
0.6246641469780571 0.4514528728729332 0
0.6294728467955192 0.4506789332582145 0
0.6264690432576341 0.4466775111842805 0
0.3743290155480533 0.5603420602985494 0
0.6581950597032977 0.1873790448333489 0
0.6265120719956255 0.527342311793889 0
0.658554366482478 0.3547538868953376 0
0.6621468751339925 0.3463192016290279 0
0.6680656912032882 0.353567806209134 0
0.391312421667008 0.5761437177623331 0
0.4047159953477169 0.9646256286697427 0
0.5188533078714452 0.3554665827799526 0
0.4233948082071139 0.4256078070991796 0
0.6236332692798704 0.5380811057288598 0
0.3993352905369121 0.5398084207318674 0
0.3962160494347389 0.5379034001795735 0
0.3991595500932104 0.5363652806345636 0
0.3962594511686105 0.5346135420446958 0
0.5572100272968338 0.316789221367697 0
0.6396995246509889 0.5158442527489034 0
0.4408706242557864 0.229438586637866 0
0.367173243793473 0.2911788529762969 0
0.3623331122427849 0.3004270333951548 0
0.3523287988500895 0.3009382496538267 0
0.7742017804791047 0.4809687905125197 0
0.7728582498466243 0.4931489082568015 0
0.5291808204615785 0.3520324941418428 0
0.2677242870534228 0.9514424250675405 0
0.9125716185262429 0.8190912723914209 0
0.9250048828251876 0.8319278096541661 0
0.9434372193356058 0.8266474584100898 0
0.938092999556386 0.8452942067495625 0
0.2143221433018086 0.280996860243084 0
0.3389125105576686 0.6474474286303451 0
0.3328653779799142 0.4257655942910523 0
0.1946877266339231 0.8283508696060521 0
0.5454493144202397 0.6203207462589749 0
0.5429058933862976 0.6238351676405592 0
0.4437594169288568 0.5922415457644822 0
0.6547482742432341 0.5748655639183909 0
0.6510881133569649 0.5810299752247613 0
0.6585867527607112 0.5681954368061888 0
0.5097817732832777 0.3812655057543051 0
0.3740185826225281 0.5417061677548775 0
0.4029704742120399 0.5416875014099884 0
0.3973946560070449 0.7597903672996158 0
0.4054409833879013 0.7683164006498152 0
0.8870372768936019 0.3561556165960862 0
0.6462655190850748 0.420548893080002 0
0.6485996216803267 0.4141928095363889 0
0.6443879089769844 0.4089549445981692 0
0.6529243262304641 0.4186344686692755 0
0.6511312840287444 0.4076304127671546 0
0.3931015107000855 0.462768879352741 0
0.3647057831924627 0.6659558095349163 0
0.3325394229087766 0.4184631010679172 0
0.4322460883627127 0.401315210328784 0
0.3579772203611414 0.6712778109440197 0
0.3663858892579094 0.6755160148232454 0
0.4061480557401795 0.2265191389446528 0
0.4869129905759169 0.1702953623857859 0
0.9526220746248456 0.790430989399123 0
0.3352835562568328 0.8459694769226087 0
0.37512975258803 0.4749501299095146 0
0.3713048371075161 0.4772455884241255 0
0.3714025458133399 0.4816146598914877 0
0.3672753390478933 0.4794899907235634 0
0.3674054042361179 0.4740278606527083 0
0.3674958583960893 0.4840973737022675 0
0.9087706128677451 0.3903171815609622 0
0.4953555065261565 0.3583825180984986 0
0.4701496938699335 0.3866280606042011 0
0.300860026189494 0.03459694730177609 0
0.5975951797791008 0.4173337960831875 0
0.60219464214865 0.4165767384035178 0
0.5991998536784667 0.4128862109022294 0
0.6039121341367621 0.4120377964495021 0
0.6070610352730936 0.4159243059588715 0
0.6007252609382725 0.4082320756218836 0
0.5959992252388152 0.4091478969516246 0
0.5974800075800581 0.4044377135852346 0
0.6090707678925057 0.4110516724567979 0
0.4054602120907007 0.4487080731592964 0
0.286745480129091 0.5086532065216528 0
0.6073216907048848 0.4898872678267481 0
0.6039955276032588 0.5297555760960603 0
0.6020960809172735 0.5326720409910153 0
0.6035251211608327 0.535759726381516 0
0.7111824551705235 0.3026804562868183 0
0.7016672729670725 0.2949026223404124 0
0.6070634080952525 0.5129856044515786 0
0.8146197437721305 0.9509743449012178 0
0.834745188287028 0.9440035044491071 0
0.4309324441841645 0.3753384697413314 0
0.1943731612172391 0.1432373137137135 0
0.1863186074035965 0.1582126603682857 0
0.1770635058402475 0.143985144232055 0
0.157466253077054 0.9488124623553056 0
0.1762340950704429 0.944994489682822 0
0.1387670351791563 0.9526668907201156 0
0.4271682567645357 0.420773154090258 0
0.5473599428668857 0.6240681257461772 0
0.2803381478005432 0.6481988280648294 0
0.278362076161807 0.5095227653367365 0
0.2817930312308222 0.5008767015110063 0
0.6673289464054494 0.4343281323116079 0
0.7523687286489535 0.1394285491323607 0
0.7660616033315021 0.149740215125525 0
0.3129724573642894 0.6147631130866791 0
0.5948555436397535 0.3157432886252813 0
0.5985057951247986 0.3073111090894928 0
0.6039847505888959 0.3143054249319866 0
0.6077700065723078 0.3056020089517711 0
0.8280699736880368 0.4549977772275165 0
0.8304535310179966 0.4419595507907514 0
0.8248120505372576 0.4679314660322304 0
0.3187624188698446 0.7173047113990326 0
0.3111385853468981 0.7066474468038041 0
0.5148799301912593 0.3514832961920716 0
0.3628482064225693 0.4771941880195837 0
0.7235601402390761 0.4346448921787724 0
0.9049458413816127 0.2779041425496124 0
0.09604840025143935 0.3968562041475498 0
0.5474717465518536 0.5999188418397094 0
0.9197102023851951 0.8497940594001376 0
0.9343597163110992 0.863950696441012 0
0.9091444790745967 0.5144375727332087 0
0.400971104029157 0.3295323182321906 0
0.6196837824925613 0.3752442162439963 0
0.741563072067863 0.8592679377183954 0
0.757346506390324 0.855595002057182 0
0.5821236776260296 0.6063653451093745 0
0.584984153238741 0.6025427747466992 0
0.604033107145007 0.4721520716064881 0
0.4580933284666175 0.6629889490181695 0
0.4889427371060756 0.7583909220393443 0
0.6627296274493838 0.4284826234823284 0
0.6304021210200459 0.4591604664584743 0
0.935112231818216 0.3320120020991105 0
0.9537558522967713 0.3266453262213467 0
0.04506778553067614 0.600494059775983 0
0.3553385689879729 0.3979825769045793 0
0.3556888660562699 0.3906983964374463 0
0.3528875184533778 0.1524058095259787 0
0.5544652360112181 0.6005868105166535 0
0.5049135661210054 0.3905505652643861 0
0.6179227383390037 0.558402794711429 0
0.6226725854080921 0.5586925315238378 0
0.6207162387110892 0.5543483769989768 0
0.6253294862752383 0.5546923122513703 0
0.6357560670645919 0.4660836457298256 0
0.6692910156531526 0.477873692578156 0
0.3338104546582238 0.4323943154435815 0
0.4150142872568354 0.4193249977890227 0
0.6059827284128225 0.4748627438312905 0
0.6094885227434663 0.474769686145432 0
0.04552830831355043 0.8202668848885861 0
0.6239551576494462 0.316094534175849 0
0.6103637137110941 0.8641991432843472 0
0.4471912949022282 0.5932345797455446 0
0.4480802144050404 0.5965324549409631 0
0.4505540697107761 0.5941830062771927 0
0.4513799001291811 0.5974062879751121 0
0.8312860628612826 0.9631237272177865 0
0.8493191341190769 0.9567717859738495 0
0.1379269454815596 0.8090796966176043 0
0.4327260936024211 0.1873673754198184 0
0.5189898462578513 0.606246430354614 0
0.5166208531106297 0.6085528779499376 0
0.5157159742284586 0.6052654828498444 0
0.5133473222048569 0.6076709241469147 0
0.5142352476414094 0.6109399480950105 0
0.5109318248533498 0.6100383624139152 0
0.3734516474616478 0.5545804471581098 0
0.4533521737236731 0.7043933844683484 0
0.7551039652251127 0.04357845149980977 0
0.7386080509002206 0.05058954510650171 0
0.6472297990601186 0.3409637854570181 0
0.5579030300478252 0.6011219428552637 0
0.5615939442910247 0.208540742919389 0
0.6676032530528695 0.4837546948931195 0
0.4040715483522981 0.398709419627765 0
0.3994214423511148 0.4004568925760343 0
0.3987605753442623 0.4056626290538161 0
0.3946146184185477 0.4025798811899939 0
0.3940129942412577 0.407884071108624 0
0.3951207798614007 0.397108378618477 0
0.3897153789085758 0.4046815212290839 0
0.3890705952272784 0.4101335294193113 0
0.3431270113132965 0.1832707272076686 0
0.336516596238304 0.1958900712139813 0
0.5641848406664619 0.4071500178806918 0
0.06977745727705637 0.9509863514677638 0
0.05684781307094972 0.9369623615599317 0
0.05077111007142793 0.9554228681157808 0
0.2387849162241154 0.4317418706039413 0
0.2340346981908162 0.4416575289875537 0
0.9552196590161247 0.4538358928947388 0
0.5925295563054309 0.4051256423077328 0
0.5942335782279434 0.4005694217331602 0
0.589293781364606 0.4011536170114284 0
0.5912057766931628 0.3964919059986107 0
0.5969583094784073 0.3955820356665315 0
0.1773212236019884 0.5066389345120633 0
0.1823352944001267 0.4945340569390515 0
0.4529556930535464 0.1882937547649628 0
0.3348597502100349 0.5195419879236715 0
0.3311314286784598 0.5140357975946208 0
0.631938064044453 0.5128393770172721 0
0.4136822319221246 0.6113862094179873 0
0.2293801544298258 0.5226453602479726 0
0.2372122183225759 0.3704009493733043 0
0.2431709244125215 0.3594885438138028 0
0.2370669890428973 0.3489629312958319 0
0.2492204948489005 0.3486973025901931 0
0.2433326923528566 0.338237148862265 0
0.2292916560978431 0.3372028163996489 0
0.2553176111652433 0.3379258269651084 0
0.2480795328596243 0.3253096934430009 0
0.261213900524903 0.3267968013378305 0
0.3152957323632892 0.9562043848620592 0
0.320602929354458 0.9389921983003822 0
0.3330869036872956 0.9516346897665484 0
0.3380791024384597 0.9346688033086805 0
0.3500420879581723 0.948341870988089 0
0.5461881343241324 0.5967572460963154 0
0.3086699500877139 0.2305479697275773 0
0.3210036021978332 0.2327796907195439 0
0.2910182680937871 0.3977416597962499 0
0.6389137729958781 0.2455367891219042 0
0.6354584174188714 0.7758350441204345 0
0.7849618961990192 0.3035916455250332 0
0.7738988111254682 0.2948761738316243 0
0.6091483909478289 0.4927469170366489 0
0.6126063013871805 0.4927996402020827 0
0.420024528225526 0.5978587603422053 0
0.3573659274423506 0.3097010698884106 0
0.3476127720799244 0.3099517401796272 0
0.352583914969748 0.3185953675753267 0
0.3429963242566105 0.3187941419049579 0
0.3482985015930554 0.3271504712180832 0
0.3385137723198022 0.3274620476201602 0
0.3579407964927176 0.3265449805855667 0
0.4973819060790728 0.9538089062628601 0
0.5154246373716111 0.950747689298758 0
0.1801882325280146 0.5278308642230659 0
0.9530730096590252 0.2784765263140019 0
0.5284550985804709 0.8629654989962872 0
0.7715840228238728 0.6575595776208151 0
0.7844003767045024 0.6542835473642175 0
0.7590500842865767 0.6608611275974873 0
0.7874810615823344 0.641881627580671 0
0.6052734226509664 0.5158434906378857 0
0.4260207471728855 0.5907201940330424 0
0.7500347388850568 0.7999706074539634 0
0.5002031017757219 0.331423425282308 0
0.6784674556461334 0.4866525718717283 0
0.5206373145066978 0.6664898160122196 0
0.5145504160959827 0.6651423683007656 0
0.125564680604874 0.6645437438829003 0
0.5244994739487147 0.3949796473766551 0
0.4105401387103906 0.3821895166749121 0
0.4185438518706045 0.2046004104743565 0
0.7600971958063428 0.3833218572932918 0
0.7801350829443826 0.4004018385172728 0
0.6001766054517518 0.4460333290679708 0
0.5978967168999599 0.4432438389664594 0
0.5943640008587677 0.4438520256383085 0
0.3768761597180829 0.1386568220426425 0
0.1816840896786534 0.9267276587785243 0
0.1946162759660645 0.9406898286673915 0
0.3739252042303468 0.3703304863092917 0
0.3679819087880536 0.3731180356917601 0
0.3677690518059014 0.3801691644643119 0
0.3616295247303645 0.3762939328852378 0
0.6335826676835589 0.5243977340125784 0
0.3677375001559874 0.2727854546634969 0
0.4893425058277063 0.7878098793627939 0
0.6684814158036751 0.1956522962526454 0
0.4471206563117714 0.3676410069101396 0
0.2792401513405416 0.5244133770236724 0
0.2845363160589616 0.5317714251826962 0
0.6630959890668977 0.5479937403399933 0
0.9533188806158845 0.8566260427582405 0
0.948149805531614 0.8779629741832362 0
0.3366514917441303 0.06754102667262057 0
0.3461490916545693 0.05205038879090534 0
0.4915530858536233 0.3547927869756915 0
0.3757899048230868 0.6150006875825385 0
0.5519653362872962 0.5941502100064534 0
0.2750943633908872 0.269211098377644 0
0.6088819991016906 0.510146255758543 0
0.6082906251403382 0.6304635514183035 0
0.611342580875444 0.6250510556900732 0
0.04723748269222833 0.5501169696780311 0
0.3140221784169392 0.1578551785965289 0
0.3846853847399065 0.4068585804384966 0
0.38398564536737 0.4122184782536533 0
0.388436225361699 0.4155302844846052 0
0.3835913916782445 0.4177178582705338 0
0.09471862136394577 0.8788205540232819 0
0.3143934805846567 0.4057378761256891 0
0.5105823488750119 0.3772971644423803 0
0.6121071244166231 0.5103496266553438 0
0.6176155445707757 0.6640280198180164 0
0.536473427570422 0.3821014576256356 0
0.4444767505658065 0.4095514751690412 0
0.592502078096384 0.598827989343203 0
0.5954081830497535 0.5945936388045157 0
0.6003529744422385 0.5946697729771346 0
0.5981855743451945 0.5902641212445396 0
0.6029858435700846 0.5903750098433475 0
0.9500228341815763 0.2966455346193578 0
0.9145394319865534 0.3043285638978617 0
0.6010444273978656 0.4612033955001546 0
0.6055906477007743 0.4869791881401616 0
0.6249405946992341 0.6487946206113386 0
0.04675256825678664 0.6606834258774039 0
0.6283491943157189 0.5316041581104473 0
0.4015738881905917 0.6359210486684103 0
0.3947533749795947 0.6338317025310045 0
0.6784961995766201 0.04347655113018356 0
0.6932698951236425 0.05383332412222702 0
0.6942832587726423 0.03629168646186826 0
0.04704101725689241 0.2179988760614179 0
0.1694897392175911 0.15879446062188 0
0.6716250869120401 0.1817067268355326 0
0.2261008950969274 0.6643175635038931 0
0.2124951284632466 0.6665303286625955 0
0.5440815539256385 0.6280893693110454 0
0.3991536959534531 0.5329822144848162 0
0.396161060839029 0.531332624024437 0
0.3934582904992239 0.5328733457270094 0
0.318770307086898 0.4125581840779629 0
0.3897725404654003 0.0376229522850785 0
0.4070774330974741 0.03762323394520201 0
0.1786943424810193 0.1728010527043174 0
0.4720919717958932 0.8849837045572615 0
0.3053266222198179 0.5937470928562776 0
0.5373877360620851 0.6192147057510036 0
0.5358753985192074 0.6153608002129266 0
0.6518942138992216 0.5686888576116853 0
0.3942050902107274 0.7713337212714541 0
0.4044757746097446 0.7816612210138836 0
0.3921986978442918 0.7845132114687398 0
0.3995325836028972 0.7941213494075104 0
0.4330820752556192 0.5924920515762823 0
0.5862769054693865 0.3974152956781764 0
0.5880012754770518 0.3925890626287102 0
0.6271630126058148 0.3531002599504024 0
0.3932402119536055 0.4663037312600892 0
0.3961852090648799 0.468097493307444 0
0.3236940136440979 0.4591095867162597 0
0.324022306153377 0.4662220174847231 0
0.3302720470946006 0.4693127473924222 0
0.3245386578747678 0.4732907530563372 0
0.3307446608665341 0.4763563217763095 0
0.3250770528844877 0.4802776594042235 0
0.3313872337641786 0.4833161506454164 0
0.3181278253640424 0.4701855487570684 0
0.5213891933720916 0.6036483938077217 0
0.3781737891986833 0.4412122615456345 0
0.3741157831471457 0.4386187360888853 0
0.378266193822617 0.4360675073897925 0
0.374017330818076 0.4334094284823745 0
0.3786443382464709 0.430866336722248 0
0.3698761068629858 0.4358407913066553 0
0.3740532776525675 0.4280918978536843 0
0.3787556712394357 0.4255535953158215 0
0.6220558405580023 0.1758762249753932 0
0.7830035006021466 0.867231907840958 0
0.2313094499340401 0.9123379303661237 0
0.2261338321518365 0.9297066303420942 0
0.2377141960109165 0.9429109583618647 0
0.6603356323679678 0.4462711853929761 0
0.2764413757597161 0.08259683387026262 0
0.08462748966804617 0.6186552286628564 0
0.3311175533069514 0.5673076330862437 0
0.4279592716585171 0.6522605010418274 0
0.5993873958336413 0.8525054449374075 0
0.06426196984058474 0.8699082255627694 0
0.04548118633187448 0.8741900873422572 0
0.5093169572282228 0.3531250877026066 0
0.08880729099476625 0.4120265570700902 0
0.4045486853594603 0.389127754350146 0
0.5601067849920108 0.3495236488842518 0
0.5668557532553151 0.3484441784084861 0
0.5100469806334913 0.6069340843403199 0
0.5076616640147333 0.6090941152504475 0
0.5068085250017133 0.6060758465178191 0
0.5043900589381858 0.6081772286034108 0
0.5052338758223971 0.6114673881191605 0
0.5018766331088105 0.6104631774136144 0
0.5027482671055225 0.6138174334239239 0
0.4993778089906461 0.6127300893282388 0
0.498537454226946 0.6094041893356643 0
0.4960176059948249 0.6116799666704464 0
0.4952371573805374 0.6083687415186056 0
0.4926999289782034 0.6106741106590617 0
0.4919154370627145 0.60746493282539 0
0.4894277331260188 0.6096682214095703 0
0.4886980847205469 0.6063209881003148 0
0.4862120450375064 0.6086155246380431 0
0.6228197510349921 0.7777051318453841 0
0.1147926626125672 0.5425196723740666 0
0.337630781318496 0.3103475706158949 0
0.559704758044075 0.5891863996494991 0
0.5557638606393971 0.5889957897857578 0
0.2027059544992769 0.4360804859809215 0
0.2096474692503292 0.4466672282459226 0
0.8163225243934722 0.3248908712909715 0
0.6982362235891203 0.4152215737165571 0
0.7018116943738277 0.4068720161366571 0
0.6960912130673053 0.3997203273379762 0
0.7054824328560614 0.3981904938254632 0
0.6995257417585214 0.3906056147988145 0
0.7086730249607984 0.3881579232716547 0
0.7029083111573127 0.3812225909474595 0
0.6932179465835984 0.3829139688232041 0
0.7119806874220596 0.4049288536981953 0
0.6962546794722762 0.3737370753380084 0
0.6867895873498074 0.3750976511270878 0
0.3879470974936697 0.4208381513762597 0
0.7908364818623609 0.3951065720892784 0
0.4217997337045328 0.881163211460816 0
0.8841804900428987 0.2987440136721294 0
0.8486313661561178 0.7879793402451563 0
0.83707675956688 0.7764520139189018 0
0.4119316068351271 0.8700041732914479 0
0.3899726942464313 0.751673348123144 0
0.8868693066917892 0.9564050336671486 0
0.539729848187423 0.6274686316350881 0
0.442760453151713 0.305269734259214 0
0.4500294834668837 0.3020933928602619 0
0.2974202022243694 0.5701077730220976 0
0.2909222358964113 0.5630420066107724 0
0.8527094774920534 0.771624880593035 0
0.8405283314614884 0.7602308978748452 0
0.82505206522519 0.7653213420506927 0
0.8285056647744735 0.7491230725473106 0
0.4100851531449835 0.4420092698768472 0
0.4129780885688626 0.4404578498485581 0
0.405623040273645 0.4454452970333023 0
0.4085567591957251 0.447445575137747 0
0.8508525191310071 0.9380837808895683 0
0.5831808857364238 0.3937659332566127 0
0.5845661080161936 0.3892401948423966 0
0.8603914943517845 0.7990777161315613 0
0.4228775874481931 0.3201401252724655 0
0.7281467789387213 0.1202378539576436 0
0.4376338631175871 0.5870563748770218 0
0.4290612580395873 0.7504872504923262 0
0.4154239661193594 0.3802032997812415 0
0.4115298066504905 0.3764661820318561 0
0.6190140553360981 0.5710547721633176 0
0.6898326551742293 0.3665088943011597 0
0.6789996811475517 0.3682482055681091 0
0.4270119511479976 0.6135351721962004 0
0.4312662562845723 0.6146044163490585 0
0.4221782873832718 0.3875619942646863 0
0.4232019057473171 0.3825189279932351 0
0.3479786104759595 0.5784396537140034 0
0.6695277598892557 0.5156318277084506 0
0.8744218122573247 0.6462290281766854 0
0.8787078157970005 0.6294744155796164 0
0.3837823727465333 0.4280845604451299 0
0.6009807253682699 0.5857805179761489 0
0.6056556160008001 0.586096192950493 0
0.6034661714366604 0.5814402649665527 0
0.6082130443305396 0.5818766581788574 0
0.4906226089783923 0.7025489990909752 0
0.4962301485911881 0.6974709362468876 0
0.498402110567962 0.7044824933637724 0
0.5041268467232042 0.6993521524659131 0
0.2733081219915516 0.5018133651040847 0
0.4976613623498997 0.606290888158619 0
0.7974183742013019 0.07633966601781189 0
0.9673533317259452 0.2911945273558718 0
0.4000913964902922 0.3446642981881042 0
0.4911624491881016 0.8605346937012311 0
0.3379669190292213 0.5134448659074146 0
0.3350665647474176 0.5083698365603754 0
0.2199620637243119 0.9474200809349868 0
0.641416965323057 0.497247132428848 0
0.6389155572063275 0.4932241581856743 0
0.3826788042075547 0.6297663087033064 0
0.2094699750289797 0.4691525365779566 0
0.7974167215451258 0.8882632501126826 0
0.5341896668530578 0.3888927636586634 0
0.7130268744442636 0.4838091113179927 0
0.4027956706880527 0.4438115301538986 0
0.6068059027632217 0.2212116673909837 0
0.6070441069956918 0.2088478751170947 0
0.3938735395923719 0.2851910471695802 0
0.3850836885686192 0.2898691517321586 0
0.7902396334323225 0.1110389022666293 0
0.7874082971449536 0.1287667743414013 0
0.4755390755867153 0.7114844150657782 0
0.4707776703944038 0.7053936734491453 0
0.2572751725724831 0.3156109446610643 0
0.4082666775915963 0.5987522305667421 0
0.4073599935693551 0.5935053874203584 0
0.4020888243424591 0.4574149790017832 0
0.415432334710288 0.7759227204374328 0
0.6021402650537105 0.2988384205137476 0
0.8708156532607531 0.6618810289957794 0
0.8813834701381449 0.6733389853236087 0
0.5562766950397783 0.3787145553552045 0
0.5527365105298409 0.375420834619558 0
0.3769090589794056 0.6267499764535331 0
0.5922144168353348 0.553480724898478 0
0.288104626148433 0.2908084283200733 0
0.6339827271358959 0.4857830043484241 0
0.256570370784771 0.2594263534711334 0
0.2432756177467129 0.2599453010146037 0
0.2369822855717048 0.2489910024078978 0
0.6792399355297764 0.6310551758423122 0
0.3404910396534805 0.4418385240881886 0
0.1589580360027399 0.1449255624183265 0
0.2441167795507583 0.6500183638978534 0
0.6413532011249541 0.5065339746160966 0
0.6410269541656374 0.6362418899423379 0
0.7065651731425512 0.7120891761125823 0
0.4337915847462107 0.5832895296223289 0
0.3700070020787343 0.4515539960398809 0
0.4541043217822501 0.2742706654095936 0
0.0451677853573883 0.184947535143031 0
0.05310835412453241 0.1684737411054261 0
0.03497313790777579 0.1686391502525303 0
0.04275268478667682 0.15213260586531 0
0.06214905168095802 0.1513492908745624 0
0.9002869674265246 0.9707428878402768 0
0.5954459498463385 0.4406243067829293 0
0.5920163710899633 0.441150714932419 0
0.5930687768611159 0.4379891774234991 0
0.5897602099598388 0.4385139898057439 0
0.590828338173523 0.4352903038988845 0
0.5874805873549223 0.4358231677515755 0
0.5886466494220556 0.4325564795188908 0
0.5852817824211953 0.433207179256443 0
0.5863543143640713 0.4299543507252144 0
0.5830838364210449 0.4307029191241124 0
0.5840761312314212 0.4363781495003864 0
0.5908082852272966 0.4441746447814585 0
0.5920212906183803 0.4322523185629659 0
0.04659164229094104 0.07245813887475205 0
0.05496585352698474 0.05464258210690509 0
0.3780309582487067 0.9546930032214569 0
0.6566605262885952 0.7930568135063396 0
0.3491197498030946 0.4089233446703525 0
0.5060790222029312 0.6146972365457701 0
0.2361318039839277 0.6003824783580001 0
0.1989954549190135 0.3492530186860991 0
0.1921649119076206 0.3605240438153512 0
0.2072001549460291 0.3391032019780545 0
0.2860757824931769 0.8839275604534215 0
0.6059299160234353 0.5268411059940331 0
0.07893886976652975 0.5280873473582015 0
0.3960036438152866 0.08321148820302204 0
0.3879116796252357 0.09706253938736664 0
0.6464490892501693 0.4024300369360075 0
0.6399016041139558 0.4038322603614157 0
0.6412072012002631 0.3974455451429907 0
0.1043519751227554 0.4119147231125889 0
0.4221218956994924 0.9563749098477087 0
0.4172315875821542 0.2235581497120971 0
0.4083587434778526 0.2146554132263975 0
0.6080222428360897 0.5905641081336832 0
0.7079267697442366 0.6895369981324041 0
0.521350978851632 0.3959302029297498 0
0.5187026904486184 0.3935376166569237 0
0.4154197582104013 0.6541157973541261 0
0.3308113482743341 0.6363001940091284 0
0.4671800818897726 0.6801463795824039 0
0.1704390719493924 0.9634051150271565 0
0.6384956631191305 0.3432566131805898 0
0.5417129338231691 0.6535277981297839 0
0.5478280958979218 0.6544517065231014 0
0.4806475659168434 0.9583620847322731 0
0.7710665741292817 0.3077313043147333 0
0.513689469010587 0.393940730208009 0
0.4589807403082268 0.4016752243807103 0
0.4622267099939438 0.4010013711235081 0
0.3233433827145535 0.4523262202069066 0
0.5740276740401334 0.2915661023894143 0
0.5349727983005486 0.3504986919601983 0
0.6641234085952643 0.5366161345115781 0
0.6672674657677643 0.5312868807574431 0
0.8382411318125981 0.4635350372820281 0
0.6233149548200678 0.5501323648023085 0
0.7103083458401567 0.04691970423219927 0
0.5387114191765975 0.3548895513039487 0
0.5410120213245146 0.350393323058229 0
0.4554604607762698 0.3901615485212158 0
0.8235395631707708 0.5132487455714859 0
0.7044674239257804 0.5372143911041004 0
0.7001166565019268 0.5449397751599282 0
0.6474872198841513 0.7729497595324859 0
0.6443322758787267 0.7851540534047765 0
0.3661061068468933 0.4683274670915906 0
0.6833183900900364 0.3594717545963699 0
0.2359384204557212 0.7474508929604469 0
0.3934374117035993 0.5294846400621841 0
0.3961445970093545 0.5279136457350184 0
0.3933762726269465 0.5261730177749919 0
0.3961584363228864 0.5244772602494056 0
0.3930766118648162 0.5227565864152341 0
0.3902389573965955 0.5244761827684115 0
0.4809650089639911 0.2907906803932043 0
0.4115075411263884 0.2924139807533434 0
0.4087768052526491 0.6972538566948119 0
0.6315015176941888 0.4453252319080816 0
0.06169210611710019 0.4260762300125472 0
0.04590515901157832 0.4245332683922426 0
0.3787739114969635 0.4143100209164501 0
0.4231501443090576 0.2396448902559585 0
0.04234209984415366 0.500219882753858 0
0.2225599623812184 0.5136453460140025 0
0.3239026069673249 0.5138697566963248 0
0.5519247024507957 0.3110990698517715 0
0.5596970808866893 0.3093545842683864 0
0.6953510938729129 0.4928467001988589 0
0.408244759612963 0.6571443148779176 0
0.4277408953441298 0.3810108213696687 0
0.7326007119223734 0.9562712651109834 0
0.7203291345130447 0.943733028812754 0
0.7150234873752104 0.9624219856884919 0
0.8253466827671928 0.3500703870704855 0
0.8232988740638516 0.3626745896379843 0
0.5276405618939224 0.3944596740757704 0
0.5262425764688911 0.3978722270210685 0
0.6908443626902949 0.5953130004379008 0
0.6859412784262591 0.602939712964623 0
0.2356880319422195 0.5327330543698821 0
0.2329148368623421 0.5421286413549182 0
0.3253675387258323 0.4873497438342307 0
0.3317568577441593 0.4902680143169054 0
0.3191956992918586 0.484162974631632 0
0.3258723362133553 0.83184466543618 0
0.3938084961409651 0.3403675151069454 0
0.5251587438342789 0.8772719085370864 0
0.4513881741761813 0.6609650135015318 0
0.6126316752168776 0.4150839324702382 0
0.6103934590455911 0.419895928480584 0
0.6157346678337406 0.4193030206503522 0
0.6135594200664634 0.4240705446670259 0
0.6185091717063469 0.4235056026204801 0
0.6166927320678879 0.4282571471532238 0
0.6217470306739243 0.4276779394414565 0
0.6199550053606248 0.4323630386518781 0
0.6248174852473909 0.4319542539322673 0
0.6232373227299123 0.4373211622112423 0
0.1772905244065049 0.7867059678261961 0
0.6315510786616011 0.5507667588526768 0
0.5378308077343953 0.3779723230098989 0
0.6047076838322876 0.4627394550215998 0
0.3397709088816462 0.5259837728805824 0
0.3904693398306226 0.5209854931079798 0
0.3931319653372422 0.5193144182067859 0
0.337951629475033 0.5659793321244013 0
0.3360770820417943 0.5734590742550446 0
0.4726359253714604 0.2942030465300071 0
0.4659558685669835 0.2885706109563888 0
0.4648444064502426 0.2972162737067375 0
0.4737818082464487 0.6369396454275312 0
0.4728249179745257 0.6322073033159236 0
0.476256080176497 0.6293015980824589 0
0.4304311336785966 0.4055612422257194 0
0.6058689133414971 0.5773144335302347 0
0.6115336714169728 0.5775853282161817 0
0.6084776111141235 0.573363077471208 0
0.6313727932985544 0.4821530994676491 0
0.3448300555053296 0.3368626568150525 0
0.3337786609719249 0.3359665240297411 0
0.3287549678547396 0.3278108378868033 0
0.824155532581309 0.887002574662189 0
0.5289441168354713 0.657775260952272 0
0.3699006120148691 0.5439239590712813 0
0.3698293347463361 0.5389921153100173 0
0.3699987716828099 0.5493055081315796 0
0.4393069385821951 0.3490994920772053 0
0.4558133458556528 0.3870265052502837 0
0.4509285136127305 0.3906482176610332 0
0.4115743078153876 0.42051876552514 0
0.1548760333117895 0.2419861623151994 0
0.6248826802265617 0.380996244942356 0
0.3390282045739517 0.3444790899028694 0
0.3290851777519916 0.3442717020379543 0
0.3433310903941709 0.9661623650116526 0
0.7442520382111915 0.3166794016751713 0
0.3374555458800756 0.4793629623649093 0
0.6133963246318646 0.5828376750567298 0
0.6452906054541615 0.6571160383913766 0
0.4594934676917179 0.3856922486086465 0
0.3738456093184142 0.4226429822230166 0
0.6821211865648379 0.1902286235960374 0
0.5665711335003542 0.4100074201746466 0
0.5651504544039293 0.4129326588897693 0
0.56868750274514 0.4127957482333592 0
0.5673427038026206 0.4156684829783739 0
0.5707282757950727 0.415339540334872 0
0.5696263708788054 0.4182738097414573 0
0.5728445761653091 0.4179140000826306 0
0.5717712887793487 0.4208973065774183 0
0.5748914993561616 0.4205812656626608 0
0.5739050892067058 0.4235107069329315 0
0.5771132217279594 0.4232627267551288 0
0.5740835310987402 0.4149343464125367 0
0.9571437550146297 0.7722945726062083 0
0.9439897095915366 0.7595344492350766 0
0.9611929500744627 0.7537950067152882 0
0.9465613197599316 0.741383158837994 0
0.3473000047607434 0.659572354522452 0
0.5008212509596154 0.3948208786830986 0
0.5272666779526789 0.6735240984810522 0
0.1878966169348383 0.347742057603527 0
0.957295230222825 0.5020387990849566 0
0.2827050398320888 0.4297271226806298 0
0.2890125013611613 0.4373841070154079 0
0.278939218957569 0.4384615892045323 0
0.5105921121044836 0.3953219253071625 0
0.7972886266884432 0.6509227419840549 0
0.7939782841510912 0.663550925611726 0
0.4758798906157287 0.33759183425105 0
0.6443564629210292 0.3289387635681806 0
0.4350622864959251 0.3093305465099356 0
0.3426558157741145 0.8322502994983092 0
0.7774612720014691 0.8384812973752049 0
0.7821135852744903 0.8225648756069615 0
0.889649756589984 0.8221915164514717 0
0.5649966376419552 0.3541215737674658 0
0.5712041089539905 0.3538816767527584 0
0.5736534298260361 0.3474220915621844 0
0.325889491230678 0.4943536323369912 0
0.3323330583294928 0.4968212434915321 0
0.3266528661501757 0.501131329095684 0
0.2966996567441932 0.2307454886198773 0
0.5982410092267074 0.6355059553469218 0
0.5912586553320696 0.6343040675435551 0
0.7226547618958727 0.4184136631160249 0
0.8153435484516705 0.06868630564012912 0
0.8193217795658763 0.05119173232961483 0
0.8339109416382204 0.06205462510599541 0
0.8372821771410507 0.04404872930302206 0
0.8524615680870729 0.05610603107299073 0
0.6680978823806698 0.7035793491417197 0
0.6650971587528115 0.7139044191958269 0
0.6573709277178252 0.7066868590308901 0
0.6233485740715102 0.6587834371767596 0
0.5409252843071904 0.3812455082584891 0
0.1864271781360701 0.3947264535044538 0
0.4488999960816267 0.4055198197552565 0
0.4515004024745451 0.1451786860644804 0
0.4395783989009961 0.1519431005057333 0
0.4383715679388125 0.1650704997436511 0
0.4524381558331683 0.1308653896348133 0
0.4684039296565883 0.3600493339036314 0
0.4629870848031428 0.3616521071980424 0
0.4742171385549101 0.3583210826242673 0
0.5295414468983594 0.8002806954381829 0
0.5313015277681409 0.7889507788823548 0
0.4853986504087145 0.6056267914002051 0
0.4830152309395805 0.607640040200035 0
0.4824861961531936 0.6044033886877406 0
0.4796607720642642 0.6063390007479033 0
0.4805549236523775 0.6098676623351013 0
0.2090314228183541 0.5837711076408839 0
0.6149522471818014 0.4096640277135616 0
0.3320763789373564 0.5476726941903876 0
0.3394902402768928 0.5478068089591561 0
0.5306893778211867 0.3756120821484685 0
0.402378975292732 0.09659015088071177 0
0.03482397888078081 0.4418101651237565 0
0.03386914526602475 0.6476555021799812 0
0.4405905474712469 0.5911385063715453 0
0.4434052168200219 0.5887415403842153 0
0.9646475485362496 0.3565208921105977 0
0.9603141125803034 0.4364048727673046 0
0.4907244452210112 0.6331372538746407 0
0.486804390117995 0.6119709163664178 0
0.5639592043865426 0.4161334723505863 0
0.5555565816028863 0.6040772669779836 0
0.2793527140516855 0.6903818392702117 0
0.291470810664067 0.687790253737584 0
0.2830853051545119 0.6783108075408057 0
0.2772841330492697 0.6692192547350272 0
0.3503429451585721 0.1727221146280872 0
0.604887072807253 0.2346917346043093 0
0.3434417760857769 0.5530884828030389 0
0.638994690115352 0.4709791100717455 0
0.503228333927928 0.6170810716134828 0
0.600114390535548 0.5354142996153698 0
0.601513543416781 0.5384589573259865 0
0.5989724176753617 0.5325243603347162 0
0.652468957033385 0.6451511087308855 0
0.6539810411768107 0.6547553608590471 0
0.6005702931973177 0.5766652267318116 0
0.610698227308463 0.4062155487051347 0
0.6234392955107473 0.4229107385366958 0
0.5032005008224074 0.604802334307986 0
0.5943445595001208 0.4531355403933897 0
0.0402328162717378 0.2657708001128485 0
0.2050264432233688 0.5963754651789992 0
0.4116446145341993 0.606093759186673 0
0.6095016185069884 0.5260927256723594 0
0.4441240407963757 0.7016083852467203 0
0.4358879348600362 0.6955434167585917 0
0.8379355815005323 0.5125717440985377 0
0.8218337750839223 0.5276419647553513 0
0.8454733830807104 0.9752857189909868 0
0.6184960965875779 0.549841019819129 0
0.2763264236194793 0.4210610456291513 0
0.2821202468944577 0.4127196300073315 0
0.3945593364536463 0.5933851676606425 0
0.3986888839580958 0.589822284680267 0
0.3981170095289552 0.5846509436796734 0
0.4024452665964884 0.5869892284757664 0
0.5361521093644411 0.6819731458341212 0
0.5380426875694636 0.6892849755807414 0
0.5327072939323709 0.6946819913841675 0
0.03292263853751232 0.3874992220578032 0
0.04014828197663189 0.3706245257718553 0
0.03058151393441538 0.3559803978924635 0
0.02682117437440157 0.4031850025558034 0
0.6848680021224218 0.4860602349537623 0
0.6868705849424754 0.5388777873203108 0
0.7962493612379415 0.3129197865638668 0
0.811508235367566 0.309691550473115 0
0.3346234241185329 0.3525298969504796 0
0.3250327557526935 0.3528376086387064 0
0.3197226058818481 0.3446774211735868 0
0.3158912361828252 0.3535536291496056 0
0.3207892015474804 0.3614958280399401 0
0.3116733930548148 0.3622692794764988 0
0.3164798786424637 0.3697526184479519 0
0.3068862005506371 0.3705910391383624 0
0.312967632898637 0.379136596524221 0
0.3023141073586568 0.3793693803974974 0
0.3059948660623206 0.3882427296500724 0
0.2976262636621117 0.3711973385029981 0
0.2660463961301344 0.6916756095712817 0
0.3931323750999993 0.5813658071322344 0
0.6586315457599583 0.5543831515095683 0
0.6622973811443474 0.5605950140927776 0
0.2753912904420061 0.5327687610447875 0
0.2805299509573164 0.5395233724186947 0
0.6387482083470881 0.5250526989309426 0
0.2891921868383167 0.8688020093165664 0
0.5066542692933644 0.3783458473470889 0
0.5465429310144378 0.6493667954701927 0
0.5518394736736554 0.6496578786882247 0
0.4854807392065267 0.8007228310993924 0
0.0304877166104186 0.2497248259314757 0
0.03446481842504595 0.2837147752745655 0
0.02060133691668842 0.1511266319560176 0
0.368960670255063 0.558442323643352 0
0.6011461314323003 0.4425660088174412 0
0.7340808670248067 0.6333814620699928 0
0.7310831571317793 0.6449186143894584 0
0.7391824644785803 0.6534540360427761 0
0.7275590128473916 0.6557425755665125 0
0.736054098843493 0.620763976000687 0
0.6543304769924844 0.7163439734650454 0
0.6475272497214091 0.7094262916867522 0
0.6127093227138432 0.9204697147720023 0
0.6072686697550321 0.9386318506763685 0
0.589855133829819 0.9424551452727996 0
0.6162175233224505 0.9530683728807897 0
0.6365380484289274 0.9533755281923388 0
0.6538933030962696 0.965503421804158 0
0.6720557875380544 0.959916211538361 0
0.6871199837911035 0.9715914318962098 0
0.3620751892143996 0.3686449245763922 0
0.5896309913700305 0.5557820435032771 0
0.5911960636363689 0.5589787305281079 0
0.5877552484328552 0.5586992783320335 0
0.589457364067575 0.56132964319399 0
0.8570166312381142 0.03431693725344231 0
0.8707208646267639 0.04929904944795799 0
0.8680386734619295 0.06816875574292269 0
0.8859488869325656 0.06150123701651788 0
0.8891020745459193 0.04275442933385037 0
0.9041076231347007 0.05460198476307765 0
0.9010841081861583 0.07383768193377427 0
0.9192034055760689 0.06681754679409441 0
0.9161734409660666 0.08607994463343605 0
0.9339557504097212 0.07902725485004208 0
0.9312376192961854 0.09835787324802403 0
0.9364027760719326 0.05852683048306762 0
0.9486121441924334 0.09054156821285908 0
0.9462348117718999 0.1105325895145474 0
0.9142561906301501 0.1058855176115513 0
0.906671737831432 0.03593370729554851 0
0.8401590717965568 0.02497716786846149 0
0.03443068798113891 0.05657368241286254 0
0.04390447424299965 0.03712976799606049 0
0.672034652932155 0.3446560639875429 0
0.6649024928051098 0.3374356562001803 0
0.7064795400794754 0.3719381414906464 0
0.269996577934525 0.4421750597748285 0
0.2334869169489738 0.5133282752560027 0
0.2301253481387895 0.26094359534203 0
0.3770555353203244 0.634264902865783 0
0.4039802927666825 0.286861676722752 0
0.4057544181383989 0.4524610550051105 0
0.5707646011286026 0.4241456560348374 0
0.9145768213774461 0.8672668972005515 0
0.3010028930987276 0.6975335410514262 0
0.3699512144063485 0.4253805290918492 0
0.9725999256576681 0.4504683904104637 0
0.9655980697439579 0.4181297165126779 0
0.6025207814632708 0.5267823580978545 0
0.6043631527874178 0.5238866654475042 0
0.6013120975861033 0.5239720676518379 0
0.8317766039945562 0.4879521710906353 0
0.4816803318043684 0.7776662487993409 0
0.2146322433416187 0.5715553287841415 0
0.6496649724083294 0.698825159364032 0
0.5318058078730203 0.6057981279483138 0
0.5304145385126526 0.6032669777465948 0
0.5329659425707932 0.6091486001911094 0
0.2954188266275122 0.388293073194631 0
0.6324619573398044 0.3802437842569448 0
0.6296198857773616 0.3872757402162195 0
0.3696061349353466 0.5650657236689627 0
0.3099878651307881 0.3472451241430679 0
0.5922359738809121 0.4504865785735397 0
0.435202563340748 0.4115971919293251 0
0.4375497708021153 0.4137369896048079 0
0.511789012516999 0.6131413969683953 0
0.4473609902789534 0.4087711983354922 0
0.3062076408611342 0.6021783743604452 0
0.3218757649193438 0.6132899651775068 0
0.3280149392185377 0.6191365618960526 0
0.1460901596933513 0.2701737105360444 0
0.1389019258985525 0.2843633550937229 0
0.5531430545791169 0.351217287717098 0
0.5498453057678858 0.3462113447447845 0
0.6443118846419265 0.4925335344687137 0
0.2680629511682865 0.6448059022856621 0
0.2587282395911414 0.6363025860285306 0
0.290178918918861 0.2680469994139717 0
0.43410483087095 0.6553418688161177 0
0.5869575558742192 0.6070010452166191 0
0.4608786927736638 0.4045729345676714 0
0.1955461245737713 0.4931187489748476 0
0.6158286920338403 0.5748132145182794 0
0.2674776385864583 0.3159035869513015 0
0.2729324426061635 0.3254325824006332 0
0.2532798543157364 0.6169119683791598 0
0.2504090208478614 0.3699719629215162 0
0.3825712418291957 0.4435258492995565 0
0.4462181016077048 0.6649989294707518 0
0.4453924526673914 0.6588085331344458 0
0.6523826609841992 0.4006284898286026 0
0.6583633700795202 0.4062092182845994 0
0.2146320075146956 0.6068298095516177 0
0.1912135259789587 0.5994357750490324 0
0.6542674881854632 0.5871837586818609 0
0.6472562284551016 0.5869138709981305 0
0.4579244087262124 0.2930849152702876 0
0.3611568622449547 0.3835259639660278 0
0.3548996677455283 0.3794072749717013 0
0.9657247568395921 0.4837443809238812 0
0.3859980741132785 0.7047372672754062 0
0.3899828037886724 0.6962573939636478 0
0.5096433078546621 0.3724017591890729 0
0.9669752736458553 0.8729049962119952 0
0.44607404343872 0.4028290050207441 0
0.6718927457658947 0.4417682704997463 0
0.6829999983444768 0.384515475788164 0
0.3928751376977252 0.4700174937763188 0
0.3961453666984485 0.4715308105715734 0
0.3933170599539295 0.4732272629031478 0
0.396154346095427 0.4746735426877383 0
0.3933938814687611 0.476554548552774 0
0.3987991286525045 0.4728988541790596 0
0.3968189535471548 0.4778755653014205 0
0.3935876896301644 0.4798382984484103 0
0.3964330892804654 0.4813899117026756 0
0.3935662686115936 0.4831102694892823 0
0.3906717269249821 0.4816183062090447 0
0.3907832226146398 0.484911875023229 0
0.3936588172259909 0.486448438055137 0
0.3910530772307815 0.4882633155204429 0
0.3938715231172258 0.4898419682351725 0
0.3912536768141973 0.4918839753987328 0
0.3907926478521029 0.4750289174937049 0
0.3878703630747755 0.4833098352529961 0
0.394152841751456 0.4931178658129631 0
0.391906758882085 0.4949236362939093 0
0.3942975569645897 0.4964446983896927 0
0.391520501282708 0.4979071202084335 0
0.3943933504268501 0.4994675442955218 0
0.3914137383235917 0.5014484995281253 0
0.399417905256345 0.4694704401098819 0
0.3990417473584399 0.4660529741180299 0
0.4016430259404457 0.4644165194416747 0
0.8994448610008072 0.3652251786546676 0
0.4357901173894759 0.6616163533725108 0
0.09553020478118479 0.630601016229954 0
0.1119399250743704 0.6270901397648654 0
0.7309789252675734 0.3191938964370912 0
0.4509261833303167 0.3438162585140536 0
0.8905930951472367 0.0213679759885389 0
0.3849599842822538 0.4016355373109018 0
0.3270963950909326 0.3699661487454365 0
0.3269415969948197 0.4219433069644076 0
0.3635952644287347 0.5559526141373389 0
0.5508070299889483 0.3958332235592195 0
0.6362924065229913 0.4603031177782449 0
0.3912082868478432 0.5714026035666133 0
0.6123405490263985 0.4608763935901535 0
0.9073173997042698 0.3379841014167966 0
0.4269919883973364 0.4244333624824974 0
0.4259863584643966 0.4275378195267294 0
0.4023320547496718 0.4609236743542455 0
0.1621069402536703 0.1994082682588802 0
0.6289404676870175 0.5371153935072097 0
0.1780812474229773 0.383865616872872 0
0.1804831778554668 0.4075606046999926 0
0.1653855037420971 0.4123539660640312 0
0.1563298669849573 0.4252559406648427 0
0.5437031110734467 0.3125489675916236 0
0.5469049447572266 0.3032962624487883 0
0.420428500393249 0.8036516243785403 0
0.4291811107310951 0.8137350894654141 0
0.4069628193900811 0.8054508803762243 0
0.4074129805519957 0.6040822116155966 0
0.3925326308173085 0.2954176546721689 0
0.4235037672623863 0.4040623147317319 0
0.1703080688158826 0.4959196234466382 0
0.1741791536069047 0.4835060235747733 0
0.4303210359439962 0.5821923132764771 0
0.4294781665439307 0.5787809568052611 0
0.4262342814617462 0.5776349962290168 0
0.373290425754121 0.4166701623469528 0
0.5149704067180561 0.3709113933974648 0
0.3119345005796075 0.9725566370656894 0
0.2923953474560118 0.9814233360397659 0
0.6410401177600602 0.4655183744526755 0
0.6446443825373808 0.5803140019924162 0
0.7085232496331697 0.5292445744405969 0
0.4547243740646811 0.8069329252052371 0
0.4662082341605553 0.8007590905963089 0
0.5907698631347483 0.4099542010360278 0
0.5426307831046067 0.3973297104756905 0
0.5411622363719192 0.4004729520859788 0
0.5448999103054017 0.3999179888906967 0
0.5430325206612618 0.4033435759120619 0
0.5891478604893727 0.2442480111331434 0
0.3994677153171826 0.8189929153179625 0
0.5330247002686815 0.6185049160762914 0
0.5982198373923238 0.5381510453418623 0
0.5996106300584987 0.5412043603257353 0
0.6028810944765242 0.5415149577466372 0
0.5965662358260929 0.5407310917453755 0
0.5974629059951717 0.5441844860260274 0
0.4953206320592339 0.6340903485761926 0
0.03590779120901366 0.9399158979510791 0
0.04382598638456392 0.9221492197697747 0
0.02568470543099777 0.9095978750071287 0
0.5176004231279054 0.3900738986585329 0
0.1769367061688936 0.4211716197449869 0
0.6157173135388091 0.3182555847861603 0
0.9261775705315001 0.3169831465285264 0
0.9634297796584645 0.3091798853614713 0
0.6403234284442358 0.5866125678988601 0
0.6435073508959394 0.5926771848680886 0
0.5350863042893236 0.623091039245908 0
0.6891058942563736 0.8297744265574691 0
0.5350936529489566 0.3984705358221554 0
0.5818142513911566 0.4200401498814781 0
0.6057431154542926 0.4928777342601298 0
0.6079297236542909 0.4961006236620897 0
0.6043733175430919 0.4957873153168894 0
0.6057026261009522 0.4982083209343682 0
0.5041330556968506 0.3938727621709971 0
0.5065917069137672 0.3959946195399122 0
0.5682695054030656 0.4038323181841418 0
0.6171794597191438 0.3085601424290991 0
0.3990173839545685 0.5261509804606743 0
0.473825452874231 0.3950142872506857 0
0.4760672480956951 0.3974068318473585 0
0.6652265581596718 0.421178067135705 0
0.4023425737769499 0.6063138881073689 0
0.6054759542107371 0.5099817569160362 0
0.6071538937628514 0.5073039601998154 0
0.6040757719080638 0.5071712588707579 0
0.6056606143020408 0.5042956212232261 0
0.3636613328998753 0.5498334409013229 0
0.3379928590400995 0.4933090246492203 0
0.3389219927491738 0.4989889960260033 0
0.5780249755115623 0.2476736112831662 0
0.5931976335761041 0.5670878106520517 0
0.5892938455137435 0.5668213071222055 0
0.5869518034093246 0.5696084402525099 0
0.5854946344831905 0.5663961938289268 0
0.5834695107504583 0.5690044883085675 0
0.5845933735187094 0.5722901700989155 0
0.5812012245589941 0.571615658471439 0
0.5821243873753907 0.5658762102071064 0
0.5823193880218012 0.5748510242589715 0
0.5789696393910396 0.5741068134460682 0
0.5780770987702232 0.570762788411346 0
0.5756798037814753 0.5734863826612663 0
0.5769265840014892 0.5770646706937945 0
0.3895997037907295 0.5965788693568126 0
0.1955712252441165 0.5855933029713715 0
0.3858677893596861 0.492798640720384 0
0.2220967295963392 0.4459967361186381 0
0.2809482208679395 0.5640120713554655 0
0.283859867801101 0.5553582904011274 0
0.6392410742052694 0.5103807271568375 0
0.3432308989858022 0.5716288233802516 0
0.605828965050345 0.2805778306654647 0
0.3149142113118013 0.5703495986039945 0
0.4947396163822144 0.6177256238982991 0
0.4783784670534246 0.3777695919175414 0
0.4810199715862667 0.3933216043929104 0
0.4833697952986288 0.3958814353314155 0
0.4870524359376573 0.3948592290575456 0
0.4891471158713021 0.3968045487119575 0
0.4556674561414678 0.4026002476639021 0
0.4551050360659569 0.4059036736345788 0
0.5862047115313177 0.4389074264807806 0
0.5880278230966586 0.4418609089831006 0
0.5880716204791026 0.4446530530758879 0
0.4931387093323856 0.8104413886060902 0
0.6946872985331799 0.603299097980785 0
0.5634400089042325 0.8759271741040708 0
0.552846448425892 0.8662823648246796 0
0.5671880510628013 0.8611011030965683 0
0.583033712114388 0.8572862698301372 0
0.571295376459696 0.8463227197049425 0
0.4367747858527263 0.5841553808002343 0
0.3115600619930577 0.1405792071649195 0
0.4692500948898805 0.3801270548334044 0
0.5284318271973132 0.3086686396680923 0
0.5262853215938219 0.316975967654353 0
0.518584664345026 0.319817027120551 0
0.5113152670870442 0.3146029700920398 0
0.4444520360574002 0.6332609108007535 0
0.443124948027979 0.627734000624246 0
0.4378665852489811 0.626002430299456 0
0.4417828662349143 0.6216322856560523 0
0.4468608384633715 0.6239943576341732 0
0.436634834518185 0.6205487466952415 0
0.4328265842546206 0.6241887791965173 0
0.44642299082468 0.618974348719702 0
0.4487003638862859 0.6294721264342922 0
0.4537690579879881 0.6306940989326901 0
0.4519691108653046 0.6255036867549888 0
0.4570721175660037 0.6265830931575895 0
0.4589851322838533 0.6315368343135455 0
0.4621360730024806 0.6275889213290418 0
0.4645832175202342 0.6324112237616618 0
0.4670580748376053 0.6278362394097041 0
0.4608351239748129 0.6364704544828497 0
0.4600029670329434 0.6228794067961486 0
0.6938651360599648 0.3495400183461378 0
0.7028144514690315 0.2818282714026812 0
0.6916873419112953 0.287597332457737 0
0.4453760323066769 0.3393036868292647 0
0.7424460193610104 0.9688953261659429 0
0.5965063348078103 0.455915037885576 0
0.5955493914648365 0.4590695130920506 0
0.3002828611648207 0.1554917592527824 0
0.2849157245459143 0.1551975121270328 0
0.2765697630172058 0.4475262115078903 0
0.461951961184969 0.2799921801305971 0
0.4968866458590491 0.6392400441683644 0
0.6276149125656221 0.5590659510140735 0
0.503095622538187 0.3171796013600168 0
0.4164264232673821 0.5806240223461732 0
0.4155502674468997 0.5764954326985532 0
0.4116743469233795 0.5751882553246531 0
0.4110150056948286 0.5712688459524442 0
0.4146356606701074 0.5725216495782223 0
0.4137987497182713 0.5687812346177329 0
0.4182361269546119 0.5737561344989615 0
0.4103808973017879 0.5675556423376648 0
0.4131051493135918 0.5652662993054802 0
0.4097857351416976 0.5640683219941228 0
0.4168982420833857 0.5665598368070396 0
0.4122850932012944 0.5618306512168078 0
0.4091839755138732 0.5606483744278444 0
0.4118495507070981 0.5581176543470764 0
0.4084990791573767 0.5571221609727948 0
0.4059919714088165 0.5594949214440273 0
0.4053387854008815 0.5559847593037309 0
0.4024782348269086 0.5583029217550721 0
0.4018164461759556 0.5549147832094721 0
0.4047643087856738 0.5525409012766471 0
0.4034533127398548 0.561577043708863 0
0.4019245168001375 0.5511224510992002 0
0.4044827619475548 0.5494902537330508 0
0.4074478050687441 0.5503423725829685 0
0.3986867522565215 0.5534795309869177 0
0.4192083045743926 0.577789526806192 0
0.4218415154714334 0.5748458349859659 0
0.4207715156274525 0.57143303246397 0
0.4242152751492245 0.5722750222680389 0
0.4157414362156099 0.5626405534662161 0
0.4187669177224987 0.5638432314341247 0
0.4077064230253024 0.5537847625137332 0
0.5632986980008473 0.5894071214851779 0
0.5655339307748214 0.5864492182780979 0
0.5690455277182087 0.5868507799689723 0
0.5676589971486774 0.5837788984579825 0
0.5709863032452603 0.5840770895314618 0
0.5697622628538607 0.5810330535868361 0
0.5734415985913691 0.5813882323398709 0
0.5725116561588471 0.5871543315269424 0
0.571858564466073 0.5784561575392917 0
0.5613065502580855 0.5862012630194703 0
0.5640146569953228 0.5831736798682363 0
0.5685930800036562 0.5778311664178712 0
0.7140947744107853 0.537236243022105 0
0.7110038138263961 0.5208084035224951 0
0.7195808808292184 0.5175152937750287 0
0.7123205123678954 0.5123848482049292 0
0.4593272553289085 0.607350701522231 0
0.4583214607925405 0.6036272572463519 0
0.4548023500892741 0.6024330797506674 0
0.4574966727262862 0.6000835374425206 0
0.4609013563228544 0.6011472113891094 0
0.4601009724175194 0.5975487483071997 0
0.4567441964334161 0.5965516816956334 0
0.4619804844036042 0.6046771668221256 0
0.465589507894121 0.6054435836798779 0
0.4643468500989406 0.6019835022745449 0
0.467907599231268 0.6027125266645833 0
0.4691762969626926 0.6059222098179968 0
0.4669575096485449 0.5997802312516348 0
0.4713995367100472 0.6032327033869828 0
0.4726777790184032 0.6061388375422064 0
0.4747297390567315 0.6034939366566816 0
0.4706082121765613 0.6091268938773055 0
0.4760784629939155 0.606322183140815 0
0.6452247369462212 0.5164227606965902 0
0.1050345318812677 0.5294624210193907 0
0.3771167187130848 0.5800134461306984 0
0.3771360766068007 0.5747222108927762 0
0.3724451185479402 0.5710105945919459 0
0.6744466787665024 0.8339974703529281 0
0.4093936766676501 0.6659237330929214 0
0.4228174643025983 0.5790333629343672 0
0.6058592030972361 0.5442429497506426 0
0.3981821507640235 0.5798780851669806 0
0.176880964399441 0.6017760957119703 0
0.3920068570705987 0.4184201109546282 0
0.3874166392995045 0.5128615242185491 0
0.3904644983998899 0.5107336301975777 0
0.3903189706308074 0.5071915662770137 0
0.3933245642080654 0.5087034305766769 0
0.3934525837775961 0.5121095601586685 0
0.393142732365568 0.5051742189789955 0
0.3958092824458441 0.5070959346859389 0
0.3870242369603458 0.5052782675184324 0
0.3870942989950006 0.501308849848599 0
0.4145550243727608 0.6176596173790774 0
0.4189803708804141 0.6143654632090801 0
0.6069616562419364 0.5188608237368348 0
0.3616323484109761 0.3955664658828297 0
0.5276833198171448 0.3425529385094797 0
0.6731268670262267 0.4724072406561668 0
0.358400001868127 0.4806423401894612 0
0.5490295754600097 0.6031209668291343 0
0.277923607855379 0.7740239568211169 0
0.4129887184916525 0.4369722034825607 0
0.3936695457515655 0.413611988389515 0
0.4414171182303344 0.4105547121347077 0
0.5804435828973288 0.5836113945829701 0
0.579055486844249 0.5799767927135739 0
0.5766612226970078 0.5830915192689105 0
0.4999255122339849 0.3748694760917654 0
0.4957503097730746 0.3760159458679633 0
0.492356271270954 0.3729473368044129 0
0.4878604416442061 0.3749395421029182 0
0.4856028057270827 0.3790919339735689 0
0.5539594963733472 0.5918558346341082 0
0.3968789431879243 0.4373913280405697 0
0.4004964260464019 0.4355935228021237 0
0.4014741285570396 0.4312173480898888 0
0.4049126819483403 0.4284476744120264 0
0.4050215658018853 0.4241625519282872 0
0.5661645095699381 0.418818735594346 0
0.6012258884909658 0.550814598294008 0
0.5994086835953421 0.5475498518133766 0
0.5960016110259384 0.5477059444583846 0
0.2332548697686634 0.9612039445992814 0
0.2144859651101535 0.9656396432058654 0
0.2491328745117712 0.9729084938468167 0
0.5249035729251214 0.6044372267751613 0
0.5239956477605401 0.6013783085232771 0
0.4954171357026581 0.3899625943243471 0
0.494448550351109 0.3931248193050496 0
0.2252968919160164 0.5665863327083864 0
0.232919086340391 0.559256958470258 0
0.2295467736351438 0.199229476859108 0
0.6366876670892803 0.4765207732359916 0
0.5778078378595668 0.341462670977989 0
0.2159806755896825 0.4573703729619127 0
0.2264351579051971 0.4589291340216171 0
0.4847400951280945 0.7086934765759585 0
0.5642359372461667 0.2948002346622935 0
0.5726266777743589 0.3018494783119865 0
0.6022504225306538 0.4691886676961433 0
0.6002041679734792 0.4665946510543112 0
0.6006675763436804 0.4721864987775565 0
0.4880740577365241 0.3915673690541598 0
0.5497445961767823 0.5967831273110926 0
0.5480752274624419 0.5937747085899052 0
0.390331837188189 0.6447941029376412 0
0.388572182267414 0.4663938949908707 0
0.6108469855751313 0.5371187239195645 0
0.5617400911336994 0.413439433049505 0
0.5584141946185243 0.4137043486783464 0
0.5562450930545916 0.4112900983206046 0
0.4879806057945605 0.3226421594645701 0
0.4802432360062507 0.3250653763479365 0
0.4150311999803476 0.646487529659223 0
0.4210665947930524 0.649192522069044 0
0.3892014914478445 0.5414116730771465 0
0.5859134077107002 0.5611426207840875 0
0.6945302070896714 0.6240326484678953 0
0.6877653978910028 0.6166408636582406 0
0.575055018834263 0.5899512570083418 0
0.5540043841553113 0.4088904702628325 0
0.550752462588208 0.4093641614874322 0
0.2129731377314624 0.7434777466793494 0
0.7568461708396428 0.3952560615110557 0
0.3004722887503486 0.5612164367209282 0
0.716029551274437 0.4988989758035561 0
0.3881659066297282 0.5329177322227816 0
0.4432492908016894 0.6021888811453613 0
0.5075872213320246 0.6214096486087525 0
0.297692249235453 0.709922602678128 0
0.3113791224387515 0.6930864556094698 0
0.3025150167550422 0.684432839116809 0
0.451808432857111 0.6048644033867983 0
0.03914492363076594 0.1232458704453591 0
0.02856414034516452 0.1077751812433756 0
0.2766665468603577 0.4932393772741384 0
0.4941834738640087 0.6048753179451453 0
0.4018759506199054 0.382991493143358 0
0.7003678982391504 0.8409108142934828 0
0.218087721234946 0.6539631691718064 0
0.4762889929730183 0.3533592702545418 0
0.5850527531914199 0.2884941262149331 0
0.4206490357777946 0.6026882774289525 0
0.7193893666782978 0.6468373661393609 0
0.5356471774112929 0.6520913795752594 0
0.6071725980624096 0.4838119573876652 0
0.6053243657572278 0.4808371190674496 0
0.4159464882545859 0.4355955039190353 0
0.416451427007736 0.4322071951852517 0
0.4188159600882428 0.4343903736704803 0
0.419379090204536 0.4311282918157854 0
0.4204053899283594 0.4275686509518436 0
0.361144131267517 0.5262373232843265 0
0.3659934315241261 0.5287408216798215 0
0.3655850019400916 0.523276808725924 0
0.3653609695750125 0.5179451775626333 0
0.3696963695492106 0.520386391122317 0
0.3694659107445453 0.5153958588676213 0
0.3652453707531643 0.5129111760031835 0
0.3693054173796041 0.5105039868576933 0
0.3734169893982289 0.5177229749627049 0
0.3652048603243069 0.508317948560005 0
0.369143588176478 0.5055618098107804 0
0.3665743587271828 0.534649974548428 0
0.3704684093817701 0.5310413892369259 0
0.3703646965786765 0.5260603084667855 0
0.3747111473014927 0.5281014425073901 0
0.3734185481182974 0.5078472775822742 0
0.646036607123875 0.3856365562207784 0
0.6374227083307337 0.3861483575874425 0
0.6334139007786297 0.3939513316224755 0
0.6255038939400382 0.3929717819635281 0
0.6239376751918393 0.5730845592552103 0
0.5382237565809984 0.6019413801273855 0
0.534857524592285 0.6013641323642669 0
0.5369077822075943 0.5984825881565357 0
0.5394012411815687 0.5967038046788414 0
0.5425712744674898 0.5962391295921138 0
0.4507387532956094 0.01741255058334901 0
0.5307191160809231 0.3897710578551828 0
0.270777610250286 0.4117549558786425 0
0.4327455461307992 0.3966228860859495 0
0.4363366886229388 0.3992374636013807 0
0.6087995018484589 0.4499151281439484 0
0.7045137557508094 0.5842781070599501 0
0.697954874509461 0.5775492066412664 0
0.7000250096871241 0.5683992907273303 0
0.7087361377118899 0.5654933162019639 0
0.7017421467173002 0.5598722529290585 0
0.7109547869630142 0.5565925308470336 0
0.6953210549819833 0.5865127112938062 0
0.5622066951863417 0.3973820358548037 0
0.5328744189572618 0.6631278429042508 0
0.8134736539667278 0.7538665310440889 0
0.8171276046618303 0.7383913554736259 0
0.8023979318398127 0.7432176771502448 0
0.8058924565251733 0.7275972401253425 0
0.7912251541263731 0.7342940661849896 0
0.831262907942426 0.732908759118048 0
0.4023561350496152 0.4539855600255126 0
0.4048701209580009 0.4559677152359744 0
0.59312094797452 0.4470780801812957 0
0.6112729691714558 0.4289038275385675 0
0.466995464683099 0.3967631764600655 0
0.4696269072481802 0.3990997546088834 0
0.4726156621970062 0.398356875628659 0
0.6022614020709698 0.4038361868975852 0
0.6090749917188714 0.5019033985898862 0
0.527321822849255 0.8127663445979045 0
0.5198130461574272 0.3866363920906283 0
0.5802879604895274 0.3768037207646248 0
0.586391901449914 0.3758222450802212 0
0.5837590312648258 0.3811652732008028 0
0.5901368717951084 0.3814703978033596 0
0.7596433917983556 0.2988776717011948 0
0.7622647478171285 0.285125663001932 0
0.6242643440041361 0.9065930784020769 0
0.6351435399821155 0.8952676269142131 0
0.6322932805231237 0.8788336144911353 0
0.5182199235958506 0.7081466151486608 0
0.5203425712772233 0.6990031804802876 0
0.1027801003554212 0.9644412842100001 0
0.4859047815020788 0.6319965091279579 0
0.4810138096655865 0.6302778699474001 0
0.5957962068568331 0.7333766053956687 0
0.5989210660697337 0.7236634129979082 0
0.6091914505548531 0.7207065373576109 0
0.6017038492719013 0.7148836921095165 0
0.5885663057210615 0.7264355256800813 0
0.5783585280195285 0.7288452682349909 0
0.5748583868919693 0.738112738722157 0
0.5681199659081735 0.7310661440750096 0
0.5584417528915835 0.7311920345296519 0
0.5632114554769939 0.723146838354888 0
0.5528368808878786 0.741307620904891 0
0.5430573144716784 0.7347560949852872 0
0.5340051649739056 0.7399882773786743 0
0.3181794570461814 0.3243909186747398 0
0.6168474924269334 0.5080888441247114 0
0.6151150441958509 0.3691787649663613 0
0.6097622078214027 0.3638984374155988 0
0.6125506013278653 0.3761887788994257 0
0.4277761335663565 0.4172561435936417 0
0.4304418570503306 0.4194062285131732 0
0.4422465009171337 0.3891240727412349 0
0.4470600281917035 0.3882614822998463 0
0.3991902750849566 0.02384532242604531 0
0.5625598854042524 0.6247997347659976 0
0.5574951820763616 0.623946978033919 0
0.5541031710589219 0.6283843139961176 0
0.5545028392057617 0.6554510698148501 0
0.5578303902764058 0.6503866239383398 0
0.5554898697316206 0.6446546693451037 0
0.3905660810879095 0.5142761908268189 0
0.3936368177960486 0.5157844668999896 0
0.3861766823003556 0.5690180140509576 0
0.4649788594434314 0.6923727279532769 0
0.4280487810891526 0.1578248521226679 0
0.4020059752220162 0.5446370501789921 0
0.6041345078860613 0.4899721330043932 0
0.3706042080183387 0.4701373314867781 0
0.6369119442827189 0.7321607220259189 0
0.6284244274135542 0.7245725447067661 0
0.6385262180828657 0.7213232782306218 0
0.630946882322398 0.7142164923477189 0
0.6199270506498782 0.7167800051223024 0
0.5971344120495765 0.461512071262575 0
0.4646857582055934 0.6655539876397164 0
0.4708906192901665 0.6686260393677825 0
0.4634060082244372 0.6585587418163805 0
0.4489505589455646 0.5994009476252157 0
0.3030448192965695 0.6164988907911849 0
0.6038605937474968 0.512888049854459 0
0.466499753425868 0.3320447511033099 0
0.4593807070607115 0.3340602458910259 0
0.3590933492178796 0.491852974868387 0
0.3637610069369079 0.4894581053589772 0
0.3637340785366259 0.49419061096186 0
0.3680964145207281 0.4918320386532294 0
0.3681809603776433 0.4963048177256434 0
0.3641818173494191 0.4990791213287145 0
0.5735815159437193 0.4098867185852123 0
0.5348946079210937 0.7024584966150933 0
0.3290779373729011 0.6585308017353608 0
0.4636462424826852 0.3982363805302066 0
0.4037697048197554 0.3691141102709108 0
0.4100282389327856 0.3662302054310478 0
0.3289613173648235 0.3042236237935873 0
0.3617576129489654 0.4415175746197321 0
0.3659550678351658 0.4444178691361022 0
0.3613016979725052 0.4352622383833523 0
0.2281877457637986 0.6090524322796146 0
0.427302807591123 0.6978226861069327 0
0.4726294458447389 0.3830588558877471 0
0.3808893518615495 0.2302790511894898 0
0.3939871593861372 0.2308295983635387 0
0.3571927826232036 0.4630949953468143 0
0.3573372657139769 0.4570763025356585 0
0.4150854367603829 0.3705516631811412 0
0.5411805908889805 0.3399809765038388 0
0.4069746412564292 0.5662801202319739 0
0.5091184072372589 0.3853244903843508 0
0.5372721502603601 0.4012669166484121 0
0.3498612096911055 0.3850377351146737 0
0.5490912346097707 0.3999738849910418 0
0.2779018927281943 0.8562370182470558 0
0.5083874561961369 0.3892753515196439 0
0.3662491393794982 0.6979056703115599 0
0.3685489422234304 0.6863150866226642 0
0.3761460608958481 0.6936226150493114 0
0.3780371653974952 0.6853044748446522 0
0.3690881333948565 0.2516306614829835 0
0.3798463139579317 0.2504171183326664 0
0.37548075258395 0.2627236443357407 0
0.4766347733279241 0.7916546391720958 0
0.4590413488486459 0.3578051621576807 0
0.2811552493324179 0.3927296812414056 0
0.9616479502076759 0.8924554897217259 0
0.9724246070791657 0.9088721833086317 0
0.9542877923977299 0.9100859753169152 0
0.4235161674078486 0.3544435664407792 0
0.7753747455047232 0.5249452079502185 0
0.7671358984751468 0.5163839159088703 0
0.7701528151234085 0.5049281647698169 0
0.7591517709181744 0.5080180160868286 0
0.7641395797695506 0.5280650976355552 0
0.7609915190652168 0.5392014279104601 0
0.753120171857989 0.5310777127339295 0
0.7615255573206194 0.4968026044173265 0
0.7688755057545409 0.5478550882735417 0
0.7577071681580144 0.5503697096401217 0
0.7541241990030345 0.5622065844889583 0
0.7473813800302255 0.553986225147581 0
0.7620829879920479 0.5716876800373826 0
0.7499726404794299 0.575711770991893 0
0.7481921642217914 0.5874304310437566 0
0.7816137612463887 0.5014605722505966 0
0.4666326779382037 0.8152543881737492 0
0.3956473288044242 0.2087964690876467 0
0.6409358322208318 0.4487067182909508 0
0.5857704375220448 0.5756297529659719 0
0.4165618327459796 0.05229399980887467 0
0.7794703158162036 0.2492300769912748 0
0.7655013291927397 0.2549437565708781 0
0.4573823015708863 0.3414436974858333 0
0.3363111781026561 0.5319690352736476 0
0.3406443368435939 0.5375169150048174 0
0.5685539031402039 0.6933968776253869 0
0.5705954917568909 0.6852901965097893 0
0.578486283041911 0.682871944563671 0
0.5725940847963107 0.6778955223897007 0
0.5652189911822416 0.6803271549994909 0
0.5799733060117969 0.6754761054658667 0
0.5858774323499414 0.6801597851041565 0
0.5869602602378826 0.6717788928286855 0
0.5625659937047339 0.6878772499742482 0
0.5545198743918025 0.690155696361475 0
0.5570845463980956 0.6812570202320972 0
0.5492399901199473 0.6840254688635761 0
0.5456639692500603 0.6917836262414009 0
0.3041285639410096 0.4724557486250693 0
0.3082497664398178 0.4641256930064953 0
0.2883316600120122 0.5994701613668745 0
0.4337880893748722 0.418495599979284 0
0.432698644172501 0.4216290258928951 0
0.4096205122643726 0.7176736998144518 0
0.4122532205525739 0.7069820501672531 0
0.4468670246923716 0.7182121706201743 0
0.4562901727926267 0.7142978806731649 0
0.2621744708957456 0.7045031984969113 0
0.5408238280698039 0.7968588538422563 0
0.5530682441817297 0.8007223580219962 0
0.551709943011332 0.7899600670808327 0
0.3396014963262467 0.2834079622023076 0
0.3616632990593517 0.5378402060983489 0
0.409415517065001 0.1853780611186011 0
0.5112601109939982 0.7015721846669514 0
0.4276192391106222 0.6268552663840005 0
0.2529206118225857 0.6942735535732969 0
0.5897060394937514 0.3874788562113617 0
0.442251461373498 0.3710558797841901 0
0.4470107084737893 0.3729599465326028 0
0.4365088283770754 0.3726417801285464 0
0.6804319289482132 0.4401789766405753 0
0.500930623603819 0.6073208194804195 0
0.561036651538492 0.4016180042589792 0
0.6892682729274595 0.6447705685551206 0
0.6867840961069727 0.6553977697148261 0
0.5751168262135828 0.8869860319997975 0
0.3549944878120191 0.4053661415007201 0
0.6164464029561583 0.5158318925450751 0
0.5757789819047787 0.4262480306847605 0
0.5790558007188361 0.425815689085408 0
0.5778256423158873 0.4288259917260856 0
0.4849740915148218 0.8760410855403604 0
0.3964040148912106 0.4460652452982438 0
0.5980150529364718 0.5607631957551288 0
0.6031045942906175 0.3953467532625968 0
0.5993508356498658 0.3901898612414382 0
0.5605660404923322 0.5830878915529752 0
0.3355390344977307 0.4098434880682972 0
0.6026871720493981 0.6826170669178714 0
0.6048467469710331 0.674094841336718 0
0.5975122353467184 0.6774906793351089 0
0.378905321908533 0.4085097582095899 0
0.615529764094756 0.4717408009487246 0
0.6133294882739249 0.4757728621108571 0
0.3631666154733907 0.2622433343094082 0
0.4195608621551034 0.7150568822846495 0
0.4524884214975948 0.3656418030462029 0
0.3891443201491282 0.4622103266011157 0
0.4967948638928594 0.8873250730724267 0
0.6017477493315737 0.5156146544370402 0
0.4172737939948902 0.5700160967562033 0
0.322761330253342 0.4349676433023673 0
0.3276205881386378 0.4415242028892307 0
0.9049642164271129 0.5311635951104682 0
0.8888466629490366 0.5365132779693507 0
0.1614529869143247 0.835337409545811 0
0.4384757496539626 0.8240865023670478 0
0.8144559687478341 0.6266401778368645 0
0.8044358467906191 0.6165005085233687 0
0.8076778486400514 0.6031725194829893 0
0.795882834537629 0.6071755231932616 0
0.8014402050838713 0.6296472123491766 0
0.8207939301282976 0.5986143024753123 0
0.8104183001047036 0.5893605014148759 0
0.8241655924354003 0.5841427114369023 0
0.8145844777223732 0.5743534393800994 0
0.8177385142334126 0.5603620781601092 0
0.8306649598210125 0.5559209612949024 0
0.8217571268318147 0.547396459876364 0
0.6209246053782018 0.6773653016613367 0
0.3925851847525392 0.538912961085563 0
0.5743000976360303 0.6170855238488353 0
0.554654999111877 0.1905232012688082 0
0.4360860414624229 0.5807689253239741 0
0.5649619696007967 0.6080765428148541 0
0.5629865155885769 0.6040986522809746 0
0.566883527926442 0.6044167165802798 0
0.5941869132144132 0.5507553667069119 0
0.6007630150024517 0.5297140033058828 0
0.4583877288611818 0.2536017041048637 0
0.4557706690842941 0.264085414259313 0
0.5298594710648002 0.2018554994217265 0
0.5399713709901655 0.2077526958817463 0
0.5175126109993875 0.2069026282972227 0
0.5168122307559562 0.2183382548363294 0
0.5043143075930452 0.2245907768713156 0
0.6526120538198659 0.6011914812967318 0
0.3936281133152477 0.5512900148078066 0
0.47763774460888 0.6032828887463439 0
0.4763876338079244 0.6006771010745393 0
0.9842457189276953 0.4904301801259439 0
0.4518974210907931 0.4070761380687451 0
0.5680601138825174 0.2399859339499021 0
0.5661167795894025 0.2530957725185523 0
0.5568135885601666 0.244666815529538 0
0.5536276072569997 0.2552020681014217 0
0.5429155755016156 0.2592085739926769 0
0.8962579826604722 0.564146743749647 0
0.8807387508093087 0.5679975746650845 0
0.8770354623986819 0.5837676886900406 0
0.8881807940096139 0.5967994765796176 0
0.8836377755884317 0.6133116537895297 0
0.8948862524802437 0.6253903729950745 0
0.8672925447155559 0.6179927801343843 0
0.5184054949242509 0.1288662749519464 0
0.5161112646830565 0.1443325907686022 0
0.5307690874920212 0.1375504845821631 0
0.5458395797849731 0.1312675853643772 0
0.6234385810019453 0.294192695257837 0
0.1531515347433484 0.162102896749507 0
0.5818337648650922 0.1805649022635432 0
0.5934088052709005 0.1887686902140143 0
0.5791618710698041 0.1951846755201653 0
0.3492630701100328 0.5852024400254664 0
0.3554032032635672 0.5880069251335307 0
0.3254421111377158 0.9217340207547881 0
0.4389898462497915 0.3421488015687102 0
0.4537107628498639 0.5951643460834062 0
0.4586541719564795 0.5942236129911748 0
0.4145084912413206 0.4117933688216951 0
0.5100902124580632 0.7539623392591901 0
0.512272382338647 0.7426380581491108 0
0.5238521044848419 0.7409712362241028 0
0.3117661844334371 0.3967238786037266 0
0.313738389115109 0.6418362149728509 0
0.3493387908535363 0.1960505409334508 0
0.5643682916883761 0.3741533568649752 0
0.1603532508259817 0.4747997040808832 0
0.3200851352172812 0.125993884739437 0
0.6767280348505582 0.6587768779004695 0
0.6689373540958493 0.652331960670409 0
0.6782993000199763 0.6478249070179447 0
0.5903336166270122 0.5940343145993947 0
0.1361434311271043 0.2140164480525869 0
0.7788328741041216 0.4694533692473857 0
0.7675741691964059 0.4713768770100653 0
0.7817134596862358 0.4574831546728786 0
0.7736499549392376 0.4481475765177729 0
0.2841422576117408 0.3031021629707314 0
0.5609129906854396 0.6198348280545053 0
0.6386638031144753 0.6718230867830945 0
0.6320564243563916 0.6641463650791921 0
0.6905302367822013 0.7768701758775323 0
0.6814634058825751 0.7666162102797167 0
0.6949831593610598 0.7632005373886026 0
0.5523519000597623 0.6230787707336324 0
0.5438267417372682 0.1471512091033363 0
0.6407572801159902 0.3087943545752133 0
0.6501938179184443 0.3152171687165582 0
0.7210802748716725 0.310860728052322 0
0.7187273962917315 0.322865026865757 0
0.3507794525374469 0.6821123820677153 0
0.3437954046779135 0.6750465441959943 0
0.3608942985980534 0.5105816494664236 0
0.482401296458276 0.7177813056273147 0
0.4940360705664414 0.2170139796142971 0
0.4824176019248954 0.2217280390486729 0
0.493437108336247 0.9710589402961702 0
0.3708545630601612 0.09713654608342914 0
0.3782732856402733 0.1113264775603695 0
0.580160193460808 0.5683179276785418 0
0.4372241530364262 0.5930781615564616 0
0.3735470194005346 0.03716653261859204 0
0.2616082564970088 0.3494944477686489 0
0.4085908506868138 0.3183288113957246 0
0.2567115829165278 0.3028719186149196 0
0.3906214315032336 0.3878164279270512 0
0.6349182674409594 0.4497150439446311 0
0.3242762211487999 0.5477471112945878 0
0.3217144008639193 0.1960833470680202 0
0.3287024920857433 0.2078727760981706 0
0.6021405583768736 0.4871599845277108 0
0.3164101479717131 0.4492201909979901 0
0.1687538543986105 0.5519659516315023 0
0.5022908593154609 0.1501541474093843 0
0.512933177409698 0.1585621431032254 0
0.6885162136912872 0.6953502422335043 0
0.6186808899003042 0.4900831549189343 0
0.6163079820207956 0.4938993555997855 0
0.6186782810526935 0.4973828056125773 0
0.6025880747076233 0.5212383459770475 0
0.5178690054989346 0.6403591577886574 0
0.5213973198743722 0.6366588874081701 0
0.5268242807638404 0.6378233213437254 0
0.5306431333600731 0.6341924969900721 0
0.5360649061376267 0.6351776398196269 0
0.5199943669169447 0.63153456643218 0
0.7289949656908161 0.4782046103341624 0
0.7218751094583263 0.4715303043345876 0
0.7235625924598057 0.4625387220201803 0
0.7150527542572891 0.4650211096875113 0
0.7156279731922572 0.4567470821289836 0
0.7076337158245802 0.4594201763948177 0
0.7246161201901518 0.451815378904852 0
0.8104629557787859 0.4108220261709717 0
0.8089370625027053 0.4245420263118465 0
0.8342185181532514 0.5426333358509967 0
0.3953470292696202 0.3912408764855151 0
0.4555169304031365 0.6362715882810888 0
0.1715241486300055 0.6553679729793249 0
0.1814953320620267 0.666881097413507 0
0.1768977139576158 0.6814916816327292 0
0.1916598547163832 0.6794095925066289 0
0.1973139076748889 0.6642070284493533 0
0.7684279616243834 0.2231262650912817 0
0.7539100738005327 0.2286473990969727 0
0.7418276263631616 0.2185503287266321 0
0.7391564071317657 0.2358122656313528 0
0.7291009337962924 0.2083375615200476 0
0.7667674959546675 0.2387185974541155 0
0.6691412038923252 0.2685746305037017 0
0.6573072062839737 0.2722944133830868 0
0.6788526701085345 0.2767494456418725 0
0.6908150762066849 0.2745653179998165 0
0.678377097214005 0.290328730607433 0
0.4669051097808411 0.6092007462944337 0
0.1940024886107667 0.3187128235882353 0
0.2086019518381272 0.3173356103924593 0
0.2166283063494316 0.3292831615451601 0
0.5947099391668149 0.2146047760772873 0
0.6658873221228832 0.5678293031042994 0
0.7489457346412625 0.6186364522020547 0
0.741191448000134 0.6095842048981082 0
0.744873006927032 0.598824662356462 0
0.7349551397121123 0.6013544248711564 0
0.642482516205952 0.532505997907088 0
0.3972172746564039 0.4972749837923549 0
0.1861315539275011 0.6133446251328696 0
0.1716811627776955 0.6157609418915431 0
0.3270239363061689 0.726230937217091 0
0.3349670425648162 0.7347231008431929 0
0.332752804301603 0.7465407079818227 0
0.5846682622379805 0.5584052815589907 0
0.2361160173521467 0.316837733432015 0
0.4965065549624305 0.3534363490097614 0
0.5940549261854911 0.7953975627508085 0
0.5971653607383366 0.7827555222498238 0
0.5856596309437094 0.786431284610923 0
0.589023404742778 0.7731054402593032 0
0.5811638677480031 0.7991869310137245 0
0.5728711577342182 0.7884613894448009 0
0.6024071786050823 0.7707846753454186 0
0.6371393570293081 0.4439987601388313 0
0.1452322370737018 0.1329030697164442 0
0.6077780079139387 0.4612936091310524 0
0.7681494467191461 0.4049659413042886 0
0.5485089510882211 0.4072451974467908 0
0.7625920213346231 0.3711018324102523 0
0.2309792029154478 0.3814201858516838 0
0.607486326017443 0.1825343927062034 0
0.8744841669818668 0.9435608540915291 0
0.6010888349944254 0.5445624203905499 0
0.5352301883050948 0.3142030244024309 0
0.4018848504164325 0.5348354513227643 0
0.6161451697494875 0.2420132521078961 0
0.6275806914856159 0.2388711157664613 0
0.3830576928232322 0.4337073589883896 0
0.4802457049722899 0.06522894973018667 0
0.4981114311766845 0.06423657934812987 0
0.5070130520613266 0.04969898265673056 0
0.5174481770362181 0.06491726295598815 0
0.523777562026158 0.04879514520496564 0
0.4913097644796875 0.08042324864518025 0
0.4785438335882911 0.09483106095360438 0
0.4617795038840675 0.09502976055370715 0
0.4674825579359814 0.1099088051167346 0
0.5841150284405389 0.4272988658802801 0
0.5778547164235088 0.3820181790421034 0
0.7152381552032665 0.7336790710241171 0
0.7281066065031296 0.7296400513446681 0
0.4265168822697816 0.4069557762217549 0
0.162769599447246 0.2283216704350524 0
0.4233639200997704 0.569124798169088 0
0.9133609539923473 0.4977870145536196 0
0.8968851180902471 0.502425606477186 0
0.9018532760993345 0.4839885585347036 0
0.4180829542915451 0.4140709755035254 0
0.4741582293674854 0.1755456295866761 0
0.1769298173439118 0.3574769524450265 0
0.396686971134587 0.54874535849918 0
0.5062716432528058 0.6027832656688584 0
0.4030448083003447 0.6424289711281508 0
0.4668566589519335 0.4001986081291259 0
0.4902042498675268 0.2893107512968504 0
0.4995649796452989 0.2847943133049166 0
0.6366257079706856 0.5511511709030084 0
0.856671550771214 0.437308947531565 0
0.8453730216078933 0.4258807264346985 0
0.6477136776496093 0.5012847974984259 0
0.3078803495400049 0.9259657081478704 0
0.3132916547410356 0.9089001733548174 0
0.3008287944063434 0.8938325807961813 0
0.5205529706892559 0.6132852106058522 0
0.5616217344696719 0.65538339736261 0
0.09860302491980139 0.321966001517686 0
0.1085962818724956 0.3356180415341744 0
0.1154813301090427 0.3203265895609961 0
0.122333914268814 0.3056758461139468 0
0.1323729978418652 0.3199518867420408 0
0.1390032643521506 0.3044572103088947 0
0.1256432423110396 0.334458575623061 0
0.1185210539889001 0.3499878932354823 0
0.1011099086482856 0.3517592484091604 0
0.111124029202571 0.3659037357869492 0
0.1277092046812998 0.3632888842151244 0
0.1226015060057939 0.3770041412731233 0
0.1058543417868025 0.3822716849417099 0
0.1130920775512564 0.2915195953209596 0
0.1215359127053819 0.2761371521863259 0
0.5795129672653785 0.1026435818337019 0
0.5771720341447125 0.1183762216215865 0
0.5936104159042868 0.1135875333723848 0
0.5613376834446886 0.1245309369985271 0
0.5753875430493685 0.1337409955434843 0
0.5953147559046638 0.09602018389379208 0
0.6091124493201862 0.1059508948060816 0
0.6249371514769796 0.09970224472716782 0
0.6396696040608061 0.1096999193501479 0
0.6562503719146037 0.1026462599340404 0
0.4969112545162661 0.6033348907094278 0
0.5315658738906269 0.3995589403214986 0
0.6492856566901073 0.6091525100254723 0
0.6448419748228581 0.6030653794257891 0
0.6374582499852219 0.6042527330842447 0
0.5073865865919356 0.3471552378680099 0
0.5616799235872318 0.3850344965841758 0
0.6047583065385916 0.4509227478531073 0
0.01563691578956306 0.4900745925227823 0
0.03394216530552907 0.4820782707418553 0
0.5007522281477983 0.2743844099284761 0
0.5083465734850136 0.2802576133309357 0
0.1673431010049976 0.5900609638133307 0
0.3938178047187763 0.8057512953530135 0
0.450034321360148 0.9834918670723973 0
0.4633217626325625 0.9656938479139885 0
0.4393159440382206 0.9656091279368799 0
0.4363231759275332 0.9495026667395909 0
0.3661141481058775 0.6269003335916894 0
0.4908235268592287 0.3944038012215356 0
0.5290357866305265 0.01717498426092295 0
0.5375538918375665 0.03727584032315434 0
0.5584820975649414 0.03374515393788469 0
0.5523541317502413 0.05003455075868835 0
0.5690921896808452 0.01759407022676157 0
0.5778544326765664 0.03337212594863903 0
0.5968782234257738 0.03465429115630703 0
0.6084392837233903 0.01829698920106526 0
0.617230609195877 0.03725639757600513 0
0.634847030437152 0.03415152072171085 0
0.6489383871341025 0.02149285897026237 0
0.5299303346453356 0.982919793480284 0
0.5398682939219038 0.9674377989124359 0
0.5587943484164056 0.9662466966973484 0
0.5471177185398538 0.9506845486136031 0
0.5712243741757597 0.9496031525407811 0
0.579657901146709 0.9675119122968819 0
0.9835287828401147 0.5299764302458009 0
0.9669557010799943 0.5189348979753989 0
0.01750744324091164 0.5299045182594346 0
0.2640663310920591 0.4844119552185679 0
0.5384923297177885 0.6120855483017311 0
0.9830837152371081 0.5701380988251433 0
0.9672026081059478 0.579953697554393 0
0.9663297408995218 0.5990058732873228 0
0.9498566473981945 0.5868092504442107 0
0.9470390347476572 0.6102310520267312 0
0.9657385142409706 0.6191912039325174 0
0.9501445184558845 0.6316004857571414 0
0.9692063121966272 0.5600158250104766 0
0.01654371066744392 0.5704565756138692 0
0.6098439916839923 0.9836448290096066 0
0.5999968402166971 0.9660692080874088 0
0.01667222867466911 0.6102062467577711 0
0.0332525312200122 0.615908554934629 0
0.649108038811574 0.2529737012865011 0
0.1659379565693196 0.1297981973552232 0
0.9829371234251006 0.6498950432469095 0
0.9664669924831032 0.6596805719002965 0
0.9657596530918984 0.678701012713617 0
0.9494260767232587 0.6695121005759861 0
0.9491735237539138 0.6878717928157938 0
0.9651131142211131 0.6975428686134215 0
0.9485750356723455 0.7061091300459572 0
0.9329744539417146 0.6966524726190457 0
0.9326543092490396 0.7139726609618536 0
0.918090907508976 0.7043539269872264 0
0.96448786891261 0.7162020194190004 0
0.9176554387795846 0.6877623645767944 0
0.904448665041986 0.6943777252616943 0
0.9666731655290359 0.6400175175016742 0
0.9828210132483155 0.3497219594718216 0
0.3492030056967517 0.01785332249000787 0
0.6161771769047135 0.4793400631161727 0
0.7182118818239354 0.7189611244639416 0
0.3721771186021687 0.2818626225192943 0
0.346126404017625 0.857957926358787 0
0.2834965455727024 0.4823851263706052 0
0.2856144812086155 0.4911573433556871 0
0.336462522873929 0.150324492637269 0
0.6172388436972738 0.7277917471571234 0
0.2073601649062531 0.2680420281938737 0
0.670655590317199 0.1125881038447617 0
0.5491789697602916 0.3397385618962353 0
0.1315815983271319 0.7356032913342285 0
0.147258139874238 0.7310376425712464 0
0.2444254147841137 0.7783415181530283 0
0.2509968670498129 0.76474995184203 0
0.9297998501904001 0.7474286748348681 0
0.6865463309323752 0.224219660773478 0
0.3338552560325814 0.5816695425308308 0
0.1364570276223858 0.7192924213892655 0
0.3100022858116931 0.8367813583671423 0
0.2948979468370524 0.8396233919435502 0
0.2848379966172934 0.8264735490529358 0
0.1121549752404324 0.2608107085474293 0
0.5485721572289356 0.3718692482271312 0
0.3376220153941923 0.4868006071807252 0
0.6574551782094196 0.6646977833781351 0
0.3682830221136366 0.3099012564790018 0
0.4803583260503705 0.2334174126317161 0
0.8455434900880947 0.1515895300637998 0
0.8287118026548624 0.1580831155242353 0
0.8148269491721134 0.1475300065824088 0
0.81217822685521 0.1645714570919208 0
0.8263116018555937 0.1755841388519073 0
0.7982269909054245 0.1545516671281629 0
0.8097318520419649 0.1817572480044066 0
0.8173359645731298 0.1306334988974349 0
0.6479900268168687 0.475225081631941 0
0.4766307061874082 0.381736422128075 0
0.435820352485271 0.3777000898616175 0
0.4331616771388371 0.4084569388200028 0
0.6709835901777547 0.894261528238909 0
0.6595645401906866 0.8832756901392484 0
0.9332072532330414 0.6786315568816513 0
0.1533871394243229 0.7599856350249343 0
0.3208954764921204 0.03492621756971587 0
0.3193258666603603 0.5410996439043767 0
0.4653684100032009 0.7599010039983192 0
0.4768371606885603 0.7569054641257222 0
0.2104830092184596 0.5141153630964809 0
0.2175870962268626 0.5024232639618277 0
0.5137699117453556 0.2602731883583396 0
0.522147830130838 0.2666573674422956 0
0.5321168414844889 0.2629798399520643 0
0.5301104372805026 0.2739699479352561 0
0.5120486470931114 0.2719171057400163 0
0.534218543145708 0.2522473236619969 0
0.8742226839546203 0.1744762980914972 0
0.8572831225050902 0.180998166875623 0
0.8716934569996793 0.1924430053300198 0
0.8548534308686953 0.1987476233222597 0
0.8407844899535231 0.1877067830292926 0
0.8394774146494757 0.2059231237681269 0
0.8536230938668717 0.2173418317522369 0
0.3159982134443058 0.5136394534023975 0
0.1259927109891142 0.1672287873326576 0
0.4236579051450012 0.5945698845522336 0
0.01711772611326995 0.750069258534084 0
0.03406380333906273 0.7599474860133946 0
0.03415410453547624 0.7794229920474796 0
0.05080803816489982 0.7694724114431359 0
0.05061574919296635 0.7499576651954485 0
0.05110753313128735 0.788497256530746 0
0.06713930263728546 0.7792549145129763 0
0.06983968883207964 0.8001439034372934 0
0.0825384704006627 0.7882036553401904 0
0.03512536911994524 0.8019835490173226 0
0.03401315204846556 0.7402723993691857 0
0.03427946148333361 0.7211131712829293 0
0.05054823124469421 0.7308606535938489 0
0.05067996550972115 0.7122274713291772 0
0.03472193060719864 0.7022988832148964 0
0.06705520672982734 0.7393995340733589 0
0.07029240326429587 0.7593107262095831 0
0.06701236686730028 0.7211308314921376 0
0.08169390527194847 0.7107856818716685 0
0.05130574784328235 0.6913269880435809 0
0.03281908421125301 0.6824376409977128 0
0.7493743556157915 0.01597169422602118 0
0.9803615878343825 0.7507527699333366 0
0.9844320018917764 0.2498008894497787 0
0.965325681334926 0.242645585640597 0
0.9656731118820071 0.2205377133715484 0
0.9472025355136888 0.2290963495663865 0
0.9484493426527425 0.2105197253268963 0
0.9285107208527748 0.2366864208249164 0
0.9567636104334011 0.2614935260351858 0
0.9656199444267347 0.2005939210185814 0
0.9496331960344875 0.1924052861426244 0
0.2499957598252642 0.01714894081829382 0
0.2400667557555904 0.03408163692886318 0
0.2205450586212682 0.03432253749091602 0
0.2284277124884607 0.05064126495898646 0
0.2457128987928311 0.05150951314771562 0
0.2602975185369021 0.03712265276794391 0
0.2101462383461764 0.01726692429007093 0
0.2002673710148698 0.03410617680802341 0
0.1799620246891663 0.03444736600803811 0
0.1894062259051552 0.05092844598289992 0
0.7962108968026527 0.171115938377405 0
0.1867469514620743 0.6937905780723264 0
0.5942633820480991 0.6408269469116266 0
0.5846772666166838 0.6359326909046182 0
0.5866730118317497 0.6299225649136023 0
0.6050500686930156 0.636153370414562 0
0.6086070187080884 0.6430432108682292 0
0.6167133533667686 0.6439075184029762 0
0.3657726398089476 0.4579831885826968 0
0.3926688673296955 0.455753624478005 0
0.3232899291559875 0.5687792678318445 0
0.6613839056135915 0.7252070744985412 0
0.2216739882893156 0.5461939382549527 0
0.3814085696435363 0.5721154300540908 0
0.3359615980594176 0.4650167610368121 0
0.7096353580271531 0.02846450286548141 0
0.7973045809902949 0.8180892556958907 0
0.821206978621461 0.7817054052184299 0
0.6138754613397335 0.5265372427290493 0
0.3545448422060501 0.9300195784497169 0
0.8436202449396975 0.3718749246465026 0
0.4467908954776489 0.4116995764988109 0
0.6445685999713466 0.4702836890359111 0
0.1898668839799604 0.80100045754955 0
0.8163088995789727 0.2788256018509681 0
0.2207554609595042 0.2399133458160352 0
0.2315757618007579 0.2272460693420968 0
0.1896285745028256 0.8443863076073272 0
0.4569479932556958 0.7521425780654302 0
0.6836132671893836 0.5310892811613016 0
0.6757395778520348 0.530860801338495 0
0.6788210653554894 0.5369436114608428 0
0.4014605051800696 0.663173716177418 0
0.06414387773425206 0.03701478180116352 0
0.4744746323460948 0.6420733736499069 0
0.2610956541442581 0.7765160935265546 0
0.2551087731642727 0.7907153400684112 0
0.9049451070650458 0.4069080071054022 0
0.2373524509541488 0.1848684132705267 0
0.2391138026309207 0.2119254626351346 0
0.8026117474058274 0.3892800147644606 0
0.8051903911841065 0.3745744538020482 0
0.9822989399786819 0.7087505086955972 0
0.7375240486392998 0.4385826832048172 0
0.4934879440185871 0.327812985012308 0
0.8484074023437789 0.4116244937680941 0
0.8430818045644943 0.1695121949426791 0
0.3105095935660075 0.01771115616653685 0
0.290042934763611 0.01718947168503593 0
0.3963444745952855 0.487712109455829 0
0.398260709575057 0.5578468396188436 0
0.4407437321522793 0.2180473248218083 0
0.4296348120820027 0.2227748379664097 0
0.5036612709771464 0.6415615672778708 0
0.3579584170174451 0.474846841096629 0
0.7229195678838974 0.237545993996072 0
0.6280803069884708 0.4413742925566491 0
0.6230994066964997 0.4428696243369291 0
0.8803584147917475 0.762305831356314 0
0.4529402866187646 0.5915547368325582 0
0.108614559112085 0.4946262861627153 0
0.3065352656634388 0.571694516250097 0
0.1827929378403518 0.5505527493733817 0
0.3632954676737161 0.6107446808152889 0
0.5520402076621893 0.6982843051986604 0
0.4663255189965236 0.261555161723244 0
0.4688862079730647 0.6355145388763818 0
0.3205487531083706 0.7500667692791942 0
0.3298717643650791 0.7589266349013734 0
0.01754229647311045 0.6915838734944386 0
0.1990574143410292 0.921836945031472 0
0.09694213398794482 0.4257218301294826 0
0.4722136926424482 0.4014107337754317 0
0.8426033241810518 0.4973933668371693 0
0.4102602992093194 0.9828442882788198 0
0.3912267876001587 0.9781862714490455 0
0.5820009981412737 0.433913101199239 0
0.5799820654911799 0.4314862955695976 0
0.9831751635192056 0.3889964264563895 0
0.1860331491141057 0.6530372409246012 0
0.4571053943641933 0.8882813641221927 0
0.01732050807568852 0.3100000000000001 0
0.03378027396316996 0.3191661583149801 0
0.3188529619878983 0.761720041382882 0
0.3061489842537387 0.7682773181769489 0
0.4268956940539743 0.6454616927390568 0
0.6980278261319433 0.5010953096348957 0
0.7088854126235613 0.9799231353748705 0
0.7042551206242033 0.5087549131605149 0
0.3461192964896387 0.2923037697629499 0
0.398456815145944 0.4106114331898169 0
0.4834777621411762 0.3989112372842382 0
0.4411752790555047 0.4163177568629526 0
0.5695839211419852 0.9832514359097144 0
0.6027194995284585 0.4751049816215508 0
0.6016134141402347 0.4780705020860755 0
0.4834983086348272 0.6736983633668683 0
0.3703240491322457 0.7922601428707504 0
0.3900314257523235 0.3937319867433878 0
0.690823696812632 0.01730424904664429 0
0.4577330872686465 0.3635460168274907 0
0.2088654279465664 0.114070716210546 0
0.3965967360134696 0.4907998337126767 0
0.3819314688204526 0.7143351990504915 0
0.4506841673037745 0.6204985664073643 0
0.4550042430070514 0.6215065835742104 0
0.2666096947071325 0.4578531600674408 0
0.5483384966116683 0.1159482069115949 0
0.6696574622024334 0.5609441646207598 0
0.1185705986516585 0.5705982316810969 0
0.6104461323324877 0.7802698001416013 0
0.469292081155059 0.4021607475965588 0
0.3142387136722165 0.4198907209543583 0
0.763861630171945 0.4864731514432873 0
0.3856727839780452 0.1244914187522887 0
0.4164772049587423 0.4405191727460654 0
0.7645474267932668 0.6835338069254762 0
0.3616675188400104 0.1115078095934024 0
0.7269401875352625 0.6257169649187194 0
0.6655290486854405 0.8074862178166301 0
0.2264601080256933 0.113343197945644 0
0.3921054692791535 0.3266990559984302 0
0.4995213851743012 0.1642815764231647 0
0.4103904026450798 0.4502032126811942 0
0.6353559234263254 0.3729835760398483 0
0.8289073719833355 0.376349489191895 0
0.1172010056925823 0.6124747739994167 0
0.8386321285879654 0.3303595343468149 0
0.6496024278216797 0.1652217409269422 0
0.1210143019425114 0.5289338344541906 0
0.438846745661764 0.4180222351341971 0
0.1700333010436583 0.01730864147034067 0
0.1598840420491137 0.03447327522429955 0
0.1405422314649599 0.03490778458475624 0
0.1503642806600799 0.05178507187209702 0
0.0172828379918854 0.9502640280406874 0
0.4016557208380661 0.4716773592487143 0
0.01700282560953809 0.4505502421720464 0
0.4052247170295214 0.5392139031411385 0
0.8988853613877557 0.09351877801821645 0
0.8834368850782652 0.08044021169415549 0
0.8825668904152092 0.1006773491634381 0
0.6684980359544453 0.6917339487049494 0
0.2032910809626424 0.5034494220249865 0
0.2004241251093333 0.4794793595753325 0
0.5827805389209009 0.439247023724153 0
0.01723829341585353 0.2101423999679616 0
0.7897531010707017 0.9828952572692303 0
0.7817755582929451 0.9620828610584309 0
0.8002527176250519 0.9659282793047625 0
0.786566093078152 0.01735166391629017 0
0.983537256915486 0.7915419681709932 0
0.3998051876754291 0.5232794257306508 0
0.3990623237835372 0.5172336277979823 0
0.3971386241068382 0.5190404247311707 0
0.5752240541358491 0.4303710155282806 0
0.5150452203355471 0.3987551256743265 0
0.5165114655443853 0.3961058683118535 0
0.6259541903747469 0.5419367978488582 0
0.5528478610469884 0.5875544441092119 0
0.5479477352768843 0.5905471875654021 0
0.4118827796595076 0.4477373427248851 0
0.4148414092976971 0.4429718629233761 0
0.4218060256719554 0.4335139471865805 0
0.6505205764302041 0.5932157220990124 0
0.2368843035306064 0.3922546012336705 0
0.4104048177228684 0.5497969023528295 0
0.4133928317536215 0.5548382147192834 0
0.5626795824864981 0.4188886983316468 0
0.8484473150366556 0.07594978162967869 0
0.7567629407171357 0.5199543680597898 0
0.3126200430353321 0.7801184266249008 0
0.5790732118804928 0.5653300518223181 0
0.5752420881339553 0.5696125206939012 0
0.5151168784475053 0.6019423723811241 0
0.5210118621452564 0.6004096168660381 0
0.580887757765377 0.4369139902398902 0
0.4798164368875954 0.396305551779518 0
0.6070435257735705 0.5362620755032683 0
0.4559301031802627 0.3483533397967517 0
0.5916134159508888 0.5457543552619719 0
0.5319267481612077 0.5973201985585328 0
0.4973948626518099 0.3956433222600048 0
0.4149929824645979 0.5571800362218927 0
0.1158994023437489 0.6524843734027316 0
0.4317598552401679 0.5769559085952389 0
0.399385254591775 0.4800078283691653 0
0.6882940406294071 0.8897601137932276 0
0.2222082635564648 0.2131571249278554 0
0.4459362454067348 0.5870460938348125 0
0.5291918775557836 0.4018532879064116 0
0.3986908102485409 0.5143469865329627 0
0.3690462381159838 0.1514443676972494 0
0.4022433130835657 0.5314233017956512 0
0.7439611464116277 0.1139424505161533 0
0.7759936458428116 0.2802213006375512 0
0.5121573073251009 0.6042977317532792 0
0.6731306788232153 0.4192914661970523 0
0.6602804827922395 0.4146762274000373 0
0.9830161588643453 0.6094168757546323 0
0.4090794336773033 0.5473245062881867 0
0.4064839449420053 0.5419737631812487 0
0.5887237325939699 0.5509429486965944 0
0.6095332320691704 0.1685090175754077 0
0.1635630233019966 0.4373678070206833 0
0.9292301522379893 0.1176823606866823 0
0.9437953576734466 0.129748670343766 0
0.9643954349760631 0.123763317974193 0
0.9577796795423796 0.1440642386997133 0
0.94047890195624 0.149004437974965 0
0.9545378926401293 0.1621374209761672 0
0.3426249730647916 0.917436028882432 0
0.1304922081673708 0.01765257726305602 0
0.9098956831684014 0.4513624404167638 0
0.520854381035322 0.3991830295434138 0
0.5731902277636167 0.5716597017240307 0
0.715149930930461 0.2770873394838579 0
0.7233854184386017 0.4019086373629702 0
0.491757775014018 0.3977927450616103 0
0.6025398970232352 0.5043010885367419 0
0.6026626343642956 0.4985389542085757 0
0.5453371478814214 0.5918751976654175 0
0.5263946842774679 0.4010290803662009 0
0.6006952501985525 0.4809328689392287 0
0.9035911248518034 0.8351490512331947 0
0.9005037859559242 0.8534195473032864 0
0.5951838254470798 0.5380545040556083 0
0.5823854972219179 0.6131178072585171 0
0.2740129182721192 0.5561651219705812 0
0.4498799817729184 0.1747791465103781 0
0.7503285208060386 0.3738546963925266 0
0.5289194056255399 0.5983022522365298 0
0.2824940649935612 0.9001306228063635 0
0.6131744293959583 0.5584247904604104 0
0.4832030627626778 0.6013504770273561 0
0.5808495986380287 0.5630205542887438 0
0.4805071603279231 0.3577784310534039 0
0.4694430267814501 0.5977150247367194 0
0.4308901120879314 0.6669279180781639 0
0.4892933856965874 0.6018213018859394 0
0.7519674040187643 0.6877525145322466 0
0.7552471006885577 0.6744975010712669 0
0.4284088418963802 0.2860386276345496 0
0.4301857555905183 0.5744354489633635 0
0.5974913731276482 0.4672119188455358 0
0.6211648693487453 0.3471593728211081 0
0.4296521793079623 0.3526301855202333 0
0.5090035381903673 0.3981323041765796 0
0.5076072788923788 0.392773612228714 0
0.2674399494249737 0.5197554893785262 0
0.8656721012026554 0.965252285457221 0
0.8269021652826289 0.3039918848353562 0
0.5803360015726922 0.3600104156534488 0
0.3403603390260327 0.5592817424563593 0
0.4435163007336287 0.5854952758218015 0
0.7252164105674102 0.8639827665656705 0
0.728294747107822 0.8485095056299339 0
0.166035710790927 0.5280901394024535 0
0.6033176846261177 0.5992462046855516 0
0.7307871759077256 0.1931362348139655 0
0.4451473069779354 0.3922606976281854 0
0.6926873912427773 0.5619733882857321 0
0.6963226628214794 0.5527962100449771 0
0.4468415107211003 0.6724328019299045 0
0.6618200854024306 0.5880275242859017 0
0.2934360957509687 0.7222062898089039 0
0.2022623230708595 0.7317267626607775 0
0.7941727406479966 0.2433737261455384 0
0.8553595037221715 0.7549746922956748 0
0.3555806371235811 0.412487206506291 0
0.3613926689918056 0.4023168879196335 0
0.4863553494852462 0.3562315168015477 0
0.6232872996749365 0.1171222153318323 0
0.5700067453884722 0.3207572701405738 0
0.8540899166835625 0.8325443842690476 0
0.8381981992124674 0.9258791834858392 0
0.844247383614261 0.9079164957450876 0
0.9828395917105925 0.8299977746809267 0
0.9675800070550552 0.8420952420992265 0
0.9633685564903416 0.8227971494017343 0
0.9836766957208022 0.1700432394908901 0
0.9653434358069398 0.1791781049244119 0
0.963434118951814 0.377420098027978 0
0.1684184394827866 0.9126505372091124 0
0.4080905864908228 0.06999966439268163 0
0.7220164626007204 0.1520125730103528 0
0.01651124208692223 0.829849222654818 0
0.0169892925244407 0.8498461045312065 0
0.4004221607061359 0.3942068043249362 0
0.1029244959522234 0.03595933401678814 0
0.1281609788050644 0.9841652457331367 0
0.9826863749333044 0.1300119217212847 0
0.7122454283084472 0.1262710553221936 0
0.8054734999003076 0.1012327355698212 0
0.3398026172797848 0.776088312345584 0
0.3820505786943208 0.4489998042875906 0
0.01722983302609365 0.8916204819348061 0
0.03769649260881341 0.8919706202712188 0
0.09110833670938834 0.9825680834131529 0
0.9825524090236979 0.09056377310740266 0
0.09131542437931306 0.0180398633632336 0
0.9826795521034679 0.9500001042333581 0
0.9654290858122442 0.9598834641725926 0
0.967422618849381 0.9815815101050057 0
0.9488170902543669 0.9699015365077639 0
0.949418118148839 0.9501879622902055 0
0.9346467033812069 0.9591233947303813 0
0.9656320221620486 0.9402100146907887 0
0.05179466537400179 0.9837530468226505 0
0.98278193348406 0.05016374425833225 0
0.9655613815471261 0.06000140173235574 0
0.9673697998528259 0.03997834861585314 0
0.05115296649638579 0.01787789565245768 0
0.9487901322940575 0.0169367472567532 0
0.9392184429840071 0.03507320980265266 0
0.4625280537138967 0.7055693085108665 0
0.5401421438467124 0.4055940048552266 0
0.5429722504004638 0.4067795921222502 0
0.5347156915140464 0.4035624822812095 0
0.6232594043763633 0.7076297489930163 0
0.693438381646307 0.2599866327757235 0
0.3301659216929894 0.3605634021415469 0
0.899145995615509 0.8066953508376014 0
0.3722384434348451 0.493839249238143 0
0.372444647674447 0.4982187242723171 0
0.7392726735626799 0.7895090032585483 0
0.6729844032234216 0.5208242142028763 0
0.05613040766175653 0.3401066141361544 0
0.08616104773430638 0.1038129941955865 0
0.5584111080754226 0.9345000511359469 0
0.2912922704234431 0.770789098486794 0
0.6692310789909058 0.7686485162126613 0
0.6487431379344477 0.9833650318026232 0
0.3685825938613291 0.5008495269850578 0
0.1879698494263832 0.957235350800919 0
0.4668946960371397 0.3651170070426502 0
0.8847792144029952 0.5524890855019138 0
0.1540072388037601 0.2140892405496738 0
0.3733939155833911 0.3566168569889212 0
0.5011963305959103 0.3820883328378785 0
0.01714012150827793 0.7901656404927874 0
0.3596412231665079 0.4970302350985161 0
0.9828124870753012 0.2102546070522923 0
0.08368165098499714 0.5454600876031136 0
0.118782241794677 0.2143441972172295 0
0.5946030188771445 0.5597384626735327 0
0.6137095408532374 0.6716398956460212 0
0.6028741818563872 0.6662342472366318 0
0.4211534789718432 0.1922054962743332 0
0.6113515067268281 0.3577616221179852 0
0.8966844454674346 0.6702474606195955 0
0.4325352602956699 0.8925576510592305 0
0.01792586868899126 0.09018615044804035 0
0.4116986537033309 0.7937953917873173 0
0.2229913707490891 0.7535932128540459 0
0.2066123796882423 0.8411647237447721 0
0.211770503015917 0.8257247971774396 0
0.6415370380833858 0.1257914513150886 0
0.2627981942423216 0.8596880453012832 0
0.516415295696104 0.734667319139032 0
0.5849086563664898 0.6884535034745115 0
0.1230371448406953 0.0692278476101395 0
0.6119570637132794 0.636639284047358 0
0.9336935777585215 0.598233378338247 0
0.9654957417073916 0.07976314780196231 0
0.6186969651200696 0.5836600297307135 0
0.3674638845701834 0.3869641604046101 0
0.6288049925278 0.4359011707548732 0
0.4270234563714325 0.06708574155470898 0
0.1005091702701772 0.8133088434612897 0
0.1191945484770566 0.8113704216055146 0
0.4628554218124172 0.6849417650194962 0
0.551034407949398 0.6001485812425387 0
0.4432781503597027 0.03537049115356333 0
0.155789977584597 0.8990161035797656 0
0.804947078391233 0.04031060573457579 0
0.7643242215564277 0.2706381724722807 0
0.8120405524039342 0.4709061244059305 0
0.4510809147181947 0.3945390966798028 0
0.3269271557773584 0.2423937845615753 0
0.2162289288932243 0.6896923447515235 0
0.268004476687093 0.06772945306799677 0
0.7802804584785936 0.08325755802838958 0
0.2952312661006026 0.7574382844773799 0
0.5276727352039077 0.6016238584865004 0
0.2394739947931346 0.6620759475887087 0
0.3149086961713985 0.8237121166793608 0
0.8927320964044152 0.3962964299544118 0
0.113111751501812 0.8752932635324964 0
0.7691065500379703 0.8811538932655008 0
0.7883096346808531 0.7492394891451352 0
0.1698339711883642 0.05126242259380798 0
0.130403883463779 0.5423312368615411 0
0.9219498961081408 0.04739238985381 0
0.5637680990626508 0.5992843924687826 0
0.1844119043601624 0.861003390969445 0
0.4936587255122393 0.6434932982328349 0
0.4166366824298758 0.765012441679751 0
0.7559806122642945 0.5956598445247482 0
0.93480575932129 0.9106394236978381 0
0.5808902841046393 0.7195640868880619 0
0.07441505698402401 0.05389609130509004 0
0.06363337938775149 0.8195905580916405 0
0.8635334294744239 0.6356291893542334 0
0.2000006452440036 0.2810614812830124 0
0.415538442211618 0.3233332652757754 0
0.3207467081048216 0.3835221286882429 0
0.4786254970664998 0.6130603434304787 0
0.2943708496088083 0.3004254166122062 0
0.1329117067390106 0.08542547337679923 0
0.4334557013486353 0.6296872834132979 0
0.6861738436294458 0.7532028292498952 0
0.063425095895839 0.9187128425111508 0
0.46034886580506 0.3522906746604781 0
0.8914966628705604 0.2669578695795169 0
0.06094803717547281 0.5306882032139206 0
0.04327498433575627 0.5319536112463737 0
0.5313081747029662 0.7491867183575978 0
0.6404583062978003 0.8067805114091233 0
0.3714064502171696 0.6600833908848147 0
0.859409900866877 0.278095961114118 0
0.7488718186313068 0.2896720672216653 0
0.7607896143915802 0.8118038485983602 0
0.4644899920026029 0.1391226017379549 0
0.4061204764631569 0.3488242987530323 0
0.498027244935169 0.1787443042175502 0
0.6053208506227364 0.4202923743359558 0
0.4001879188624658 0.4392858316215629 0
0.03799133601970128 0.09007630473430372 0
0.3528404461999867 0.7404870138901013 0
0.7649318396550547 0.3580175492835998 0
0.620020990176547 0.6214033711175647 0
0.7507834116671956 0.6513535752054027 0
0.2774769738288607 0.5734508226451206 0
0.362373123030622 0.4716755640573825 0
0.4703991469256394 0.8688710443006576 0
0.03399766974270957 0.581640130503745 0
0.2287007811537159 0.281433181486813 0
0.1687571875793719 0.9811050939595575 0
0.8962670064465424 0.1318496915658788 0
0.1604962216722595 0.06819987820182749 0
0.7247315203073461 0.3391036044106677 0
0.1350509799629357 0.3483396339050487 0
0.3416243374629956 0.46083700664157 0
0.4982411013786261 0.03424184151509102 0
0.3956202820207076 0.5732486830569484 0
0.4494099328386827 0.5910896540105179 0
0.4466710201265485 0.2682902329169973 0
0.4590663575366035 0.7417453610168171 0
0.8434857914661419 0.6708745995033987 0
0.6685442542839533 0.493971530924943 0
0.505780812867336 0.6682332977594746 0
0.8019739410833954 0.5789349899281167 0
0.3893899306281032 0.4278166345538227 0
0.5841182812634463 0.3465087004135453 0
0.1369917925952654 0.635227079796459 0
0.8140113970247774 0.2941379217658345 0
0.8180837219633575 0.4329182808773683 0
0.3383443439711077 0.03553856492457375 0
0.4132737228441277 0.2551231519688343 0
0.3420932272412487 0.2081213509752193 0
0.3364648915927398 0.2196305602183865 0
0.1135887047064585 0.9248039011115241 0
0.8110640803937935 0.5157961337188067 0
0.09664660545427134 0.1194843678393812 0
0.7327800206193884 0.4589505455424672 0
0.9261702937269216 0.7653511871184939 0
0.6600151468965586 0.4350374639502058 0
0.6550748916512692 0.4299014864830162 0
0.7285114553482441 0.7794777703767179 0
0.7411667910695682 0.3652154299933729 0
0.493865257720313 0.6900433213074239 0
0.8800083535124337 0.925082193717783 0
0.4778105055155535 0.4000022568965086 0
0.2281040413404914 0.1424065596653891 0
0.6356965529462169 0.3512505661627721 0
0.5771883496039586 0.9310105340899799 0
0.7325320791766836 0.7171239501181152 0
0.7680943970201641 0.6704326459366134 0
0.7450096959445301 0.6648463609808217 0
0.2472571173895437 0.5501374761724767 0
0.2846682163739437 0.1834683354151851 0
0.3167592264934541 0.4627350863715714 0
0.418275040004659 0.6989944678491664 0
0.3571177300350977 0.8698986611910072 0
0.5798082206145593 0.390418055406528 0
0.4250364587072614 0.03617142381650568 0
0.7989274454845967 0.1969369270022283 0
0.595739136709232 0.4320794084866388 0
0.2407477146032807 0.4504120724789969 0
0.03386062480827795 0.4618436051150648 0
0.1030514217127325 0.7706164092300996 0
0.4821751105219078 0.3800521839105667 0
0.4545252545629547 0.354379163091703 0
0.8248848753274713 0.1930192411655969 0
0.5668617466766261 0.6508503542553842 0
0.6189159187201403 0.2034779432039804 0
0.2492798540154303 0.568466533471597 0
0.4718573930966926 0.6272267032405755 0
0.4691829273358908 0.6237617497041636 0
0.6692736699009254 0.1289153251364126 0
0.4543359623965163 0.5988186428513658 0
0.8673926364909932 0.2281800409198911 0
0.5005273402973177 0.712280405405738 0
0.6320885340311553 0.5053861162993676 0
0.8581530836939248 0.8795384809757816 0
0.3280927061584956 0.5078890080968197 0
0.3197205867071976 0.891941388655786 0
0.3833676910841886 0.4231589688957645 0
0.8895717407554782 0.4125192413608105 0
0.3854996736645747 0.9208446784169989 0
0.5210231980841351 0.08155114179430223 0
0.6180375825669288 0.5453175255719371 0
0.8226747378459681 0.0325735587834125 0
0.7202534666181617 0.4434924357619278 0
0.1956956367493032 0.1720846792923704 0
0.5884238658086061 0.2555723322718202 0
0.7052778448686171 0.7245923276624635 0
0.07518146713971341 0.2318495079838984 0
0.3877921531387981 0.3034190601694626 0
0.9486514871969288 0.80874744324132 0
0.236711918568949 0.895771188629692 0
0.9141175437816571 0.2257874219935007 0
0.2857853659150246 0.09731474632264331 0
0.2185355844466402 0.8542322649034544 0
0.5132334815164934 0.6592687299826944 0
0.3988369645050245 0.6942927885970973 0
0.2552207787445547 0.9385247325964845 0
0.418781645426213 0.2976545485207494 0
0.3207813606686741 0.5207996139493001 0
0.7161326579325895 0.6984828194859081 0
0.91937280913996 0.1908687944558069 0
0.765883725131556 0.7830732237330169 0
0.2559055688075136 0.210372746762082 0
0.1655045055987426 0.2540825152646269 0
0.4932870499897239 0.2680737722009659 0
0.1725779549228768 0.8480541621392963 0
0.8365530860543766 0.2413762638917378 0
0.07960667187277026 0.4257813990084072 0
0.8769678090803914 0.8082366122273765 0
0.5503866098147339 0.6605484874245041 0
0.3730333299994372 0.7793020903983907 0
0.134168575870539 0.5689991591815929 0
0.128383235110152 0.4520583320500723 0
0.8163039972939727 0.8585051095434126 0
0.5698484350375488 0.6078643466458319 0
0.690485172347424 0.07149365843657229 0
0.6459766035977188 0.05829568116640405 0
0.6423364948050784 0.5211473485544131 0
0.9810536680440577 0.3091751666529926 0
0.5934194968351472 0.6235348351595202 0
0.6119191859731925 0.5944005788584755 0
0.2399643493807346 0.4961293535120219 0
0.8412866927969295 0.8208327593251616 0
0.5143232473741984 0.6306988724232224 0
0.11813788357834 0.5064594515371807 0
0.2432804133124337 0.2363682222251501 0
0.7819792605756747 0.1604700083815569 0
0.3282382984038783 0.08231267337968218 0
0.2482727933399539 0.6387798601567872 0
0.3865877380524106 0.3644421479483235 0
0.7898772886673198 0.4083516466300346 0
0.5307057359645472 0.6117971990428919 0
0.7720407591403121 0.9289622301593249 0
0.2289406401771055 0.8231117049698635 0
0.8656514969121403 0.6914432609980957 0
0.5984564377397803 0.4397943977811721 0
0.2630945562962537 0.7406135826859183 0
0.06948645140294724 0.2783463518967946 0
0.5022966194453609 0.6563518854749453 0
0.5718280123333043 0.6007010748569713 0
0.08354300145363291 0.03681093564649496 0
0.7876953052698737 0.1853294134218958 0
0.4859674261368137 0.1841149661513381 0
0.742630759398709 0.6789688651043577 0
0.3737726941386561 0.1742860221854622 0
0.6800273605689257 0.6877963224329249 0
0.3425249287428444 0.7634137833570375 0
0.6271462766060383 0.5994120236288375 0
0.6113651606830319 0.4715848653399214 0
0.7634255167759074 0.1656217696723732 0
0.427351603268856 0.7799637449177255 0
0.6379424777356668 0.4105839811982184 0
0.03439373114934957 0.201256561250331 0
0.4162585714528738 0.8558111677378546 0
0.8104835821858494 0.8776304462334881 0
0.5459464338789437 0.4053363508261348 0
0.137894866882221 0.3745637496436592 0
0.7362522385838388 0.06850348193769862 0
0.2244815038522879 0.3490653533640755 0
0.6753577808297941 0.9411585983008168 0
0.1359131464907108 0.6764527690477837 0
0.8752537282116286 0.3459232855948351 0
0.7294010682905007 0.9092383040847469 0
0.8897313021020741 0.7139191361123367 0
0.08159827386546226 0.1844406163346002 0
0.4563867026404206 0.8618667524459487 0
0.3423380805271809 0.3889759419996404 0
0.8689493273020171 0.3043158968786543 0
0.4637972321895999 0.1957243769956735 0
0.5680332683440075 0.2627091648081423 0
0.6145783486015438 0.6095666293885745 0
0.01755201037359644 0.7109953297338711 0
0.7655253020450771 0.7317119299234355 0
0.9826429520856047 0.6890854196027867 0
0.5218539599466702 0.9675787067050979 0
0.6729761552413467 0.7224195805236999 0
0.09669293729102424 0.4528901141887092 0
0.9508873774981341 0.4710370622151145 0
0.1241343017801435 0.4922177753848552 0
0.3989378401515808 0.4829887112689427 0
0.10081550296184 0.8614698427159426 0
0.4510571557670899 0.2247302994543597 0
0.07798413968705153 0.1203719170953631 0
0.3224570779837994 0.3351606486890505 0
0.3737203240893536 0.3836941351100769 0
0.6637418717012677 0.8228817375330307 0
0.9446064334075241 0.5529117963028988 0
0.18804851097366 0.5386539383405329 0
0.5189705337598947 0.9322855508409501 0
0.791363623535049 0.3360052100942602 0
0.6301030901928635 0.8484076518245569 0
0.474578641870226 0.9286419348808428 0
0.05872724434719179 0.3700528346263256 0
0.8463839355486457 0.6561584031557286 0
0.230810634877353 0.723840440692511 0
0.4685689668182116 0.738702795067613 0
0.3932597138199836 0.7408136578491139 0
0.9505005619337945 0.4080522771447565 0
0.618916234334139 0.7578742263839027 0
0.7129955274306772 0.4741491244380395 0
0.1324516712733987 0.6092731912657184 0
0.2934184559897374 0.2534510383266848 0
0.3522745426690749 0.8439639856310031 0
0.4950278227244536 0.8472287671048482 0
0.964581934691024 0.102930563083474 0
0.3495645308239536 0.2198189785499266 0
0.1489031876338757 0.3201874949834672 0
0.3362944465966052 0.4721771760133975 0
0.6082744765146257 0.6194940814610479 0
0.3401620726476253 0.8104812255657816 0
0.05845395517520524 0.6739254824315346 0
0.3423118231345171 0.3014664381171949 0
0.7871134586526761 0.806488037840857 0
0.1824608789938733 0.2283306348967681 0
0.06532563184097756 0.4848143777259727 0
0.3104231350818482 0.2735931826410188 0
0.4626776612836158 0.3882868251980424 0
0.2360735288490693 0.1277861760565974 0
0.7072644516648243 0.8111877213081317 0
0.1636649181467769 0.2952767664670783 0
0.4660825417715804 0.1253715494383857 0
0.8227695220504667 0.7060321544390193 0
0.8087223956692959 0.4828379566386299 0
0.9670267539298295 0.3385014160508534 0
0.5315832147696509 0.8492257830971133 0
0.08018394404035539 0.5901744002111299 0
0.6467915809884995 0.4645310692326419 0
0.7450942684551012 0.7625112224192655 0
0.5693972423419438 0.3416794004883767 0
0.05145671769886373 0.3098711860306016 0
0.5623368673565717 0.3226230911611567 0
0.2789905794678712 0.9652311868916045 0
0.3776443027608758 0.5859408642265095 0
0.5914063381178182 0.453724065178261 0
0.4940644061699925 0.7398755807180519 0
0.7249835921589267 0.9266397562585204 0
0.5494272071234736 0.2737133272344768 0
0.6145963361080804 0.4897236863734555 0
0.1548759315455238 0.851482983127035 0
0.6919481466628469 0.5458345720849036 0
0.2438210499966593 0.4219398500989304 0
0.5469749119520143 0.6062435609117361 0
0.2610851873900643 0.6251430372757172 0
0.2952578036478431 0.5083707478167996 0
0.7531361593039059 0.262394036889168 0
0.747145689793709 0.3292021786512957 0
0.5735796656108397 0.3606567079275338 0
0.2422686201923697 0.4688145873210525 0
0.3675513742029353 0.3271317422004688 0
0.5152321521411894 0.2887253633836779 0
0.8096774791213908 0.770472527314554 0
0.709461995007059 0.1423071915486617 0
0.4206586540275999 0.685592001052779 0
0.6796196657003484 0.3033279048235624 0
0.5266665385913382 0.6522477507740386 0
0.5416230132332196 0.3202800219079239 0
0.3330720589747707 0.25285969372094 0
0.2896796579668914 0.5381481583318133 0
0.8073764828664673 0.5275980511183893 0
0.3789138145818108 0.4201910820174229 0
0.6736118937955191 0.7561853822225277 0
0.1263455433741452 0.9387293203301766 0
0.3633456758865499 0.05261744419530812 0
0.333341197530831 0.3192478820106428 0
0.9462689349419455 0.4250223088547246 0
0.2969645783317927 0.6647384558250566 0
0.3491200302307479 0.8200176221558656 0
0.4632977746870218 0.5987811738519895 0
0.4421509898342662 0.8105315302894361 0
0.800047460054623 0.5529472326385638 0
0.6741813088136241 0.2303774528484976 0
0.7374164496987929 0.5570576179038318 0
0.4221009181002842 0.589939143756476 0
0.4986858530399803 0.2948607269681901 0
0.3563927050795488 0.7296220722434386 0
0.4402683709907221 0.7771405692874037 0
0.2072949599125002 0.6792693084374967 0
0.1991607190071415 0.371511588813675 0
0.5479696909208946 0.617010283483863 0
0.2853630740333223 0.6380032664005754 0
0.610115359316893 0.8275037415765362 0
0.7155257038286211 0.8378219305718607 0
0.6501218734158682 0.7610636749792582 0
0.6977782698801748 0.3177315828308639 0
0.7328515063433952 0.5752309643345119 0
0.3512100030183863 0.983378087492697 0
0.6756697795906217 0.216353202663897 0
0.6266186034101102 0.4748588044635393 0
0.8733547625700916 0.5419821861282799 0
0.5271707823206082 0.3242755884896605 0
0.6888402005123564 0.9535654291504387 0
0.6273583363277246 0.5051254722510681 0
0.2852782780950389 0.7858495848815839 0
0.6140899952145452 0.5131387298287637 0
0.5650688461882187 0.7701616639511871 0
0.5460132704090914 0.3855923892564754 0
0.7180990577310749 0.3833373930312406 0
0.3489871079531401 0.7213342672656494 0
0.3014216404331303 0.529006398735086 0
0.7040265577575007 0.08210328508868331 0
0.271080602183085 0.6220024860743552 0
0.2071044127239841 0.4039497465674666 0
0.374470111878743 0.467162457026371 0
0.6814145131812401 0.5812603939459343 0
0.3391875195140451 0.4163719155533303 0
0.653315998723631 0.2143427246363657 0
0.3792692399066684 0.662929364293851 0
0.4868101826490341 0.6572761414779444 0
0.7003047366136717 0.6810092593859249 0
0.8769489877891554 0.5270123274541439 0
0.3341604539639454 0.7050229109289281 0
0.6033864723924369 0.3493385717355873 0
0.3685790867789094 0.8413509650547647 0
0.2863000231840998 0.4583958851322497 0
0.4212962723327486 0.2611816357430139 0
0.694706111292954 0.4589991335923039 0
0.777970576771287 0.6334189997752884 0
0.360642613887989 0.5841770311524005 0
0.7436509276321212 0.5274682392693872 0
0.6249438940666576 0.8628121445671847 0
0.5117859082695574 0.6536669033491072 0
0.6610810609688962 0.4842935539303262 0
0.5370183947678014 0.3602606206306188 0
0.7480396023894951 0.5083973847467671 0
0.187566850522811 0.1863357250279291 0
0.03201012048603613 0.5608790146929155 0
0.5109647716698373 0.8819745571570012 0
0.3462132462276397 0.4450142324034576 0
0.8936712901913408 0.4543893944790526 0
0.2482046674686091 0.3922849685637896 0
0.259557445776615 0.5952158553894124 0
0.5542625468115784 0.7722311784407327 0
0.5612665340524465 0.7818183819433708 0
0.4838904251118631 0.3024271345458105 0
0.3991430940881073 0.6234373068162848 0
0.6573997181527221 0.5264429982103083 0
0.793886417910632 0.7101845243338986 0
0.6777716074962947 0.4477373220049797 0
0.3860908266108383 0.1497338894449807 0
0.1416656334263763 0.06867610821946396 0
0.6618967576592976 0.4948281335095129 0
0.5225215326889123 0.7801772839074412 0
0.6575461834430529 0.4518996195119629 0
0.6949542222725826 0.4232458026329116 0
0.4771217276670502 0.671194538752927 0
0.4828004723819104 0.6671891361602755 0
0.1885370137015422 0.4174454825145809 0
0.4028931574421047 0.408383769129784 0
0.5956111523145595 0.8311943996862763 0
0.5771100416838904 0.4325762374027093 0
0.5632328228836971 0.6395318703582784 0
0.4122552286820008 0.6335632487804552 0
0.6456927382663853 0.2760430368827617 0
0.6873670274372971 0.4014565897193528 0
0.298142241376628 0.4360106565170551 0
0.3864343018967893 0.6128261992099586 0
0.6544577435713498 0.5421210172805516 0
0.2945664945294315 0.2813553662923282 0
0.3188349528283397 0.4769712724774234 0
0.3422862708007853 0.466901674796611 0
0.441431547387123 0.3202852769053011 0
0.7599774436348404 0.42094936450237 0
0.388070041838509 0.4804399790795977 0
0.6734150157890963 0.6094764539242959 0
0.6785530410404617 0.6168252830791203 0
0.6280579626393619 0.2618690706956632 0
0.659816928220664 0.5107155620529975 0
0.427918500596195 0.3042953112919314 0
0.5809369806628683 0.6416530363815862 0
0.5053487137288258 0.8057860927325611 0
0.3505652638964621 0.4223703604198372 0
0.9834118619048522 0.4087314979837645 0
0.3870496363621435 0.5611284200863911 0
0.5888618512848306 0.6600722822989211 0
0.517441068374474 0.03406521705000842 0
0.5069557690464291 0.3293759778956524 0
0.5092554595634212 0.3221235263659729 0
0.575555143720863 0.6311852583039823 0
0.4231918779147027 0.4285852202612613 0
0.01619127247294722 0.04964514594788227 0
0.05136705778677775 0.2798291278336107 0
0.5146363425394548 0.375792440604099 0
0.5226016503245781 0.3592318508850797 0
0.4552918857867282 0.3145885104104063 0
0.812630489148679 0.8987237249877278 0
0.5085175184871715 0.3588186635032111 0
0.5142612805251088 0.3453160511601462 0
0.533522286931043 0.7780263328623042 0
0.6054379580879977 0.6140156036908044 0
0.4427353182386282 0.6488711335810183 0
0.7317821923413761 0.7659633050162948 0
0.5380650541811242 0.3879553010706522 0
0.3025018668721847 0.5792005523982613 0
0.7572400451007909 0.4704735555743378 0
0.361068895732385 0.3395085024373108 0
0.7707364437495803 0.4600877731908025 0
0.6245491517707095 0.5235641868632759 0
0.4320942337546186 0.7400564728142864 0
0.5965089685967989 0.3300421677122596 0
0.5084818625093711 0.6122929458141043 0
0.2802336311574783 0.03412155785871263 0
0.5373914550784213 0.7260786819825635 0
0.6516241356354018 0.4358712926960918 0
0.3539238889485239 0.5689250255608277 0
0.6215827437410052 0.5344133785612607 0
0.7685054771216009 0.7186658228215961 0
0.9485692780834336 0.9309363589859988 0
0.6775041557118449 0.602517451352886 0
0.3737351142693303 0.6019203752081037 0
0.3435538931489782 0.4901006109671265 0
0.4112330967136251 0.4243531994939279 0
0.4824687476240465 0.3358011972570274 0
0.07151755937910576 0.1683114782759088 0
0.5023762261710095 0.6315115922574758 0
0.1984929129295397 0.06711992493699376 0
0.4694402118569402 0.3088884778411304 0
0.4214772476436213 0.3922248543561757 0
0.9160228962970801 0.7366371332326942 0
0.5141309196819119 0.8155894120005492 0
0.5256821707347007 0.6924029674978212 0
0.6396641178909235 0.5467776727978507 0
0.3781419696671463 0.4646941056991333 0
0.7738860993859602 0.03429767675192774 0
0.6857244769076998 0.4983712146327675 0
0.3158489419720026 0.6060952786718558 0
0.3685316192274668 0.3360763936202539 0
0.386289579541651 0.3711879207611448 0
0.3309953496023681 0.6439637966868769 0
0.4310978257762522 0.384406183561754 0
0.7623918452290948 0.4494242527877814 0
0.6550919928216695 0.3627761934751634 0
0.3363582924961452 0.6071236863584681 0
0.7532482778256805 0.4894374643290949 0
0.6301302958581791 0.594092079291203 0
0.6366481809269545 0.593798980501312 0
0.5928410283496421 0.3008628481802227 0
0.5120952992457775 0.6883710336777802 0
0.488866217408634 0.2401829729814893 0
0.4888883368127334 0.6693187907929037 0
0.6269619498056926 0.4823995014924078 0
0.4854283265777106 0.3614701172566709 0
0.6487652496885303 0.5629364194805299 0
0.6272144434293199 0.5125353107306975 0
0.6435522790972544 0.4263105691115694 0
0.6654554438762019 0.3758077240426363 0
0.668938544630463 0.3677505027407558 0
0.3818324200616419 0.4536086847919217 0
0.4066021419020163 0.5628254666335999 0
0.4484854179794559 0.6504934942901575 0
0.3440399592934744 0.4787130563374082 0
0.4201295845251884 0.335889567886703 0
0.4081084043228427 0.3264816976417971 0
0.2913034483844457 0.4129627241143105 0
0.4121964746485823 0.4001086307343841 0
0.1516595617426456 0.7146843689094091 0
0.4759077013838048 0.6590719825601797 0
0.7825175668323928 0.1442826200420078 0
0.7279025968861043 0.4260967320103344 0
0.6235417886496735 0.4635580495890341 0
0.3291785267843904 0.4485897604891296 0
0.5727337207532147 0.3916090034386197 0
0.374600903872606 0.9087020880574396 0
0.3787262892749813 0.4729038996500315 0
0.9688021277081131 0.5404824680164323 0
0.4989548596786249 0.3619000164937403 0
0.4071545559925224 0.5698363008415699 0
0.3997481425836217 0.3517549702469714 0
0.5977398858015115 0.3625172076708015 0
0.05710044742631942 0.2329304661855239 0
0.5264025304249286 0.3765283123947931 0
0.5705653858588626 0.5901293219185438 0
0.3752988627612496 0.483426241383979 0
0.6341406554776264 0.6103307683783402 0
0.6200842404090161 0.4522452987905002 0
0.3408243142920665 0.5791388827764663 0
0.410851462444606 0.5906233249244754 0
0.8197309002213888 0.7221703892812574 0
0.3432356028871388 0.6104169333580856 0
0.4282284017697732 0.3588762522081467 0
0.3542101980215855 0.6454005432893331 0
0.3447653349215053 0.5013271626489215 0
0.7505725902406395 0.5422464781532867 0
0.4939187534295119 0.6291332860153802 0
0.5853696344809523 0.05022954949999109 0
0.4697823126877396 0.3388064544150828 0
0.397532849966916 0.500071985068969 0
0.6322998252386023 0.3131383153579407 0
0.690518722445268 0.3925089452198823 0
0.582187023306281 0.659025250093767 0
0.6560144419308774 0.3396475034916115 0
0.3823847794040864 0.5504562216518248 0
0.4926281918917297 0.7764579075793767 0
0.4763125576455597 0.3652961591441416 0
0.5779999988799882 0.3988514742379321 0
0.7525920987015163 0.243985562519905 0
0.6900062505813233 0.2988578800826392 0
0.4858113337522078 0.6256532172813176 0
0.4296444179298953 0.5915083311335444 0
0.7006193137820711 0.4648211355336764 0
0.4900103786161192 0.6131213645983821 0
0.4332510261612942 0.6070480105028166 0
0.4390739729166544 0.3550632297003388 0
0.6636419667095987 0.4407294621245154 0
0.3448331217578423 0.512900140559612 0
0.4988307836991792 0.6849283621214763 0
0.610520459446642 0.5862531952460154 0
0.3760402849236721 0.4914397298700765 0
0.47925637704517 0.6440638654093273 0
0.6949247647052057 0.5097607064764834 0
0.6048064878361229 0.5388081632710605 0
0.6337830065263452 0.4055275402300252 0
0.4456184862805109 0.5990645513062254 0
0.6373570811461434 0.6289438044688307 0
0.6653387424437318 0.6235867249802575 0
0.6249438017802917 0.5632336949631295 0
0.8257982469111711 0.2148729681658229 0
0.3752818074292706 0.5660555681706579 0
0.5898174723859172 0.6030620878259347 0
0.9061608662497468 0.4681297497701306 0
0.6296183330501377 0.4937185081559053 0
0.5738977742771161 0.6705823476823926 0
0.4755197001898663 0.6983484819448667 0
0.03258558717502863 0.5169511452280423 0
0.3463193613596581 0.5242278102664711 0
0.9112429030383893 0.01721284853976401 0
0.591180391139996 0.5639936375547909 0
0.3900090815370243 0.47791854318466 0
0.2692093181887046 0.1551113454923955 0
0.4241031631544362 0.6001411773120588 0
0.121255145229824 0.9564116417111367 0
0.6627150517792633 0.4678914923803315 0
0.6055051596570211 0.5688909289735925 0
0.715621565877819 0.3946530017426183 0
0.5832415193282622 0.4056260580356731 0
0.5199684943279006 0.624035744636016 0
0.4839020397807026 0.6104251178365285 0
0.2322902564513895 0.4227114890977466 0
0.6084118161887907 0.558370330877988 0
0.5121856497673837 0.6014662387626393 0
0.701591452521493 0.4444162821168725 0
0.3989245047241623 0.5298039370759555 0
0.4779768141468624 0.6237455073263677 0
0.630377306550219 0.5635770346365571 0
0.7808193342691269 0.6667263614685206 0
0.6478818918311683 0.2647962145142617 0
0.8314088462739944 0.4289938114344996 0
0.3606969290843887 0.515479341719654 0
0.2099999999999999 0.9839156761144368 0
0.5919878039755182 0.6079179947261503 0
0.4628485250140504 0.6194914119680163 0
0.3717052224967075 0.4857815538565322 0
0.5925609137200527 0.5853750368354245 0
0.5934932689169801 0.418165534447993 0
0.5992511972912448 0.3997574497117491 0
0.591337643929421 0.3238859724082174 0
0.6128010983852622 0.3267607072269395 0
0.4545366182417567 0.3935452407444775 0
0.7249711303106265 0.4971731440433981 0
0.3772402914619141 0.5195868645509274 0
0.37651942370126 0.4994110527561127 0
0.6147958789525184 0.7689164489743683 0
0.08024216380434301 0.1519972340152246 0
0.6033100334506594 0.4243085098572016 0
0.3699417810979346 0.455827564271128 0
0.7677831012897349 0.9472014693496887 0
0.3465625129414873 0.5352941240128606 0
0.3781446854702588 0.531128891902955 0
0.6762603482660574 0.8783888571671084 0
0.2686367737644631 0.09750541704614174 0
0.1199234987652764 0.6794322273353323 0
0.05945853319003858 0.6111683696070613 0
0.3770827091260568 0.5153020337523405 0
0.2006409308087472 0.8133556127929256 0
0.3465561132822323 0.5475540375131887 0
0.3632559698448654 0.4820074763319409 0
0.1861734671334086 0.9084648323469247 0
0.149001550350907 0.8220022743920874 0
0.8385760988114151 0.2246111032239285 0
0.4663691907497616 0.3874600372976772 0
0.2093799487219091 0.05040008856454636 0
0.8719993633955873 0.2884969461383737 0
0.5934028195508771 0.3913149741133297 0
0.4594090538083202 0.3708587659174064 0
0.6328931449230651 0.4549222195900662 0
0.6136206635031342 0.4374640572537403 0
0.4542148092361831 0.6171436229456185 0
0.3439121773223955 0.6258678930097594 0
0.5018044551926949 0.7464911899302618 0
0.2921523573347889 0.1696854891955785 0
0.5828229256247859 0.5985478000273503 0
0.03276237676358196 0.8613427955893922 0
0.6220246091720328 0.5674661932288859 0
0.2199048949969727 0.8995324624255141 0
0.03352816493618693 0.3018792525509068 0
0.4867962560634261 0.6156863906429804 0
0.4615332236127015 0.5949300009461307 0
0.03179148747581834 0.9814114586273377 0
0.2585305638161146 0.7530598401421871 0
0.3897190452799374 0.3993140389255397 0
0.9641654803346297 0.7354710685846149 0
0.6189571179636454 0.4445161353718702 0
0.9337019517000187 0.6598410097787506 0
0.6752235290388984 0.3354911104648077 0
0.03053988937499452 0.02006183642951209 0
0.6056687435123976 0.4075278116436986 0
0.9839658412343817 0.030658176253056 0
0.369641507120476 0.4299962602427618 0
0.5601530069430533 0.5983565813582425 0
0.4461301084031942 0.6146305275003809 0
0.6297315147147328 0.3452466945540389 0
0.4182637320640469 0.4178994183511066 0
0.1622937983457157 0.726861207352186 0
0.5736231004267134 0.5757694837756465 0
0.1201294047478209 0.439293000658812 0
0.6784331234548261 0.3766960306403179 0
0.6733486807374313 0.3604137080636416 0
0.5930310702744709 0.2021465418670678 0
0.8941089896466061 0.5192913865567526 0
0.4383561000846076 0.6123693624513742 0
0.7083121084232276 0.9309246562378305 0
0.3195936520539743 0.06726987604080215 0
0.2989548252779021 0.501265363439336 0
0.5861579297931412 0.5559279868798134 0
0.404428263158088 0.4634097478364069 0
0.7398398821248822 0.5466072981624268 0
0.7691394577888069 0.1339628810566951 0
0.6849471158390845 0.1761256825766019 0
0.8659231684488005 0.5705298199496377 0
0.164759318611104 0.7741469285124296 0
0.5882828464047698 0.5731824346565768 0
0.3779431829182609 0.5395989940165072 0
0.3207144226889512 0.4004135139593796 0
0.4253940323890674 0.376398101162394 0
0.8863914601668106 0.4846272976799795 0
0.4947293451767759 0.3800111820402434 0
0.0816359332929919 0.9657601576326269 0
0.5957111550631446 0.670682733414288 0
0.7441121162566214 0.5648600019768475 0
0.4392113311825122 0.616792246724194 0
0.1984295704996146 0.787836583724089 0
0.5574533943894798 0.3864170540431097 0
0.1680184481096342 0.754466102637665 0
0.3716617588708571 0.6216778150996487 0
0.8904887812806506 0.341076958822756 0
0.06653643903952394 0.7042052404109408 0
0.2268772878082961 0.737264062965281 0
0.5521309181623447 0.06674124560598832 0
0.5718644425274553 0.6128149375007019 0
0.1885154321084482 0.7763788724998395 0
0.7435285257928037 0.2030255391006921 0
0.5276802068074483 0.6676298182764442 0
0.6995885142789225 0.3063811895933358 0
0.1215578847627752 0.03527855889241621 0
0.5172680297283694 0.6120599253337045 0
0.4307582687845458 0.3168492260159452 0
0.6471154456163133 0.8732221060497909 0
0.4019521714245982 0.8594602838455836 0
0.3263418836141323 0.4132312554499212 0
0.1316929499773593 0.05209743506771436 0
0.7029819692162068 0.8254674671958186 0
0.857344030139386 0.8158770354104304 0
0.3032550284164593 0.3626483560231989 0
0.9331612042731096 0.2007685976776825 0
0.527928331162309 0.3717917026112109 0
0.1045503350748602 0.4394234667355678 0
0.6139278914302264 0.2980105717724851 0
0.3736980449595637 0.5371468550871237 0
0.4078751675127984 0.4554063928069918 0
0.6452487803002733 0.568376239507872 0
0.08259998784011152 0.8654035899812007 0
0.01650940200129358 0.6515713858594484 0
0.9479389800979332 0.7239610802529031 0
0.1940062456201163 0.4054341942184289 0
0.5623309604790581 0.5811326359866451 0
0.787231336813935 0.5977837409775399 0
0.8507383879094392 0.4687995504344181 0
0.07466778909779154 0.6060531108272491 0
0.8807815554910208 0.498286388288308 0
0.4934641067370618 0.6140763807379237 0
0.6755536824098463 0.3896946232168107 0
0.0474763806885049 0.35475693195405 0
0.3999897063060198 0.3216023812191396 0
0.7419382368807041 0.03259892203048764 0
0.3926948695648464 0.4595350013723479 0
0.1310079724837506 0.8246980415949181 0
0.1858381464108455 0.4821231531707942 0
0.4463979143338416 0.5901162728532822 0
0.6560003860462423 0.5623036576126201 0
0.8808315603536432 0.3865646321889806 0
0.4491596548612433 0.3099568327454232 0
0.9088091702180962 0.8845913413653863 0
0.3732898874022142 0.5129733435546454 0
0.5989406405702309 0.4640311033160951 0
0.2316896867278713 0.4694811372189971 0
0.4199526699579262 0.56859690460877 0
0.3930359894899454 0.1372664283474256 0
0.6180636091728713 0.436836290124845 0
0.2373084361314179 0.3280761636518446 0
0.580992419977911 0.428319154725464 0
0.2335772252359827 0.0678751836566448 0
0.5978375059499512 0.529872511944375 0
0.7569170652898238 0.3117479543334953 0
0.01545342902432645 0.3909453742435949 0
0.4641286840569904 0.4040651879974142 0
0.1847635635870881 0.3713981551601319 0
0.4696184774931224 0.9457322209652735 0
0.4527047881010956 0.9491933717252858 0
0.2484626096677542 0.5974515825356945 0
0.3546147316436284 0.3341465508218426 0
0.604345204142949 0.4777301509804872 0
0.5207069532456431 0.2756332695816894 0
0.8058512203047328 0.6700759907521673 0
0.5013624492952047 0.324404559339441 0
0.04977393947357184 0.9049831511582631 0
0.7032260099191231 0.5227441901517389 0
0.4342478086242666 0.5960950446088286 0
0.4304625964534952 0.5949907384356353 0
0.2780600676576866 0.3133427810422855 0
0.6227695334026047 0.5458095295348325 0
0.5840399108124491 0.5635056433088095 0
0.1092543834617101 0.6667366799649997 0
0.7161115998034041 0.6573362361134643 0
0.5561511400706288 0.6190735781787811 0
0.6030424742005634 0.3676616292217258 0
0.2511398542304696 0.9557879624140799 0
0.3824154373104657 0.7433514759422533 0
0.6059292311902067 0.5947210886832197 0
0.6553579900225748 0.119152703816858 0
0.4284027468636541 0.3252978978528991 0
0.4876988606297519 0.3508826699584613 0
0.01619674920896264 0.2919464074526261 0
0.2943428341887349 0.4436230695451806 0
0.3719843037871562 0.2992465375736824 0
0.6161011391316116 0.05454410348985794 0
0.5208181174309211 0.3271692741320351 0
0.618895602483774 0.3550767686798242 0
0.5318656890161023 0.9423974130932538 0
0.2188969134867644 0.1283099805304226 0
0.4819318013446254 0.8503675738762031 0
0.5554768795007661 0.5860869079467206 0
0.03878187537721078 0.2337125081587978 0
0.1243818720487372 0.5561643047912594 0
0.7067574663468938 0.06475390844981121 0
0.4921201264961398 0.7492182295295983 0
0.3732398317381814 0.5228235029785662 0
0.2942649732269461 0.6758707929665665 0
0.1742840362356978 0.5395415431043827 0
0.3998634180269827 0.4449475025874244 0
0.692145564271868 0.5705115501151267 0
0.6895129643992621 0.5800724420187158 0
0.2270945508144349 0.433515924494247 0
0.4299755714149205 0.4225440400479119 0
0.500169956529966 0.3976435552433706 0
0.3386898941974579 0.242095716327235 0
0.2594133529062049 0.08282855017435115 0
0.5897265905549084 0.42931738875647 0
0.3789326892548597 0.7550032062079719 0
0.5713892412135227 0.7774765549853528 0
0.07668200545953829 0.8828838514341262 0
0.5770753825602464 0.6131089502461283 0
0.01657376916598829 0.1716706355980917 0
0.1709571627552748 0.1855739766125439 0
0.2930686567582168 0.5302419004397095 0
0.3287896003944668 0.05145144659193146 0
0.3725689735366089 0.50239753877951 0
0.2425770417707438 0.3804507677362797 0
0.8268748457870634 0.9815496261602044 0
0.5376656543364204 0.6752407154261026 0
0.4188655572873709 0.7537328970012898 0
0.3127073420997742 0.4868426825645888 0
0.5557824822277826 0.8526965051927834 0
0.9501684940819795 0.6503711774628544 0
0.05304685575692286 0.8060964303931177 0
0.3648071157796138 0.5038345938616547 0
0.3381673186819495 0.7237245227267558 0
0.581180165157385 0.6311406808591853 0
0.6482847049712643 0.5748553775200517 0
0.3952208390196944 0.333960774657401 0
0.4213652314312061 0.3281826304878944 0
0.466669323670423 0.5967802063536676 0
0.2705777567293643 0.8289337627380395 0
0.6054040240812897 0.196216050164519 0
0.6052800981177662 0.5013426250364954 0
0.6125668605715622 0.3826350205636811 0
0.6641319874147211 0.4510517111910124 0
0.4041272910815469 0.4346579918690031 0
0.1274767227966208 0.6236653362015531 0
0.3612418324466691 0.5906443267903869 0
0.4363514176739511 0.403027268594937 0
0.6605220713645406 0.5421833512094084 0
0.2845496994199309 0.3254569946991125 0
0.5203009504057902 0.3500600162141815 0
0.125965339233685 0.7960924641764942 0
0.4631388193758891 0.182054583188107 0
0.4603782127410032 0.6534622825728892 0
0.3975131923991234 0.521848323790945 0
0.3305374280645674 0.7154625851848656 0
0.523464403212879 0.1669663452270368 0
0.4060914739730781 0.5472181212384376 0
0.8628281184952864 0.5867537358565593 0
0.9302249479661526 0.8814804876354605 0
0.7401768530355427 0.5817639003537218 0
0.6054969789359913 0.840815277177826 0
0.5876666001225971 0.5990004190697716 0
0.4105086350167376 0.5546730257741279 0
0.3684399091892512 0.6059505219905781 0
0.402173056287367 0.5380302723498072 0
0.4405493798829574 0.5873440672343853 0
0.4218349892859536 0.7428643712809093 0
0.7246250656993658 0.1363301328552375 0
0.8455001041657557 0.7271759148452386 0
0.4389307807350168 0.5822311960983818 0
0.6636431939947289 0.5262460724755322 0
0.4165890117305445 0.6058499529470378 0
0.6552413148329421 0.283330797320675 0
0.3675790307594557 0.3930498314564421 0
0.1321004876909248 0.3878097961362441 0
0.7037330118191881 0.4218252865595262 0
0.6682827688595475 0.2800522680282611 0
0.6471134550690975 0.1789920260028409 0
0.4261237061270053 0.1693751512021925 0
0.2044386225520693 0.4586344143050922 0
0.4930382505955816 0.09780285835308494 0
0.3467710785203667 0.6508293311364584 0
0.6849337433275458 0.6247144400520062 0
0.8087683568074866 0.6562939001007532 0
0.6660566572210076 0.5104333467987222 0
0.6041200229983292 0.4844070644087969 0
0.3982821730317367 0.6852677463873802 0
0.3912605829490979 0.5669966334118538 0
0.2863076052515408 0.5469331517482007 0
0.4984439828960537 0.3790908968838962 0
0.4107151471108186 0.4449699834111006 0
0.3814855288619342 0.6168593630183288 0
0.5078503656994211 0.6578146895336577 0
0.218103302438373 0.8112299502238058 0
0.635525880996781 0.1703590909113457 0
0.6243187091858756 0.1617210774679616 0
0.3941335185904966 0.6275904039723592 0
0.6113557656162881 0.6146084788671107 0
0.2976313838345375 0.59635855515409 0
0.3960729375662066 0.640335833530894 0
0.03306449580612542 0.9610216322848162 0
0.6290143931140039 0.5237899947179498 0
0.1904870122500809 0.4366291140581246 0
0.3975377171276543 0.8738121268258583 0
0.05732865895098938 0.8874378976666806 0
0.664101000603572 0.03351922257917195 0
0.4067563317047123 0.4580648062776365 0
0.9848738859628362 0.8699999999999999 0
0.0497017862365744 0.4869494091863376 0
0.7790788685753343 0.7275915456402278 0
0.7227611842915834 0.05793377617408413 0
0.6297965011097666 0.5090564806903134 0
0.5046317167967719 0.3554954667927535 0
0.4222727620872164 0.2507266267497928 0
0.3892013093421291 0.6377493391944733 0
0.6694402731991269 0.4671854600023478 0
0.6505286760535131 0.4251013204027119 0
0.6775243109755733 0.3519580590902652 0
0.6099150227368177 0.5694836301348177 0
0.3457489723692616 0.4385244674651435 0
0.1962194492684525 0.4262128321465728 0
0.634180191168549 0.4936405521967798 0
0.8739899353068215 0.6018144119351654 0
0.4918737279859514 0.2277370983143558 0
0.8215351376472135 0.4794987011708685 0
0.197516852781943 0.4474679668926334 0
0.7911701708326245 0.6754885428525661 0
0.5950312309158658 0.4139693123570328 0
0.4423244092860546 0.313013327333712 0
0.6745373026926398 0.6239402577935786 0
0.3621394886625043 0.1963979763200707 0
0.4921038890446782 0.3771696549468205 0
0.5554032429972194 0.4140676652838289 0
0.4178819517678748 0.3890633506386416 0
0.5034937221272532 0.6019649938938899 0
0.7091829554263361 0.3143234501585839 0
0.2016087076258726 0.1288648638935489 0
0.8391340555479543 0.4507200096809363 0
0.6112726351826442 0.5547976954190956 0
0.6649773383766977 0.4890581913118771 0
0.8874369616416644 0.2827879417208542 0
0.9845844452521971 0.2888820454288632 0
0.6385407558911474 0.2580375625575765 0
0.7453698132255134 0.8443570469540429 0
0.8909152031514664 0.9849239289377174 0
0.3265846814106402 0.6285786537258846 0
0.6037045521415488 0.5184721708711947 0
0.03515659390856324 0.3394547385241198 0
0.5647498057609391 0.3148276827067318 0
0.7301583052980781 0.8332145334145598 0
0.7988162614734446 0.5949864638128516 0
0.966485893858765 0.801436736427152 0
0.393995738973198 0.1108088082470151 0
0.2519184150087074 0.06789617882126014 0
0.2845624456308806 0.4040919893298445 0
0.1117737945615648 0.3992227344235761 0
0.645024916087483 0.6296946576823345 0
0.7615530028841716 0.9654811663156859 0
0.4084134999438668 0.3971152436429006 0
0.08201746127881526 0.7461628629428605 0
0.2598763511363247 0.3745425281297244 0
0.311536417545737 0.4728635830815803 0
0.3853820081949643 0.240207829833767 0
0.9426354260996077 0.8951355404382827 0
0.6290445847541196 0.4786052399280566 0
0.6088299714120349 0.4243373115595505 0
0.9132296528878772 0.3733570484819455 0
0.3617801013034866 0.4659326479115042 0
0.6407335299979227 0.6957462683304666 0
0.5717231969080097 0.2049652260296098 0
0.5610982349588842 0.7928778515258867 0
0.6823281540920925 0.6391620335237955 0
0.6282038062374471 0.4631323326505115 0
0.7724768071202706 0.85334768527473 0
0.2456579084049483 0.6081255999540645 0
0.6203730032951441 0.4196322503062671 0
0.4818498548256628 0.6611688270300631 0
0.2534598711005798 0.3582626907735688 0
0.1747524249846265 0.4713979316528034 0
0.7419020398469283 0.77591565970041 0
0.3378907547817986 0.6564420525912934 0
0.3867555137938154 0.7631632863829365 0
0.615183346142144 0.4327776133730961 0
0.4137859234196006 0.4158855663559044 0
0.07044712521658308 0.1365536659448669 0
0.6217759355542009 0.4477584898776504 0
0.5239992480459348 0.3538897597084458 0
0.897722323163785 0.112975729139803 0
0.3783689574416679 0.5527548186347071 0
0.7924421935409611 0.6192282126898564 0
0.8926839918172955 0.683861977896446 0
0.5990441645725826 0.5812385522460304 0
0.3236679297135288 0.7072987159850586 0
0.5010634274720672 0.6918824826939178 0
0.3217175795007787 0.599996423888003 0
0.912552788978275 0.1244934390986038 0
0.9680207819257965 0.4001459682427868 0
0.4562313268823563 0.3073716415816024 0
0.08350530760204206 0.7726479417654268 0
0.5510431395415751 0.6780022809251778 0
0.4343723677721237 0.6111629916087161 0
0.4840132903006326 0.3830088208927243 0
0.9014380569161021 0.2936098585078919 0
0.4313901126692139 0.2455024787020184 0
0.6387496626961486 0.5788458787260182 0
0.3775760414961438 0.5073563025494312 0
0.5998576903727225 0.521673083458735 0
0.6705488555948498 0.2985718788219919 0
0.3958877470818736 0.5101989568770021 0
0.4436828652476628 0.6925140621626905 0
0.2865825771570399 0.6670334670487592 0
0.5590889097103418 0.3748032977981203 0
0.6487165812350244 0.6371560048898142 0
0.5745071034103362 0.5786254654868929 0
0.4366417806786603 0.41669416596418 0
0.4260408525363599 0.5704509677894545 0
0.4258152304404577 0.5746870678950211 0
0.5872228531154839 0.4264724127991291 0
0.8666766635674508 0.0877425428280178 0
0.7378741239722891 0.5913205540414956 0
0.2320054877259373 0.6522387397685133 0
0.8662132263357214 0.1078802700742604 0
0.6338251865510213 0.5990342494751231 0
0.6765193937085192 0.4664752921826331 0
0.5329728790285843 0.2827765780879696 0
0.578335191261224 0.4203120688001905 0
0.896496540607411 0.3805324447915406 0
0.4262782652959437 0.7612987191161039 0
0.1080937753897905 0.7987803283330214 0
0.5292269937605162 0.6185209196694761 0
0.4647035249705797 0.6236145928366478 0
0.6640476904679381 0.3614159327910212 0
0.1464116851249296 0.2555252492731398 0
0.5933771659118197 0.4288969148690067 0
0.3961119385108742 0.5133268337831454 0
0.4183248154618902 0.5614214278441488 0
0.1190388094633414 0.4128145648586845 0
0.4703196778176712 0.6004353534602314 0
0.4794606297709608 0.1193313193188373 0
0.4671810001466771 0.7491733788160869 0
0.3455682336744179 0.7320616434753597 0
0.9267951581516715 0.1363684573256365 0
0.2849367987922146 0.4446634249843869 0
0.3799394647414312 0.3673519564374508 0
0.6419804731028258 0.6634470312352613 0
0.8601111000370079 0.6515057810156488 0
0.5549502114018937 0.370570062690351 0
0.3863040670113465 0.2585984152748967 0
0.7841295375518967 0.6099152314257221 0
0.3906224749563568 0.5177284977086291 0
0.406825142681139 0.5890406659893154 0
0.5423508273635448 0.3591117303842276 0
0.3697894973488951 0.9248673500032516 0
0.5847692285492669 0.4016284921877223 0
0.7072996523367691 0.4519182636099191 0
0.5349337130272368 0.3754628148334468 0
0.5523318436185926 0.6028911056082089 0
0.9653455887254885 0.4655702008536277 0
0.3727174150103147 0.6691012694351623 0
0.2898700104108478 0.2418214602032058 0
0.4082440294982084 0.8848910845405564 0
0.4203783850202549 0.2894654630925582 0
0.5472127650730417 0.3764155865078002 0
0.6669089988813123 0.3282005976969277 0
0.3230196575127691 0.6399744983826225 0
0.3201363029932485 0.5761793846823611 0
0.5542607975049713 0.7215442966892448 0
0.62324106969736 0.6410828425098034 0
0.1525489290223078 0.9660796659501205 0
0.6580351645843112 0.4237498256801171 0
0.6351267195671584 0.5832094145585635 0
0.2665774391374356 0.336967032798748 0
0.4408371700371154 0.4134942044132091 0
0.5140418684362202 0.6945120072862865 0
0.514695544560296 0.6136279308939857 0
0.2774583782476229 0.1407221270113824 0
0.7280534247915124 0.59445489216433 0
0.9242007218095702 0.154421799604863 0
0.3398536895238182 0.4352061710960602 0
0.7188486915607821 0.4899903727976632 0
0.4519457447782427 0.6010072505531069 0
0.7402649166767672 0.1300376445876083 0
0.5860768550830522 0.7627415913372959 0
0.5712714182352657 0.4269389948458696 0
0.837618696058658 0.08870150846366393 0
0.4322011079470475 0.380265119608061 0
0.4739746126890814 0.6091482847205458 0
0.4773307124869357 0.6094663180843453 0
0.6356087584494732 0.3999718481655755 0
0.2212713234025944 0.2704732614776999 0
0.183508094805077 0.1289102823170056 0
0.2150511674635117 0.9169831563839033 0
0.5057196116380892 0.3872578810720855 0
0.5501144105546222 0.921899122352747 0
0.6822258399471557 0.6096433332699056 0
0.3962850227188569 0.4845972585176296 0
0.933696347520385 0.582743993046004 0
0.5997944222301895 0.3222969936420816 0
0.5255474050909619 0.348235489058695 0
0.6813892414494734 0.4814701189261302 0
0.5938145717939487 0.5406545154572813 0
0.3291566964992271 0.6109990190276692 0
0.3357689151586344 0.6149052871396452 0
0.2704700727826237 0.3553274992089606 0
0.5274343983318098 0.1513312304310829 0
0.6074137850898755 0.4777156718279626 0
0.9377610976982989 0.1665729642715725 0
0.1217599281045609 0.6382758525800776 0
0.3213379306051083 0.2213344796013146 0
0.7049026092315429 0.5508759357707971 0
0.5691816445176853 0.5750403232329131 0
0.5644901882321862 0.4207804819837234 0
0.5395268609896837 0.4029576085158145 0
0.5000467446521079 0.3570647029188669 0
0.8530852423375019 0.6132604013195384 0
0.9500618242623712 0.06937327641227875 0
0.9201801840921997 0.2889467022218847 0
0.2790892710780814 0.3354282778823028 0
0.4539577057135054 0.4088121488882639 0
0.2430307682836086 0.5597130251949606 0
0.4077484535591873 0.4504125520813854 0
0.3201233883896669 0.6885438736760254 0
0.5295367005438163 0.3968594972008096 0
0.5945173999244464 0.5451892486270722 0
0.3322899314920883 0.2314896611311737 0
0.5426424289536601 0.684926031897922 0
0.5399079287464279 0.6317208249703994 0
0.268511487984113 0.4926692794116225 0
0.607700012116281 0.4314380357215877 0
0.2815262083019838 0.2591421207164634 0
0.4323710569816838 0.6192266479704136 0
0.5166372527812846 0.6698402534049782 0
0.1506344847019732 0.2949585732447296 0
0.2906916218181956 0.5015879195977183 0
0.4200452088003095 0.3786209638400653 0
0.4094822754503281 0.417522502509968 0
0.5804107994507075 0.5772438663446953 0
0.7190780923182392 0.4103757631686915 0
0.7040798353420654 0.9483503180650263 0
0.8428670474276692 0.7438140610439226 0
0.9004092780259414 0.3510050529740866 0
0.6265906510410171 0.4273884733058761 0
0.8010830765506393 0.4025758261419156 0
0.5402238493345916 0.268301948135761 0
0.9119063845286263 0.9842057431555464 0
0.4908443121140676 0.6045900166556952 0
0.6148207418187931 0.6304119495677704 0
0.5419012541859783 0.8578092138850788 0
0.4877622960933198 0.381944313173784 0
0.5899276917790148 0.451400942920461 0
0.6672435282782074 0.5420792761174391 0
0.2951404903845133 0.5451933405191365 0
0.4736644796991022 0.6007974164164986 0
0.5212186631399692 0.6274122490558169 0
0.7080174783522443 0.4132085251157152 0
0.236893255896119 0.6400409111236313 0
0.8340802655469537 0.4759114035831918 0
0.5877549540844637 0.4054434145650748 0
0.4929374685536174 0.3497527639422554 0
0.1576983984047349 0.7430880895332194 0
0.6385576372492355 0.485577457854059 0
0.361191787048053 0.3191982283636654 0
0.3407839339088449 0.5090192515623408 0
0.855973437357458 0.8956573751219418 0
0.3946268008278755 0.5024775560452371 0
0.5557983010998936 0.6077515391795572 0
0.9317484935491182 0.7307682915793894 0
0.760563675959022 0.8391414653802731 0
0.5056007439539519 0.3823740725085732 0
0.4729485273306268 0.6832932603541875 0
0.4077340911131569 0.6378406065655045 0
0.3876995350425818 0.5651934204776324 0
0.3274027657098967 0.4296329423298333 0
0.7287677397281183 0.4420600839092297 0
0.6700308362217805 0.5259818856545675 0
0.3819120935108122 0.2973999384093779 0
0.2789069918264128 0.6598572692254076 0
0.6725702578547639 0.5102745462406527 0
0.03230353948011377 0.5437809168913634 0
0.9315366573255608 0.3010495961134363 0
0.9433391543020148 0.3137525818238749 0
0.6325451846881802 0.3374957282755483 0
0.5806642800483592 0.4231971605291691 0
0.3074934771756357 0.2185808657199243 0
0.3616642290065671 0.460187601712018 0
0.6308069817540856 0.5281708761718377 0
0.372008832884169 0.4896883714197343 0
0.3495430155733393 0.5721347126713687 0
0.1119947459235421 0.425904373319563 0
0.356043997730875 0.1845728067353313 0
0.3980804332823261 0.2202291590481672 0
0.3207824369990547 0.498581409471458 0
0.856966907138364 0.6660663183054252 0
0.2645559625858575 0.5032996588883196 0
0.3729421837808937 0.3637167847066813 0
0.6363528852863326 0.4895094285398408 0
0.6657340200291019 0.2088983682705088 0
0.6150279950955294 0.8511054413274528 0
0.4426435674842684 0.1841721089025637 0
0.4431275874376991 0.1210984429728275 0
0.919795587134755 0.330041285280966 0
0.416631904013367 0.3757700233805832 0
0.2810121330657708 0.84105235862004 0
0.5870833169314716 0.5913619490099042 0
0.9516000556987855 0.04883833267557869 0
0.9229812142164833 0.9462531708097127 0
0.3465486424542191 0.3464537245307636 0
0.3591101603677432 0.6803344838454584 0
0.5453570320513553 0.6323437347541166 0
0.5619319517313183 0.67433280343367 0
0.1721376525259027 0.1143293131139917 0
0.4763903309651913 0.3850743617471052 0
0.752472533720647 0.7862251664039805 0
0.3981767512958156 0.5085562217410551 0
0.3842540647989086 0.396241037348764 0
0.6253059040657745 0.5344317627464658 0
0.6196240997673694 0.7891408267924114 0
0.3127783507463598 0.6812884313422187 0
0.3567455052700316 0.0355577040292121 0
0.05122240715930793 0.1375119923932985 0
0.4971862756341011 0.6151223478656302 0
0.5846304185659587 0.6651193246288548 0
0.3858520117689348 0.447181844145747 0
0.3938573673077149 0.3477488810927951 0
0.4141091858523734 0.02509530370040991 0
0.4678164062658754 0.3838924627098089 0
0.1719462321922935 0.5168052038791623 0
0.6208282529730977 0.9689915335964413 0
0.5178709558745151 0.6035805065643985 0
0.9646411861212378 0.9234808039048122 0
0.5492920855173257 0.6281943751043162 0
0.04815485531965313 0.3266359349499898 0
0.535209017044166 0.6304044004081106 0
0.4115691781788102 0.1970981490223718 0
0.5025570975608191 0.3783709229836857 0
0.2428708436258997 0.5133836181083767 0
0.7308827148728848 0.2472955969190621 0
0.494732504678238 0.3340713766610991 0
0.349071128790214 0.6681464017695274 0
0.5668622852612455 0.5808271376393391 0
0.561933987754994 0.4050170067684678 0
0.5963526435496166 0.7614035383224474 0
0.4168113588203124 0.6003781033826256 0
0.5249573180801826 0.6335151502943673 0
0.3768721202181852 0.273724240938704 0
0.587711386276341 0.412535461804474 0
0.4287859981235541 0.1462305504755557 0
0.6109039644212508 0.4952187808832089 0
0.5490276703718973 0.6204749566262804 0
0.4196276165065375 0.8966973688760032 0
0.7108345918582439 0.3637675856663142 0
0.3984475705100824 0.4151383838823038 0
0.791315141620351 0.57433976779639 0
0.5089906501880069 0.2344425208311822 0
0.6163395753128637 0.5544747583092994 0
0.355836571251713 0.5946621986431905 0
0.8513467325810213 0.6271187863284782 0
0.5233346295630762 0.3976301847791568 0
0.6880460327125967 0.5534968969150227 0
0.587563258954609 0.5638648409654684 0
0.4188303958574454 0.3839323146292181 0
0.07080950986041729 0.4124403387598838 0
0.7251824908455596 0.03935656114940073 0
0.5347646488101697 0.6118529688004715 0
0.01356258692372669 0.2499690754960754 0
0.1275877381281378 0.5169079357762447 0
0.5966139064484699 0.5857842966626894 0
0.2927279798078801 0.2192355838050209 0
0.6296906974107344 0.2515992772466104 0
0.01468568794267844 0.3497032912226504 0
0.6985549760577132 0.6921428192418497 0
0.6608686978191973 0.1742464159133069 0
0.8005719682677922 0.1381373287810609 0
0.5315698247133798 0.6006218165500644 0
0.3607293102950728 0.1630636179181932 0
0.2930068919978978 0.5548037874384923 0
0.7156003356547106 0.3326450564127876 0
0.3577551782999854 0.3638263735442542 0
0.5938508086247243 0.5903127076466105 0
0.5501735543056193 0.2137940204560119 0
0.4019851621364109 0.5825493968580595 0
0.3939066191583215 0.5358219793387079 0
0.3341284786396785 0.4386174187321887 0
0.6407532087605285 0.5981809355098229 0
0.4031551304863645 0.5918518373512766 0
0.645265154760871 0.886007512333963 0
0.6712369598597401 0.5366952625260227 0
0.6184991735454972 0.6518930712168668 0
0.263473262591538 0.9669137900600927 0
0.7241932381425662 0.6650406440530154 0
0.43170447172938 0.2341626865031462 0
0.6054643108034655 0.290278920143366 0
0.06216363481994702 0.9677700246647811 0
0.7696620044621876 0.3203476025317717 0
0.9313728879289698 0.2185535153982218 0
0.3378106576916347 0.3594078965492022 0
0.2702029713129618 0.5110179999551465 0
0.370194027587879 0.4413039649340558 0
0.2768044885763287 0.5473464017401857 0
0.5819990210492849 0.3983050151516844 0
0.5951610550241646 0.7087842786936625 0
0.3748806828796732 0.5503167858405851 0
0.6357352657801376 0.4816030824533971 0
0.2307169872905038 0.450620073203091 0
0.032949197173335 0.1388190856478703 0
0.7479796370236919 0.3853842076435189 0
0.6327233419355439 0.4628541022186627 0
0.400929893525897 0.474499314220568 0
0.5888735125746078 0.1363623753722781 0
0.6044985886746046 0.7058701655554935 0
0.3215166986270473 0.3761090028428585 0
0.2697545013504835 0.258617807269122 0
0.2697850365973438 0.538801808599834 0
0.6012129568638305 0.5129020768500619 0
0.6044355467461503 0.3609380084717336 0
0.4506345952267997 0.2933943410119751 0
0.6326163079976028 0.5330630134181485 0
0.6388766695471757 0.704682235885516 0
0.4059753421252609 0.5845294343462736 0
0.7206727654824459 0.4801544542589417 0
0.7502691528589633 0.9858111760463708 0
0.5761381811472768 0.4175390881647928 0
0.7569650687686618 0.1239675379188248 0
0.527596819029878 0.6989098082400611 0
0.4479642536316337 0.7100459526903464 0
0.3897987954550627 0.5040802804302331 0
0.5339775099542531 0.5988434331087404 0
0.3336432978832858 0.5028114972199538 0
0.6109379891219096 0.7121186586919186 0
0.3413902798448882 0.5188493014794756 0
0.5946310705897128 0.4618309867484203 0
0.3697429063223383 0.6133638600177337 0
0.6023273600778178 0.4482783453977909 0
0.5737586711187297 0.5845325655448284 0
0.3786483527703149 0.5274192624014672 0
0.4119106873780094 0.2838939339283483 0
0.6885318327294828 0.4923953573347822 0
0.3966243324375733 0.5161020436903014 0
0.3266256925474941 0.9658642407162863 0
0.5308217673065431 0.3863769954491857 0
0.2938871287876817 0.3789665093070506 0
0.2760721787270582 0.6385047336461627 0
0.4837084425009032 0.7664448725645979 0
0.7984414675166887 0.4293921042779513 0
0.8077111721680336 0.4380827908996953 0
0.3874308368829071 0.5208275163890324 0
0.2364180434294681 0.459587671853712 0
0.7794529111070698 0.4127049075201682 0
0.9177076574258475 0.7203820660431722 0
0.4782632123891528 0.3314713188651562 0
0.4946619051911008 0.6020140148052252 0
0.4255917696559388 0.9402998311195312 0
0.8753258464480633 0.03306752952076447 0
0.4572381764588497 0.2996813453937568 0
0.8432372577966483 0.4393193133715133 0
0.8032220416463753 0.1220329703569896 0
0.4281565537610496 0.6179977257026354 0
0.4231000516579129 0.1805809930829692 0
0.1269734189552311 0.29243063180477 0
0.4084375442398996 0.3724048952199185 0
0.9351782595581543 0.1836567416524628 0
0.408540740775196 0.4220499824289983 0
0.5290409697253668 0.6299859235394231 0
0.4509023230720589 0.3740506178458413 0
0.318399025188858 0.4560072556024357 0
0.5390724878237724 0.6958236366257652 0
0.6015021349412536 0.4899577909796574 0
0.5929295774596055 0.5481399043528009 0
0.8692247187641373 0.7497572260693723 0
0.5449267783167329 0.5944109707032934 0
0.2685189571790633 0.6317948227065833 0
0.3882385926217708 0.4867775360175751 0
0.4634632470844021 0.384708227456538 0
0.6381630911770184 0.9704577595784256 0
0.3487794013591875 0.3763776958493346 0
0.02903774866917397 0.5996488881646316 0
0.3679335373456262 0.5536228667943407 0
0.04773486520299941 0.4548365597432611 0
0.5509254485649406 0.2644587344335265 0
0.826123180321465 0.0154263197214673 0
0.483834173746066 0.7505499071671923 0
0.3817594237052263 0.788951301516766 0
0.6229116388057473 0.3875119393705185 0
0.7825110326063842 0.3160896365586195 0
0.3658335735325127 0.943536698651299 0
0.5339972610349232 0.4010887808116497 0
0.2120933094810753 0.6443209017916539 0
0.6263090387803313 0.307920748795511 0
0.5388224005288622 0.3739187776143452 0
0.3559301028890506 0.3720530172156145 0
0.6078534336623367 0.3206070844791424 0
0.4052667797891902 0.394302788759088 0
0.95 0.9866026009324059 0
0.5215166530358947 0.6723894984168061 0
0.3501620287552613 0.4159730706678167 0
0.4660529269227745 0.7896635972113387 0
0.676084692154459 0.516339698240402 0
0.4046413959404309 0.5445616906913608 0
0.629795477544528 0.5551267557204551 0
0.4976957906418293 0.3982569397309377 0
0.3287441242337923 0.160332378105975 0
0.7311914176764363 0.4183649345480166 0
0.08147762034094413 0.6307762111117875 0
0.5422819946988365 0.377275458749559 0
0.3064630309734604 0.5562064782463477 0
0.591996581810348 0.7179747065536213 0
0.5584581776016169 0.8399042466361215 0
0.2619875724169515 0.2704865042496039 0
0.04053606428933254 0.631240136624257 0
0.672342562911371 0.4876817016044316 0
0.5402060080174578 0.5940594913287397 0
0.5003477957874605 0.6154917684869718 0
0.5370563619087874 0.595343358079348 0
0.4079885566289926 0.4295448813823646 0
0.6102699738377774 0.4777407573382213 0
0.4236803552146043 0.6165724551083106 0
0.8535686072261505 0.01526017173303845 0
0.5479232695932164 0.4099145145750154 0
0.5033068513921731 0.6205741220195722 0
0.4353686578039474 0.6157840686331664 0
0.5981961152611834 0.473112385078731 0
0.2099757709293406 0.934873954919505 0
0.3490972554025161 0.5912389868813669 0
0.517687316117899 0.229232807559982 0
0.383991363536226 0.7756359229513271 0
0.6534132368122142 0.5517502777599538 0
0.38283231160497 0.6800556717808026 0
0.3742122420978395 0.678608486511254 0
0.3887565918286398 0.6316876295137013 0
0.5390735474597655 0.8713540170012508 0
0.404238887006227 0.5647181265000147 0
0.4037273870759743 0.466186308395758 0
0.581132054566212 0.385922689156752 0
0.432729159539335 0.5804976934783497 0
0.1650128745464826 0.1721631056614749 0
0.4038898569836529 0.596744441364741 0
0.5469633685812164 0.3508655139190049 0
0.03004719196737549 0.2200183386306228 0
0.6189613631646014 0.8747717068499272 0
0.7255331411181383 0.6044201741695818 0
0.6301168133215973 0.6554911747982746 0
0.5281875604522802 0.2131543854314155 0
0.4141453676707552 0.5596030274602658 0
0.5540276282648807 0.3566205638455579 0
0.07046481917184766 0.6207770402237016 0
0.5501207904107079 0.7303491694317215 0
0.4734873098447173 0.3864599278777288 0
0.4019945416859852 0.2787448536796435 0
0.3783476320517564 0.9692502363318048 0
0.3624710611430181 0.9640236502873779 0
0.8678753003783022 0.676304124353984 0
0.4085825353611705 0.1095494205680855 0
0.5507971511994377 0.5915446239110416 0
0.6354217557447526 0.52880188169942 0
0.5589855917051265 0.6043519436700648 0
0.6569354884285663 0.5476406145156856 0
0.5765888805687104 0.3540143797283406 0
0.02928555422222456 0.4196819561874543 0
0.8146302417100089 0.5373130926271369 0
0.7579826345001082 0.4058845775548983 0
0.7996706938271527 0.4161123977325534 0
0.6245014911431522 0.6684460319146506 0
0.634637482178475 0.5095265230656696 0
0.6433396408553024 0.5119930306752961 0
0.5385289624863723 0.2190723222151389 0
0.4272345452498428 0.5938638987567951 0
0.1669631553206186 0.5065359046114686 0
0.6579221266263982 0.3307789297971399 0
0.3421690037118082 0.7429237672576049 0
0.7931270635496052 0.3819554761326395 0
0.08961150259577799 0.8018229805972669 0
0.09741970944949757 0.7858795717301762 0
0.6752393543132298 0.1682901316257553 0
0.5387823745285349 0.6234023707001599 0
0.4216625983703366 0.6927635225072892 0
0.3878837856158498 0.343303058742107 0
0.6318360797595005 0.7865320660039673 0
0.3953098393267888 0.5771237459133547 0
0.4896241571901628 0.986701021107514 0
0.3748496745002478 0.4712737196560874 0
0.3743856904079592 0.5331315426970543 0
0.5348863922458665 0.3853493611361452 0
0.2750697754329068 0.5178776767243967 0
0.4440564301415937 0.4122971186052184 0
0.04657752311689012 0.2938504197403842 0
0.476307251935236 0.6649798280032985 0
0.415342551198329 0.438265106313331 0
0.5366458940031804 0.05738707913316293 0
0.689601311139779 0.6090543412568543 0
0.8121925719509202 0.3643875189275929 0
0.4562268728400903 0.6573045571783266 0
0.4227221467273183 0.6119645718636398 0
0.3761396562956788 0.2903473266559732 0
0.6018298519920419 0.4956937418111941 0
0.4013480034524292 0.5255566350420757 0
0.5094587666785412 0.6635413422132237 0
0.5305294633415246 0.393559524522378 0
0.2389789336489342 0.5227145795780426 0
0.950890869282137 0.5163595004823361 0
0.6102186060896972 0.5074337862750405 0
0.3979634033679743 0.5057546908576854 0
0.5584670037300957 0.3824472059286592 0
0.5602595823654839 0.6446178388891537 0
0.585683942917363 0.4441597465128826 0
0.4859466444491491 0.3288949805114744 0
0.9175799080714855 0.9664722662833598 0
0.5516641780652606 0.202497396259865 0
0.8530395489755593 0.9228194355768135 0
0.2488876513382035 0.2707819353357824 0
0.4423400735824823 0.9360493832593285 0
0.4326189821208729 0.6446648307568881 0
0.6151404659437638 0.5478852845134773 0
0.4180131696353139 0.6100907277366763 0
0.386549506941169 0.4433181203273153 0
0.9680495122938479 0.2730983267909461 0
0.6016811921331218 0.4640613191721537 0
0.6283845392654633 0.4225585625695387 0
0.8161579231481094 0.9685808818322109 0
0.5689582870283699 0.4211053853901924 0
0.5660888131249131 0.3080842504236825 0
0.1057466523286426 0.6411245283261269 0
0.5831478447193944 0.6267233262970561 0
0.2836258016076131 0.2324153473515701 0
0.539224373599086 0.3845090538556288 0
0.7926943581839196 0.3240486351712867 0
0.7100000000000002 0.01260033629691243 0
0.6900000000000001 0.9874097625677979 0
0.4875422657597868 0.6038303055195274 0
0.5895362904815408 0.4465951392384371 0
0.9685768426253738 0.782885511716263 0
0.5485956680191519 0.1590644651479137 0
0.472026470883914 0.6753950683787366 0
0.6445834348519512 0.6435023474360331 0
0.4284210302478382 0.4270790099671717 0
0.3656988754721472 0.4383772951504358 0
0.4124085803544745 0.4431514147467177 0
0.7059015889548563 0.5156372667798278 0
0.1989822101754228 0.4674153432635337 0
0.2825432246074756 0.4518349294984841 0
0.5319465959322993 0.6151507546489445 0
0.5773322758680562 0.4144332845744713 0
0.5586149579266603 0.1384900826447494 0
0.4509280271345801 0.3698768687659564 0
0.4563334027560875 0.4081036334202175 0
0.5888780126080069 0.8450991981678297 0
0.9685317568646172 0.3232807255821886 0
0.4636080332688378 0.3047229343409275 0
0.2454542265285288 0.5325384295372938 0
0.3001017997551798 0.2927977351598973 0
0.5095128347086221 0.6154222667443036 0
0.2178507860076819 0.3407779233232189 0
0.2889910057823911 0.3722576231570682 0
0.3486838294885067 0.5535519131526664 0
0.2048699441149358 0.9526408715053363 0
0.5352851179382979 0.8855323695065891 0
0.3870489649655021 0.5247338083721748 0
0.4256643145864812 0.4299430292818247 0
0.6747393899336096 0.4805806298161567 0
0.4747276025078097 0.5987614249299305 0
0.4078856754821282 0.4437925837728477 0
0.3853211102320777 0.4851519056288617 0
0.2989831481672771 0.5870298792190803 0
0.3996813296416055 0.3885290050933792 0
0.7634162949896758 0.7977422087860501 0
0.6695503965977724 0.6445517107260246 0
0.6783006863974542 0.2035169295663612 0
0.03191001115684911 0.6647195668008905 0
0.7897148905312417 0.6311353190818436 0
0.4080849196007481 0.426076846156576 0
0.6913926302337882 0.4860818771577459 0
0.6167387539842915 0.579073165209175 0
0.793879778407544 0.3705441020959786 0
0.3417749786200443 0.5323743547949087 0
0.5067086910108081 0.6179557707824216 0
0.9221400578447199 0.030770164187153 0
0.6016125654136506 0.5071693790380395 0
0.6415547121257037 0.3358880014853536 0
0.2357561324558509 0.2707943374725665 0
0.09244155294842415 0.5335333351017741 0
0.5419881861003428 0.7849631683438938 0
0.1858848089883722 0.4273352271592578 0
0.6543118494469331 0.4124100513122455 0
0.4499157706126568 0.65559434324527 0
0.3887282774217714 0.498802850288202 0
0.767271616693622 0.8663725670589947 0
0.4939128945664526 0.3957796026781887 0
0.3623386757754655 0.3324436701307645 0
0.390956244237703 0.4231190961499218 0
0.591310070995869 0.5508303968160468 0
0.3236802047123353 0.4462163341331845 0
0.7075244711171165 0.4791632416367456 0
0.6087023162342278 0.5051267493274217 0
0.2415911118879511 0.5413690910564117 0
0.4205871666501993 0.4361506714700964 0
0.7352193863335197 0.6621684496439499 0
0.6310826023505905 0.04911778074240147 0
0.5612913580358977 0.6014048035108202 0
0.6186945750341499 0.3816163277014373 0
0.6131748892224393 0.4956134172672591 0
0.6248532431974745 0.4181551661055253 0
0.5063885815210842 0.3983684576917185 0
0.8078949638183546 0.5649862106574227 0
0.792293963498471 0.0936657138524899 0
0.09519867637434076 0.7150109457626425 0
0.7007897839288594 0.9631704600350075 0
0.08003076447058455 0.6969180854868022 0
0.3958131328405886 0.5045648196636714 0
0.9490151615345771 0.1767150955502489 0
0.05470717903090705 0.4127502097777176 0
0.3144104056370834 0.3879636455657822 0
0.3661158596530304 0.5458963800933246 0
0.7024813188135456 0.6042290385543347 0
0.3706749986624884 0.5350137625926084 0
0.6140865045959631 0.6202343934739041 0
0.5139338985446882 0.3965095797778083 0
0.6459389308336492 0.5068051634241357 0
0.4779022527070291 0.7048670969267667 0
0.4679953054356147 0.6983694977182344 0
0.7970797579627579 0.9511245485878816 0
0.03011108628168041 0.8783377628002154 0
0.9693723134258521 0.8575086767034048 0
0.5904836913854903 0.6660500058786712 0
0.4067237455394573 0.3791629703530289 0
0.3814383645477589 0.4387440098517507 0
0.7108623059689665 0.3794519589107897 0
0.4708796202094523 0.3016250213569812 0
0.4721999855165621 0.3336576762243627 0
0.4759996354304343 0.8048140664712791 0
0.0294652236626633 0.8199967213374542 0
0.5089735551675635 0.6044819063317411 0
0.5161217978200372 0.3928781039796723 0
0.9052464675039922 0.681097384550013 0
0.5782460558126711 0.711832077157998 0
0.4397605709438517 0.6572121956235617 0
0.7322422343422119 0.6104434377271023 0
0.01438940001219724 0.413566565063039 0
0.1406293148848598 0.1690825341582019 0
0.5943281318325082 0.4352301008635068 0
0.3655518583345714 0.5404837719182511 0
0.6086227522011602 0.1190044157273469 0
0.5048699448855142 0.7056816319852239 0
0.3884257505349732 0.4905434351675609 0
0.8654992327119326 0.7660398137253444 0
0.4994515338126455 0.6351140959044697 0
0.01223152509567116 0.1099999999999996 0
0.4320033953610072 0.4239771983748297 0
0.4240969558440185 0.5765280909851729 0
0.508020600419855 0.6937188150606663 0
0.6028314018701487 0.4451665747960736 0
0.5986837724983698 0.2427247807100493 0
0.4998174643754098 0.604566711408242 0
0.3986962546839165 0.4887981704242448 0
0.3891292114645154 0.4948340547074691 0
0.3843922332470981 0.02546173148089526 0
0.5947899981398441 0.2929896109287933 0
0.5070034202201139 0.9654153770738769 0
0.6054945792823971 0.5215277318530266 0
0.5464817794549819 0.4024539030661669 0
0.6479220972441254 0.4898126082385869 0
0.7747588883216137 0.8108860816980089 0
0.3661060040202611 0.4497436781324042 0
0.9702667162084622 0.1591135986149584 0
0.2069994179345085 0.6568496004741823 0
0.4447532808924609 0.8871997770900766 0
0.5505920191185415 0.7808093376876433 0
0.2942724277899758 0.3627035786510235 0
0.5796897820165983 0.6094583302403546 0
0.6274808039827346 0.5513832387314082 0
0.9551757562475393 0.5689335389114811 0
0.5964902468427324 0.5324069929910996 0
0.3870886672380396 0.4246034822841797 0
0.6004662892417654 0.9515211930012147 0
0.1345224673204318 0.9690377374539463 0
0.4721183892712422 0.6116558049654056 0
0.6576828812229658 0.770780168631811 0
0.2277551855219371 0.3260750322561625 0
0.5285863425473172 0.3994346065631978 0
0.5581714136497457 0.5870370607603714 0
0.4043091463716049 0.4586205863670714 0
0.8109902757828131 0.5515739688415777 0
0.6503259278646478 0.6618167820970723 0
0.7068672535818181 0.699885902888566 0
0.4808230364128169 0.107216080416677 0
0.528445145491992 0.3915168460154167 0
0.4647603014881712 0.4017855635657568 0
0.1982760002275575 0.9692279462489823 0
0.6122544602616378 0.5737046134965195 0
0.6910280636402069 0.1981899466453974 0
0.6424601841298028 0.7956720785871915 0
0.3063133832334811 0.5857233211783019 0
0.5589038223760526 0.3549903546960822 0
0.5313674983531528 0.3469974808572325 0
0.4069200465006409 0.2043027959201812 0
0.6028622720154668 0.4820370483514635 0
0.4563238148316329 0.3676756856494091 0
0.7854483422095961 0.8813347665196429 0
0.2292224158125102 0.550564314530725 0
0.6986372645521299 0.3654891645204016 0
0.9038352141432964 0.7092111260258371 0
0.3701731756151048 0.446761751470554 0
0.4366422976341687 0.6886478541849903 0
0.02804852910194267 0.0387443684903479 0
0.27217906538413 0.5256872196516491 0
0.5988645421285695 0.5241407492110012 0
0.4238754761654892 0.7710779414516817 0
0.8791815602954973 0.6873199056371806 0
0.4413605729640749 0.6622552567401101 0
0.4598646202909719 0.3818130480438187 0
0.9883700237817568 0.45 0
0.6871971321543973 0.4792865089625963 0
0.5331260890327673 0.6035369659766451 0
0.5573560640097966 0.415906422779094 0
0.3951177689736701 0.5211314954638395 0
0.461407774461238 0.3659158018497736 0
0.4348598302236453 0.3518825830286461 0
0.3435066100031042 0.4124742206980447 0
0.3896880830668284 0.7960797720903595 0
0.3887619504056149 0.3359805883821161 0
0.8355171315712866 0.362300325665148 0
0.3804242753801983 0.4039319514633952 0
0.5204207293328151 0.8900011024865632 0
0.6496698147022328 0.04313588979334543 0
0.01464101615137703 0.985358983848623 0
0.9853589838486227 0.9853589838486227 0
0.9853589838486227 0.0146410161513772 0
0.0146410161513772 0.0146410161513772 0
0.7274771959764625 0.3288063673461291 0
0.4490655794681931 0.4113484053281523 0
0.5791327441008041 0.3949101199982541 0
0.6204139550921191 0.3921476114900959 0
0.7070349092141304 0.5437007633645555 0
0.292112932911901 0.854489871666249 0
0.570203842256419 0.1461274476798162 0
0.4804063945938743 0.6025433697363701 0
0.7920750041997618 0.03182841172907946 0
0.3287590814194944 0.5743286194977834 0
0.8270605959430384 0.31707981188803 0
0.4051466101512885 0.4428108921166576 0
0.343332002381356 0.5641289494813536 0
0.3387893282087056 0.7539921282278225 0
0.385289563546915 0.481415520786204 0
0.8377279457885163 0.3466923892541082 0
0.6387542592044689 0.9083538492375081 0
0.7125328918718591 0.5051994853438891 0
0.6396716582531802 0.5292322974321312 0
0.4482731162505154 0.3922977389605595 0
0.4066698988415639 0.3841519217993523 0
0.1587740246752607 0.49890352821508 0
0.2699824947047256 0.4504909328566848 0
0.3209219926323083 0.4185797735656515 0
0.5691436470485465 0.8347272761218021 0
0.622798532659312 0.7001528838400528 0
0.5834935796588673 0.5776402949472189 0
0.6427610830451663 0.3913641163005631 0
0.391014119936495 0.5348066476566978 0
0.6075790709927191 0.2473460711023178 0
0.3909002438684063 0.5310813724318857 0
0.3617909441171472 0.3890697399120669 0
0.3651087396253819 0.4319213325227171 0
0.133353355575685 0.271262713660338 0
0.5614955132760096 0.3022167090916485 0
0.4158055924184508 0.09543358572305705 0
0.613422165170983 0.5076515554516108 0
0.5721847536536372 0.7237385202780446 0
0.5969256848688267 0.5783087330811141 0
0.6366078382583129 0.5133216239291134 0
0.6063391603881089 0.3545939495883447 0
0.6200873298811936 0.4400934181915083 0
0.5233952014832988 0.599064451478061 0
0.4210347077194151 0.2147464492813 0
0.4693572155046398 0.2804014453126272 0
0.4012759654868361 0.563964268581653 0
0.377041506581143 0.5702936199868666 0
0.6328463633000556 0.4787872612793269 0
0.461015840598816 0.8759017364987078 0
0.4629526690663497 0.6400730392113104 0
0.6080054729927076 0.4991496208708552 0
0.2378225560960578 0.5505282511299583 0
0.8616098210403124 0.7824846660175625 0
0.4497614887983501 0.4080445503068864 0
0.9356076815696832 0.6278380538061648 0
0.4776305171714637 0.3610781205442349 0
0.3418594548283431 0.5432252241218557 0
0.3848841205846101 0.6891112323158719 0
0.5817930304890568 0.4256393722568897 0
0.457901897458082 0.4040155302197435 0
0.6513744120908219 0.8041533569989423 0
0.4386214354595404 0.4111995520613722 0
0.6501774705089494 0.3337564067709899 0
0.2265554885745303 0.2499274892477443 0
0.5322772220518048 0.6759085446790609 0
0.5097944794092617 0.7337579593301159 0
0.3618598935215508 0.1759828586319785 0
0.4025884649426528 0.5475009301037972 0
0.6403847002169134 0.4894233137954753 0
0.6795478744291421 0.02952706034585473 0
0.3309580679465311 0.7687859920833554 0
0.7406229189355231 0.5732243526098881 0
0.3912461580196049 0.5279478711680879 0
0.6620781620722972 0.6561668096260642 0
0.5860632550620009 0.3851344707361241 0
0.5678705612728465 0.4070237562576723 0
0.478212551088801 0.2991172011535109 0
0.25 0.9886517687348465 0
0.2907395945756572 0.487035210595575 0
0.4680776381714698 0.3692198948937427 0
0.4233856942561621 0.2306901226897097 0
0.5317058570419402 0.6536668837338681 0
0.5887187997252515 0.9566710142370709 0
0.7161231717420216 0.4493334985381331 0
0.3213282365721308 0.148591690439342 0
0.638995309910191 0.7124839507734939 0
0.2013697031388487 0.3294505524321301 0
0.4015888498464626 0.5786346813185885 0
0.3682990980504909 0.3672886069120146 0
0.3744912167847352 0.6404786174096636 0
0.4511543295601692 0.5892686377577225 0
0.4336306868193904 0.4047764278036055 0
0.3863445360080932 0.4312430982962145 0
0.826576227825339 0.3361522224481011 0
0.6041380309213578 0.4600460237648258 0
0.8051922239070654 0.319636701975586 0
0.7013120992116497 0.4578377651682183 0
0.5077932388340304 0.3754051980288008 0
0.5364138733965202 0.6475487734344887 0
0.390906335143349 0.4645424228259468 0
0.4696204861068671 0.6624897843924855 0
0.3141085774677286 0.4801537746256831 0
0.4040595080297038 0.5337336610911584 0
0.564904698747614 0.4040232130617437 0
0.3364204878310555 0.8213610812821244 0
0.3775769693881752 0.6207131426292349 0
0.6477296862020322 0.65067525391309 0
0.3681362251347481 0.4877359292460364 0
0.6055246392753247 0.5413429007760845 0
0.2475733635129012 0.3129478585106905 0
0.6465076540763259 0.5974977644555974 0
0.4931600292554673 0.7087109080869367 0
0.2513860059141391 0.6282908667756463 0
0.5444115260831758 0.9352811623184145 0
0.8733108428744764 0.7934889460095151 0
0.8831611992891719 0.9722263650112831 0
0.5113065727263395 0.6693448852207738 0
0.3885796557971722 0.2485621180041631 0
0.563413229458346 0.3592571801713824 0
0.4688976560325237 0.6313218869236894 0
0.3868412417728531 0.4346685167371231 0
0.5869515650642092 0.4467300335195917 0
0.4183807625663736 0.162287035582637 0
0.4044476968399152 0.6013046403133483 0
0.6039611429804941 0.04777971419391147 0
0.1117050371915664 0.5184377997841232 0
0.439010149247032 0.4156530703958694 0
0.6045819704222347 0.4425200004911594 0
0.5910038507908052 0.4485173539221758 0
0.5994180100606592 0.4786727893066267 0
0.2456527785849431 0.7544920358714715 0
0.7591275516929896 0.02869808210317204 0
0.6432863570820103 0.5020917955715081 0
0.3346652046570026 0.6234057790011613 0
0.5660947868565421 0.5779442637482912 0
0.692827500538178 0.1859527534617167 0
0.6292465696191615 0.4313851211069848 0
0.4092641555598632 0.6444864375020471 0
0.6872782565735366 0.566651200640831 0
0.5680361460339581 0.6743925252602327 0
0.3134210392815625 0.4671787591539255 0
0.5069482712649763 0.07508133037293985 0
0.4328680142059933 0.6498440774117299 0
0.3950806699253389 0.4212536399469725 0
0.4847628375912011 0.6031963460018679 0
0.5647951543140159 0.1967208220934877 0
0.3216277280771855 0.406974479992339 0
0.3959132353206453 0.3016508329410515 0
0.6647405715062586 0.4070697127471936 0
0.03120650711837042 0.07558767418630058 0
0.4681568834901429 0.6871675147005827 0
0.3019414375367943 0.8665181123510184 0
0.4350158937457327 0.1766325013321175 0
0.4785825182646887 0.5999408185404043 0
0.7973827941720566 0.6395228892786879 0
0.4556063072177967 0.3833246923962058 0
0.9880808574923281 0.9096507163035088 0
0.5881529118802227 0.1248177075041768 0
0.371734555222909 0.4735765713986702 0
0.4108705616656562 0.6505389687028985 0
0.6036378495303221 0.3998484398440816 0
0.5682076949534278 0.358255123838107 0
0.4096065874630868 0.5520180308024623 0
0.5129039767838974 0.6160629442521213 0
0.4795035357101647 0.8621025329199936 0
0.3318872326589738 0.651192771883752 0
0.5812071211713524 0.6694203168438601 0
0.5807353664135861 0.2952188579587008 0
0.3985768054780203 0.4753869398418832 0
0.601833113106457 0.4388692129823081 0
0.04532761344160202 0.5683491598308145 0
0.2883225405092124 0.3905066323275405 0
0.5225056066497848 0.7314549938953127 0
0.4430466211301131 0.6171146095130966 0
0.08818314886652701 0.6429443150982959 0
0.4370787894877259 0.3161617685005004 0
0.5437687148506321 0.3543053688390249 0
0.4383021739676594 0.5896950949583648 0
0.6802927950969716 0.542691356347792 0
0.4818385066430917 0.3976266195783403 0
0.4196811529327608 0.5660655335385538 0
0.5701047656698737 0.4100246324615454 0
0.5342284537141301 0.6066227302554179 0
0.4597870034844996 0.2864920416572732 0
0.6581478344208103 0.397780096625896 0
0.5959186464659445 0.4379253077803897 0
0.5733702764039834 0.4260199661065507 0
0.5966534431560719 0.2244482010630021 0
0.5909464378518503 0.6279046326715203 0
0.3980983741156265 0.2907688019978167 0
0.465642917353675 0.6540118499861095 0
0.8654004767618846 0.9312328229195637 0
0.51585882436354 0.2805243484501801 0
0.654117326325975 0.7808037002968059 0
0.4387640550848715 0.651740975551955 0
0.09574062787086768 0.5209687600840506 0
0.5048522776147223 0.3512157550978452 0
0.5650888612186004 0.6019147710194945 0
0.387037864559269 0.814023641090848 0
0.3665081358808178 0.4540397203517875 0
0.6455909405304892 0.4974649356420763 0
0.4350133527385468 0.4212962354333288 0
0.2365794027270934 0.5053191303782979 0
0.3441670202514244 0.1617618780106946 0
0.519049749389432 0.3967856431286358 0
0.3103887840559925 0.988291433255716 0
0.568212038731956 0.4239556560235427 0
0.1676713420872237 0.427020720777719 0
0.8186760157848667 0.3724600828589557 0
0.3557375231711586 0.3849467601546509 0
0.4049251121767102 0.4316194191886929 0
0.5433499261323957 0.3836189816946409 0
0.4793559855134878 0.9728078907473771 0
0.7080778890401163 0.4668649401306997 0
0.4031621436764267 0.7025803681349481 0
0.6926577974411284 0.3583579189803501 0
0.01089881678984206 0.9099999999999994 0
0.666314391734925 0.4460418743366137 0
0.4167541593586154 0.7850515759314058 0
0.3614360628448474 0.5063894698338288 0
0.1635668566201849 0.4865445923665432 0
0.5009474661587848 0.3525631849154763 0
0.3925115604943637 0.6894138431952019 0
0.4441755975878093 0.6537867792377346 0
0.3839165623441615 0.6351723687360702 0
0.5074953751917314 0.8935794629187988 0
0.8104264017812177 0.08503031187920634 0
0.488998588386599 0.3786945489042131 0
0.5713857790672807 0.5759459953865135 0
0.6504399612420627 0.3238722036130579 0
0.3358369971776948 0.5426462835927086 0
0.85567048801818 0.9859533497080444 0
0.7508017104535043 0.40221725287716 0
0.5897260248055963 0.5530461120274988 0
0.7149935998455562 0.7075263538393088 0
0.7947258345588184 0.7216107025891874 0
0.5679491211703518 0.04443897523968954 0
0.3402556938983995 0.5041122918568541 0
0.6468689272204664 0.3969207625653713 0
0.5788230626768217 0.3485282450009883 0
0.5950318924587374 0.5427954915018416 0
0.5622634242815386 0.6491908047749436 0
0.560114001907042 0.2611512031500303 0
0.561565615612351 0.7162997639119384 0
0.3993807598697776 0.5498774470503585 0
0.4562469773398499 0.1191520051886285 0
0.7313088594534434 0.4331168296897293 0
0.3680360923487861 0.5707726457704583 0
0.6108144719364477 0.3124247077391699 0
0.6034774101474141 0.6604602822417609 0
0.03010384048638076 0.183304772824699 0
0.3900828942415413 0.01176997325095352 0
0.5377982414023083 0.3457277841937376 0
0.8297450757583578 0.8992220334085238 0
0.4650158694320498 0.6368032322779704 0
0.6067861592430684 0.524392815644525 0
0.5289183113391409 0.7346301966484519 0
0.3008026692914602 0.2735272793730439 0
0.534538208658915 0.7327193035705728 0
0.2250387927421931 0.5996723117645884 0
0.4209244491431432 0.9713561232023503 0
0.446068422508053 0.4137839009172724 0
0.470431759508586 0.6204545044259492 0
0.5750737099236463 0.4123816344100308 0
0.616491100472219 0.6253729667698684 0
0.1960506461010715 0.3395956375231884 0
0.3072921807319285 0.6098500123504018 0
0.02702522160641829 0.5000591923131376 0
0.921040298435977 0.3428947772801439 0
0.4284441031638149 0.5762595127231969 0
0.4136763129398307 0.6028240309074864 0
0.3300610868840039 0.312613103846269 0
0.4721735548437467 0.3626896957966953 0
0.6215825909245177 0.3022099401958564 0
0.5932689802969632 0.4596431351464625 0
0.3261196114154644 0.3203130540376171 0
0.485103872644278 0.296158326388139 0
0.3291447234799557 0.4354273045394403 0
0.3033808592732558 0.3419717880346776 0
0.4788172468799769 0.6268764524115741 0
0.8289151316508537 0.07696212042040007 0
0.6198951897140924 0.5748238255941638 0
0.5763002007714814 0.5801778651611648 0
0.5195714853804729 0.6021063889022968 0
0.2979595607985958 0.8795150799793118 0
0.4086831633522089 0.08467569743524889 0
0.645819169971995 0.7172903558583934 0
0.4892803142801597 0.3989529912888364 0
0.576429560632031 0.3919148113425763 0
0.2368822284590633 0.6098431930241818 0
0.4218421013637982 0.4304225963795099 0
0.6093345333436344 0.3698871331094372 0
0.2325920071958489 0.2392932737898821 0
0.5524752172424083 0.5899120031382385 0
0.9587578894602475 0.5497659114187908 0
0.3717315596959641 0.6293792330987553 0
0.4390254132652988 0.5849134363350098 0
0.3084037652348914 0.3557337816315959 0
0.4707899772743463 0.6400311122693993 0
0.6173816556106041 0.7106310418539831 0
0.4095519993653454 0.01124006596877403 0
0.4005780309208561 0.5604756662081687 0
0.7385077668159796 0.3252211262990999 0
0.2719901328819955 0.6531460945457539 0
0.3881738442173661 0.4744929611824624 0
0.6069877457662889 0.4032247536784447 0
0.04703779682353859 0.6173353324382731 0
0.5558901259033259 0.8107860701448255 0
0.9373809749386838 0.9413032124151397 0
0.9722425063202932 0.259383544420408 0
0.5362646593869397 0.6262046840409975 0
0.500747072421848 0.6392644649139347 0
0.4844682460520481 0.6286915934697758 0
0.6338601634968434 0.5545732510007664 0
0.9540026792020413 0.03117823448452639 0
0.7958327073592685 0.8753937834578143 0
0.7693480734331518 0.8263548891043021 0
0.5410369042247702 0.6486758682689052 0
0.6149445726184231 0.5103584665490641 0
0.6029681012508862 0.4799215378849409 0
0.4013813096467896 0.4668379103549287 0
0.4107740630040155 0.6021966410808466 0
0.6157205794474284 0.1275717073033351 0
0.1774959298130262 0.3434568803123187 0
0.3126183015657565 0.8132412142730833 0
0.8258197955821909 0.5363849010770524 0
0.2602244199046873 0.05514714191489734 0
0.4005179416318745 0.4421178011330226 0
0.4030138316953686 0.4409438790209118 0
0.4291863631489472 0.6219709227632974 0
0.2253067057988289 0.5575153644466979 0
0.6105269525333994 0.9041003086185138 0
0.5502738609841941 0.6448393844695535 0
0.575192574901164 0.5869516550569563 0
0.6082272159882532 0.3790581531717558 0
0.3955330715005012 0.4173424318772017 0
0.3903322547096582 0.9636167769214961 0
0.7498833360044114 0.524119520721448 0
0.6263676168122374 0.3977702834512535 0
0.5114611886341316 0.3492699182307086 0
0.3988364544675152 0.4914285094376327 0
0.972463415773094 0.5005565367240984 0
0.2267834379141344 0.575180467107007 0
0.7622471891384238 0.412506061643524 0
0.9725008784202904 0.1400024546118065 0
0.5306711877277104 0.9564010814462407 0
0.5924683851883332 0.5614043327538062 0
0.7264817037169834 0.9699549026652287 0
0.4622303295742669 0.5967878237496045 0
0.3184942135191409 0.7720497183130774 0
0.3965859487453737 0.55167606618205 0
0.04583677111782836 0.9696541213384938 0
0.5499449279848994 0.4115611397600816 0
0.5802175435171835 0.7785224400051802 0
0.2439098913147154 0.6184052679016191 0
0.9527001997685973 0.8387906867282113 0
0.5839987999472358 0.6095318471891311 0
0.3950208468091618 0.5178592726560417 0
0.2277147228844756 0.5065184300169127 0
0.4754377476841071 0.6257128635723295 0
0.5701584481918416 0.6035034908815917 0
0.3652391572215046 0.4257110900715893 0
0.5205714770243602 0.3903292058465063 0
0.4209417299208389 0.5644759662012215 0
0.1193437383421483 0.9713470802065062 0
0.2634011402592372 0.3088564403186163 0
0.5874005425188602 0.2959173536608671 0
0.8299920589717957 0.5201005266751969 0
0.5447800533726433 0.6447983924812895 0
0.4986688105873388 0.6019986697222711 0
0.4605406678647976 0.2704580265923389 0
0.3642589406873486 0.48568624977498 0
0.891250292982398 0.6985067717324391 0
0.5441742336706198 0.3453626723897639 0
0.3512995404295308 0.6748223724148007 0
0.6859121025460675 0.3518160751728712 0
0.3187519760084854 0.6995003663171107 0
0.5997647927898864 0.4690096648844383 0
0.9696790922757201 0.7655396234461851 0
0.6079343000900239 0.6689584993408442 0
0.3233101280111519 0.6063641793538794 0
0.4445499321634788 0.3758535485630848 0
0.5720432168626987 0.4125604367395928 0
0.6228736475852885 0.2463624645156717 0
0.6607849178780519 0.698959052535427 0
0.1820809457733545 0.9711532201949338 0
0.4531135438623161 0.3885463626242842 0
0.5914023511115605 0.6770495413551285 0
0.3825675423809065 0.6980906988078632 0
0.02966790356617238 0.9231464394932366 0
0.7193033176226781 0.6241121201875629 0
0.4794333263016545 0.3809944369525264 0
0.3450484730486508 0.5823633546043193 0
0.2944113064114602 0.3082581342220431 0
0.3910813475517773 0.4678195317400373 0
0.6108488004768398 0.4018236629747126 0
0.5549804020181786 0.3051730856871966 0
0.2801272423879534 0.487843633867001 0
0.4973867164581874 0.349271352877971 0
0.2630630287344506 0.4377892915513785 0
0.8609711491926483 0.9494301587013627 0
0.3908350755056315 0.4726421118200011 0
0.6915847378509437 0.4980744969427736 0
0.7632415354973858 0.478280108926137 0
0.04481211173318261 0.6745417502939351 0
0.6839575681036556 0.2837261992951796 0
0.4360332761529105 0.4090138115235907 0
0.6724023810299871 0.3739728061466776 0
0.1194921759902138 0.389265727506279 0
0.6308554861542989 0.7065904887258311 0
0.03141788855795258 0.5306475479063035 0
0.649407885024986 0.6910579659978178 0
0.2688022220852776 0.6647050451612433 0
$EndNodes
$Elements
11 17957 1 17957
0 1 15 1
1 1 
0 2 15 1
2 2 
0 3 15 1
3 3 
0 4 15 1
4 4 
0 5 15 1
5 5 
1 1 1 50
6 1 6 
7 6 7 
8 7 8 
9 8 9 
10 9 10 
11 10 11 
12 11 12 
13 12 13 
14 13 14 
15 14 15 
16 15 16 
17 16 17 
18 17 18 
19 18 19 
20 19 20 
21 20 21 
22 21 22 
23 22 23 
24 23 24 
25 24 25 
26 25 26 
27 26 27 
28 27 28 
29 28 29 
30 29 30 
31 30 31 
32 31 32 
33 32 33 
34 33 34 
35 34 35 
36 35 36 
37 36 37 
38 37 38 
39 38 39 
40 39 40 
41 40 41 
42 41 42 
43 42 43 
44 43 44 
45 44 45 
46 45 46 
47 46 47 
48 47 48 
49 48 49 
50 49 50 
51 50 51 
52 51 52 
53 52 53 
54 53 54 
55 54 2 
1 2 1 50
56 2 55 
57 55 56 
58 56 57 
59 57 58 
60 58 59 
61 59 60 
62 60 61 
63 61 62 
64 62 63 
65 63 64 
66 64 65 
67 65 66 
68 66 67 
69 67 68 
70 68 69 
71 69 70 
72 70 71 
73 71 72 
74 72 73 
75 73 74 
76 74 75 
77 75 76 
78 76 77 
79 77 78 
80 78 79 
81 79 80 
82 80 81 
83 81 82 
84 82 83 
85 83 84 
86 84 85 
87 85 86 
88 86 87 
89 87 88 
90 88 89 
91 89 90 
92 90 91 
93 91 92 
94 92 93 
95 93 94 
96 94 95 
97 95 96 
98 96 97 
99 97 98 
100 98 99 
101 99 100 
102 100 101 
103 101 102 
104 102 103 
105 103 3 
1 3 1 50
106 3 104 
107 104 105 
108 105 106 
109 106 107 
110 107 108 
111 108 109 
112 109 110 
113 110 111 
114 111 112 
115 112 113 
116 113 114 
117 114 115 
118 115 116 
119 116 117 
120 117 118 
121 118 119 
122 119 120 
123 120 121 
124 121 122 
125 122 123 
126 123 124 
127 124 125 
128 125 126 
129 126 127 
130 127 128 
131 128 129 
132 129 130 
133 130 131 
134 131 132 
135 132 133 
136 133 134 
137 134 135 
138 135 136 
139 136 137 
140 137 138 
141 138 139 
142 139 140 
143 140 141 
144 141 142 
145 142 143 
146 143 144 
147 144 145 
148 145 146 
149 146 147 
150 147 148 
151 148 149 
152 149 150 
153 150 151 
154 151 152 
155 152 4 
1 4 1 50
156 4 153 
157 153 154 
158 154 155 
159 155 156 
160 156 157 
161 157 158 
162 158 159 
163 159 160 
164 160 161 
165 161 162 
166 162 163 
167 163 164 
168 164 165 
169 165 166 
170 166 167 
171 167 168 
172 168 169 
173 169 170 
174 170 171 
175 171 172 
176 172 173 
177 173 174 
178 174 175 
179 175 176 
180 176 177 
181 177 178 
182 178 179 
183 179 180 
184 180 181 
185 181 182 
186 182 183 
187 183 184 
188 184 185 
189 185 186 
190 186 187 
191 187 188 
192 188 189 
193 189 190 
194 190 191 
195 191 192 
196 192 193 
197 193 194 
198 194 195 
199 195 196 
200 196 197 
201 197 198 
202 198 199 
203 199 200 
204 200 201 
205 201 1 
1 5 1 223
206 5 202 
207 202 203 
208 203 204 
209 204 205 
210 205 206 
211 206 207 
212 207 208 
213 208 209 
214 209 210 
215 210 211 
216 211 212 
217 212 213 
218 213 214 
219 214 215 
220 215 216 
221 216 217 
222 217 218 
223 218 219 
224 219 220 
225 220 221 
226 221 222 
227 222 223 
228 223 224 
229 224 225 
230 225 226 
231 226 227 
232 227 228 
233 228 229 
234 229 230 
235 230 231 
236 231 232 
237 232 233 
238 233 234 
239 234 235 
240 235 236 
241 236 237 
242 237 238 
243 238 239 
244 239 240 
245 240 241 
246 241 242 
247 242 243 
248 243 244 
249 244 245 
250 245 246 
251 246 247 
252 247 248 
253 248 249 
254 249 250 
255 250 251 
256 251 252 
257 252 253 
258 253 254 
259 254 255 
260 255 256 
261 256 257 
262 257 258 
263 258 259 
264 259 260 
265 260 261 
266 261 262 
267 262 263 
268 263 264 
269 264 265 
270 265 266 
271 266 267 
272 267 268 
273 268 269 
274 269 270 
275 270 271 
276 271 272 
277 272 273 
278 273 274 
279 274 275 
280 275 276 
281 276 277 
282 277 278 
283 278 279 
284 279 280 
285 280 281 
286 281 282 
287 282 283 
288 283 284 
289 284 285 
290 285 286 
291 286 287 
292 287 288 
293 288 289 
294 289 290 
295 290 291 
296 291 292 
297 292 293 
298 293 294 
299 294 295 
300 295 296 
301 296 297 
302 297 298 
303 298 299 
304 299 300 
305 300 301 
306 301 302 
307 302 303 
308 303 304 
309 304 305 
310 305 306 
311 306 307 
312 307 308 
313 308 309 
314 309 310 
315 310 311 
316 311 312 
317 312 313 
318 313 314 
319 314 315 
320 315 316 
321 316 317 
322 317 318 
323 318 319 
324 319 320 
325 320 321 
326 321 322 
327 322 323 
328 323 324 
329 324 325 
330 325 326 
331 326 327 
332 327 328 
333 328 329 
334 329 330 
335 330 331 
336 331 332 
337 332 333 
338 333 334 
339 334 335 
340 335 336 
341 336 337 
342 337 338 
343 338 339 
344 339 340 
345 340 341 
346 341 342 
347 342 343 
348 343 344 
349 344 345 
350 345 346 
351 346 347 
352 347 348 
353 348 349 
354 349 350 
355 350 351 
356 351 352 
357 352 353 
358 353 354 
359 354 355 
360 355 356 
361 356 357 
362 357 358 
363 358 359 
364 359 360 
365 360 361 
366 361 362 
367 362 363 
368 363 364 
369 364 365 
370 365 366 
371 366 367 
372 367 368 
373 368 369 
374 369 370 
375 370 371 
376 371 372 
377 372 373 
378 373 374 
379 374 375 
380 375 376 
381 376 377 
382 377 378 
383 378 379 
384 379 380 
385 380 381 
386 381 382 
387 382 383 
388 383 384 
389 384 385 
390 385 386 
391 386 387 
392 387 388 
393 388 389 
394 389 390 
395 390 391 
396 391 392 
397 392 393 
398 393 394 
399 394 395 
400 395 396 
401 396 397 
402 397 398 
403 398 399 
404 399 400 
405 400 401 
406 401 402 
407 402 403 
408 403 404 
409 404 405 
410 405 406 
411 406 407 
412 407 408 
413 408 409 
414 409 410 
415 410 411 
416 411 412 
417 412 413 
418 413 414 
419 414 415 
420 415 416 
421 416 417 
422 417 418 
423 418 419 
424 419 420 
425 420 421 
426 421 422 
427 422 423 
428 423 5 
2 1 2 17529
429 4402 5234 3893 
430 2007 5522 5024 
431 3420 5309 2694 
432 5171 7378 5451 
433 1601 6243 1598 
434 3800 6126 5167 
435 2628 5063 5061 
436 3893 5234 3849 
437 4732 5462 5445 
438 6249 7169 6248 
439 4941 8526 4991 
440 5128 6971 2682 
441 977 5384 5382 
442 6332 7667 4236 
443 6715 8795 5202 
444 4486 7923 5016 
445 4192 8794 5161 
446 5105 8076 1102 
447 4998 6617 5474 
448 4073 5314 5231 
449 7576 7785 6792 
450 3850 5207 5206 
451 5315 5771 5316 
452 6330 8618 4230 
453 5488 8097 7421 
454 5182 5694 3628 
455 3850 5208 5207 
456 6491 6504 3645 
457 5445 5462 3436 
458 1780 6952 6391 
459 4167 7689 6694 
460 6376 6377 1424 
461 4562 6661 6639 
462 7140 7390 5945 
463 6804 8072 8006 
464 6078 8260 3830 
465 2485 6180 5631 
466 7497 7667 6344 
467 6543 7834 6747 
468 763 5306 5304 
469 438 8056 6356 
470 6900 8612 7061 
471 2824 5349 3451 
472 5049 7419 2775 
473 2828 7527 6088 
474 3233 8012 6791 
475 982 5186 5184 
476 1595 5412 1844 
477 5934 7533 7167 
478 5875 7380 4203 
479 1531 7081 1533 
480 722 8077 5609 
481 5262 5263 480 
482 6282 6822 6737 
483 5144 5323 4049 
484 4031 7992 7975 
485 1347 5037 5035 
486 1725 5200 1727 
487 6696 8111 6849 
488 5725 8143 4656 
489 3781 5015 4964 
490 1150 6550 1166 
491 995 6083 5621 
492 2722 5399 2721 
493 5451 7378 3162 
494 6993 7263 4027 
495 5936 7533 5933 
496 4259 8455 6780 
497 6391 6959 1780 
498 5621 6082 995 
499 6248 7169 944 
500 4721 7172 6168 
501 2682 6971 5011 
502 4911 6074 2974 
503 4998 7691 6617 
504 5682 5683 5450 
505 6495 8012 3233 
506 5061 5189 2628 
507 5007 5429 1040 
508 5171 5824 3360 
509 5704 6303 5514 
510 1981 6938 6642 
511 3716 8395 5659 
512 4909 7720 1993 
513 3787 7272 5533 
514 6650 8271 5427 
515 3830 8260 2304 
516 5024 5792 2007 
517 195 5247 194 
518 4517 6689 4422 
519 2181 8590 5942 
520 763 8541 5306 
521 1511 5810 2058 
522 2399 5030 5028 
523 6293 6955 4298 
524 6694 7689 4598 
525 1161 6163 5551 
526 5049 8167 7419 
527 4965 7902 7783 
528 5028 5126 2399 
529 5514 6303 5515 
530 1643 7551 1535 
531 6642 6938 5476 
532 354 5337 355 
533 981 6001 5608 
534 4950 6808 4336 
535 1002 6081 5073 
536 6362 7971 4497 
537 5683 7961 5450 
538 4697 8299 6811 
539 2531 8386 7253 
540 4688 5560 5529 
541 5236 6185 4434 
542 7720 7767 7260 
543 2058 5810 5152 
544 5161 6133 4192 
545 6635 7219 5926 
546 6666 8235 4437 
547 5193 5558 800 
548 5584 6515 5585 
549 2675 6467 2748 
550 4670 5916 5308 
551 661 7675 7163 
552 4655 8607 4959 
553 6747 7834 4053 
554 2974 6208 4911 
555 6171 6172 3945 
556 5555 6178 5554 
557 4157 5257 4156 
558 5077 6236 2699 
559 4982 7614 4096 
560 835 5710 5173 
561 4282 5857 4283 
562 7613 7686 5341 
563 2852 7372 5798 
564 5069 8645 4189 
565 5016 7528 4486 
566 3793 7900 4901 
567 5772 8591 4955 
568 5872 7918 2810 
569 5023 6687 1988 
570 7482 8697 2744 
571 5363 7575 2756 
572 7253 8386 4904 
573 460 5247 195 
574 1742 5200 1725 
575 562 7563 5297 
576 7291 7325 6102 
577 828 8143 5725 
578 4236 7667 7497 
579 4246 8794 4192 
580 3645 7021 6491 
581 6959 7411 1780 
582 3733 6747 3731 
583 6184 8751 3723 
584 5060 6396 3907 
585 7040 8112 962 
586 4991 8757 4941 
587 5011 6420 2682 
588 6781 7950 5442 
589 6737 6822 1809 
590 3942 5197 3909 
591 1844 5412 5143 
592 7783 7902 3996 
593 2739 7107 5889 
594 2926 6872 5158 
595 3177 6209 2688 
596 6944 7039 1647 
597 5167 8741 7703 
598 5529 5560 4129 
599 6553 7404 6551 
600 5167 7703 5168 
601 3741 5700 3368 
602 876 7219 6635 
603 4992 5862 4460 
604 6086 7483 2445 
605 7163 7675 5627 
606 7117 7372 2852 
607 6418 7411 6959 
608 2680 8668 5031 
609 5519 8341 811 
610 1996 5221 5079 
611 3628 5694 4266 
612 591 8002 7381 
613 5359 7277 4695 
614 8136 8150 5238 
615 3115 6500 5662 
616 1993 7809 4909 
617 5533 7272 5534 
618 5231 5314 5230 
619 6911 7582 652 
620 6132 6207 5941 
621 4959 8530 4655 
622 5250 5251 2681 
623 977 6191 5384 
624 5031 6851 2680 
625 4730 5996 3291 
626 5854 8896 1206 
627 4021 5501 5350 
628 5935 5936 5933 
629 2352 5204 5110 
630 522 5807 5476 
631 5235 7583 1379 
632 5999 7449 4595 
633 6680 7508 990 
634 2181 5942 2179 
635 2775 8410 5049 
636 3153 5771 5315 
637 5518 5519 811 
638 3906 6526 5726 
639 2810 7918 5734 
640 5889 7107 4798 
641 3368 5700 4040 
642 3851 6235 3853 
643 7097 7967 3946 
644 4552 7582 6911 
645 2199 8868 7422 
646 2101 7995 5438 
647 4716 6564 6480 
648 753 6607 751 
649 6264 7102 6263 
650 6447 6452 3883 
651 4657 8185 6210 
652 530 5337 354 
653 6603 6666 4437 
654 6127 8056 438 
655 2725 5399 2722 
656 4336 6880 4950 
657 6110 7618 5850 
658 5837 7297 2736 
659 7975 7992 4812 
660 6780 8455 4891 
661 5438 7995 4591 
662 5110 5112 2352 
663 6811 8299 6034 
664 5554 6178 3081 
665 4203 5876 5875 
666 5385 8490 5383 
667 2735 7971 6362 
668 7703 8741 4843 
669 1206 8896 1205 
670 4062 5410 4061 
671 5482 7678 5809 
672 286 6237 287 
673 3998 5694 5182 
674 5791 7947 1098 
675 5035 5160 1347 
676 4949 5197 3942 
677 5993 6620 825 
678 5407 7647 544 
679 5982 8945 1692 
680 4392 7041 6141 
681 5076 7821 4546 
682 4595 6000 5999 
683 6225 8325 3767 
684 2756 7510 5363 
685 910 5417 916 
686 6521 6522 5044 
687 5073 8552 1002 
688 4533 8870 6338 
689 2199 7422 7258 
690 3724 6184 3723 
691 424 5245 5194 
692 5996 6013 3291 
693 5308 5916 3717 
694 6319 6941 5259 
695 5513 5514 523 
696 5729 7407 2810 
697 5609 7569 722 
698 5072 8139 4566 
699 6816 8501 3287 
700 435 5214 5213 
701 6100 7289 2745 
702 6168 7172 6167 
703 6377 6378 1424 
704 3217 5640 3755 
705 5608 8515 981 
706 5254 6583 818 
707 6305 8325 6226 
708 6551 7404 2705 
709 4157 5258 5257 
710 6439 7797 2786 
711 4567 6780 5970 
712 2744 8697 7940 
713 6236 7109 2699 
714 4204 6406 3168 
715 5585 6515 5591 
716 50 5397 49 
717 6472 6827 3503 
718 2627 7169 6249 
719 4346 8339 4900 
720 5334 7097 4184 
721 5297 7563 5802 
722 7419 8167 1094 
723 5132 7975 826 
724 3850 5206 3848 
725 1597 5412 1595 
726 4557 6715 5202 
727 4870 7014 5459 
728 1209 5854 1206 
729 818 8472 5254 
730 6900 7061 1534 
731 7022 7045 4500 
732 5199 5894 3397 
733 5580 7700 6632 
734 2716 7102 6264 
735 2027 7016 4960 
736 5442 6782 6781 
737 4846 8460 8197 
738 2786 7836 6439 
739 5223 5318 2838 
740 1095 7345 5083 
741 3250 8047 5959 
742 3308 7618 6110 
743 3907 6235 5060 
744 4900 7849 4346 
745 1988 8095 5023 
746 1340 5981 5815 
747 4189 5794 5069 
748 4235 6399 6352 
749 463 8795 6715 
750 6432 7668 4549 
751 1528 8382 5527 
752 3805 6035 3807 
753 1037 8557 6006 
754 4741 7477 4594 
755 5006 8295 4177 
756 4020 6623 5411 
757 5591 6515 2242 
758 6112 6113 4202 
759 5176 7641 5733 
760 1040 6006 5007 
761 4493 7647 5407 
762 5083 7103 1095 
763 4687 6880 4336 
764 7930 8006 5903 
765 8006 8072 5241 
766 3883 6449 6447 
767 642 8271 6650 
768 2432 8193 6758 
769 4230 6828 6330 
770 5573 6015 5594 
771 5454 7609 5453 
772 3812 5987 3840 
773 5561 7484 4190 
774 2515 6058 5486 
775 5857 6478 4283 
776 6332 8618 6330 
777 7695 7760 1733 
778 2757 6381 5083 
779 6307 8325 6305 
780 5768 7640 2884 
781 830 7428 7192 
782 6564 8363 6480 
783 5113 6712 5471 
784 2694 5309 2290 
785 2748 6467 3510 
786 6410 7862 920 
787 6210 8185 4281 
788 6172 6520 3945 
789 1627 7870 6999 
790 3899 6291 3897 
791 2174 5189 2176 
792 788 5791 1098 
793 920 7606 6410 
794 3285 6816 3287 
795 4870 7779 7014 
796 5631 8511 2485 
797 861 7714 6179 
798 2745 7325 7291 
799 6961 7677 4342 
800 3767 6976 6225 
801 4112 5261 3400 
802 1597 7600 5412 
803 6338 8213 4533 
804 5266 7518 741 
805 5460 7330 1259 
806 3781 5639 5015 
807 5820 7215 1537 
808 4374 5198 3456 
809 5231 6088 4073 
810 3233 8234 2704 
811 8421 8490 5385 
812 1533 7081 5638 
813 1374 6806 5882 
814 5205 5782 2025 
815 5641 6216 5448 
816 7050 7280 4880 
817 3946 7897 7097 
818 7538 8169 4681 
819 4177 8446 5006 
820 6002 8553 7200 
821 2795 8624 6584 
822 5143 5413 1844 
823 6064 7760 7695 
824 6249 6295 2627 
825 5403 7479 3248 
826 433 6313 6312 
827 6695 6935 4185 
828 6305 7270 6304 
829 7581 7816 2257 
830 4464 8063 5895 
831 4549 8466 6432 
832 974 6651 5370 
833 5106 5470 842 
834 6632 6648 5580 
835 5611 8568 4988 
836 2810 7407 5872 
837 826 8239 5132 
838 3834 7296 4465 
839 5726 6526 4827 
840 3417 8074 6172 
841 4434 7583 5236 
842 5241 8072 1680 
843 523 6556 5513 
844 5362 7233 3422 
845 5771 5772 5316 
846 3524 8553 6002 
847 5142 8241 4194 
848 3841 5906 3839 
849 6354 7667 6332 
850 5069 5794 3738 
851 7061 8612 4304 
852 5080 7079 5066 
853 6579 7790 1370 
854 3069 6520 3072 
855 4619 7946 4620 
856 6124 7790 6579 
857 5498 7508 6680 
858 3702 8006 7930 
859 4887 8330 3607 
860 5268 7518 5266 
861 1443 6819 4994 
862 5079 8044 1996 
863 3360 7378 5171 
864 5000 8183 5050 
865 3796 8169 7538 
866 6727 7135 4989 
867 273 6524 274 
868 5158 7431 2926 
869 2838 7079 5223 
870 7348 7792 4072 
871 3625 5177 5175 
872 8197 8460 2879 
873 6226 7270 6305 
874 3650 8022 5899 
875 1999 8044 5065 
876 6208 6340 4911 
877 4345 7263 6993 
878 5110 5204 3837 
879 1367 7884 6380 
880 4687 6881 6880 
881 5769 7660 2788 
882 5532 6217 4065 
883 1121 5636 5635 
884 6791 8234 3233 
885 5255 6476 3262 
886 6140 7942 7693 
887 4374 5199 5198 
888 5551 8613 1161 
889 835 5711 5710 
890 4960 7401 2027 
891 6085 7483 6086 
892 7381 8002 5386 
893 2745 7291 6100 
894 5004 6521 1346 
895 5970 8162 4567 
896 2962 6340 6208 
897 4530 7479 5403 
898 4736 8782 6818 
899 5995 6620 5993 
900 3634 6972 6256 
901 4460 6899 4992 
902 5076 7973 7821 
903 4994 8694 1443 
904 986 7678 6684 
905 3065 6173 3067 
906 1593 5414 1591 
907 6696 6849 992 
908 2188 7579 6012 
909 1076 8783 6118 
910 2242 8914 5591 
911 5145 5146 526 
912 2699 6999 5077 
913 5068 7280 7050 
914 6172 7390 3417 
915 6380 7884 4901 
916 6128 7941 592 
917 4566 8214 5072 
918 5084 6830 2027 
919 5259 8646 6319 
920 6371 7493 4337 
921 1744 7994 7571 
922 1346 6832 1304 
923 7524 7537 1429 
924 4389 6647 5690 
925 4337 6500 6371 
926 5503 8141 5697 
927 1692 5984 5982 
928 6473 8022 3650 
929 1794 8699 7522 
930 3417 7390 7140 
931 992 6849 5688 
932 5435 5611 4988 
933 134 6540 133 
934 5541 6875 5979 
935 5404 6910 4402 
936 5895 8063 5530 
937 3953 5836 3351 
938 5403 5433 4543 
939 2628 7427 5063 
940 7098 7208 4258 
941 842 7648 5106 
942 1044 5429 5087 
943 6613 7460 3888 
944 6012 7579 4446 
945 3510 6467 5130 
946 5809 8429 5482 
947 5430 7277 5359 
948 2502 7868 7445 
949 7947 8568 1098 
950 5334 7967 7097 
951 434 8246 5166 
952 5236 6573 6185 
953 5959 8047 5953 
954 5985 7233 5362 
955 49 5397 462 
956 3168 6406 3916 
957 1601 8887 6243 
958 5215 7785 7576 
959 2368 7141 5082 
960 6400 7537 7524 
961 7546 8231 4650 
962 2628 5189 2174 
963 491 8158 7795 
964 5248 5317 1112 
965 6706 7039 6944 
966 6762 7609 5454 
967 5504 6693 5505 
968 1076 6118 1078 
969 5411 6623 4406 
970 7795 8158 5557 
971 629 8150 8136 
972 1346 6207 5004 
973 4096 8505 4982 
974 1506 7314 1509 
975 5065 7604 1999 
976 6787 7004 4099 
977 6438 6440 2837 
978 3262 6476 2283 
979 5476 5807 5475 
980 1152 6550 1150 
981 1074 6806 1374 
982 6141 7041 2841 
983 1121 5635 1122 
984 4236 8618 6332 
985 3351 5836 3349 
986 8187 8342 7307 
987 5733 7641 662 
988 5798 8799 2852 
989 1733 7760 6068 
990 5771 8591 5772 
991 6198 8673 4611 
992 5075 5847 1891 
993 3398 8799 7747 
994 3755 5640 5428 
995 5003 6948 5968 
996 5184 5446 982 
997 7445 7868 5552 
998 3147 6216 5641 
999 912 5417 910 
1000 4611 7593 6198 
1001 3419 6468 5131 
1002 6685 7678 986 
1003 1630 6265 6263 
1004 4955 7926 5772 
1005 2863 6126 3800 
1006 1431 5444 1457 
1007 5348 8748 2646 
1008 6661 7434 6639 
1009 7693 7942 2361 
1010 5183 8411 8256 
1011 6391 7037 6465 
1012 2010 5433 5403 
1013 6243 7600 1597 
1014 6952 7037 6391 
1015 5983 8945 5982 
1016 5087 5301 1044 
1017 2515 7065 6058 
1018 3367 5349 2824 
1019 5722 5723 4243 
1020 2451 7980 6505 
1021 433 6312 6311 
1022 592 7815 6128 
1023 5263 5264 480 
1024 6758 8193 4888 
1025 2646 8712 5348 
1026 3360 8876 7392 
1027 6013 8789 3292 
1028 5425 7816 7581 
1029 3859 8439 6917 
1030 6331 6354 6332 
1031 5921 7302 6864 
1032 6179 7391 7149 
1033 6832 8700 1304 
1034 1509 5810 1511 
1035 6374 8573 5053 
1036 5170 5303 475 
1037 7961 8205 6645 
1038 7387 8180 3462 
1039 6115 7773 6114 
1040 6256 6972 6255 
1041 6932 7398 1332 
1042 5076 8199 7973 
1043 6917 8090 3859 
1044 5045 7544 7535 
1045 5469 7678 6685 
1046 6008 6357 3938 
1047 6088 7527 4694 
1048 3104 8096 6726 
1049 5264 8442 6552 
1050 7373 7940 7327 
1051 3607 8330 6359 
1052 4619 8021 7946 
1053 4879 5696 3915 
1054 1598 6243 1597 
1055 2290 5309 5159 
1056 5662 6500 4337 
1057 5169 6355 437 
1058 480 6797 5262 
1059 460 5736 5735 
1060 206 6014 207 
1061 5503 5697 5696 
1062 3531 7404 6553 
1063 6303 6683 5515 
1064 6239 7573 7529 
1065 1102 7818 5105 
1066 1009 7624 7550 
1067 6263 7102 1630 
1068 3291 6013 3292 
1069 5442 7051 6782 
1070 7989 8113 7726 
1071 4062 7657 5410 
1072 435 5215 5214 
1073 3165 6867 6430 
1074 5251 5745 2681 
1075 2794 7366 5721 
1076 5194 5246 424 
1077 4986 7452 5075 
1078 38 6314 37 
1079 4909 7767 7720 
1080 1794 7522 1796 
1081 5387 8163 5653 
1082 3420 5691 5309 
1083 4618 5706 5705 
1084 6796 7156 6108 
1085 4049 5361 5144 
1086 7571 7994 4981 
1087 2589 7156 6796 
1088 6584 7081 2795 
1089 2682 8029 5128 
1090 8222 8287 4617 
1091 4123 7424 6422 
1092 4396 5317 5248 
1093 5461 7330 5460 
1094 5045 7535 6488 
1095 5613 5614 897 
1096 7698 8382 7244 
1097 6068 7952 1733 
1098 439 6540 134 
1099 6749 6833 1957 
1100 5152 5972 2058 
1101 4391 7109 6236 
1102 2248 6910 5404 
1103 2929 5784 2356 
1104 4517 6690 6689 
1105 6295 7145 2627 
1106 6615 8572 7318 
1107 4244 5906 3841 
1108 5724 7541 6819 
1109 1877 6690 1876 
1110 5044 6832 6521 
1111 5083 7345 2757 
1112 1102 8076 6117 
1113 4618 8207 5706 
1114 2777 8087 3285 
1115 4937 7871 6953 
1116 7550 7624 4841 
1117 2270 7361 2271 
1118 5659 8395 4544 
1119 6615 7318 490 
1120 5560 7484 5561 
1121 5216 8473 7598 
1122 7506 7821 6241 
1123 3957 5716 4771 
1124 5192 8488 684 
1125 5304 6043 763 
1126 5281 6858 6779 
1127 5350 5501 5195 
1128 634 6693 5504 
1129 5437 5939 5436 
1130 5045 7524 1429 
1131 2265 7571 4981 
1132 1537 7551 5820 
1133 526 5148 5145 
1134 1975 6383 2796 
1135 5349 5893 3451 
1136 5787 7645 7644 
1137 1340 5815 1326 
1138 5436 5939 2059 
1139 7258 8578 2199 
1140 6684 7678 5482 
1141 7736 8399 4731 
1142 6903 7906 4967 
1143 5201 7154 6928 
1144 5340 7613 5341 
1145 3807 6035 4408 
1146 982 8507 5186 
1147 1037 6006 1040 
1148 2766 6451 3209 
1149 5113 8452 1987 
1150 1429 7544 5045 
1151 5201 6928 4987 
1152 6299 7601 4971 
1153 6953 7871 2092 
1154 5000 8393 8183 
1155 3840 5987 4002 
1156 5414 5415 1591 
1157 5437 8465 5939 
1158 5379 8490 8479 
1159 5350 5643 4021 
1160 4001 5722 4243 
1161 7776 8092 6698 
1162 5163 7559 1479 
1163 4736 6818 4738 
1164 1426 5444 1431 
1165 7747 8799 5799 
1166 4723 7436 6658 
1167 5175 5233 3625 
1168 4361 6752 6751 
1169 6403 7877 6404 
1170 3660 5935 3199 
1171 962 8112 6657 
1172 2166 8092 7776 
1173 5933 7533 5934 
1174 6984 8013 5422 
1175 6647 8423 5690 
1176 3397 8538 5199 
1177 2032 5419 1493 
1178 5048 6209 3177 
1179 6239 7529 6240 
1180 5159 5501 2290 
1181 5758 5767 5756 
1182 427 5432 139 
1183 6549 6636 1456 
1184 5824 8876 3360 
1185 3158 5653 2211 
1186 4800 8857 6624 
1187 5244 5521 1679 
1188 5160 5190 1316 
1189 4722 8068 8046 
1190 991 7434 6661 
1191 8101 8377 7027 
1192 3199 5935 3197 
1193 1254 8877 6250 
1194 4011 5526 4772 
1195 6184 7512 4885 
1196 1679 5521 1503 
1197 5567 5592 3088 
1198 4940 8287 8222 
1199 6794 6941 6319 
1200 4548 7044 6008 
1201 6398 7551 1643 
1202 6547 7489 7125 
1203 6609 7581 2257 
1204 5307 6538 4191 
1205 7694 8631 8235 
1206 7192 7428 4809 
1207 475 5302 5170 
1208 5688 6849 5687 
1209 6926 7962 7946 
1210 4981 7775 2265 
1211 6711 7374 5922 
1212 1744 6538 5307 
1213 6552 8364 5264 
1214 6479 7255 7103 
1215 5609 8077 5602 
1216 916 5417 1980 
1217 472 8295 5165 
1218 7454 7640 5762 
1219 1693 6232 2061 
1220 6329 7934 4237 
1221 5197 6483 3909 
1222 5945 7390 6174 
1223 5968 6948 4375 
1224 457 6756 6672 
1225 1341 8902 5772 
1226 1254 6250 1256 
1227 3261 7098 5119 
1228 3922 6291 3899 
1229 5400 8587 7553 
1230 4867 8031 7965 
1231 436 6354 6331 
1232 5555 7391 6179 
1233 5420 6297 4738 
1234 5592 5640 3088 
1235 4846 8197 5900 
1236 5752 6628 5751 
1237 1332 7398 4767 
1238 5103 7495 6445 
1239 1043 6734 1042 
1240 6819 7541 4994 
1241 6179 7845 861 
1242 4853 7528 5016 
1243 5466 5468 781 
1244 5441 5442 5440 
1245 7422 8868 5380 
1246 3888 8456 6613 
1247 991 6245 254 
1248 5130 6470 3510 
1249 8256 8411 5730 
1250 5721 7366 5606 
1251 4873 8000 7399 
1252 479 6314 38 
1253 6505 7980 4816 
1254 5853 6258 5852 
1255 3853 6235 3907 
1256 5165 8295 5006 
1257 5128 8165 6971 
1258 6218 7702 4409 
1259 6320 6336 476 
1260 6157 7892 6156 
1261 6051 6629 3034 
1262 6661 8467 991 
1263 5852 6258 3051 
1264 751 6607 757 
1265 5107 7546 3944 
1266 5173 6633 835 
1267 5749 5751 553 
1268 3916 6608 5338 
1269 2948 5784 2929 
1270 139 5432 138 
1271 5317 7412 5637 
1272 772 5481 5479 
1273 1612 6999 1614 
1274 3482 6411 6294 
1275 5978 8485 7911 
1276 2199 8578 2200 
1277 6266 6269 6268 
1278 7598 8473 182 
1279 5910 8045 4451 
1280 4979 8124 7988 
1281 613 7702 6218 
1282 5902 7361 2270 
1283 5794 7546 3738 
1284 6247 6576 968 
1285 287 6237 633 
1286 6051 8674 6629 
1287 5486 6981 2515 
1288 2257 8375 6609 
1289 5400 7553 4448 
1290 4375 6010 5968 
1291 4936 5520 5519 
1292 5886 8522 4975 
1293 5546 6570 5552 
1294 4812 7428 6682 
1295 6657 7234 962 
1296 7841 8128 1948 
1297 2179 7525 2177 
1298 3002 5811 3819 
1299 849 7773 6115 
1300 5799 6855 4382 
1301 7543 7655 6036 
1302 5653 8421 5387 
1303 5119 7162 3261 
1304 691 6010 1099 
1305 5876 5946 1001 
1306 6864 7302 3589 
1307 496 7906 6903 
1308 7973 8199 1889 
1309 7352 7521 4889 
1310 3635 7456 6206 
1311 7185 7630 5533 
1312 6604 7825 6606 
1313 5460 7908 7842 
1314 5471 6713 5113 
1315 5624 5625 5623 
1316 732 6125 5497 
1317 1165 8862 6499 
1318 2736 8283 5837 
1319 4870 8352 7779 
1320 4941 8624 8526 
1321 5660 6519 4512 
1322 4882 8157 7917 
1323 8574 8657 4803 
1324 7644 7645 3587 
1325 7512 7677 4885 
1326 7337 7583 4734 
1327 4901 7900 6380 
1328 5300 5732 4510 
1329 1165 6499 1168 
1330 5418 5419 2032 
1331 3940 8399 7736 
1332 6161 8889 1742 
1333 5220 8574 4803 
1334 7103 7255 1095 
1335 5577 8744 7590 
1336 6682 7975 4812 
1337 1716 6029 1737 
1338 5315 6589 3153 
1339 1509 7314 5810 
1340 5075 7452 6843 
1341 5204 5205 3837 
1342 6491 6653 6504 
1343 6955 8215 4298 
1344 5596 8280 988 
1345 6126 8741 5167 
1346 2025 7792 5205 
1347 6041 7010 6039 
1348 5211 7963 5961 
1349 5122 6787 4421 
1350 6103 8957 578 
1351 437 6747 5169 
1352 6351 6507 431 
1353 999 8423 6647 
1354 6430 8308 3165 
1355 3669 5361 2947 
1356 5834 7904 5835 
1357 5118 7550 4278 
1358 8248 8250 243 
1359 4866 8485 5978 
1360 5265 8227 8115 
1361 5195 5349 3367 
1362 6239 7513 1836 
1363 7887 8183 3035 
1364 5776 8548 8111 
1365 5545 5546 5544 
1366 4112 5262 5261 
1367 6764 7100 6829 
1368 4722 8046 7964 
1369 4621 7792 5918 
1370 5470 6713 5471 
1371 5299 7696 7586 
1372 1630 6907 6265 
1373 3752 5801 4895 
1374 811 6610 5518 
1375 6782 7051 840 
1376 5478 8687 5421 
1377 6247 8522 5886 
1378 5571 6015 5573 
1379 6212 6695 4185 
1380 5900 8039 4846 
1381 6586 8555 1656 
1382 8104 8116 7447 
1383 5552 6570 2792 
1384 3731 6747 4053 
1385 3419 6467 2675 
1386 4086 5897 4087 
1387 5004 6207 6132 
1388 4635 7999 7144 
1389 4576 7243 6555 
1390 5257 5818 4156 
1391 4412 7013 4174 
1392 1503 5521 1505 
1393 2007 8449 5522 
1394 5200 6538 1727 
1395 985 7588 6709 
1396 7946 7962 4620 
1397 2024 5611 5435 
1398 4722 7964 4824 
1399 6090 8027 7768 
1400 3729 7646 5503 
1401 5532 7185 5533 
1402 4237 8506 6329 
1403 7917 8157 2284 
1404 4293 7374 6711 
1405 5527 8382 5526 
1406 7779 8352 430 
1407 7167 7533 866 
1408 899 7065 892 
1409 4421 6689 5122 
1410 5115 7721 7607 
1411 6381 7305 5484 
1412 5422 8013 4887 
1413 1654 7874 7793 
1414 6404 7877 3719 
1415 5503 7646 4589 
1416 5979 6875 1151 
1417 5131 6467 3419 
1418 3367 5350 5195 
1419 6726 8096 6727 
1420 5706 8207 6686 
1421 8111 8548 5312 
1422 3720 7315 5822 
1423 684 7772 5192 
1424 832 6935 6695 
1425 5558 5559 800 
1426 1886 7414 6240 
1427 5082 7597 2368 
1428 5732 8055 7959 
1429 944 8840 6248 
1430 1742 8889 5201 
1431 5382 6567 977 
1432 5689 5690 3918 
1433 5081 7181 485 
1434 6639 8066 4562 
1435 5945 6174 5944 
1436 5438 7765 2781 
1437 1536 5638 1651 
1438 7205 7513 6019 
1439 3596 5833 5832 
1440 5939 8465 1679 
1441 3723 8751 4117 
1442 4124 5845 5844 
1443 254 6245 255 
1444 2086 7855 3064 
1445 4889 7521 3929 
1446 3694 5689 3918 
1447 4546 7821 7506 
1448 5343 7815 592 
1449 5370 6651 5372 
1450 4405 5753 3960 
1451 5239 7013 1268 
1452 6465 7037 1787 
1453 5122 7004 6787 
1454 5370 8732 974 
1455 6149 8200 8070 
1456 5801 5802 4895 
1457 6721 7787 7781 
1458 3159 7368 6288 
1459 6266 6907 6269 
1460 5842 8855 7619 
1461 5518 6610 4935 
1462 3584 6271 3585 
1463 7673 8555 6586 
1464 6406 6608 3916 
1465 3849 5234 3850 
1466 5608 5609 5600 
1467 5007 7155 5429 
1468 1533 5638 1536 
1469 1551 5672 1847 
1470 5129 8021 4619 
1471 6422 7424 4628 
1472 6050 8261 8091 
1473 7586 7696 3033 
1474 6606 7859 7856 
1475 5399 6786 2721 
1476 2997 5430 1485 
1477 2884 8172 5768 
1478 5345 6728 3169 
1479 6143 6144 3910 
1480 6849 8111 5312 
1481 5050 8183 7887 
1482 495 5685 5684 
1483 2344 7587 5769 
1484 5291 8535 8088 
1485 7920 8079 6203 
1486 4451 8265 5910 
1487 7399 8167 4873 
1488 5672 5673 1847 
1489 8043 8343 4197 
1490 8046 8068 1207 
1491 2688 6209 5405 
1492 5206 5500 3848 
1493 1166 6550 5716 
1494 1787 7022 6465 
1495 1787 7045 7022 
1496 4638 7642 6722 
1497 6592 8657 8574 
1498 8070 8200 3707 
1499 4936 5519 4926 
1500 6443 6534 487 
1501 431 6507 90 
1502 1042 6734 5991 
1503 489 7636 5245 
1504 5166 7566 434 
1505 5593 8484 5640 
1506 5905 8212 5355 
1507 4453 7038 6242 
1508 6236 6802 4391 
1509 1023 5797 5795 
1510 6021 7164 2059 
1511 1722 6161 1742 
1512 5144 8617 5323 
1513 8007 8369 3180 
1514 4187 7372 7117 
1515 592 7798 5343 
1516 6383 7999 4629 
1517 2497 5729 2810 
1518 2795 7081 1531 
1519 3910 8436 6143 
1520 5114 7721 5115 
1521 7856 7859 2621 
1522 419 6136 420 
1523 4661 7234 6657 
1524 5351 6729 3034 
1525 5498 6680 6638 
1526 5460 7842 5434 
1527 4243 6211 4244 
1528 6294 6411 6295 
1529 5327 7870 1627 
1530 5169 6747 3733 
1531 5774 7487 2016 
1532 4235 7497 6399 
1533 6265 6907 6266 
1534 8088 8535 2001 
1535 7648 8237 6647 
1536 6932 7298 6933 
1537 3064 7855 6231 
1538 5288 8539 7499 
1539 4777 8229 6753 
1540 5733 8055 5732 
1541 6320 8646 6336 
1542 4305 6081 5556 
1543 3782 8342 6509 
1544 4422 6689 4421 
1545 6722 7642 1570 
1546 4972 8131 7597 
1547 5067 7079 5839 
1548 2103 5785 2285 
1549 1314 5160 1316 
1550 5423 6235 3851 
1551 7972 8098 4845 
1552 5196 7709 4602 
1553 5834 8283 7904 
1554 4088 8005 3703 
1555 6053 8717 8571 
1556 8372 8596 4759 
1557 3285 8087 6816 
1558 6514 7933 581 
1559 797 5613 897 
1560 5742 6701 5151 
1561 800 7129 5193 
1562 1572 6857 6594 
1563 6002 7200 4448 
1564 975 7436 5474 
1565 5396 5556 1001 
1566 5806 6576 6247 
1567 4087 5897 4452 
1568 7684 8655 4449 
1569 7881 8032 4366 
1570 5571 5573 5568 
1571 5289 7498 885 
1572 6088 8447 2828 
1573 6004 7532 6812 
1574 5941 6207 1300 
1575 5593 5640 5592 
1576 4194 8775 5142 
1577 3067 6173 3945 
1578 8115 8227 2719 
1579 7709 8350 4602 
1580 3843 8934 6530 
1581 6555 7243 1887 
1582 5443 6981 5486 
1583 6580 6627 4834 
1584 5944 6174 2057 
1585 4298 7746 6293 
1586 5112 5292 2352 
1587 4278 7263 5118 
1588 781 5861 5466 
1589 3794 8687 5478 
1590 6288 7368 4245 
1591 7494 8052 6563 
1592 7768 8027 2620 
1593 5376 7933 6514 
1594 5961 6529 909 
1595 6029 6030 1737 
1596 5942 7525 2179 
1597 4627 7133 6143 
1598 3596 5834 5833 
1599 8323 8664 7351 
1600 3703 8005 7781 
1601 3867 5984 4486 
1602 1424 6851 6376 
1603 1624 7657 7220 
1604 3169 6703 5392 
1605 5336 7444 1225 
1606 5479 5874 772 
1607 4964 5716 3957 
1608 4058 6466 6167 
1609 6008 7044 6007 
1610 4389 5690 5689 
1611 1979 6383 1975 
1612 5071 8476 5765 
1613 5129 8105 8021 
1614 207 6014 987 
1615 1078 7442 1080 
1616 5429 7155 5087 
1617 487 6534 168 
1618 5011 6994 6420 
1619 1112 5401 5248 
1620 5236 7583 5235 
1621 7781 7787 3703 
1622 5144 5361 3669 
1623 4510 5731 5300 
1624 3072 6520 3075 
1625 1091 5485 5484 
1626 5388 8884 570 
1627 5498 6638 5497 
1628 5294 7927 1642 
1629 5363 7383 2656 
1630 1417 7468 6488 
1631 1982 6690 5299 
1632 4602 5655 5654 
1633 5717 6035 3805 
1634 5784 7684 4449 
1635 6005 7532 6004 
1636 5288 7499 6777 
1637 786 5791 788 
1638 105 6768 104 
1639 5172 7490 2926 
1640 5943 6833 6749 
1641 5793 5987 3812 
1642 2061 6232 2311 
1643 280 6038 281 
1644 4834 8324 6580 
1645 458 6763 5823 
1646 5682 6216 3147 
1647 4538 6713 5470 
1648 5141 8278 6106 
1649 2341 7137 5661 
1650 3727 8081 6151 
1651 4777 8400 5739 
1652 5439 5441 5440 
1653 3112 8573 6374 
1654 4847 7487 5774 
1655 595 8503 577 
1656 1066 6519 5660 
1657 4723 6658 6218 
1658 4310 5965 4124 
1659 4342 6214 4762 
1660 2027 7401 5084 
1661 1535 7551 1537 
1662 2681 6583 5250 
1663 4669 6009 5915 
1664 6509 8075 3782 
1665 3473 6922 4507 
1666 4980 8012 6495 
1667 2746 5930 5926 
1668 1836 7573 6239 
1669 6384 7761 7333 
1670 1456 6795 6549 
1671 2760 6569 5542 
1672 7965 8031 616 
1673 3965 5752 5750 
1674 460 8482 5736 
1675 554 6009 1188 
1676 2445 8629 6086 
1677 3953 5837 5836 
1678 1172 6718 5181 
1679 5459 8018 4705 
1680 5681 5682 3147 
1681 3400 5261 4157 
1682 6192 6193 5643 
1683 1001 5946 5396 
1684 5720 7720 7260 
1685 7785 8069 6792 
1686 4084 5390 5389 
1687 5674 8857 4800 
1688 1987 6712 5113 
1689 6303 8423 6683 
1690 6779 8042 5281 
1691 3088 5640 3217 
1692 2569 6947 5963 
1693 6080 6255 1985 
1694 3261 7208 7098 
1695 5915 8082 4669 
1696 5517 8623 530 
1697 5622 5624 5623 
1698 4853 7972 7528 
1699 5357 6568 3927 
1700 2327 5570 5569 
1701 5261 8065 5260 
1702 5182 6487 3998 
1703 5867 6364 5828 
1704 6203 8079 6206 
1705 6771 8343 8043 
1706 2109 5405 3896 
1707 3465 5932 5931 
1708 5419 6021 1493 
1709 6530 8934 6045 
1710 5577 7590 6015 
1711 440 6055 5356 
1712 7793 7874 4956 
1713 3284 8347 8189 
1714 5584 8865 6515 
1715 6753 8400 4777 
1716 2801 7803 5804 
1717 5297 5802 5801 
1718 6594 6857 4797 
1719 4342 7677 6214 
1720 5680 6633 5173 
1721 995 6524 273 
1722 7782 7982 108 
1723 5288 6777 6498 
1724 578 7686 7613 
1725 5619 5622 5616 
1726 6269 6907 1599 
1727 6751 8466 4361 
1728 578 7613 6103 
1729 6191 7381 5386 
1730 4027 7263 4278 
1731 4264 7655 7543 
1732 8296 8517 3395 
1733 4189 8645 5746 
1734 5621 6966 6082 
1735 5204 5782 5205 
1736 6543 6747 437 
1737 2889 8393 5000 
1738 1036 8557 1037 
1739 4202 7382 6112 
1740 6185 6573 3101 
1741 6977 7614 5203 
1742 6049 8261 6050 
1743 3503 7905 6472 
1744 5107 8231 7546 
1745 4733 8377 8101 
1746 6569 7481 6570 
1747 8479 8490 5502 
1748 5882 7669 1374 
1749 4854 7370 5507 
1750 5188 8637 6382 
1751 4091 6886 5816 
1752 5384 6191 5386 
1753 6701 8619 5151 
1754 5539 5543 5536 
1755 1268 8582 5239 
1756 4437 8235 5860 
1757 5703 6559 790 
1758 5387 8002 5650 
1759 7006 8262 8219 
1760 5543 5545 5544 
1761 7557 8503 595 
1762 7892 8647 6156 
1763 1326 5815 1328 
1764 6382 8518 5188 
1765 3960 5753 3962 
1766 6028 6030 6029 
1767 6211 7051 4244 
1768 5181 8390 1172 
1769 5475 5807 4074 
1770 3944 8628 5107 
1771 5205 7792 7348 
1772 5929 7377 2737 
1773 5600 5609 5602 
1774 433 6311 36 
1775 2585 8727 7912 
1776 1485 5430 1486 
1777 1908 5678 5677 
1778 1979 7999 6383 
1779 933 5714 963 
1780 1235 7622 7016 
1781 6176 7714 7710 
1782 36 6311 35 
1783 6242 7038 1954 
1784 6658 7436 975 
1785 1836 7513 7205 
1786 2059 7164 5436 
1787 6419 6967 4162 
1788 4895 5409 4013 
1789 5864 6364 5867 
1790 5000 8636 2889 
1791 5738 7983 983 
1792 5527 8588 1528 
1793 5400 8010 2886 
1794 6622 8452 4973 
1795 5957 5959 5953 
1796 6727 8096 7135 
1797 2360 5423 1860 
1798 7347 7577 6129 
1799 4472 7765 5438 
1800 5210 7663 3407 
1801 6471 6827 6472 
1802 5769 7587 5761 
1803 3725 7003 6536 
1804 2820 5402 3132 
1805 6709 7588 5702 
1806 7619 8152 5842 
1807 2010 7122 5433 
1808 4065 7185 5532 
1809 5521 7265 1505 
1810 5331 8632 3496 
1811 5614 8581 897 
1812 6106 8299 5141 
1813 6206 7456 6575 
1814 6672 7100 457 
1815 6054 8717 6053 
1816 5780 6838 469 
1817 4514 7954 7840 
1818 5973 7808 1574 
1819 5433 7122 6487 
1820 3419 7264 6468 
1821 4618 5705 4516 
1822 5916 8465 5437 
1823 5772 8902 5773 
1824 6899 7805 4992 
1825 5750 5752 5751 
1826 6922 7441 4507 
1827 1175 7805 6899 
1828 281 6038 642 
1829 4391 6802 5410 
1830 5324 8830 2022 
1831 4194 7900 3793 
1832 4859 8104 7829 
1833 7016 7622 4960 
1834 6586 7577 4520 
1835 8235 8631 5860 
1836 8165 8801 4874 
1837 6243 8887 5108 
1838 3625 5178 5177 
1839 3237 6967 6419 
1840 4326 5731 3125 
1841 1348 7438 5565 
1842 4879 7717 5696 
1843 5756 5767 5755 
1844 3031 6471 3750 
1845 4989 7947 6727 
1846 1786 7545 6724 
1847 2361 7942 6111 
1848 2788 7843 5769 
1849 5439 5440 4125 
1850 2026 7721 5114 
1851 4874 8801 8000 
1852 6891 7803 7458 
1853 6266 6268 6267 
1854 4861 5189 5061 
1855 3465 5933 5932 
1856 5995 7245 6620 
1857 6969 8300 7749 
1858 5635 7128 1122 
1859 5338 6609 3916 
1860 5308 8180 7387 
1861 3819 5811 5455 
1862 3596 5832 3347 
1863 5437 8233 5916 
1864 1796 8310 1798 
1865 4084 5389 4085 
1866 5106 7648 6647 
1867 4257 5792 5024 
1868 5328 7970 6264 
1869 1332 7298 6932 
1870 4856 7883 6868 
1871 5220 6921 6716 
1872 5683 8205 7961 
1873 3726 6942 6358 
1874 6143 7133 6142 
1875 4124 5965 5845 
1876 951 5876 1001 
1877 6112 7382 893 
1878 3911 8614 5467 
1879 4261 6582 6124 
1880 6956 8309 7836 
1881 6360 7098 4258 
1882 4465 7296 6513 
1883 3945 6173 6171 
1884 4896 8782 4736 
1885 4532 8018 5459 
1886 3965 5750 3966 
1887 4966 8369 8007 
1888 5442 7950 5440 
1889 4448 7553 6002 
1890 6542 7245 5995 
1891 7352 8110 6390 
1892 5270 8254 462 
1893 1637 7913 7423 
1894 5125 7124 5695 
1895 6445 7495 431 
1896 5599 5608 5600 
1897 6459 7595 6458 
1898 3585 6271 4515 
1899 6716 6921 1767 
1900 2356 5784 5783 
1901 2213 5653 5652 
1902 1040 5429 1041 
1903 6498 6777 503 
1904 3593 5426 4916 
1905 7468 7731 6821 
1906 1038 6735 5657 
1907 6840 8572 454 
1908 5261 8211 8065 
1909 6536 7003 4776 
1910 5450 6216 5682 
1911 2723 8212 5905 
1912 6804 8006 3702 
1913 6072 6572 6277 
1914 1479 7559 1480 
1915 424 8102 5245 
1916 2784 8116 6097 
1917 3211 5439 4125 
1918 957 6855 966 
1919 1891 5847 1649 
1920 1099 6010 4375 
1921 6701 7336 2764 
1922 4594 7477 4595 
1923 2760 7481 6569 
1924 3338 6364 5864 
1925 6716 8574 5220 
1926 6923 7659 6401 
1927 7534 8737 5538 
1928 2570 6144 2134 
1929 7710 7714 861 
1930 7241 7334 6561 
1931 2327 5569 2328 
1932 6918 8656 4858 
1933 111 7662 5202 
1934 6214 6668 4762 
1935 6971 8165 4874 
1936 6460 7296 4081 
1937 3215 8742 5218 
1938 4191 6538 5200 
1939 6440 6441 2837 
1940 5989 6096 5988 
1941 3159 6288 6287 
1942 3496 8496 5331 
1943 6133 6402 4192 
1944 5300 5731 4326 
1945 5764 7660 5769 
1946 6606 7825 2427 
1947 6488 7535 1417 
1948 6255 6972 1985 
1949 6101 7291 6102 
1950 700 5970 1638 
1951 7783 8697 4334 
1952 4096 6623 4020 
1953 1379 8263 5235 
1954 5223 7079 5080 
1955 234 6001 235 
1956 2881 7405 6643 
1957 6228 6230 6229 
1958 5578 8280 5596 
1959 4738 6818 5420 
1960 1934 8461 6221 
1961 7840 7954 4706 
1962 5286 8217 47 
1963 6449 8132 6450 
1964 5714 8342 8187 
1965 1908 5677 1909 
1966 2479 6872 2926 
1967 5051 7887 5856 
1968 3938 8252 6008 
1969 3660 5936 5935 
1970 5213 7598 435 
1971 47 8254 5286 
1972 5008 8128 7841 
1973 2339 7137 2341 
1974 5545 6570 5546 
1975 2757 7305 6381 
1976 6118 7442 1078 
1977 6979 8011 6158 
1978 1251 7438 1348 
1979 4194 8241 7900 
1980 1324 6000 1340 
1981 6179 7714 6177 
1982 3869 5984 3867 
1983 3651 6281 3652 
1984 5203 8092 2166 
1985 1139 5478 2014 
1986 5925 5930 4418 
1987 6167 7172 4058 
1988 7282 7687 4511 
1989 6074 8272 4062 
1990 4355 7334 7241 
1991 4157 5260 5258 
1992 4081 7296 3834 
1993 6526 7288 4827 
1994 5828 8166 5867 
1995 4038 5681 3437 
1996 960 6081 1002 
1997 6475 8573 7903 
1998 5816 6886 5817 
1999 5435 5612 2024 
2000 3838 7687 7282 
2001 1184 6861 5564 
2002 6917 7788 3374 
2003 6741 8001 2518 
2004 5170 7160 5303 
2005 2989 5488 5487 
2006 3014 6662 5477 
2007 4831 7146 5795 
2008 1424 6378 1402 
2009 2283 6476 2281 
2010 2884 7640 7454 
2011 4772 8382 7698 
2012 7777 8247 6915 
2013 2030 6825 5955 
2014 5930 7328 6578 
2015 5540 7534 5538 
2016 3813 7737 6246 
2017 5203 7614 4982 
2018 5778 8250 8248 
2019 5839 7079 2838 
2020 5073 6081 4305 
2021 1651 5638 5463 
2022 5410 6802 4061 
2023 4679 7659 6923 
2024 5048 8353 4707 
2025 1046 6734 1043 
2026 1991 6783 5904 
2027 5074 8719 5086 
2028 5795 7146 1023 
2029 19 6513 426 
2030 2852 8799 7232 
2031 4833 8397 4109 
2032 5621 6083 5620 
2033 3945 6520 3069 
2034 4227 6828 4230 
2035 795 5613 797 
2036 6338 8246 434 
2037 6398 7463 6397 
2038 1699 7764 7607 
2039 1402 6378 1404 
2040 3209 6451 3883 
2041 5981 8638 5815 
2042 5633 7013 4412 
2043 1889 5679 1890 
2044 5650 8163 5387 
2045 6459 7791 7595 
2046 6148 6149 1199 
2047 6246 7737 4712 
2048 5892 8596 8372 
2049 1966 5997 2875 
2050 6017 8120 3659 
2051 1000 5722 5712 
2052 133 6540 6539 
2053 3738 7546 4650 
2054 7351 8664 1174 
2055 6854 8422 4763 
2056 4094 7616 3278 
2057 5516 5517 4118 
2058 2033 6119 5698 
2059 8153 8191 4826 
2060 5504 6898 634 
2061 6151 7991 3727 
2062 989 6136 419 
2063 222 6197 223 
2064 6760 7342 4289 
2065 3929 8160 3271 
2066 3675 5886 3674 
2067 6151 7019 4380 
2068 5162 7469 5181 
2069 5649 5855 5646 
2070 4797 7637 4134 
2071 1196 6148 1199 
2072 753 7041 6607 
2073 5660 7470 1364 
2074 2186 7342 6760 
2075 4305 5556 5396 
2076 3839 5906 5402 
2077 2399 7665 5030 
2078 5619 5624 5622 
2079 4500 7352 7022 
2080 4858 8508 6918 
2081 2881 6643 5709 
2082 5581 7700 5580 
2083 5837 8822 7297 
2084 5981 7477 4741 
2085 759 8601 5835 
2086 6464 7475 7310 
2087 6264 8196 5328 
2088 1023 6855 5797 
2089 7827 7886 6025 
2090 6028 6917 6030 
2091 6063 6801 6062 
2092 2032 5420 5418 
2093 6468 7264 4262 
2094 3465 5931 3195 
2095 1743 6801 6063 
2096 6710 7505 4742 
2097 6282 6737 6281 
2098 5615 5622 2993 
2099 6096 7809 5988 
2100 4836 6626 6588 
2101 6947 8704 5963 
2102 5467 8085 3911 
2103 6630 7661 7225 
2104 3881 6452 4639 
2105 5086 8719 8545 
2106 4973 8468 6622 
2107 5569 5571 5568 
2108 6299 7602 7601 
2109 3883 6452 3881 
2110 2737 7214 5929 
2111 5314 8178 5230 
2112 5727 7453 897 
2113 1679 8465 5244 
2114 5542 7504 2760 
2115 5218 7135 3215 
2116 5066 7079 5067 
2117 2487 6180 2485 
2118 8210 8545 1883 
2119 2014 5478 5421 
2120 5075 8583 5847 
2121 5535 5543 1998 
2122 6240 7529 1886 
2123 6146 6147 1195 
2124 3581 6267 3584 
2125 5165 6602 472 
2126 7928 8048 3711 
2127 6820 6821 4146 
2128 1844 5414 1593 
2129 6708 8833 998 
2130 4026 6510 6252 
2131 4329 5704 5514 
2132 231 7948 5610 
2133 5812 6232 1693 
2134 6578 8967 4417 
2135 5822 7911 3720 
2136 5539 5545 5543 
2137 3135 5646 5645 
2138 495 7443 5685 
2139 3897 6291 5785 
2140 5970 6780 1638 
2141 2213 5652 2215 
2142 465 6771 6769 
2143 2833 5472 2071 
2144 3913 5508 868 
2145 1876 6690 1982 
2146 37 6314 433 
2147 3674 5886 4975 
2148 4885 7677 6961 
2149 6765 7036 503 
2150 2027 6830 1241 
2151 3000 5811 3002 
2152 5511 6394 1994 
2153 2507 5568 5567 
2154 3749 7761 6050 
2155 5402 5906 3132 
2156 5533 5534 947 
2157 5474 7436 4996 
2158 6015 7590 5594 
2159 5208 5209 5207 
2160 7863 8020 5099 
2161 5926 7219 2746 
2162 5514 5515 523 
2163 6471 6472 3750 
2164 4185 6895 6212 
2165 1347 5160 1314 
2166 5671 5672 1549 
2167 2875 5997 3835 
2168 1980 5417 5416 
2169 5695 7124 2768 
2170 1098 8568 5611 
2171 5114 8718 2026 
2172 4965 7783 4334 
2173 5716 6550 4771 
2174 4062 8474 6074 
2175 3158 8421 5653 
2176 3262 8850 5255 
2177 4096 7614 6623 
2178 5015 8723 4964 
2179 6689 6690 1877 
2180 4895 8516 5409 
2181 515 6229 517 
2182 2031 6104 2330 
2183 5398 8052 7494 
2184 6706 6944 4643 
2185 4799 5608 5599 
2186 2746 7328 5930 
2187 5477 7907 6663 
2188 2744 7940 7373 
2189 2837 7797 6438 
2190 4310 7852 5965 
2191 4799 5599 3636 
2192 530 8381 5517 
2193 3020 8113 7989 
2194 5807 6537 5806 
2195 6039 7010 2331 
2196 5162 8620 7469 
2197 5785 6291 2285 
2198 20 6513 19 
2199 4110 6892 5676 
2200 5666 5667 2856 
2201 5174 8003 2341 
2202 7142 8725 5124 
2203 3651 6282 6281 
2204 3064 5465 2084 
2205 5531 5532 947 
2206 1680 8072 5669 
2207 2443 6402 6133 
2208 4897 7561 4505 
2209 7785 8107 486 
2210 1072 6806 1074 
2211 4081 8890 6460 
2212 5616 5622 5615 
2213 4763 8533 6854 
2214 5610 8698 231 
2215 3437 5681 2164 
2216 4174 7013 5239 
2217 3975 7019 6151 
2218 1159 6163 1161 
2219 5751 8431 553 
2220 4418 6578 4417 
2221 3065 6724 6173 
2222 3303 6941 6794 
2223 5680 8356 984 
2224 5758 7640 5767 
2225 4897 8129 7561 
2226 2710 7850 7794 
2227 6028 7788 6917 
2228 2518 8345 6741 
2229 4437 7702 6603 
2230 4064 6367 3229 
2231 7984 8828 2814 
2232 2158 5641 2881 
2233 1225 7444 1226 
2234 6217 7151 4065 
2235 5416 7151 6217 
2236 3407 7963 5210 
2237 476 6558 6320 
2238 1642 7927 6365 
2239 1831 6587 6140 
2240 5202 8795 111 
2241 5659 7861 3716 
2242 462 8190 5270 
2243 8189 8347 6301 
2244 7040 8630 8112 
2245 5536 5543 5535 
2246 8596 8925 7502 
2247 1350 5483 1090 
2248 4602 5654 1141 
2249 5416 6217 1980 
2250 5934 7520 7377 
2251 5531 6217 5532 
2252 4573 8395 8247 
2253 6829 7100 5282 
2254 4374 5894 5199 
2255 4126 5742 5151 
2256 2505 8156 8118 
2257 4402 8315 5234 
2258 2851 5734 5617 
2259 6083 7491 5620 
2260 839 6655 6285 
2261 5918 7792 2025 
2262 6227 6228 1008 
2263 3886 5656 4645 
2264 1091 7376 5485 
2265 826 7975 6682 
2266 921 5531 947 
2267 1574 6205 6204 
2268 4753 5688 5687 
2269 5643 6193 1473 
2270 6273 6379 4052 
2271 4857 6068 6066 
2272 3682 5475 4074 
2273 271 6083 272 
2274 2856 8590 2181 
2275 2192 6012 5708 
2276 5739 8584 4777 
2277 5348 8712 6663 
2278 503 7036 6498 
2279 6420 6994 2402 
2280 1417 7731 7468 
2281 5646 5855 5645 
2282 3554 8302 8117 
2283 3716 7861 2611 
2284 2211 5653 2213 
2285 3494 6059 3952 
2286 5409 8516 973 
2287 3248 7479 6132 
2288 5804 7966 2801 
2289 1188 6009 4669 
2290 6097 8041 2784 
2291 7696 7801 3033 
2292 5686 8126 427 
2293 5260 8065 6336 
2294 5723 6211 4243 
2295 485 8176 5081 
2296 2310 5793 2067 
2297 5767 7640 5768 
2298 983 8188 5738 
2299 4853 8098 7972 
2300 3475 5801 3752 
2301 5710 5711 4286 
2302 6868 7883 1728 
2303 7749 8300 4601 
2304 7399 8000 2783 
2305 998 8833 7854 
2306 927 5566 961 
2307 7458 7803 2801 
2308 5477 6663 3014 
2309 1265 6190 1268 
2310 2209 5502 3158 
2311 2863 7611 6126 
2312 6058 6060 6059 
2313 3361 6526 5509 
2314 4294 7317 7198 
2315 6504 6653 5693 
2316 1541 5671 1549 
2317 6838 6951 469 
2318 5053 7370 6374 
2319 4124 5844 3856 
2320 6319 8646 6320 
2321 7382 8225 893 
2322 4901 7884 7849 
2323 2465 8727 2585 
2324 4827 7288 4154 
2325 3159 6287 6286 
2326 6052 8914 2242 
2327 6472 7905 4709 
2328 8081 8200 6149 
2329 6678 7414 7224 
2330 1714 6029 1716 
2331 477 6309 6308 
2332 1439 7029 1410 
2333 6396 8655 4057 
2334 2808 5510 2473 
2335 4052 7870 5327 
2336 6340 8048 7928 
2337 3081 6681 5554 
2338 5984 6395 4486 
2339 6607 7041 4392 
2340 1555 5511 1994 
2341 459 5919 5360 
2342 5975 6554 2739 
2343 427 8641 5686 
2344 3659 7355 6017 
2345 1643 7463 6398 
2346 897 7453 799 
2347 3349 5836 3596 
2348 6768 8561 104 
2349 6682 7428 830 
2350 6744 8919 4423 
2351 1200 6150 1203 
2352 6495 8124 4980 
2353 1647 8432 6944 
2354 5523 5525 4012 
2355 4707 8658 5048 
2356 6283 7623 6282 
2357 5507 8576 4333 
2358 5642 8315 2272 
2359 5072 8214 5483 
2360 2989 5487 2175 
2361 4203 5946 5876 
2362 5405 6209 3896 
2363 5595 7854 5593 
2364 3650 5899 1056 
2365 1917 5676 5675 
2366 2152 5709 3941 
2367 6736 7336 6701 
2368 1192 6146 1195 
2369 4413 6517 6516 
2370 7597 8131 2368 
2371 5245 8102 489 
2372 5533 7630 3787 
2373 5776 5777 5775 
2374 7400 7831 6936 
2375 5310 8155 7806 
2376 5484 7305 1091 
2377 4474 5160 5035 
2378 4753 5687 3935 
2379 6106 8278 4159 
2380 4012 5526 4011 
2381 3686 5512 4335 
2382 7470 8935 1364 
2383 50 7420 5397 
2384 5520 8341 5519 
2385 1559 5530 1883 
2386 1122 7128 1124 
2387 2312 7580 7472 
2388 6587 6890 4453 
2389 3670 5516 4118 
2390 5590 7694 6665 
2391 1574 8871 5973 
2392 2926 7431 5172 
2393 2529 7611 2863 
2394 5180 8593 8487 
2395 6221 8684 1934 
2396 4664 8032 7881 
2397 8497 8880 6887 
2398 6554 7107 2739 
2399 1382 5888 1011 
2400 6033 8517 8296 
2401 7829 8104 2264 
2402 2908 5639 2911 
2403 3329 5658 3838 
2404 5963 7799 5962 
2405 3923 5558 5193 
2406 881 6981 5443 
2407 6322 7359 4309 
2408 5469 6685 5468 
2409 4579 6563 6162 
2410 3580 6267 3581 
2411 2330 6104 2333 
2412 5632 6053 5157 
2413 6125 6637 5494 
2414 5303 7160 7093 
2415 5555 8969 6178 
2416 5193 7129 5319 
2417 4478 6043 5304 
2418 7678 8614 5809 
2419 1371 5756 5754 
2420 1457 5444 2032 
2421 5754 5756 5755 
2422 1157 5535 1998 
2423 7988 8124 3920 
2424 235 6001 981 
2425 3519 7475 6458 
2426 689 6010 691 
2427 2360 6235 5423 
2428 5950 5957 5953 
2429 7144 7999 1979 
2430 5706 6686 6625 
2431 477 6310 6309 
2432 6890 7038 4453 
2433 6242 7689 4167 
2434 2947 5361 2946 
2435 3690 5704 4329 
2436 4924 7982 7782 
2437 3051 7005 5852 
2438 1294 7122 2010 
2439 908 5873 4501 
2440 3033 7801 6864 
2441 4395 7823 6522 
2442 2033 6968 709 
2443 4544 8395 4573 
2444 8219 8262 4737 
2445 903 7065 899 
2446 517 6229 2004 
2447 4180 6948 5003 
2448 4709 8125 6472 
2449 1121 5637 5636 
2450 5319 5803 4119 
2451 1207 5851 1208 
2452 4178 5779 4618 
2453 5772 5773 5316 
2454 2489 5615 2993 
2455 5419 7164 6021 
2456 4418 5938 5925 
2457 3910 6144 2570 
2458 905 5699 912 
2459 6226 8325 6225 
2460 5298 7921 395 
2461 1575 8064 6722 
2462 6082 6966 4555 
2463 5842 8152 6814 
2464 5991 6735 1042 
2465 1549 5672 1551 
2466 2750 7661 5343 
2467 1093 5483 5401 
2468 1256 7316 1258 
2469 3563 7886 7827 
2470 4711 8154 5411 
2471 4520 7577 7347 
2472 5327 8597 4052 
2473 5350 6192 5643 
2474 5105 7818 7719 
2475 4708 5747 3569 
2476 6222 6227 1008 
2477 4662 7471 6535 
2478 5905 7062 2723 
2479 4505 7561 5473 
2480 5857 7725 5404 
2481 3135 5645 2217 
2482 5719 5720 890 
2483 4783 5986 5192 
2484 5854 8340 5853 
2485 1168 7403 1170 
2486 4962 8095 6679 
2487 5085 8670 5188 
2488 4973 8452 5113 
2489 5696 5697 3915 
2490 5238 8150 5237 
2491 5427 8271 5426 
2492 3606 8082 5915 
2493 6331 6664 436 
2494 2463 5730 2467 
2495 4520 7673 6586 
2496 4643 6944 6897 
2497 7903 8573 3112 
2498 5124 8294 7142 
2499 1588 5415 1586 
2500 6897 6944 5252 
2501 4061 6098 3171 
2502 7784 8494 6145 
2503 4811 7383 5363 
2504 286 7853 6237 
2505 5775 5777 4179 
2506 598 5782 5204 
2507 7717 7763 4802 
2508 885 7755 5289 
2509 1627 6999 1612 
2510 3169 6728 2916 
2511 769 5745 767 
2512 1041 5429 1044 
2513 4423 6985 6744 
2514 5657 6735 4534 
2515 5190 8959 1316 
2516 6724 7545 6173 
2517 1133 5500 2013 
2518 5125 8294 5124 
2519 4346 7849 6091 
2520 7423 7913 5561 
2521 707 6119 2033 
2522 5497 6125 5493 
2523 3747 7858 5741 
2524 5835 8807 759 
2525 6537 6576 5806 
2526 5247 7656 194 
2527 2183 5666 2856 
2528 3545 5775 4179 
2529 5765 8476 5976 
2530 5256 8155 5310 
2531 2166 8349 5203 
2532 6268 6271 3584 
2533 530 8623 5337 
2534 6228 8520 6230 
2535 3614 5742 4126 
2536 5838 6882 6087 
2537 6419 7473 6418 
2538 5463 5740 1651 
2539 898 5743 4977 
2540 5637 8811 5317 
2541 6663 7907 4444 
2542 6250 7316 1256 
2543 5141 8125 4709 
2544 1379 7583 7337 
2545 2493 5734 2851 
2546 6278 8146 1814 
2547 5307 7994 1744 
2548 7333 7761 3749 
2549 2911 5639 3781 
2550 7310 7475 3519 
2551 487 8404 6443 
2552 5724 6731 4161 
2553 5389 8884 5388 
2554 7553 8587 4726 
2555 3931 8715 8569 
2556 5786 5787 904 
2557 3034 6729 2805 
2558 2681 5745 769 
2559 4086 7800 5897 
2560 2453 5402 2820 
2561 5180 8487 4117 
2562 8289 8599 520 
2563 5741 7858 4720 
2564 4038 5682 5681 
2565 7954 8017 4706 
2566 2808 7490 7395 
2567 27 5780 469 
2568 3205 6186 3575 
2569 5009 8831 6293 
2570 4061 6802 6098 
2571 5977 8195 6813 
2572 4682 5674 3845 
2573 5627 7875 5625 
2574 5680 7949 6633 
2575 3060 6101 3058 
2576 4104 5749 5663 
2577 2900 5707 3813 
2578 6763 7531 5823 
2579 3696 5689 3694 
2580 7472 7580 4558 
2581 1351 5774 1245 
2582 6383 7628 2796 
2583 440 7895 5302 
2584 5440 5904 4125 
2585 2581 8680 2835 
2586 2002 7643 5997 
2587 5568 5592 5567 
2588 5715 5716 4964 
2589 6186 6187 3575 
2590 3197 5935 3465 
2591 5624 7163 5627 
2592 1614 6999 2699 
2593 1657 6109 1658 
2594 1814 8570 6278 
2595 5737 6362 4497 
2596 5624 5627 5625 
2597 2766 6987 6451 
2598 3503 7984 2814 
2599 4918 6912 6045 
2600 6219 8593 5180 
2601 6178 6785 3081 
2602 4079 5722 4001 
2603 223 6197 994 
2604 773 5719 890 
2605 5731 6730 3125 
2606 7082 8858 8506 
2607 6304 7270 468 
2608 4258 6949 6360 
2609 5961 8203 5211 
2610 4381 7997 6400 
2611 5302 8546 440 
2612 155 6600 154 
2613 2914 6703 3169 
2614 1382 5900 5888 
2615 784 5789 786 
2616 7522 8310 1796 
2617 4935 6641 6541 
2618 1505 7314 1506 
2619 2889 5728 2227 
2620 3975 6151 6147 
2621 4734 7672 7564 
2622 3153 6589 2654 
2623 8397 8575 4109 
2624 4184 8821 5334 
2625 8173 8285 1965 
2626 5188 8518 5085 
2627 3560 5900 3116 
2628 2794 5721 2326 
2629 5526 8382 4772 
2630 6101 6102 3058 
2631 90 6507 89 
2632 4396 7412 5317 
2633 3115 6501 6500 
2634 5583 5598 5581 
2635 6278 8570 8379 
2636 5183 8256 2501 
2637 4335 6642 5476 
2638 2030 6005 6003 
2639 2507 5567 2508 
2640 5308 7387 4670 
2641 4031 7975 5132 
2642 7125 8069 6547 
2643 3748 5830 5826 
2644 2120 6357 6008 
2645 1211 5850 5849 
2646 649 5873 908 
2647 5917 6565 3875 
2648 909 8203 5961 
2649 5684 5686 495 
2650 5789 5791 786 
2651 5339 8408 5062 
2652 5982 5984 3869 
2653 7466 8870 4533 
2654 5821 5822 2015 
2655 427 7127 5432 
2656 395 8770 5298 
2657 6614 8456 4484 
2658 6293 7746 5009 
2659 882 6925 6090 
2660 6077 7512 3724 
2661 4913 8301 5506 
2662 612 6324 616 
2663 2499 5729 2497 
2664 3248 6132 5941 
2665 4346 6091 2060 
2666 3850 5234 5208 
2667 4268 5825 5824 
2668 1828 6048 1835 
2669 5299 7586 1982 
2670 4913 8453 8301 
2671 3885 5992 2800 
2672 3500 8101 5313 
2673 5198 8162 3456 
2674 5195 5501 5159 
2675 4734 7583 4434 
2676 4682 8290 5674 
2677 4146 6989 6820 
2678 477 6308 34 
2679 2712 5717 2231 
2680 4975 7599 5337 
2681 451 7048 6611 
2682 2310 5987 5793 
2683 3997 7613 5340 
2684 4177 8295 5216 
2685 2111 5405 2109 
2686 1338 7672 5434 
2687 1093 5401 1097 
2688 7607 7764 5115 
2689 2906 6497 5639 
2690 3083 6841 5817 
2691 4225 6828 4227 
2692 4334 8697 7482 
2693 4972 7597 5816 
2694 5943 6951 4018 
2695 5513 6642 5512 
2696 5452 6600 464 
2697 5946 6644 5396 
2698 2857 6810 5998 
2699 5875 8464 7380 
2700 313 6191 314 
2701 6588 7958 4836 
2702 3555 6059 3494 
2703 5083 6381 4751 
2704 5826 5830 5827 
2705 4941 8757 4280 
2706 6038 8271 642 
2707 1371 5754 1082 
2708 6925 7101 6926 
2709 994 6197 5718 
2710 5337 7599 355 
2711 7377 7520 2737 
2712 3338 5864 5863 
2713 5961 7963 5960 
2714 5765 5976 2008 
2715 4042 8580 5819 
2716 3347 5832 3345 
2717 3034 6629 5351 
2718 4609 8388 6183 
2719 2134 6144 2131 
2720 1591 5415 1588 
2721 2105 5785 2103 
2722 6933 7298 2765 
2723 4104 5663 4105 
2724 4849 8971 7341 
2725 5649 5856 5855 
2726 847 5553 885 
2727 5968 8778 5003 
2728 7698 8035 4772 
2729 6158 8011 2268 
2730 1239 7016 2027 
2731 6584 8624 4941 
2732 4521 8435 5843 
2733 551 6009 554 
2734 5667 7974 2856 
2735 5656 8494 7784 
2736 6183 8513 4609 
2737 3661 7505 6710 
2738 5963 8704 7799 
2739 3969 5985 5362 
2740 6418 7473 7411 
2741 5813 5814 5812 
2742 4382 6855 957 
2743 4753 6640 5688 
2744 1575 8304 8064 
2745 1374 8783 1076 
2746 3353 6882 3953 
2747 3447 8265 7896 
2748 6267 6268 3584 
2749 1860 5423 1862 
2750 6857 7637 4797 
2751 6389 6511 6417 
2752 6097 7699 3633 
2753 5086 8545 8210 
2754 2022 8830 5873 
2755 5468 8331 781 
2756 3715 5464 4070 
2757 7198 7317 2741 
2758 4474 5190 5160 
2759 1811 7733 6668 
2760 3909 6483 2150 
2761 6499 7403 1168 
2762 1917 5675 1918 
2763 2886 8587 5400 
2764 6956 7836 2786 
2765 5408 8371 340 
2766 6066 6067 4857 
2767 5060 8655 6396 
2768 8111 8164 5776 
2769 782 5786 904 
2770 4287 5710 4286 
2771 5215 8107 7785 
2772 5497 6638 732 
2773 885 7498 850 
2774 8118 8156 5209 
2775 6649 7616 4094 
2776 7502 8925 5301 
2777 698 5970 700 
2778 5254 6187 6186 
2779 1181 6861 1184 
2780 894 5910 5909 
2781 1174 8664 5871 
2782 3927 8952 5357 
2783 7225 7661 2750 
2784 168 6534 167 
2785 4325 5233 5175 
2786 3916 6609 3914 
2787 4957 6301 6300 
2788 1720 6161 1722 
2789 5570 5571 5569 
2790 4190 7423 5561 
2791 1479 7893 5163 
2792 340 8394 5408 
2793 6045 6912 1950 
2794 3940 5964 640 
2795 2789 6244 6052 
2796 5726 8113 3020 
2797 4038 6042 5683 
2798 931 5714 933 
2799 3940 7736 5964 
2800 5797 6855 5799 
2801 7307 8342 3782 
2802 3517 8282 8240 
2803 3249 5770 2650 
2804 7224 7414 1886 
2805 3914 6609 4879 
2806 3007 5439 3211 
2807 424 7626 188 
2808 2723 7062 2724 
2809 5856 8921 5051 
2810 2341 7894 5174 
2811 3980 6088 4694 
2812 544 8371 5407 
2813 5937 6863 6188 
2814 5700 8731 4040 
2815 5065 8044 5079 
2816 1989 8941 5703 
2817 4706 8017 5458 
2818 2167 5998 3978 
2819 5844 5845 4493 
2820 5529 6093 4019 
2821 454 8572 6615 
2822 569 5839 2838 
2823 4709 8278 5141 
2824 716 5821 2015 
2825 6783 8223 5904 
2826 2008 5976 1086 
2827 6451 8132 6449 
2828 1435 6466 1446 
2829 6141 8108 4103 
2830 4354 7809 6096 
2831 1456 7188 6795 
2832 4901 7849 4900 
2833 4633 7604 5065 
2834 3748 5826 3343 
2835 2060 6091 1358 
2836 6422 7168 4646 
2837 2356 5783 1854 
2838 4207 6718 5052 
2839 431 7495 6351 
2840 1891 8719 5074 
2841 6041 8924 7010 
2842 634 6898 635 
2843 5049 5947 3901 
2844 980 6542 6541 
2845 7095 8157 4882 
2846 3553 5927 5923 
2847 5992 7189 2140 
2848 4012 5990 5523 
2849 6059 6060 3952 
2850 3981 6477 3219 
2851 5157 7925 5632 
2852 734 6825 2030 
2853 4462 7864 7804 
2854 4785 5986 4783 
2855 4971 8776 6299 
2856 1881 6109 1657 
2857 2395 6137 2569 
2858 7427 7756 5063 
2859 772 8413 5481 
2860 5890 5891 1110 
2861 6124 6582 6123 
2862 5451 8481 5564 
2863 5949 5957 5950 
2864 2739 5889 563 
2865 2055 5957 5949 
2866 6048 6049 1835 
2867 454 6978 6840 
2868 5979 8893 5541 
2869 1369 6919 1544 
2870 5092 5680 5173 
2871 5291 8088 834 
2872 3780 7718 6227 
2873 6092 7816 5425 
2874 5783 5784 4449 
2875 546 5896 550 
2876 3052 7005 3051 
2877 5817 6886 3083 
2878 4072 7792 4621 
2879 4573 8247 7777 
2880 3625 5233 2924 
2881 5246 7626 424 
2882 3986 5975 556 
2883 8571 8717 671 
2884 5488 7421 5487 
2885 5772 7926 1341 
2886 272 6083 995 
2887 5353 8191 8153 
2888 1022 8497 8401 
2889 3338 5863 2813 
2890 5923 5927 5924 
2891 3822 6713 5908 
2892 4578 5664 4581 
2893 4484 8355 6614 
2894 5948 7461 1101 
2895 7498 7901 852 
2896 5507 8025 4854 
2897 6108 6876 6109 
2898 3357 7920 6203 
2899 6754 7036 6765 
2900 5856 7887 5855 
2901 2380 5962 2387 
2902 570 6601 5388 
2903 6227 8705 3780 
2904 4312 8001 6741 
2905 720 5884 909 
2906 4528 8180 6404 
2907 4483 5874 5479 
2908 4119 5803 4120 
2909 6524 8654 274 
2910 5296 8285 8173 
2911 5986 8488 5192 
2912 7447 8116 2784 
2913 4889 8110 7352 
2914 5669 5670 1540 
2915 2268 6930 6158 
2916 6663 8712 3014 
2917 5415 6669 1586 
2918 2153 5709 2152 
2919 7605 7943 5748 
2920 1141 5654 1142 
2921 5969 5970 698 
2922 909 6529 723 
2923 7341 7511 4849 
2924 1347 7813 5037 
2925 5330 6367 4064 
2926 4690 6006 4689 
2927 6610 6641 4935 
2928 5762 7640 5758 
2929 4116 6504 5693 
2930 5701 5702 3987 
2931 756 6094 5989 
2932 3786 7542 6307 
2933 3195 5931 3193 
2934 2013 5500 5206 
2935 6300 7602 6299 
2936 3116 5900 1382 
2937 2712 6035 5717 
2938 5476 6938 522 
2939 8676 8918 5342 
2940 2115 6007 2685 
2941 6336 8509 5260 
2942 5466 5861 4477 
2943 3636 5599 3315 
2944 3201 6863 3660 
2945 1048 5892 1049 
2946 2057 6732 5944 
2947 4382 7747 5799 
2948 2073 6290 2064 
2949 5254 8472 6187 
2950 939 6234 937 
2951 1094 8167 7399 
2952 3591 5426 3593 
2953 3237 6419 6416 
2954 3953 6882 5838 
2955 7688 7866 3816 
2956 5850 7618 6104 
2957 6269 7052 6270 
2958 793 5611 2024 
2959 4830 7977 6733 
2960 2671 6960 2669 
2961 2800 5992 2144 
2962 4803 8659 5220 
2963 3170 6257 3936 
2964 5551 6163 5547 
2965 4206 8282 3517 
2966 1002 8552 6711 
2967 2789 6052 2237 
2968 2140 5840 2137 
2969 7265 7314 1505 
2970 660 5885 1102 
2971 8166 8863 5867 
2972 5837 8283 5836 
2973 5834 5835 5833 
2974 5578 5596 5575 
2975 541 5940 1971 
2976 5631 6180 5626 
2977 6252 7441 4026 
2978 5470 5471 842 
2979 6399 7497 6344 
2980 3938 6357 2809 
2981 5819 8123 4042 
2982 7953 8042 6775 
2983 3678 5886 3675 
2984 5303 7267 475 
2985 3132 5906 5441 
2986 3855 6241 3852 
2987 3927 6568 676 
2988 7165 8439 3859 
2989 5330 8937 6367 
2990 5176 5733 5300 
2991 6487 7122 1290 
2992 6754 6765 456 
2993 3222 8327 6506 
2994 6506 8409 3222 
2995 3145 7831 7400 
2996 1348 8877 1254 
2997 5506 8301 4412 
2998 3905 6133 5161 
2999 2835 8680 7969 
3000 5168 6719 6654 
3001 7220 7657 4729 
3002 535 5977 539 
3003 1501 5939 1679 
3004 1102 6117 664 
3005 5329 8281 1377 
3006 6076 6077 6075 
3007 6069 6071 6070 
3008 1130 5500 1133 
3009 2382 5963 5962 
3010 4085 5389 4744 
3011 858 6113 6112 
3012 8152 8604 6814 
3013 5857 8009 7725 
3014 6110 8068 4494 
3015 2272 8315 6910 
3016 4926 5519 4928 
3017 757 8948 5310 
3018 1445 6166 1437 
3019 5908 6713 4538 
3020 3652 6281 3655 
3021 5713 5714 931 
3022 8569 8715 5240 
3023 1486 5430 1489 
3024 35 6311 477 
3025 3918 6303 5704 
3026 4493 5407 3959 
3027 6824 8736 6087 
3028 5237 8150 625 
3029 5321 7852 4310 
3030 6124 6579 4261 
3031 1056 5899 1057 
3032 5626 6180 5623 
3033 894 5909 670 
3034 6535 7471 2274 
3035 2711 5668 5666 
3036 984 7949 5680 
3037 821 8239 822 
3038 6278 8379 6277 
3039 6741 8817 4312 
3040 5007 6006 4690 
3041 4117 8751 5180 
3042 7165 8517 8439 
3043 3975 6147 6146 
3044 5665 8321 7910 
3045 7794 7850 4914 
3046 5693 6503 4116 
3047 3445 5656 3886 
3048 4533 6901 4263 
3049 4790 5738 4868 
3050 4118 6056 5144 
3051 7135 8096 3215 
3052 2082 5793 3812 
3053 5483 8448 5072 
3054 892 7065 2515 
3055 5547 6163 5544 
3056 4306 6470 5130 
3057 6111 8368 2361 
3058 3169 8544 5345 
3059 6036 7655 1221 
3060 3301 5990 3302 
3061 594 5782 598 
3062 2236 5717 3805 
3063 467 7275 5287 
3064 6277 6572 3772 
3065 6352 8469 4235 
3066 991 8467 6245 
3067 5987 8667 8078 
3068 1211 5849 1212 
3069 1136 5478 1139 
3070 2526 6084 1869 
3071 505 7501 6776 
3072 1851 6395 1690 
3073 3229 6367 3230 
3074 6409 6412 6061 
3075 5150 6565 5917 
3076 1652 5740 1925 
3077 6401 6512 484 
3078 6820 6989 3044 
3079 4121 5528 4843 
3080 5265 8115 3225 
3081 5804 7820 2314 
3082 5156 8571 6699 
3083 3857 5844 4493 
3084 1336 5813 5812 
3085 2050 5980 5971 
3086 2168 5998 2167 
3087 5595 7853 998 
3088 3333 7282 6289 
3089 5843 8435 7679 
3090 1841 6121 1942 
3091 6454 6746 6453 
3092 5512 6642 4335 
3093 3996 6089 651 
3094 3553 5923 3191 
3095 429 8100 6480 
3096 6190 8582 1268 
3097 7129 7987 5319 
3098 6613 7795 7460 
3099 2309 6094 754 
3100 5748 7943 3939 
3101 3144 7631 6814 
3102 5847 6725 5846 
3103 6085 6086 3757 
3104 5027 6477 3981 
3105 4703 8116 8104 
3106 1028 5918 585 
3107 946 5876 951 
3108 1287 6393 1290 
3109 2055 5949 727 
3110 5560 5561 4129 
3111 4038 5683 5682 
3112 2281 7071 2279 
3113 3569 5747 3457 
3114 868 5508 873 
3115 1342 5812 1693 
3116 4280 8512 6796 
3117 914 6942 896 
3118 6282 7623 6822 
3119 6699 8571 671 
3120 5768 8318 5766 
3121 4241 6019 6018 
3122 5328 8196 6273 
3123 8290 8857 5674 
3124 6022 6023 1736 
3125 4204 8922 6406 
3126 8736 8820 6087 
3127 2067 5793 2066 
3128 6679 8768 4962 
3129 2290 5501 2288 
3130 5691 5692 4193 
3131 3721 8298 8181 
3132 6458 7595 3519 
3133 6148 8081 6149 
3134 6333 7359 447 
3135 2288 5501 4021 
3136 6140 6587 6139 
3137 3237 6416 6415 
3138 6365 6869 1613 
3139 6453 6746 448 
3140 605 8963 5292 
3141 4093 5559 5558 
3142 5588 8631 5589 
3143 2991 6530 2260 
3144 3436 7867 5445 
3145 5608 6001 5609 
3146 2271 7361 2327 
3147 1054 5890 1110 
3148 750 7961 6645 
3149 5597 7873 289 
3150 4267 5824 5171 
3151 947 5534 923 
3152 1062 5898 1175 
3153 3962 5753 3965 
3154 4361 7486 6752 
3155 6431 8308 6430 
3156 3399 8417 7283 
3157 4643 6943 6706 
3158 1090 5483 1093 
3159 7228 7808 5974 
3160 6677 7548 456 
3161 6821 7029 4146 
3162 5360 7745 459 
3163 5341 7955 7909 
3164 3935 5687 3631 
3165 2265 8192 6251 
3166 3141 6182 3137 
3167 6301 7602 6300 
3168 5464 6285 4070 
3169 4558 7580 6835 
3170 2054 6106 6105 
3171 1328 5815 5813 
3172 5403 8144 4530 
3173 5525 5526 4012 
3174 2125 6142 2527 
3175 1859 5783 4449 
3176 2030 6003 736 
3177 5705 6837 4516 
3178 6016 6017 3110 
3179 732 6637 6125 
3180 1821 6037 1839 
3181 1712 6027 1714 
3182 5049 8410 5947 
3183 3216 5809 3911 
3184 6108 7156 6876 
3185 3865 5701 3987 
3186 6237 7590 633 
3187 6795 7188 5662 
3188 2328 5569 2507 
3189 1312 8437 1347 
3190 89 7069 88 
3191 5340 8929 3997 
3192 6022 6026 6023 
3193 5747 7723 5748 
3194 1574 6204 1517 
3195 7521 8160 3929 
3196 6044 6045 1950 
3197 5676 6892 5675 
3198 5169 7119 6355 
3199 3266 6919 1369 
3200 7983 8365 6704 
3201 457 7100 6764 
3202 2460 5730 2463 
3203 3856 5844 3854 
3204 2636 5985 3969 
3205 5108 8887 2263 
3206 7353 8239 821 
3207 5295 8653 2892 
3208 6668 7733 4762 
3209 695 5969 698 
3210 8357 8598 5700 
3211 3660 6863 5937 
3212 973 7519 5409 
3213 5662 7188 3115 
3214 4325 5971 5233 
3215 1923 5997 1966 
3216 5148 6888 5145 
3217 5639 6497 5015 
3218 907 6034 740 
3219 1599 7052 6269 
3220 3983 6474 3042 
3221 6426 6439 6429 
3222 3337 5775 3545 
3223 6050 6120 1835 
3224 5737 7965 4015 
3225 7254 8665 7799 
3226 4240 6063 6062 
3227 475 7267 75 
3228 686 5967 689 
3229 6464 6856 6463 
3230 1817 6075 2000 
3231 2309 6095 6094 
3232 2642 6662 3014 
3233 4772 8035 4551 
3234 2537 6134 3558 
3235 3989 6644 5946 
3236 3422 8781 5362 
3237 3325 5901 3428 
3238 5959 7837 3250 
3239 5125 8803 8294 
3240 5570 5572 5571 
3241 891 5743 898 
3242 2811 6483 5197 
3243 1024 5739 3619 
3244 1909 5677 1917 
3245 5777 5778 4179 
3246 6069 6070 3775 
3247 5590 6665 6631 
3248 3771 6069 3775 
3249 5712 5722 4079 
3250 6407 6411 3482 
3251 893 6073 863 
3252 640 5964 641 
3253 918 5531 921 
3254 6294 7000 3482 
3255 7532 8951 5956 
3256 1297 5941 1300 
3257 3159 6286 2598 
3258 5933 5934 5932 
3259 8340 8805 5853 
3260 6291 8170 2285 
3261 1538 5669 1540 
3262 1890 5679 1908 
3263 6504 6998 3645 
3264 7511 7869 4401 
3265 8532 8551 7478 
3266 6553 8374 3531 
3267 2683 6544 2053 
3268 4238 6067 4232 
3269 2809 6357 2124 
3270 4578 6555 5664 
3271 1947 6044 1950 
3272 5344 8461 1934 
3273 4526 6559 5703 
3274 5907 6823 4092 
3275 8401 8497 6887 
3276 2689 6257 3170 
3277 3023 6093 2020 
3278 4685 6470 4306 
3279 5924 6635 5926 
3280 6075 6077 2000 
3281 3482 7000 2872 
3282 1649 5847 1674 
3283 6603 7702 613 
3284 6098 6809 3171 
3285 900 5699 905 
3286 5532 5533 947 
3287 3619 6131 1025 
3288 6068 8094 7952 
3289 2064 6290 2062 
3290 3966 5750 4104 
3291 6476 7071 2281 
3292 1000 5723 5722 
3293 4116 6998 6504 
3294 4583 6135 6134 
3295 6655 8514 6285 
3296 925 5566 927 
3297 3081 6785 3074 
3298 2022 7736 5324 
3299 3873 6011 4672 
3300 7875 7990 5628 
3301 7854 8484 5593 
3302 5234 5642 5208 
3303 756 5989 762 
3304 485 7181 136 
3305 1097 5401 1112 
3306 1446 6466 4058 
3307 4241 6018 4220 
3308 6082 6524 995 
3309 3971 7804 5391 
3310 5447 6216 5450 
3311 4859 7829 4861 
3312 3510 6471 3031 
3313 2857 8910 6810 
3314 4641 7439 6943 
3315 1853 5846 2928 
3316 6367 8937 5901 
3317 8129 8492 1936 
3318 2906 5639 2908 
3319 6057 6059 3555 
3320 5677 7681 5676 
3321 5847 8583 6725 
3322 6541 6542 4934 
3323 2407 6402 2443 
3324 3755 5427 5426 
3325 7082 8506 4237 
3326 6307 8800 3786 
3327 1003 6711 5922 
3328 2543 6577 2886 
3329 988 7873 5596 
3330 5392 8544 3169 
3331 1710 6022 1736 
3332 1767 6921 6489 
3333 6613 8456 6614 
3334 5550 6964 6963 
3335 1008 6229 515 
3336 3852 6241 2526 
3337 2071 5472 2069 
3338 3655 6280 6279 
3339 1410 7029 1411 
3340 6252 8192 7441 
3341 6167 6466 6166 
3342 6509 7608 4648 
3343 2989 5489 5488 
3344 3821 4973 3822 
3345 2002 8891 7643 
3346 2997 7277 5430 
3347 7937 8395 3716 
3348 3565 6856 6464 
3349 4425 6869 6365 
3350 2054 6105 745 
3351 2986 6133 3905 
3352 5596 5597 5577 
3353 3577 4653 3889 
3354 4653 4962 3889 
3355 1826 6048 1828 
3356 1148 5979 1151 
3357 3358 6085 3757 
3358 5564 8875 1184 
3359 4125 5464 3715 
3360 5253 5745 5251 
3361 5523 5990 3301 
3362 3020 8242 5726 
3363 5411 8053 4711 
3364 6027 6029 1714 
3365 5622 5623 2993 
3366 8105 8360 2041 
3367 4882 8428 7095 
3368 5300 5733 5732 
3369 3577 3889 3155 
3370 2922 6577 2543 
3371 2669 6960 4276 
3372 314 6191 977 
3373 5489 5490 5488 
3374 902 5978 5821 
3375 929 5713 931 
3376 6693 8136 5505 
3377 5594 5595 5593 
3378 6887 8880 4088 
3379 6710 7631 3144 
3380 4280 8757 8512 
3381 2048 5980 2050 
3382 6999 7870 5077 
3383 3327 5658 3329 
3384 6358 6942 6234 
3385 2998 3000 2999 
3386 7042 8634 6533 
3387 704 6119 707 
3388 966 6855 1023 
3389 6868 8094 6068 
3390 7395 7490 5172 
3391 2565 6102 887 
3392 4244 8495 5906 
3393 2034 6503 1634 
3394 4013 5409 4084 
3395 1377 8274 5329 
3396 6162 6563 6131 
3397 1831 6890 6587 
3398 2007 5792 5786 
3399 1690 6395 1692 
3400 8108 8519 4103 
3401 8481 8875 5564 
3402 5433 6487 5182 
3403 4700 7699 6097 
3404 6394 8049 5895 
3405 3800 4431 3801 
3406 2076 5883 2074 
3407 5858 8455 4259 
3408 3005 3577 3155 
3409 4073 6088 3980 
3410 556 5975 557 
3411 4240 6062 4224 
3412 5297 7958 562 
3413 5164 8599 8289 
3414 3901 5947 3574 
3415 5233 5980 2924 
3416 5656 7784 4645 
3417 6000 7477 1340 
3418 5698 6119 4890 
3419 3076 6681 3081 
3420 6197 7518 5268 
3421 5321 8690 7852 
3422 4286 5712 4079 
3423 5653 8163 5652 
3424 3135 5647 5646 
3425 595 8842 5318 
3426 6166 6466 1437 
3427 4576 6555 4578 
3428 4407 4437 3808 
3429 7059 8936 8536 
3430 5543 5544 1998 
3431 6020 7134 2312 
3432 3249 8591 5770 
3433 5395 6115 6114 
3434 6468 6469 5131 
3435 3819 3821 3820 
3436 6061 6412 3952 
3437 5738 6284 4868 
3438 6358 6982 4915 
3439 7564 7672 1338 
3440 5052 8576 5507 
3441 2598 6286 2601 
3442 513 6222 1008 
3443 4367 5106 4389 
3444 3132 5439 3007 
3445 2379 6361 2376 
3446 5875 5876 946 
3447 4001 4243 3841 
3448 5829 8243 8138 
3449 5333 8208 5332 
3450 3843 6530 2991 
3451 3807 3808 3806 
3452 5573 5594 5593 
3453 3840 3841 3839 
3454 3088 3217 2752 
3455 6044 6530 6045 
3456 5102 6931 6372 
3457 28 5780 27 
3458 6107 6109 1881 
3459 5647 5648 5646 
3460 956 6081 960 
3461 3900 4093 3921 
3462 3943 4478 3942 
3463 6035 8592 8119 
3464 5575 5596 5577 
3465 5836 8283 5834 
3466 768 5988 1993 
3467 5871 8754 1174 
3468 6233 6982 6358 
3469 1018 5887 2879 
3470 2561 6789 6788 
3471 1718 6032 1720 
3472 5863 5865 3262 
3473 4018 6833 5943 
3474 2808 7574 5510 
3475 2886 8010 6016 
3476 6090 6925 4583 
3477 5700 8598 5699 
3478 4973 5113 3822 
3479 3755 5426 3591 
3480 3831 7320 5324 
3481 3898 3900 3899 
3482 4329 5513 5512 
3483 810 6930 2268 
3484 4159 7882 6106 
3485 6200 6201 1639 
3486 2019 2998 2997 
3487 3619 6162 6131 
3488 2065 2066 2064 
3489 2063 2064 2062 
3490 4886 8285 5296 
3491 2863 3800 3799 
3492 4526 5703 5701 
3493 6405 6608 6406 
3494 3000 3002 2999 
3495 3217 3755 3591 
3496 4335 5476 5475 
3497 3095 3865 3177 
3498 5491 5494 5490 
3499 3776 6139 4164 
3500 1195 6148 1196 
3501 1371 5757 5756 
3502 6169 6170 1792 
3503 2061 2062 2060 
3504 3566 7168 6422 
3505 651 6089 653 
3506 2656 7575 5363 
3507 4049 4699 4029 
3508 6505 8307 6506 
3509 6168 6544 3595 
3510 6743 8919 6744 
3511 4707 5868 4093 
3512 6372 6931 2847 
3513 3593 4916 4121 
3514 5618 5620 5619 
3515 5849 6104 2031 
3516 2511 3088 2752 
3517 2632 6051 3034 
3518 4039 4903 4037 
3519 6831 7080 1034 
3520 6203 8917 3357 
3521 6835 7866 7688 
3522 6204 6205 6202 
3523 3005 3155 3003 
3524 2930 2946 2929 
3525 2685 3095 2688 
3526 3211 4125 3715 
3527 2811 3445 2800 
3528 6229 6230 2004 
3529 3812 3839 2452 
3530 7327 7940 7939 
3531 2875 3475 3042 
3532 3670 4118 3669 
3533 5575 5577 5572 
3534 2998 2999 2997 
3535 2455 6518 4145 
3536 5313 8746 3500 
3537 2050 5971 3027 
3538 5298 8750 7921 
3539 3132 5441 5439 
3540 3446 5656 3445 
3541 3821 3822 3820 
3542 4645 5874 4483 
3543 3853 3854 3852 
3544 5920 8720 501 
3545 6261 6265 6260 
3546 4916 5528 4121 
3547 4019 6093 3023 
3548 6113 8793 4202 
3549 5143 7568 5413 
3550 3805 3806 2789 
3551 3941 3942 3909 
3552 7441 8192 4507 
3553 3844 4800 4799 
3554 5332 8208 8179 
3555 3292 8789 3295 
3556 6269 6270 6268 
3557 1028 8178 5314 
3558 6702 7875 5627 
3559 4959 8028 5940 
3560 1218 6036 1221 
3561 3796 6302 2301 
3562 2164 5681 2162 
3563 3247 7556 7004 
3564 2269 7077 6516 
3565 3063 3569 3457 
3566 5343 7798 2750 
3567 5395 6114 4090 
3568 5650 5651 5648 
3569 5508 8129 1936 
3570 2542 6016 3110 
3571 1010 5922 2262 
3572 2546 6375 2549 
3573 6651 7075 5372 
3574 7144 8424 4635 
3575 3125 6730 3122 
3576 508 509 441 
3577 2306 6374 3830 
3578 3141 6183 6182 
3579 2284 6152 804 
3580 6761 6762 5454 
3581 1322 6000 1324 
3582 3042 6474 2184 
3583 4857 6067 4238 
3584 668 6116 894 
3585 1461 6803 1463 
3586 6433 6435 6427 
3587 34 6308 33 
3588 2146 6483 2811 
3589 8003 8292 2335 
3590 1666 6182 6181 
3591 1674 5847 5846 
3592 4477 5861 4708 
3593 3027 5971 3121 
3594 1423 6731 5724 
3595 860 6112 893 
3596 6878 6958 6644 
3597 3137 6182 1666 
3598 5225 6786 5399 
3599 3840 4001 3841 
3600 3921 5558 3923 
3601 2378 5962 2380 
3602 5690 6303 3918 
3603 3315 5599 3317 
3604 5589 5590 5586 
3605 5757 5758 5756 
3606 3807 4407 3808 
3607 1380 8226 1479 
3608 2762 6366 6283 
3609 6030 6031 1737 
3610 989 7723 6136 
3611 6254 6255 6080 
3612 3896 3898 3897 
3613 5299 6690 4517 
3614 4533 8213 6901 
3615 2527 3063 2809 
3616 3535 5938 3187 
3617 2851 5616 5615 
3618 6516 7077 4413 
3619 8117 8302 6047 
3620 3978 4037 3437 
3621 6046 6048 1826 
3622 5407 5408 4405 
3623 6435 6438 6427 
3624 4007 5991 4942 
3625 7811 8005 5120 
3626 3812 3840 3839 
3627 7489 8322 7125 
3628 4975 5337 4974 
3629 2310 8667 5987 
3630 5805 5886 3678 
3631 4465 6512 6401 
3632 5929 6635 5927 
3633 2061 2063 2062 
3634 1011 5888 1013 
3635 2063 2065 2064 
3636 4928 5519 5518 
3637 2585 7549 6257 
3638 2065 2067 2066 
3639 6134 6135 3558 
3640 6634 7856 2621 
3641 2836 3216 2570 
3642 2928 2929 2356 
3643 2177 7525 2989 
3644 2120 6008 6007 
3645 3851 3852 2526 
3646 5927 6635 5924 
3647 3314 5809 3216 
3648 5310 8975 757 
3649 1847 6957 5511 
3650 1693 2060 1358 
3651 5861 6136 4708 
3652 2836 3314 3216 
3653 5113 6713 3822 
3654 4449 5060 2360 
3655 1974 6652 1866 
3656 2762 6283 3048 
3657 2024 5613 795 
3658 6541 6641 980 
3659 3805 3807 3806 
3660 5141 8299 4697 
3661 6121 6384 1942 
3662 4645 6014 5874 
3663 6259 6261 6260 
3664 1451 6375 2546 
3665 1553 5511 1555 
3666 5031 8668 5119 
3667 167 7067 166 
3668 3063 3457 2809 
3669 5092 5173 5090 
3670 6232 8270 2311 
3671 3477 6608 6405 
3672 5965 5966 5845 
3673 4074 5806 5805 
3674 5356 7895 440 
3675 5909 5911 3927 
3676 6512 6513 20 
3677 5967 6010 689 
3678 3953 5838 5837 
3679 6865 8601 759 
3680 2013 3795 3794 
3681 3187 5938 3184 
3682 3432 7996 3461 
3683 3002 3819 3640 
3684 6164 6165 1452 
3685 3237 6415 2416 
3686 2473 5510 2471 
3687 522 6537 5807 
3688 2820 3132 3007 
3689 7909 7955 2733 
3690 3170 3631 3010 
3691 6049 8279 3925 
3692 5645 5855 3035 
3693 433 6314 6313 
3694 2014 5196 4602 
3695 4598 8036 6694 
3696 2019 2997 1485 
3697 4361 8466 4549 
3698 5184 5186 4479 
3699 5767 5768 5766 
3700 2811 3446 3445 
3701 3819 3820 3640 
3702 1372 1384 1380 
3703 2136 2836 2570 
3704 1693 2061 2060 
3705 3170 3935 3631 
3706 2903 6497 2906 
3707 5666 5668 5667 
3708 3475 3752 3042 
3709 7719 7818 4426 
3710 4048 6697 6256 
3711 6240 7414 4212 
3712 3798 5819 5818 
3713 5094 5680 5092 
3714 1994 5895 5530 
3715 6315 6316 444 
3716 2526 6241 6084 
3717 6494 6495 3233 
3718 6004 6811 907 
3719 2084 5465 2080 
3720 4108 4834 4833 
3721 5671 7769 5672 
3722 5800 7372 4187 
3723 7341 7869 7511 
3724 1944 6384 2259 
3725 5112 5562 5292 
3726 464 6600 155 
3727 154 6600 507 
3728 5517 6056 4118 
3729 5098 5298 5096 
3730 6300 8824 4957 
3731 3900 3921 3899 
3732 6298 6299 442 
3733 468 6909 508 
3734 7271 7608 7272 
3735 3655 6281 6280 
3736 5290 7901 7498 
3737 4093 5868 5559 
3738 4125 5904 5464 
3739 446 6305 6304 
3740 6252 6510 1747 
3741 4048 6254 3605 
3742 2074 2833 2071 
3743 2256 7763 7717 
3744 2069 2310 2067 
3745 443 6293 6292 
3746 3058 6102 2565 
3747 5617 5618 5616 
3748 4475 5297 4066 
3749 1357 5536 5535 
3750 1483 2019 1485 
3751 7666 7985 1529 
3752 4431 4552 3801 
3753 460 8142 5247 
3754 2207 5502 2209 
3755 3095 3177 2688 
3756 3923 5193 4119 
3757 4602 8350 5655 
3758 1491 1680 1538 
3759 1742 8931 5200 
3760 8536 8936 6353 
3761 5687 6849 4173 
3762 5353 8153 3131 
3763 4084 5409 5390 
3764 1208 5851 1211 
3765 5538 5542 5539 
3766 5740 7555 7177 
3767 3800 3801 3799 
3768 289 8927 5597 
3769 8492 8930 5743 
3770 4366 6803 1461 
3771 2051 5980 2048 
3772 3207 6186 3205 
3773 6168 8500 4721 
3774 5930 6578 4418 
3775 3865 3987 3177 
3776 2459 2460 2458 
3777 3752 4895 4013 
3778 3337 3545 2938 
3779 2875 3042 2184 
3780 4147 8586 5562 
3781 7022 7352 6390 
3782 2146 2811 2800 
3783 5604 5610 5607 
3784 5003 6991 3895 
3785 1352 8862 1165 
3786 5759 5762 5758 
3787 1580 6092 1579 
3788 2898 5707 2900 
3789 5499 7974 5667 
3790 6507 7069 89 
3791 2146 2800 2144 
3792 770 5719 773 
3793 1966 2875 2184 
3794 2082 3812 2452 
3795 2010 5403 3248 
3796 3427 8653 5295 
3797 4998 5474 4996 
3798 5292 8586 605 
3799 2682 6420 2389 
3800 3943 4479 4478 
3801 5747 5748 3939 
3802 4405 7274 5753 
3803 4660 4936 4926 
3804 6522 7823 7496 
3805 2457 2458 2456 
3806 4378 7483 6085 
3807 5630 6054 6053 
3808 5021 8556 6590 
3809 4560 4753 3935 
3810 511 6222 513 
3811 3959 5407 4405 
3812 2066 5793 2082 
3813 3908 4124 3856 
3814 5167 5168 4431 
3815 1921 2002 1923 
3816 5510 8058 2501 
3817 5365 5369 5367 
3818 5594 6237 5595 
3819 6175 6176 4299 
3820 2376 6361 2374 
3821 6123 6582 3022 
3822 3941 3943 3942 
3823 1782 6169 1792 
3824 5126 8029 2399 
3825 3457 5747 3939 
3826 883 6382 749 
3827 4477 4708 3569 
3828 4412 8301 5633 
3829 3949 5404 4402 
3830 5573 5593 5592 
3831 3469 6261 6259 
3832 2018 4700 3513 
3833 3886 4645 4483 
3834 3853 3856 3854 
3835 1493 6021 1494 
3836 1680 5669 1538 
3837 4093 5558 3921 
3838 2759 3337 2938 
3839 2130 6143 6142 
3840 5765 8450 5071 
3841 3857 4493 3959 
3842 2080 2885 2078 
3843 2009 3849 3848 
3844 501 8067 5920 
3845 5410 7657 1624 
3846 4367 4389 3699 
3847 3898 3899 3897 
3848 6637 6700 5494 
3849 7578 8100 429 
3850 8049 8284 5895 
3851 5958 6529 5961 
3852 2330 2332 2331 
3853 6442 7106 3280 
3854 2462 5730 2460 
3855 2158 2881 2156 
3856 2243 6515 2246 
3857 3668 3669 2947 
3858 1133 2013 1135 
3859 5869 5870 4384 
3860 1551 1847 1553 
3861 3674 4974 3672 
3862 2194 2855 2196 
3863 2527 2809 2124 
3864 5599 5600 3317 
3865 3851 3853 3852 
3866 4526 5701 3865 
3867 6963 6964 2778 
3868 2162 3147 2160 
3869 2152 3909 2150 
3870 5887 8197 2879 
3871 7968 8257 5540 
3872 5754 5755 2008 
3873 1139 2014 1141 
3874 1570 6138 1567 
3875 2136 2570 2134 
3876 4930 4935 4932 
3877 2946 3245 2948 
3878 4622 6220 3485 
3879 1039 6735 1038 
3880 1473 6193 1470 
3881 1189 6518 2455 
3882 4622 8106 6220 
3883 7896 8265 4451 
3884 6337 6338 434 
3885 3849 3850 3848 
3886 4417 8967 6100 
3887 3724 7807 6077 
3888 3631 5687 4173 
3889 533 5977 535 
3890 2236 3805 2789 
3891 4037 6042 4038 
3892 4395 6522 6521 
3893 6007 7044 2685 
3894 4527 8328 5871 
3895 3245 4029 3246 
3896 3682 4074 3680 
3897 2685 2688 2114 
3898 2069 5472 2310 
3899 481 6342 6341 
3900 1277 6253 1280 
3901 3087 4267 2350 
3902 2086 3064 2084 
3903 1342 1693 1358 
3904 6228 6229 1008 
3905 2863 3799 2528 
3906 3700 4367 3699 
3907 1666 6181 1607 
3908 2013 3794 1135 
3909 2455 2456 2454 
3910 3099 6185 3101 
3911 3908 4310 4124 
3912 4268 5824 4267 
3913 3854 5844 3857 
3914 1996 8133 5221 
3915 2263 8829 5108 
3916 6200 6204 6202 
3917 1692 6395 5984 
3918 4867 8134 8031 
3919 5787 5788 904 
3920 3339 6364 3338 
3921 5752 8854 6628 
3922 5901 8816 3428 
3923 1557 5530 1559 
3924 5313 8101 7027 
3925 882 7101 6925 
3926 2501 8249 5183 
3927 543 5896 546 
3928 1129 5500 1130 
3929 538 5940 541 
3930 3501 5776 5775 
3931 2689 3170 3010 
3932 3748 5831 5830 
3933 8639 8745 5089 
3934 6852 6974 1749 
3935 3055 6494 3233 
3936 4020 5411 3864 
3937 3557 6057 3555 
3938 120 6797 480 
3939 1364 5878 5877 
3940 2167 3437 2164 
3941 2014 4602 1141 
3942 3905 4208 4207 
3943 2265 6251 1739 
3944 3179 3864 3178 
3945 4049 5323 4699 
3946 2074 5883 2833 
3947 1080 7442 1371 
3948 5546 5552 5548 
3949 4478 5304 4949 
3950 1155 5535 1157 
3951 2286 6193 6192 
3952 1336 5812 1342 
3953 5878 5880 5879 
3954 3844 4799 3636 
3955 4790 4868 4788 
3956 1294 2010 1296 
3957 6050 8091 3749 
3958 2031 2330 2329 
3959 943 5875 946 
3960 1980 5531 918 
3961 1145 2017 1147 
3962 3545 4179 4178 
3963 3692 5704 3690 
3964 1347 8437 7813 
3965 896 6942 3726 
3966 2205 2933 2207 
3967 2152 3941 3909 
3968 6060 6061 3952 
3969 6212 6895 3224 
3970 1013 5888 5887 
3971 3773 8520 7718 
3972 3245 4049 4029 
3973 4025 4521 4024 
3974 4161 7541 5724 
3975 3867 4486 3559 
3976 3949 4402 3893 
3977 548 5913 551 
3978 4792 5738 4790 
3979 5496 5497 5493 
3980 2055 6529 5958 
3981 3117 3559 3116 
3982 2239 6052 2242 
3983 6575 7456 4796 
3984 4796 8054 6575 
3985 4700 6097 4701 
3986 6256 6697 4948 
3987 1521 6200 1639 
3988 2262 3116 1382 
3989 5891 8537 8498 
3990 2759 2938 2342 
3991 1302 1346 1304 
3992 3501 5775 3337 
3993 3315 3317 2937 
3994 7499 8539 504 
3995 3093 6101 3060 
3996 5641 8672 2881 
3997 6418 6959 6417 
3998 6326 6333 447 
3999 921 947 923 
4000 3686 4335 3684 
4001 5193 5319 4119 
4002 5850 6104 5849 
4003 1651 5740 1652 
4004 1853 2356 1854 
4005 4126 5149 4127 
4006 2173 2857 2171 
4007 3166 3901 3574 
4008 5534 5566 925 
4009 2339 2341 2337 
4010 2930 2947 2946 
4011 3896 3897 2108 
4012 4928 5518 4930 
4013 5304 5306 5305 
4014 1054 1110 1056 
4015 3684 5475 3682 
4016 436 6664 85 
4017 4892 8673 6130 
4018 3866 4526 3865 
4019 5917 6958 6878 
4020 5755 5766 5765 
4021 1127 2009 1129 
4022 1070 5877 1072 
4023 472 6602 180 
4024 1868 3851 2526 
4025 961 5713 929 
4026 2874 6134 2537 
4027 6533 8577 7042 
4028 5695 8803 5125 
4029 2475 2808 2473 
4030 1859 4449 2360 
4031 927 961 929 
4032 2992 3315 2937 
4033 1042 6735 1039 
4034 1036 8052 5398 
4035 5556 6081 956 
4036 2936 2937 2794 
4037 3077 6373 3071 
4038 2471 2501 2469 
4039 2483 2995 2481 
4040 3918 5704 3692 
4041 4672 5983 5982 
4042 6094 6096 5989 
4043 6393 6487 1290 
4044 2010 3248 1296 
4045 2479 2926 2477 
4046 916 1980 918 
4047 5446 6691 982 
4048 5425 8784 6092 
4049 5537 5538 5536 
4050 4916 6038 5528 
4051 4025 6589 5315 
4052 2311 8270 6950 
4053 3986 6554 5975 
4054 703 8250 5777 
4055 6064 7523 6063 
4056 3143 6130 3142 
4057 5573 5592 5568 
4058 2928 2930 2929 
4059 1942 6384 1944 
4060 1110 3650 1056 
4061 6484 6676 2807 
4062 1229 2018 1231 
4063 3630 4778 4064 
4064 3688 5512 3686 
4065 3038 6273 6272 
4066 3211 3715 3522 
4067 2209 3158 2211 
4068 3680 5805 3678 
4069 1062 1175 1064 
4070 6479 7103 4747 
4071 4299 6339 3467 
4072 6417 6959 6389 
4073 1559 1883 1561 
4074 3668 3670 3669 
4075 1199 6150 1200 
4076 2017 2994 1147 
4077 998 7854 5595 
4078 1284 3496 2866 
4079 1153 1357 1155 
4080 6624 7635 4800 
4081 3612 5742 3614 
4082 2463 2467 2465 
4083 2233 5717 2236 
4084 2177 2989 2175 
4085 2529 2863 2528 
4086 2109 3896 2108 
4087 6238 6240 4212 
4088 5413 5414 1844 
4089 3428 5658 3327 
4090 2416 6415 2418 
4091 2459 2462 2460 
4092 2009 3848 1129 
4093 2334 2335 2332 
4094 1824 6046 1826 
4095 4120 5803 4660 
4096 4136 6248 5001 
4097 905 912 910 
4098 923 5534 925 
4099 2705 8966 6551 
4100 1925 6721 6720 
4101 2162 5681 3147 
4102 3007 3211 3008 
4103 3637 3844 3636 
4104 3715 4070 4069 
4105 1052 5890 1054 
4106 6049 6050 1835 
4107 8307 8409 6506 
4108 4691 5644 4815 
4109 2175 5487 2173 
4110 3957 4771 3958 
4111 5618 5619 5616 
4112 1312 1347 1314 
4113 4778 5329 4064 
4114 1407 6501 1405 
4115 3025 6123 3022 
4116 7020 7074 1577 
4117 2879 5739 1024 
4118 1819 6037 1821 
4119 1215 2031 1217 
4120 2002 5997 1923 
4121 5022 5023 4653 
4122 6050 7761 6120 
4123 5249 8733 8691 
4124 2930 6725 3667 
4125 2096 2709 2094 
4126 3854 3857 3855 
4127 2033 8675 6968 
4128 2120 6007 2117 
4129 2820 3007 2821 
4130 2457 2459 2458 
4131 4055 6573 5236 
4132 5378 6567 5382 
4133 6559 6560 790 
4134 3690 4329 3688 
4135 2229 5728 2712 
4136 2028 6107 1881 
4137 834 8462 5291 
4138 908 4022 3996 
4139 3595 6544 2683 
4140 1060 5898 1062 
4141 3660 5937 5936 
4142 1330 5813 1336 
4143 3038 6379 6273 
4144 3430 4149 3432 
4145 1453 6164 1452 
4146 3883 6451 6449 
4147 933 963 943 
4148 1859 2360 1860 
4149 3469 6259 3041 
4150 2231 5717 2233 
4151 5489 5491 5490 
4152 2742 7867 3436 
4153 3316 3636 3315 
4154 1555 1994 1557 
4155 4575 6753 4574 
4156 3171 6809 2977 
4157 2495 5734 2493 
4158 2489 2993 2487 
4159 2237 6052 2239 
4160 3329 3838 3331 
4161 4039 5266 4903 
4162 3325 3428 3327 
4163 124 6558 476 
4164 1068 1364 1070 
4165 4055 4675 3919 
4166 8220 8435 5078 
4167 2227 5728 2229 
4168 3978 4039 4037 
4169 6441 8443 2553 
4170 2553 8441 6441 
4171 6356 8056 6923 
4172 1871 6084 1874 
4173 3630 4064 3229 
4174 2115 2685 2114 
4175 1010 1382 1011 
4176 2911 3396 2912 
4177 4048 6255 6254 
4178 6012 8663 5708 
4179 2080 5465 2885 
4180 3496 3597 2866 
4181 2171 5998 2168 
4182 2491 5615 2489 
4183 6534 7067 167 
4184 5841 5842 4175 
4185 2215 3135 2217 
4186 1847 5511 1553 
4187 3302 5990 3305 
4188 1064 6519 1066 
4189 1565 1891 1649 
4190 3445 3886 3885 
4191 2330 2331 2329 
4192 6068 7760 6066 
4193 3144 7207 1938 
4194 4116 6503 2034 
4195 4029 5665 4056 
4196 5525 5527 5526 
4197 4074 5807 5806 
4198 1178 2350 1179 
4199 2066 2082 2073 
4200 3974 4527 3973 
4201 4521 5843 5841 
4202 5090 5710 4287 
4203 3835 4066 3475 
4204 2373 6571 4147 
4205 1680 8661 5241 
4206 2455 2457 2456 
4207 1815 6075 1817 
4208 6032 6161 1720 
4209 845 5553 847 
4210 3184 5938 3183 
4211 3672 5516 3670 
4212 4538 5470 4367 
4213 5739 8400 3619 
4214 2117 6007 2115 
4215 5413 7568 7242 
4216 3973 5869 4384 
4217 2082 2452 2083 
4218 1853 2928 2356 
4219 4959 8607 4958 
4220 6187 6188 3575 
4221 4329 5512 3688 
4222 1157 1998 1159 
4223 3323 5901 3325 
4224 2183 2856 2181 
4225 5098 8750 5298 
4226 2130 6142 2127 
4227 4977 5699 900 
4228 4666 7080 6831 
4229 1243 1351 1245 
4230 3674 4975 4974 
4231 6539 6540 4403 
4232 4856 6868 4857 
4233 2217 5645 2219 
4234 2712 8592 6035 
4235 5058 5059 4271 
4236 6918 8425 1915 
4237 3001 3003 3000 
4238 5509 7903 3361 
4239 5999 6000 1322 
4240 5513 8743 6642 
4241 5522 8449 890 
4242 714 5821 716 
4243 4240 6065 6064 
4244 3150 4007 3524 
4245 4483 5479 4684 
4246 3886 4483 3926 
4247 5667 8846 5499 
4248 4267 5171 4269 
4249 647 5873 649 
4250 5586 5598 5583 
4251 2366 6895 2364 
4252 5755 5767 5766 
4253 2810 5734 2495 
4254 1936 5743 891 
4255 2986 3905 3904 
4256 5647 5650 5648 
4257 2236 2789 2237 
4258 4527 5871 5869 
4259 4189 4969 3742 
4260 7723 8531 5748 
4261 1854 5783 1856 
4262 496 8510 7906 
4263 3574 5947 4246 
4264 6424 6433 6427 
4265 6926 7101 2876 
4266 2508 5567 2511 
4267 567 5839 569 
4268 3038 6272 3039 
4269 754 6094 756 
4270 3857 3959 3858 
4271 4744 5389 5388 
4272 3179 4020 3864 
4273 5803 8366 4936 
4274 6274 6275 3772 
4275 4146 7029 1439 
4276 3775 6139 3776 
4277 3521 6589 4025 
4278 5654 5655 2017 
4279 5705 5706 4682 
4280 2448 6510 4026 
4281 3843 8608 5563 
4282 2322 5666 2183 
4283 2404 3166 2934 
4284 5764 5769 5761 
4285 4858 6221 4758 
4286 5588 8808 8631 
4287 3969 4498 3994 
4288 5915 7885 3606 
4289 6076 7512 6077 
4290 1239 2027 1241 
4291 3542 4272 3612 
4292 2286 6192 2684 
4293 4052 6379 3474 
4294 2493 2851 2491 
4295 5481 6684 5482 
4296 4700 4701 3513 
4297 2933 5502 2207 
4298 5947 5948 4246 
4299 1856 5783 1859 
4300 5711 5712 4286 
4301 1499 5939 1501 
4302 2031 2329 1217 
4303 2018 3513 1231 
4304 1328 5813 1330 
4305 3547 3973 3972 
4306 4213 6238 4212 
4307 1908 5679 5678 
4308 4007 4942 3524 
4309 3884 4432 3458 
4310 5165 6955 6602 
4311 1868 2526 1869 
4312 5420 6818 5418 
4313 2471 5510 2501 
4314 3127 6407 3482 
4315 5757 5759 5758 
4316 3521 4024 4023 
4317 6086 6087 3757 
4318 1074 1374 1076 
4319 3769 6069 3771 
4320 5253 7617 5745 
4321 4232 6067 4229 
4322 2219 3035 2221 
4323 1869 6084 1871 
4324 2869 3630 3229 
4325 1834 6121 1841 
4326 5770 5771 3153 
4327 1986 6568 5357 
4328 5469 8614 7678 
4329 5814 6232 5812 
4330 4861 7829 5189 
4331 4005 6359 4414 
4332 1342 1358 1343 
4333 951 1001 954 
4334 2167 3978 3437 
4335 1835 6120 1830 
4336 4067 4475 4066 
4337 5709 6643 3941 
4338 8575 8892 4109 
4339 1372 1380 1373 
4340 3848 5500 1129 
4341 5479 5481 5480 
4342 1189 2455 2454 
4343 3570 4477 3569 
4344 3166 3574 2934 
4345 5215 7576 5214 
4346 1262 3179 3178 
4347 4723 6218 4409 
4348 3959 4405 3960 
4349 3466 6175 4299 
4350 4617 8287 5081 
4351 7910 8321 536 
4352 29 508 441 
4353 1367 1372 1368 
4354 6469 8359 1223 
4355 3694 3918 3692 
4356 5040 5804 5038 
4357 443 6292 178 
4358 5900 8197 5888 
4359 130 6298 442 
4360 2156 5709 2153 
4361 2160 5641 2158 
4362 3150 3524 3086 
4363 1099 3456 694 
4364 6456 6460 6459 
4365 2251 8195 5977 
4366 5538 5539 5536 
4367 4432 4734 4434 
4368 2103 2285 2100 
4369 4744 5388 5365 
4370 6003 6004 907 
4371 3004 3005 3003 
4372 4626 5466 4477 
4373 3213 6573 4055 
4374 2673 7264 3419 
4375 126 6315 444 
4376 446 6304 32 
4377 447 6321 81 
4378 1088 5976 1350 
4379 175 6323 445 
4380 1380 1479 1381 
4381 4728 6951 5943 
4382 1674 5846 1691 
4383 3614 4126 3616 
4384 4189 5746 4969 
4385 5574 5575 5572 
4386 1018 2879 1024 
4387 82 6326 447 
4388 3343 5826 3341 
4389 1318 1349 1320 
4390 5206 5207 3795 
4391 7804 7864 5391 
4392 445 6334 174 
4393 4472 5438 4591 
4394 5161 5162 4208 
4395 4599 5049 3901 
4396 2055 5958 5957 
4397 2023 4154 3940 
4398 1336 1342 1337 
4399 2711 5666 2322 
4400 1405 6501 3115 
4401 2242 6515 2243 
4402 3813 6246 3937 
4403 122 6335 432 
4404 2450 6159 2451 
4405 5494 7615 5490 
4406 2377 2378 2376 
4407 171 6337 434 
4408 2324 2711 2322 
4409 3553 5928 5927 
4410 2813 5863 2524 
4411 5949 5950 915 
4412 1437 6466 1435 
4413 3219 6477 2859 
4414 3965 5753 5752 
4415 2016 7487 7410 
4416 1178 3087 2350 
4417 5162 5181 4208 
4418 3905 4207 3904 
4419 1357 5535 1155 
4420 3655 6279 3656 
4421 4335 5475 3684 
4422 2268 6508 813 
4423 1934 8351 5344 
4424 3781 3957 3396 
4425 6712 8438 5471 
4426 691 1099 694 
4427 773 890 775 
4428 954 5556 956 
4429 779 5786 782 
4430 438 6356 23 
4431 3091 6787 3089 
4432 5467 5468 5466 
4433 2375 2376 2374 
4434 4835 4836 4475 
4435 4788 5986 4785 
4436 71 6355 482 
4437 481 6341 87 
4438 2851 5615 2491 
4439 1086 5976 1088 
4440 4628 7424 5744 
4441 2497 2810 2495 
4442 2127 6142 2125 
4443 6147 6148 1195 
4444 4054 6220 6219 
4445 1339 8855 5843 
4446 4702 6723 3513 
4447 2125 2527 2124 
4448 5934 7377 5932 
4449 5524 7985 7666 
4450 693 8066 6639 
4451 1163 1352 1165 
4452 4479 6043 4478 
4453 5958 5959 5957 
4454 2507 5569 5568 
4455 1082 5754 1084 
4456 3217 3591 3218 
4457 2535 7072 2533 
4458 2883 6213 2771 
4459 894 8045 5910 
4460 4963 8468 5455 
4461 6070 6139 3775 
4462 1474 6296 1473 
4463 2900 3813 3118 
4464 3087 4268 4267 
4465 2896 3427 2898 
4466 5906 8495 5441 
4467 4583 6925 6135 
4468 2549 6375 6368 
4469 2504 2528 2499 
4470 2225 2889 2227 
4471 2993 6180 2487 
4472 3479 4189 3742 
4473 1691 1853 1852 
4474 638 2023 640 
4475 3631 4173 4115 
4476 2192 5708 2194 
4477 6320 6558 6317 
4478 2312 7134 1898 
4479 4501 5325 4022 
4480 5910 5912 5911 
4481 78 6055 440 
4482 3432 8962 7996 
4483 898 4977 900 
4484 682 6568 1986 
4485 5534 7272 5566 
4486 649 908 651 
4487 6694 8716 5147 
4488 1473 6296 5643 
4489 1262 3178 1263 
4490 7615 8097 5490 
4491 1786 6724 1789 
4492 3098 3458 3099 
4493 8177 8319 4881 
4494 3071 6373 3068 
4495 5750 5751 5749 
4496 609 6571 2373 
4497 963 5875 943 
4498 1271 5633 1274 
4499 2382 5962 2378 
4500 1691 5846 1853 
4501 3873 4672 3871 
4502 1638 4890 702 
4503 960 1002 965 
4504 3698 3699 3696 
4505 6317 6558 444 
4506 7244 8382 1528 
4507 1767 6489 1768 
4508 2460 2463 2461 
4509 7846 7872 5649 
4510 888 1936 891 
4511 4025 5078 4521 
4512 6360 6949 2630 
4513 4024 5841 4175 
4514 5404 7725 2248 
4515 5817 6841 6660 
4516 2727 3150 3086 
4517 6065 7760 6064 
4518 2219 5645 3035 
4519 7478 8551 2798 
4520 1335 8435 8220 
4521 3474 6379 2983 
4522 6286 6287 6051 
4523 3005 8177 5781 
4524 1080 1371 1082 
4525 1263 6190 1265 
4526 1477 6296 1474 
4527 1189 2454 1190 
4528 5448 6216 5447 
4529 2928 6725 2930 
4530 3427 5707 2898 
4531 1018 1024 1019 
4532 8181 8298 6160 
4533 2373 2374 2372 
4534 3971 7978 5406 
4535 3875 6011 3873 
4536 1027 6131 1032 
4537 1099 4374 3456 
4538 4930 5518 4935 
4539 2107 2108 2105 
4540 6202 6203 6201 
4541 4329 5514 5513 
4542 3216 3911 3910 
4543 6873 8957 6103 
4544 4534 5991 4007 
4545 4108 4833 4109 
4546 5539 6569 5545 
4547 1638 4891 4890 
4548 5598 7700 5581 
4549 5880 5881 5879 
4550 5826 5827 3540 
4551 2144 5992 2141 
4552 2173 5487 2857 
4553 6260 6267 3580 
4554 2976 6421 4041 
4555 4173 5312 5311 
4556 3813 3937 3118 
4557 3479 3742 3252 
4558 1777 6732 2057 
4559 1994 5530 1557 
4560 5648 5649 5646 
4561 2333 2334 2332 
4562 5928 5929 5927 
4563 766 5988 768 
4564 1364 5877 1070 
4565 847 885 850 
4566 5109 8905 6322 
4567 5803 8692 8366 
4568 2908 2911 2910 
4569 1245 5774 1247 
4570 5786 5792 5787 
4571 1640 6234 939 
4572 5925 5938 3535 
4573 768 1993 770 
4574 3003 5811 3000 
4575 1010 2262 1382 
4576 2250 6296 1477 
4577 6152 6153 877 
4578 5414 8771 5415 
4579 4142 6839 6748 
4580 4758 6221 4756 
4581 4534 6735 5991 
4582 700 1638 702 
4583 4510 7830 4509 
4584 5851 6110 5850 
4585 2385 2399 2388 
4586 6439 7836 6429 
4587 4977 5700 5699 
4588 4074 5805 3680 
4589 2215 5652 3135 
4590 6187 6189 6188 
4591 3871 5982 3869 
4592 1866 6652 1660 
4593 4105 5663 4108 
4594 2793 2794 2326 
4595 2642 3014 2644 
4596 4656 8143 6695 
4597 6149 6150 1199 
4598 4932 6541 4934 
4599 5516 8623 5517 
4600 5576 5578 5575 
4601 4271 5825 4268 
4602 2465 2585 2466 
4603 2229 2712 2231 
4604 6019 7513 6018 
4605 1142 5654 1145 
4606 1324 1340 1326 
4607 1489 5359 1491 
4608 5194 7276 5246 
4609 711 902 714 
4610 1251 1348 1254 
4611 1998 6163 1159 
4612 1865 5695 2768 
4613 5884 8161 5212 
4614 3521 4025 4024 
4615 5331 8496 1280 
4616 1190 6146 1192 
4617 1993 5719 770 
4618 718 5884 720 
4619 2463 2465 2464 
4620 1986 3232 685 
4621 3213 3919 3214 
4622 645 2022 647 
4623 1005 1010 1007 
4624 4272 5742 3612 
4625 5496 5498 5497 
4626 3591 3593 3592 
4627 2689 3010 2949 
4628 3845 5674 3844 
4629 6205 7808 7228 
4630 565 588 567 
4631 1170 1178 1177 
4632 6129 7577 2831 
4633 907 6811 6034 
4634 1112 5317 1113 
4635 5913 6009 551 
4636 3838 7282 3331 
4637 3996 7902 6089 
4638 5878 5879 5877 
4639 2914 3169 2916 
4640 1247 2016 1249 
4641 1084 5754 2008 
4642 2336 2337 2334 
4643 5530 8063 1883 
4644 4055 5235 4675 
4645 6386 6511 6389 
4646 1921 1923 1922 
4647 7004 7556 4840 
4648 6561 7334 2579 
4649 5352 5434 4433 
4650 1066 5660 1068 
4651 4733 6325 3598 
4652 898 900 899 
4653 1945 6044 1947 
4654 5029 5484 5127 
4655 2971 6421 2976 
4656 2262 3117 3116 
4657 5579 5580 5578 
4658 2113 2114 2111 
4659 4749 5083 4751 
4660 6385 6386 2846 
4661 6435 6440 6438 
4662 3892 3893 3849 
4663 3828 6103 3997 
4664 891 898 892 
4665 1269 5633 1271 
4666 3117 3867 3559 
4667 1540 5671 1541 
4668 3462 8180 4528 
4669 2511 2752 2512 
4670 5853 8805 6258 
4671 1751 6510 2448 
4672 5392 6703 3958 
4673 2636 3969 2638 
4674 6546 6547 486 
4675 2648 3249 2650 
4676 782 904 784 
4677 2338 2339 2337 
4678 2434 6366 2436 
4679 1300 6207 1302 
4680 509 511 510 
4681 5572 6015 5571 
4682 4541 5203 4982 
4683 2453 2820 2819 
4684 4903 6042 4037 
4685 1856 1859 1858 
4686 5851 8068 6110 
4687 2019 7559 7365 
4688 4498 4529 3994 
4689 7619 8855 1339 
4690 6355 7119 482 
4691 1359 6091 1362 
4692 625 8540 5237 
4693 5678 8406 8251 
4694 4023 7631 4742 
4695 3513 6723 1231 
4696 6358 8798 3726 
4697 3002 3640 3639 
4698 1918 5675 1921 
4699 3957 3958 3396 
4700 5679 8406 5678 
4701 5805 6247 5886 
4702 2340 2342 2339 
4703 6403 6404 4035 
4704 3213 4055 3919 
4705 1367 6380 1372 
4706 425 6433 6423 
4707 707 2033 709 
4708 2020 6093 1927 
4709 3902 4599 3901 
4710 5477 6662 3994 
4711 546 550 548 
4712 1003 5922 1005 
4713 6087 6882 3757 
4714 4771 5335 3958 
4715 5129 8360 8105 
4716 4980 8124 4979 
4717 4278 4841 4028 
4718 2294 6528 2296 
4719 5281 8042 7953 
4720 888 891 889 
4721 1057 5899 1060 
4722 1662 6949 1455 
4723 3762 6274 3772 
4724 6395 7923 4486 
4725 2135 2136 2134 
4726 1258 1262 1261 
4727 1025 6131 1027 
4728 4603 5026 3981 
4729 1225 8920 5336 
4730 426 6460 6455 
4731 2395 2569 2393 
4732 4811 5363 4814 
4733 5618 5621 5620 
4734 6003 6005 6004 
4735 6265 6266 6260 
4736 5248 8214 4566 
4737 5923 5924 3535 
4738 598 2352 599 
4739 1015 5887 1018 
4740 777 2007 779 
4741 3545 4178 3891 
4742 1483 1485 1484 
4743 1489 5430 5359 
4744 4552 6911 4554 
4745 3753 4825 3754 
4746 2380 2387 2383 
4747 575 595 577 
4748 3605 6254 4033 
4749 3936 4560 3935 
4750 2233 2236 2235 
4751 4112 5263 5262 
4752 2851 5617 5616 
4753 6552 8442 5019 
4754 6149 8070 6150 
4755 1088 1350 1090 
4756 6200 6202 6201 
4757 4102 5138 4392 
4758 4037 4038 3437 
4759 5897 7800 5896 
4760 3515 4603 3981 
4761 843 2001 845 
4762 1001 5556 954 
4763 1980 6217 5531 
4764 6023 6024 1736 
4765 5318 8842 2838 
4766 2918 3547 3546 
4767 2364 6895 4185 
4768 453 6805 6432 
4769 4136 5001 4137 
4770 2652 3153 2654 
4771 511 513 512 
4772 5910 5911 5909 
4773 3129 3753 3130 
4774 6234 6942 937 
4775 1024 3619 1025 
4776 2892 8859 5295 
4777 6385 6511 6386 
4778 902 5821 714 
4779 2542 3110 2397 
4780 1013 5887 1015 
4781 6579 7591 4661 
4782 2857 5998 2171 
4783 2632 3034 2805 
4784 3847 4682 3845 
4785 1677 5695 1865 
4786 6502 6974 6852 
4787 265 8717 6054 
4788 3894 3949 3893 
4789 513 515 514 
4790 1993 7720 5719 
4791 2625 6051 2632 
4792 641 5964 645 
4793 473 7418 6323 
4794 908 3996 651 
4795 2650 5770 2652 
4796 1862 1868 1864 
4797 5491 6125 5494 
4798 5864 5866 5865 
4799 5950 5952 5951 
4800 515 517 516 
4801 3017 3098 3097 
4802 4165 6242 4167 
4803 6918 8508 8425 
4804 5493 6125 5491 
4805 6776 8878 505 
4806 2613 7233 5985 
4807 560 2739 563 
4808 3341 3540 3339 
4809 3345 3748 3343 
4810 6457 6462 6461 
4811 7480 7820 7592 
4812 738 6003 907 
4813 747 6105 883 
4814 4002 4079 4001 
4815 3593 4121 3594 
4816 517 519 518 
4817 865 6073 3913 
4818 2475 7490 2808 
4819 2119 2120 2117 
4820 4974 5516 3672 
4821 1005 5922 1010 
4822 3051 6258 2850 
4823 3481 6908 6479 
4824 2343 2759 2342 
4825 743 6034 2054 
4826 7330 8121 7860 
4827 2023 3940 640 
4828 1358 6091 1359 
4829 5779 8207 4618 
4830 5821 5978 5822 
4831 2239 2242 2241 
4832 5001 5054 4137 
4833 2255 2256 2254 
4834 2057 6174 6169 
4835 5546 5547 5544 
4836 2658 3521 3520 
4837 1117 6482 1354 
4838 2886 6016 2542 
4839 897 8581 5727 
4840 3454 4136 3629 
4841 788 1098 791 
4842 1049 5892 1052 
4843 2253 2254 2252 
4844 2447 6485 1752 
4845 7046 7171 4273 
4846 6392 8193 2432 
4847 2375 2377 2376 
4848 4414 4415 4006 
4849 6137 8427 4976 
4850 3389 6403 4035 
4851 6375 7350 6369 
4852 2377 2382 2378 
4853 1084 2008 1086 
4854 5779 8248 993 
4855 1212 5849 1215 
4856 2911 2912 2910 
4857 2452 5402 2453 
4858 3958 6703 3396 
4859 448 6807 6453 
4860 1181 1184 1183 
4861 682 1986 685 
4862 5781 8177 4881 
4863 1489 1491 1490 
4864 2443 6133 2986 
4865 3974 6728 5345 
4866 535 539 538 
4867 6417 6511 6414 
4868 5149 5150 4127 
4869 3779 6572 6072 
4870 3386 7171 7046 
4871 3457 3939 3938 
4872 4005 4414 4006 
4873 1923 1966 1924 
4874 3030 3338 2813 
4875 2022 5873 647 
4876 2436 6366 2762 
4877 4561 4562 4560 
4878 550 5913 548 
4879 3333 6289 3430 
4880 3969 3994 2638 
4881 4178 4618 4516 
4882 860 893 863 
4883 2373 2375 2374 
4884 5229 8148 6871 
4885 4102 4392 4101 
4886 1961 2353 1962 
4887 7323 8729 2042 
4888 6835 7688 4558 
4889 4155 4827 4154 
4890 2243 2246 2245 
4891 5332 8179 4495 
4892 609 2373 2372 
4893 2260 6530 2258 
4894 4126 5151 5149 
4895 1985 6676 6080 
4896 1105 6482 1117 
4897 2428 6385 2846 
4898 6058 8806 6060 
4899 588 5839 567 
4900 2123 2124 2121 
4901 3500 3501 3337 
4902 4600 4873 4599 
4903 716 2015 718 
4904 5325 5326 4022 
4905 3393 6582 4261 
4906 4136 4137 3629 
4907 206 8151 6014 
4908 6400 7997 7537 
4909 8170 8486 2285 
4910 2601 6286 2625 
4911 5625 5626 5623 
4912 4187 7706 5800 
4913 3191 5923 3189 
4914 6023 6025 6024 
4915 720 909 723 
4916 4118 5144 3669 
4917 4121 4843 4170 
4918 2001 5553 845 
4919 1015 1018 1017 
4920 609 2372 610 
4921 569 2838 572 
4922 1320 5999 1322 
4923 6423 6433 6424 
4924 2006 2279 2278 
4925 996 7990 7875 
4926 4780 6661 4563 
4927 3183 4417 3181 
4928 2189 6012 2192 
4929 2289 2694 2290 
4930 1986 4151 3232 
4931 7189 8882 2140 
4932 668 894 670 
4933 900 905 901 
4934 3752 4013 3983 
4935 2792 7445 5552 
4936 5864 5865 5863 
4937 2430 6392 2432 
4938 554 1188 556 
4939 653 6089 656 
4940 6748 6839 1892 
4941 2308 6302 2892 
4942 3808 5860 3809 
4943 5212 8203 5884 
4944 4631 4635 4633 
4945 6455 6460 6456 
4946 8565 8617 969 
4947 4641 6943 4643 
4948 4126 4127 3616 
4949 2926 7490 2477 
4950 3547 6728 3974 
4951 4066 5801 3475 
4952 656 2042 658 
4953 539 5940 538 
4954 3974 5034 4527 
4955 1185 1189 1187 
4956 1942 1944 1943 
4957 1917 5677 5676 
4958 6062 6801 4241 
4959 4672 5982 3871 
4960 3515 3981 3219 
4961 2279 3228 2278 
4962 4080 4286 4079 
4963 132 6539 470 
4964 1944 2258 1945 
4965 3249 8748 5347 
4966 2524 3262 2283 
4967 2007 5786 779 
4968 658 5885 660 
4969 4179 5779 4178 
4970 1247 5774 2016 
4971 470 6300 6298 
4972 4916 8271 6038 
4973 1634 6503 1629 
4974 4828 5726 4827 
4975 4660 5803 4936 
4976 1097 1112 1109 
4977 3547 3974 3973 
4978 5827 5829 5828 
4979 1349 5999 1320 
4980 689 691 690 
4981 905 910 906 
4982 3884 6729 5351 
4983 4674 7658 7153 
4984 2378 2380 2379 
4985 1265 1268 1267 
4986 4694 4726 3979 
4987 916 918 917 
4988 910 916 911 
4989 4886 5422 4887 
4990 806 6152 877 
4991 7177 7555 4256 
4992 6461 6462 452 
4993 4141 6841 5945 
4994 3341 5826 3540 
4995 2287 2289 2288 
4996 2850 6258 2677 
4997 682 685 683 
4998 2006 2278 2005 
4999 793 2024 795 
5000 691 694 692 
5001 7495 7567 6351 
5002 4408 4409 4407 
5003 729 5949 915 
5004 666 6116 668 
5005 2418 6415 6413 
5006 2946 2948 2929 
5007 6264 7970 2716 
5008 918 921 919 
5009 3994 6662 2638 
5010 858 6112 860 
5011 3966 4104 3968 
5012 961 6509 5713 
5013 1875 1889 1888 
5014 5846 6725 2928 
5015 3349 3596 3347 
5016 5924 5926 5925 
5017 6578 7328 886 
5018 8528 8682 1365 
5019 7981 8216 7132 
5020 923 925 924 
5021 921 923 922 
5022 1359 1362 1361 
5023 4240 6064 6063 
5024 3884 4433 4432 
5025 6345 6399 6344 
5026 5625 5628 5626 
5027 4581 5664 4691 
5028 3183 5938 4418 
5029 425 6423 165 
5030 1491 1538 1492 
5031 797 897 799 
5032 660 1102 664 
5033 42 6444 429 
5034 3030 3339 3338 
5035 1944 1945 1943 
5036 598 5204 2352 
5037 430 6446 67 
5038 91 6445 431 
5039 1356 6481 1118 
5040 6048 8279 6049 
5041 426 6455 18 
5042 5256 5310 5140 
5043 1452 6166 1445 
5044 1966 2184 1967 
5045 6867 7668 6430 
5046 73 6543 437 
5047 6275 6277 3772 
5048 4691 4815 4692 
5049 4969 5242 4970 
5050 3325 3327 3326 
5051 854 1103 856 
5052 1871 1874 1873 
5053 1501 1679 1503 
5054 3454 3629 2991 
5055 4279 6796 6108 
5056 5864 5867 5866 
5057 5971 5980 5233 
5058 186 6546 486 
5059 3183 4418 4417 
5060 509 510 441 
5061 2068 2069 2067 
5062 5387 8421 5385 
5063 3098 3884 3458 
5064 5074 8950 1891 
5065 2015 5884 718 
5066 6139 6587 4164 
5067 594 598 597 
5068 6341 6354 436 
5069 3228 4102 4101 
5070 6733 7977 2932 
5071 2768 2869 2769 
5072 3098 6729 3884 
5073 3930 6376 5031 
5074 3323 3325 3324 
5075 727 5949 729 
5076 736 6003 738 
5077 459 5920 5919 
5078 6251 6252 1747 
5079 3962 3965 3964 
5080 3952 6412 3380 
5081 4699 5665 4029 
5082 1330 1336 1334 
5083 5484 5485 5127 
5084 6008 8252 4548 
5085 2247 2270 2249 
5086 1118 6481 1106 
5087 3753 3754 3130 
5088 5974 8502 7228 
5089 6070 6140 6139 
5090 925 927 926 
5091 4676 8919 6743 
5092 4005 4006 3986 
5093 8620 8794 5948 
5094 2869 3229 2870 
5095 4367 5470 5106 
5096 4220 6018 4218 
5097 3596 5836 5834 
5098 15 6461 452 
5099 2871 3454 2991 
5100 1839 6046 1824 
5101 2141 5992 2140 
5102 5734 7918 5617 
5103 2855 8965 8868 
5104 5588 5589 5586 
5105 5950 5953 5952 
5106 5546 5548 5547 
5107 670 5909 673 
5108 4779 5123 4778 
5109 1447 6823 1645 
5110 1027 1032 1031 
5111 3800 5167 4431 
5112 4527 5869 3973 
5113 610 6324 612 
5114 664 6117 666 
5115 6213 6630 2771 
5116 1585 2252 1583 
5117 5918 8735 4621 
5118 3861 6551 5014 
5119 5827 8243 5829 
5120 740 6034 743 
5121 6188 6863 3575 
5122 3977 5524 5523 
5123 2003 6222 511 
5124 1585 2253 2252 
5125 1971 5896 543 
5126 1617 6490 1642 
5127 3982 5725 4656 
5128 1357 5537 5536 
5129 2301 6302 2308 
5130 2397 6137 2395 
5131 2524 5863 3262 
5132 1942 1943 1941 
5133 6841 7140 5945 
5134 583 1028 585 
5135 3147 5641 2160 
5136 2000 6037 1819 
5137 2447 6590 6485 
5138 1133 1135 1134 
5139 1052 1054 1053 
5140 550 5914 5913 
5141 1127 1129 1128 
5142 6755 8510 496 
5143 2258 6044 1945 
5144 3189 3535 3187 
5145 4228 6066 6065 
5146 4749 7103 5083 
5147 762 5989 766 
5148 927 929 928 
5149 1947 1950 1949 
5150 3103 3213 3105 
5151 1115 1121 1120 
5152 1566 2287 2250 
5153 6516 6517 3804 
5154 1188 4005 3986 
5155 3973 4384 3972 
5156 3121 5971 4325 
5157 2383 2385 2384 
5158 4311 6013 5996 
5159 2145 2146 2144 
5160 3089 6787 4099 
5161 5347 8748 5348 
5162 4774 7742 6762 
5163 5225 5399 5227 
5164 2059 5939 1499 
5165 3818 6479 4747 
5166 2253 2255 2254 
5167 4105 4108 4107 
5168 5972 5973 2058 
5169 3772 6572 3764 
5170 4027 4028 3259 
5171 4313 7182 7166 
5172 5589 7694 5590 
5173 5192 6245 4782 
5174 4486 7528 3559 
5175 3353 3953 3351 
5176 5911 8952 3927 
5177 2448 2450 2449 
5178 1271 1274 1273 
5179 1033 1036 1035 
5180 6158 8647 6979 
5181 1363 1367 1366 
5182 2380 2383 2381 
5183 856 6113 858 
5184 3699 5689 3696 
5185 3559 3560 3116 
5186 4013 4084 4014 
5187 5059 5825 4271 
5188 1667 6720 1867 
5189 6321 6322 474 
5190 6142 7133 2527 
5191 4008 4534 4007 
5192 5352 5460 5434 
5193 2621 7922 6634 
5194 729 915 731 
5195 2824 3451 2825 
5196 904 5789 784 
5197 2711 8897 5668 
5198 3129 3130 2353 
5199 673 5909 3927 
5200 5718 6197 5268 
5201 1951 1961 1953 
5202 541 1971 543 
5203 4152 6160 6159 
5204 698 700 699 
5205 1211 5851 5850 
5206 5845 7647 4493 
5207 2289 2290 2288 
5208 3230 6367 3323 
5209 2450 2451 2449 
5210 483 6327 6326 
5211 1841 1942 1941 
5212 1497 2059 1499 
5213 3900 4707 4093 
5214 3597 5694 3998 
5215 3766 6572 3779 
5216 4958 8607 6517 
5217 5320 5321 4310 
5218 929 931 930 
5219 1925 7177 6721 
5220 6316 6318 6317 
5221 3265 8455 5858 
5222 7153 7658 2763 
5223 3313 6697 4048 
5224 1383 6493 3383 
5225 1188 3986 556 
5226 3451 3739 3452 
5227 456 7548 6754 
5228 587 2025 590 
5229 1139 1141 1140 
5230 5432 8769 138 
5231 2271 2327 2273 
5232 8341 8685 404 
5233 4417 6100 6099 
5234 2652 5770 3153 
5235 6650 8833 6708 
5236 2586 2689 2588 
5237 741 8797 5266 
5238 601 605 604 
5239 5173 5710 5090 
5240 3789 6749 4951 
5241 7410 7438 2016 
5242 2549 6368 2551 
5243 3327 3329 3328 
5244 1479 8226 7893 
5245 7166 7182 6373 
5246 5186 6043 4479 
5247 3021 6582 3393 
5248 1517 6204 1519 
5249 2765 7754 6933 
5250 2326 5721 2324 
5251 666 6117 6116 
5252 2324 5721 2711 
5253 3775 3776 3774 
5254 3193 3553 3191 
5255 791 5611 793 
5256 2585 6257 2586 
5257 2287 2288 2250 
5258 521 525 524 
5259 5877 6806 1072 
5260 6256 8848 3634 
5261 4751 6381 5029 
5262 1192 1195 1194 
5263 6993 7899 4345 
5264 4432 4434 3458 
5265 4867 7965 5737 
5266 1708 6022 1710 
5267 5712 7770 1000 
5268 700 702 701 
5269 585 5918 587 
5270 5365 5388 5369 
5271 3651 6283 6282 
5272 6120 6121 1834 
5273 5550 7868 6964 
5274 1002 1003 965 
5275 6111 7942 6071 
5276 2684 2824 2823 
5277 4781 4782 4780 
5278 6463 6856 6597 
5279 5755 5765 2008 
5280 1842 6075 1815 
5281 2151 2152 2150 
5282 2596 7368 3159 
5283 606 609 608 
5284 4478 4949 3942 
5285 1480 1483 1482 
5286 521 526 525 
5287 3259 6129 2831 
5288 3547 3972 3546 
5289 4563 6661 4562 
5290 745 6105 747 
5291 2328 2507 2506 
5292 3232 5968 5967 
5293 4480 5184 4479 
5294 6151 8081 6147 
5295 6917 8439 6030 
5296 557 5975 560 
5297 2393 5963 2382 
5298 2121 6357 2120 
5299 3907 3908 3856 
5300 1925 6720 1667 
5301 1054 1056 1055 
5302 725 2055 727 
5303 2251 5977 533 
5304 4164 4165 3778 
5305 3779 6069 3769 
5306 1222 6692 1225 
5307 3112 6374 2827 
5308 5958 5960 5959 
5309 3364 6085 3358 
5310 4309 8336 6322 
5311 4378 6085 3364 
5312 2129 2130 2127 
5313 3788 4481 3976 
5314 6533 8634 6548 
5315 6474 7579 2188 
5316 6310 7379 6309 
5317 1918 1921 1920 
5318 6427 6439 6426 
5319 5995 7594 6542 
5320 1538 1540 1539 
5321 1511 2058 1513 
5322 2114 5405 2111 
5323 4754 5344 4291 
5324 445 7221 6334 
5325 2026 6026 6022 
5326 4825 5118 3754 
5327 4521 5841 4024 
5328 2131 6144 2130 
5329 4453 6242 4165 
5330 519 521 520 
5331 1828 1835 1830 
5332 476 6336 6335 
5333 4260 4536 3394 
5334 1936 8492 5743 
5335 1068 5660 1364 
5336 2521 6630 884 
5337 3245 3246 2948 
5338 6482 7146 4831 
5339 1566 2250 1477 
5340 1950 1951 1949 
5341 3411 4011 3797 
5342 4267 4269 2350 
5343 4783 5192 4782 
5344 2354 3129 2353 
5345 4011 4772 4551 
5346 678 682 681 
5347 4224 6062 4222 
5348 1862 5423 1868 
5349 4730 6900 5996 
5350 6170 6171 1792 
5351 4616 6676 6484 
5352 6328 6664 6331 
5353 1839 6047 6046 
5354 3180 6561 2583 
5355 5714 8187 963 
5356 4554 6524 6082 
5357 1570 7642 6138 
5358 1830 6120 1834 
5359 4029 4056 3246 
5360 3197 3465 3195 
5361 2508 2511 2510 
5362 2528 5729 2499 
5363 3393 3394 3023 
5364 1642 8627 5294 
5365 3225 8652 5265 
5366 6194 6195 3991 
5367 931 933 932 
5368 1037 1040 1039 
5369 1909 1917 1916 
5370 5991 6734 4942 
5371 1519 6200 1521 
5372 7149 7845 6179 
5373 734 2030 736 
5374 4164 4453 4165 
5375 2188 6012 2189 
5376 5099 8020 5994 
5377 6276 8477 1832 
5378 2533 7072 4275 
5379 4152 6159 2450 
5380 1215 1217 1216 
5381 2871 2991 2260 
5382 3139 6198 3141 
5383 7948 8792 5610 
5384 483 6664 6328 
5385 1098 5611 791 
5386 2859 3420 2694 
5387 5537 5540 5538 
5388 4951 4952 3643 
5389 3875 6565 6011 
5390 1521 1639 1523 
5391 1515 1574 1517 
5392 3798 5820 5819 
5393 3329 3331 3330 
5394 3393 4260 3394 
5395 3149 4886 3607 
5396 3948 7237 5153 
5397 117 6552 428 
5398 7974 8590 2856 
5399 752 6382 2309 
5400 7052 7712 6270 
5401 863 6073 865 
5402 2284 8157 6152 
5403 2827 6374 2306 
5404 5383 8490 5379 
5405 6223 6227 6222 
5406 3130 6707 2353 
5407 563 5889 565 
5408 4345 6707 3130 
5409 738 907 740 
5410 1010 1011 1007 
5411 673 3927 676 
5412 2448 2449 2447 
5413 4868 5986 4788 
5414 4410 4723 4409 
5415 5010 5293 4603 
5416 5590 5598 5586 
5417 1821 1839 1824 
5418 1971 5897 5896 
5419 4605 5343 4604 
5420 5600 5602 5601 
5421 4744 5365 5364 
5422 2335 6040 6039 
5423 6525 7074 7020 
5424 2388 2682 2389 
5425 1124 1127 1126 
5426 4535 5657 4534 
5427 1519 6204 6200 
5428 3779 6071 6069 
5429 2133 2134 2131 
5430 3345 5832 3748 
5431 2586 6257 2689 
5432 3921 3923 3922 
5433 4582 6090 4583 
5434 1961 1962 1953 
5435 2042 5885 658 
5436 2727 3086 2728 
5437 908 4501 4022 
5438 5443 5486 4063 
5439 6333 8858 7359 
5440 2286 2684 2683 
5441 2881 5709 2156 
5442 3331 3333 3332 
5443 3824 4279 3175 
5444 3289 4730 3291 
5445 5121 7108 6481 
5446 1455 6949 4258 
5447 1658 2006 2005 
5448 5146 8084 526 
5449 3189 5923 3535 
5450 1890 1908 1907 
5451 5707 7737 3813 
5452 3982 4656 3704 
5453 6306 6307 6305 
5454 2385 2388 2386 
5455 3646 6408 6407 
5456 5323 8617 8565 
5457 6328 6329 6327 
5458 1200 1203 1202 
5459 3700 4538 4367 
5460 1853 1854 1852 
5461 7526 7562 3009 
5462 5914 5915 5913 
5463 1457 2032 1493 
5464 2391 6420 2402 
5465 2389 6420 2391 
5466 4624 4972 4625 
5467 1145 1147 1146 
5468 2185 6474 2188 
5469 3048 6283 3651 
5470 2924 5980 2051 
5471 5301 8925 1044 
5472 5486 6058 6057 
5473 6389 6959 6391 
5474 7412 8610 5637 
5475 1275 6253 1277 
5476 525 528 527 
5477 2194 5708 2855 
5478 2412 6879 2410 
5479 612 616 615 
5480 3361 7288 6526 
5481 3844 5674 4800 
5482 804 6152 806 
5483 5185 5446 5184 
5484 4552 4554 4553 
5485 6910 8315 4402 
5486 3299 3977 3301 
5487 1817 2000 1819 
5488 1294 1296 1295 
5489 1469 2286 2053 
5490 5171 5451 4269 
5491 1277 1280 1279 
5492 2037 2039 2038 
5493 4048 6256 6255 
5494 6155 6157 6156 
5495 3771 3775 3774 
5496 5250 5254 3932 
5497 4003 4509 3736 
5498 1196 1199 1198 
5499 1741 6251 1747 
5500 827 6682 830 
5501 4543 8144 5403 
5502 3933 5250 3932 
5503 6170 6172 6171 
5504 6275 6278 6277 
5505 2296 6528 2299 
5506 3098 3099 3097 
5507 6602 6955 443 
5508 3819 5455 3821 
5509 2936 2992 2937 
5510 3095 3866 3865 
5511 6316 6317 444 
5512 1842 6076 6075 
5513 1268 7013 1269 
5514 2194 2196 2195 
5515 3072 3073 3071 
5516 5703 8258 1989 
5517 511 512 510 
5518 1751 2448 2447 
5519 4092 6823 1447 
5520 5175 5176 4326 
5521 4661 7591 7234 
5522 6408 6411 6407 
5523 2911 3781 3396 
5524 2192 2194 2193 
5525 3069 3071 3068 
5526 3776 4164 3778 
5527 4004 6175 3466 
5528 4218 4519 4216 
5529 2070 2071 2069 
5530 538 541 540 
5531 4024 4175 4023 
5532 5338 7581 6609 
5533 3808 3809 3806 
5534 6153 6155 6154 
5535 6298 6300 6299 
5536 1103 6113 856 
5537 3333 3430 3429 
5538 535 538 537 
5539 2923 3624 2924 
5540 3287 8501 6545 
5541 1549 1551 1550 
5542 1284 2866 1285 
5543 1710 1736 1712 
5544 1204 1207 1206 
5545 590 5782 594 
5546 2615 5985 2636 
5547 2824 2825 2823 
5548 6705 7039 6706 
5549 533 535 534 
5550 1486 1489 1488 
5551 2625 6286 6051 
5552 531 2251 533 
5553 2039 2041 2038 
5554 531 533 532 
5555 2150 6483 2147 
5556 2124 6357 2121 
5557 5643 6296 4021 
5558 587 5918 2025 
5559 6410 7981 2568 
5560 2044 2046 2045 
5561 707 709 708 
5562 3495 3788 3107 
5563 4951 5164 4952 
5564 5091 5092 5090 
5565 5031 5119 4455 
5566 3067 3068 3066 
5567 2094 6953 2092 
5568 766 768 767 
5569 3358 3757 3355 
5570 5365 5367 5366 
5571 3451 3452 2825 
5572 2481 6872 2479 
5573 4325 4326 3125 
5574 4243 4244 3841 
5575 3854 3855 3852 
5576 5554 6681 3976 
5577 528 531 529 
5578 1178 1179 1177 
5579 2108 5785 2105 
5580 513 514 512 
5581 4437 5860 3808 
5582 5688 8606 992 
5583 4054 6219 5180 
5584 1716 1737 1718 
5585 2046 2048 2047 
5586 4761 4858 4758 
5587 621 6714 625 
5588 5447 5449 5446 
5589 4582 4583 3603 
5590 6162 6753 4579 
5591 3021 3393 3023 
5592 3201 3660 3199 
5593 3521 4023 3520 
5594 5376 6514 5378 
5595 5972 5974 5973 
5596 6370 6501 1412 
5597 5323 6486 4699 
5598 3574 4246 4192 
5599 5287 8713 467 
5600 4579 6753 4575 
5601 3741 8357 5700 
5602 515 516 514 
5603 4027 4278 4028 
5604 1544 6919 1677 
5605 4949 8819 5197 
5606 4228 6065 4226 
5607 630 6693 634 
5608 1994 6394 5895 
5609 4222 4241 4220 
5610 2196 2199 2197 
5611 2266 4044 4043 
5612 2157 2158 2156 
5613 3755 5428 5427 
5614 3739 3810 3452 
5615 4519 6239 6238 
5616 2053 6544 6164 
5617 1826 1828 1827 
5618 5620 7163 5619 
5619 1865 2768 2056 
5620 4436 7562 7526 
5621 2793 2936 2794 
5622 1706 2026 1708 
5623 6259 6260 3580 
5624 1300 1302 1301 
5625 3766 3779 3769 
5626 3781 4964 3957 
5627 3073 3084 3077 
5628 3469 6262 6261 
5629 517 518 516 
5630 2946 5361 3245 
5631 5952 7416 5954 
5632 3465 5935 5933 
5633 1824 1826 1825 
5634 656 6089 2042 
5635 4997 4998 4996 
5636 3084 3466 3085 
5637 1681 3225 1683 
5638 1658 2005 1650 
5639 1813 1842 1815 
5640 873 5508 888 
5641 1281 1284 1283 
5642 5434 7842 1338 
5643 7046 8782 4896 
5644 1821 1824 1823 
5645 8448 8476 5070 
5646 7138 8676 5342 
5647 2966 6208 2974 
5648 3698 3700 3699 
5649 1412 6501 1407 
5650 4904 6103 3828 
5651 5806 6247 5805 
5652 3828 3997 3527 
5653 5367 5370 5368 
5654 3021 3023 2020 
5655 961 7608 6509 
5656 3121 3125 3122 
5657 1595 1844 1593 
5658 2532 6525 2534 
5659 3550 3736 3552 
5660 1446 2044 2043 
5661 2072 2074 2071 
5662 4279 6108 6107 
5663 446 6306 6305 
5664 5983 8201 1648 
5665 6262 6263 6261 
5666 6279 6280 6276 
5667 3864 3995 3178 
5668 3466 4299 3467 
5669 3905 5161 4208 
5670 8238 8767 3790 
5671 5817 6660 4625 
5672 3430 3432 3431 
5673 5456 8771 5414 
5674 6500 6501 6370 
5675 2788 7660 7455 
5676 709 711 710 
5677 5304 5305 4949 
5678 3979 6577 2922 
5679 3110 6137 2397 
5680 6736 7625 4680 
5681 3824 4280 4279 
5682 1819 1821 1820 
5683 743 2054 745 
5684 3383 6493 3387 
5685 3387 6493 6403 
5686 2684 2823 2683 
5687 3115 7188 1403 
5688 3736 6194 3991 
5689 6054 8396 265 
5690 873 888 880 
5691 3181 6099 3093 
5692 1397 6636 3234 
5693 3976 6681 3107 
5694 3762 3772 3764 
5695 2992 3316 3315 
5696 1302 6207 1346 
5697 3839 5402 2452 
5698 2715 6502 2791 
5699 2035 2037 2036 
5700 2037 2038 2036 
5701 1045 1048 1047 
5702 2619 3716 2611 
5703 4218 6018 4519 
5704 3462 4378 3364 
5705 2468 2469 2462 
5706 4661 6657 4260 
5707 4138 6248 4136 
5708 3487 6220 4054 
5709 5093 5094 5092 
5710 3101 6573 3103 
5711 5797 5799 5798 
5712 3528 3828 3527 
5713 4467 6891 2567 
5714 4226 4240 4224 
5715 1041 1044 1043 
5716 3406 3479 3252 
5717 3065 3066 1799 
5718 4648 7608 7271 
5719 4431 7582 4552 
5720 1803 6593 1807 
5721 5602 5604 5603 
5722 3896 6209 3898 
5723 1060 1062 1061 
5724 1722 1742 1725 
5725 3205 3575 3203 
5726 6555 8089 5664 
5727 2049 2051 2048 
5728 2014 5421 5196 
5729 3637 3845 3844 
5730 509 2003 511 
5731 6342 6354 6341 
5732 4239 4856 4238 
5733 1817 1819 1818 
5734 4028 6129 3259 
5735 4581 4691 4690 
5736 2025 5782 590 
5737 1678 6736 4680 
5738 747 883 749 
5739 6404 8218 4528 
5740 4122 4904 3828 
5741 2107 2109 2108 
5742 2404 2934 2405 
5743 3969 5362 4498 
5744 1469 2053 1467 
5745 4375 5894 4374 
5746 1551 1553 1552 
5747 4285 5332 3956 
5748 2418 6413 2420 
5749 2075 2076 2074 
5750 3445 3885 2800 
5751 4090 6114 3788 
5752 806 877 808 
5753 1208 1211 1210 
5754 6095 8637 4387 
5755 4952 6124 6123 
5756 2159 2160 2158 
5757 3230 3323 3322 
5758 4028 6870 6129 
5759 3930 5031 4455 
5760 1221 6692 1222 
5761 5776 8164 5777 
5762 1926 5529 4129 
5763 2402 2404 2403 
5764 3140 3142 3139 
5765 6109 6876 1658 
5766 865 3913 868 
5767 2139 2140 2137 
5768 2062 6290 4346 
5769 768 770 769 
5770 1815 1817 1816 
5771 3316 3637 3636 
5772 2583 6561 2579 
5773 6099 6101 3093 
5774 1145 5654 2017 
5775 2988 3946 3227 
5776 6130 8673 3142 
5777 1062 1064 1063 
5778 1926 4129 1913 
5779 5095 5096 5094 
5780 3646 6407 3376 
5781 3238 6652 1974 
5782 2052 2923 2051 
5783 5168 7703 6719 
5784 3305 3411 3410 
5785 4975 8522 7599 
5786 3418 4604 3415 
5787 3866 4547 4526 
5788 1739 6251 1741 
5789 5795 5797 5796 
5790 6414 6511 3006 
5791 2259 2260 2258 
5792 3485 6220 3487 
5793 3760 6274 3762 
5794 2592 6896 4195 
5795 2511 5567 3088 
5796 2875 3835 3475 
5797 541 543 542 
5798 2695 2859 2694 
5799 2912 6703 2914 
5800 3729 5503 4802 
5801 1151 6875 1153 
5802 3220 3515 3219 
5803 1357 6875 5537 
5804 6203 6206 6201 
5805 4054 5180 4884 
5806 3136 3137 1666 
5807 2029 6586 1846 
5808 815 6508 821 
5809 1491 5359 1680 
5810 2286 2683 2053 
5811 723 6529 725 
5812 3705 3982 3704 
5813 1241 6830 1243 
5814 2332 6039 2331 
5815 3193 5931 3553 
5816 1905 6676 1985 
5817 790 8258 5703 
5818 4625 6660 4046 
5819 4789 4790 4788 
5820 6160 8182 8181 
5821 551 554 552 
5822 5054 5056 5055 
5823 543 546 545 
5824 548 551 549 
5825 2374 6361 4015 
5826 546 548 547 
5827 1653 2035 2034 
5828 645 5964 2022 
5829 5284 7825 6604 
5830 4799 8515 5608 
5831 2654 6589 2658 
5832 5370 5372 5371 
5833 3771 3774 3773 
5834 6169 6174 6170 
5835 2143 2144 2141 
5836 2456 3975 2454 
5837 686 689 688 
5838 4128 7035 3111 
5839 5524 5525 5523 
5840 1229 1231 1230 
5841 6314 8559 6313 
5842 6801 7184 6019 
5843 4222 6062 4241 
5844 1771 2266 1773 
5845 2062 4346 2060 
5846 8058 8249 2501 
5847 4415 6383 4629 
5848 6165 6168 6167 
5849 3626 3956 3624 
5850 4972 5816 4625 
5851 2066 2073 2064 
5852 3467 6339 3483 
5853 4886 4887 3607 
5854 4610 6128 4607 
5855 2013 5206 3795 
5856 3138 3139 3137 
5857 3923 4119 3924 
5858 5950 5951 915 
5859 2860 3219 2859 
5860 3776 3778 3777 
5861 2460 2461 2458 
5862 4831 5795 4832 
5863 6922 8182 6160 
5864 2299 6528 3796 
5865 3483 6339 4622 
5866 5585 5586 5583 
5867 3432 3461 3433 
5868 4669 6359 4005 
5869 3930 4455 3381 
5870 1813 1815 1814 
5871 4896 8542 7046 
5872 802 2284 804 
5873 4481 4482 3976 
5874 6343 6344 6342 
5875 1064 1066 1065 
5876 1435 1446 1434 
5877 1443 6371 6370 
5878 3788 3976 3107 
5879 5243 5854 5853 
5880 4269 6861 2350 
5881 1494 6021 1497 
5882 635 6898 638 
5883 3050 3051 2850 
5884 1468 1469 1467 
5885 5179 8767 8112 
5886 1779 6169 1782 
5887 770 773 771 
5888 3667 3668 2947 
5889 7254 7799 4752 
5890 5060 6235 2360 
5891 1793 1799 1794 
5892 2556 6574 2291 
5893 1049 1052 1051 
5894 4565 4780 4563 
5895 3228 4101 3318 
5896 1478 1566 1477 
5897 4047 4624 4046 
5898 5306 6145 5305 
5899 1859 1860 1858 
5900 2035 2036 2034 
5901 2185 2188 2187 
5902 3769 3771 3770 
5903 1184 6518 1185 
5904 4595 7477 6000 
5905 3977 5523 3301 
5906 2963 6208 2966 
5907 1175 6899 6519 
5908 1262 1263 1261 
5909 2504 2529 2528 
5910 4614 6080 4616 
5911 6173 7545 6171 
5912 4044 6660 4141 
5913 7718 8520 6228 
5914 3076 3081 3074 
5915 4045 4046 4044 
5916 1060 5899 5898 
5917 6233 6358 6234 
5918 1727 6538 1730 
5919 2898 2900 2899 
5920 826 6682 827 
5921 4947 8650 6183 
5922 1730 1744 1732 
5923 2161 2162 2160 
5924 4207 5052 4770 
5925 1212 1215 1214 
5926 3919 3920 3214 
5927 4624 4625 4046 
5928 5673 6957 1847 
5929 4742 7631 6710 
5930 513 1008 515 
5931 2805 6729 3017 
5932 5974 7808 5973 
5933 3376 6407 3127 
5934 2916 6728 2918 
5935 5062 8408 5084 
5936 4515 4956 4776 
5937 4291 6760 4289 
5938 3766 3769 3768 
5939 4063 6057 3557 
5940 2026 6022 1708 
5941 2896 2898 2897 
5942 4791 4792 4790 
5943 5340 5341 4612 
5944 3068 6373 3070 
5945 5097 5098 5096 
5946 5952 5954 5951 
5947 1650 6233 1640 
5948 3236 3932 3207 
5949 1880 2719 1997 
5950 5082 5395 4090 
5951 4660 4926 4925 
5952 4278 7550 4841 
5953 4554 6082 4555 
5954 1828 1830 1829 
5955 1575 6722 1571 
5956 4523 8005 7811 
5957 4003 6730 5731 
5958 5426 8271 4916 
5959 5628 5630 5629 
5960 2023 4155 4154 
5961 6462 7475 6464 
5962 2998 3001 3000 
5963 2569 5963 2393 
5964 773 775 774 
5965 2077 2078 2076 
5966 481 6343 6342 
5967 5418 6818 4319 
5968 5577 6015 5572 
5969 2149 2150 2147 
5970 2330 2333 2332 
5971 2261 2871 2260 
5972 517 2004 519 
5973 1583 6092 1580 
5974 3114 6516 3804 
5975 695 698 697 
5976 3514 3704 3224 
5977 5604 5607 5605 
5978 2113 2115 2114 
5979 4732 4733 3598 
5980 4085 4744 4743 
5981 1782 1792 1784 
5982 4216 6238 4213 
5983 5458 8018 4531 
5984 4226 6065 4240 
5985 3879 6494 3055 
5986 4415 4629 4416 
5987 3157 5107 4368 
5988 4042 6398 6397 
5989 4985 8937 8274 
5990 5089 5090 4287 
5991 4044 4141 4043 
5992 3764 3766 3765 
5993 6513 7296 426 
5994 2724 2727 2726 
5995 937 6942 914 
5996 3142 6198 3139 
5997 1130 1133 1132 
5998 2900 3118 2901 
5999 3671 3672 3670 
6000 1259 7908 5460 
6001 3461 3542 3541 
6002 2720 2723 2722 
6003 5797 5798 5796 
6004 2753 8243 6865 
6005 5318 8861 595 
6006 1302 1304 1303 
6007 4793 4794 4792 
6008 1416 6819 1443 
6009 5813 5815 5814 
6010 2791 6502 3444 
6011 3110 8427 6137 
6012 2163 2164 2162 
6013 5363 7510 4814 
6014 4795 5154 4794 
6015 1136 1139 1138 
6016 6549 8913 6636 
6017 6350 6353 6352 
6018 5951 6825 915 
6019 3415 6213 2883 
6020 3082 3107 3079 
6021 711 714 712 
6022 3444 6502 4462 
6023 3550 6730 4003 
6024 2534 6525 2880 
6025 629 6693 630 
6026 3920 8124 6496 
6027 6128 7909 2733 
6028 1811 1813 1812 
6029 598 599 597 
6030 3577 5022 4653 
6031 1553 1555 1554 
6032 5901 8937 8816 
6033 3175 6107 2028 
6034 2986 3904 3903 
6035 1605 2263 1603 
6036 5250 6583 5254 
6037 3027 3121 3120 
6038 2306 3830 2304 
6039 749 6382 752 
6040 2410 6879 4158 
6041 694 5969 695 
6042 5924 5925 3535 
6043 1653 2034 1634 
6044 2833 8639 5472 
6045 554 556 555 
6046 685 5967 686 
6047 2443 2986 2444 
6048 3624 3625 2924 
6049 425 6434 6433 
6050 3041 6259 3174 
6051 7455 7660 6789 
6052 5438 8083 2101 
6053 1184 1185 1183 
6054 4234 4238 4232 
6055 6411 8756 6295 
6056 6327 6333 6326 
6057 2470 2471 2469 
6058 1416 1443 1414 
6059 3857 3858 3855 
6060 3430 6289 4149 
6061 3063 3570 3569 
6062 468 508 30 
6063 177 6292 473 
6064 933 943 942 
6065 4026 4152 2450 
6066 1754 6485 1757 
6067 5922 7374 2262 
6068 6159 7980 2451 
6069 2266 4043 1773 
6070 470 6298 131 
6071 3124 3550 3549 
6072 5564 6861 4269 
6073 471 6315 127 
6074 31 6304 468 
6075 80 6321 474 
6076 2923 2924 2051 
6077 473 6323 176 
6078 4165 4167 4166 
6079 6121 7761 6384 
6080 5827 5828 3540 
6081 5795 5796 4832 
6082 5724 6819 1419 
6083 3483 4622 3485 
6084 483 6328 6327 
6085 1752 6485 1754 
6086 4003 4510 4509 
6087 4629 4631 4630 
6088 3550 4003 3736 
6089 483 6326 83 
6090 173 6334 478 
6091 5218 6494 3879 
6092 8077 8698 5610 
6093 5139 5140 5138 
6094 775 777 776 
6095 2677 6960 2671 
6096 5778 5779 4179 
6097 560 563 561 
6098 476 6335 123 
6099 6114 7773 4481 
6100 1978 6523 1933 
6101 5106 6647 4389 
6102 478 6337 172 
6103 2807 6676 1905 
6104 5099 5993 5098 
6105 3643 6123 3025 
6106 5029 6381 5484 
6107 1391 6562 1393 
6108 2880 6525 4135 
6109 3213 3214 3105 
6110 1834 1841 1840 
6111 1830 1834 1833 
6112 1584 1585 1583 
6113 6103 7613 3997 
6114 3174 6259 3580 
6115 4011 4551 3797 
6116 3411 4012 4011 
6117 5052 5507 5053 
6118 1751 2447 1752 
6119 6318 6319 6317 
6120 4631 4633 4632 
6121 5944 6732 4043 
6122 1777 2057 1779 
6123 5630 6053 5632 
6124 2982 3474 2983 
6125 6409 6410 6408 
6126 86 6341 436 
6127 437 6355 72 
6128 5884 8203 909 
6129 1124 7128 1127 
6130 2555 6591 2557 
6131 4095 4096 4020 
6132 3166 3902 3901 
6133 1642 6365 1615 
6134 3254 7646 3729 
6135 563 565 564 
6136 22 6356 484 
6137 1945 1947 1946 
6138 3084 4004 3466 
6139 4162 7473 6419 
6140 3411 3797 3410 
6141 1868 1869 1864 
6142 620 6714 621 
6143 3407 7837 5960 
6144 5566 7608 961 
6145 1789 1793 1791 
6146 1841 1941 1940 
6147 843 845 844 
6148 3526 3527 3143 
6149 5155 5156 5154 
6150 2137 5840 2136 
6151 1846 6586 1656 
6152 4432 7672 4734 
6153 3762 3764 3763 
6154 5570 5574 5572 
6155 6274 6279 6276 
6156 4161 6731 2043 
6157 5148 7116 6888 
6158 2299 3796 2301 
6159 33 6308 446 
6160 1615 6365 1613 
6161 2043 6731 1434 
6162 2374 4015 2372 
6163 1175 6519 1064 
6164 2189 2192 2191 
6165 2044 2045 2043 
6166 5537 6875 5541 
6167 617 620 619 
6168 2472 2473 2471 
6169 2378 2379 2376 
6170 3886 3926 3885 
6171 1802 6593 1803 
6172 1304 1306 1305 
6173 3631 4115 3010 
6174 2962 6208 2963 
6175 1426 8762 5444 
6176 2203 2205 2204 
6177 4701 4703 4702 
6178 3418 4605 4604 
6179 5693 6653 1623 
6180 1215 5849 2031 
6181 4004 6177 6175 
6182 2040 2536 2039 
6183 1499 1501 1500 
6184 1423 5724 1419 
6185 2046 2047 2045 
6186 4820 4831 4830 
6187 5376 5378 5377 
6188 4831 4832 4830 
6189 1609 1666 1607 
6190 1497 1499 1498 
6191 6434 6435 6433 
6192 4726 8710 7553 
6193 5548 5550 5549 
6194 4926 4928 4927 
6195 2205 2207 2206 
6196 3487 4054 3489 
6197 1760 6592 1763 
6198 4196 6916 2575 
6199 565 567 566 
6200 1151 1153 1152 
6201 676 6568 678 
6202 1433 1434 1428 
6203 7228 7653 6205 
6204 4966 6836 3972 
6205 704 707 706 
6206 2452 2453 2083 
6207 5218 6496 6494 
6208 1066 1068 1067 
6209 5871 8328 7690 
6210 2236 2237 2235 
6211 5023 8095 4653 
6212 3139 3141 3137 
6213 2771 6630 2521 
6214 6095 6096 6094 
6215 2082 2083 2073 
6216 4104 5750 5749 
6217 6795 6848 6549 
6218 8609 8865 5587 
6219 4483 4684 3926 
6220 5612 5613 2024 
6221 1736 6027 1712 
6222 6463 6597 6596 
6223 1446 2043 1434 
6224 4995 4996 4724 
6225 2988 8360 3946 
6226 1223 8752 6469 
6227 2130 6144 6143 
6228 3959 3960 3858 
6229 2277 6710 3144 
6230 500 7531 6763 
6231 1501 1503 1502 
6232 3542 3612 3611 
6233 1541 1549 1548 
6234 5926 5930 5925 
6235 2820 2821 2819 
6236 6287 8674 6051 
6237 2048 2050 2047 
6238 1730 6538 1744 
6239 4325 5175 4326 
6240 1018 1019 1017 
6241 2790 6678 2714 
6242 474 6055 79 
6243 1057 1060 1059 
6244 3121 4325 3125 
6245 1768 6489 1771 
6246 1142 1145 1144 
6247 3861 5014 3714 
6248 3251 3252 3052 
6249 2990 5907 5240 
6250 3067 3069 3068 
6251 3007 3008 2821 
6252 6455 6456 494 
6253 2308 2892 2891 
6254 5891 8498 1110 
6255 4034 4050 3474 
6256 5175 5177 5176 
6257 2537 3558 2536 
6258 1741 1747 1746 
6259 1189 1190 1187 
6260 3094 3181 3093 
6261 4155 4828 4827 
6262 6233 6234 1640 
6263 1793 3065 1799 
6264 5298 8770 8356 
6265 1503 1505 1504 
6266 4409 7702 4407 
6267 6423 6424 488 
6268 2759 6325 3500 
6269 1607 6181 1605 
6270 2474 2475 2473 
6271 2009 3892 3849 
6272 2079 2080 2078 
6273 3760 3762 3761 
6274 3972 6836 3546 
6275 5594 7590 6237 
6276 5120 5121 3212 
6277 4043 6732 1773 
6278 621 625 624 
6279 3211 3522 3008 
6280 6436 6440 6435 
6281 4747 4749 4748 
6282 3835 4067 4066 
6283 3814 6400 4247 
6284 3065 3067 3066 
6285 5176 5300 4326 
6286 2859 6477 3420 
6287 943 946 945 
6288 2476 2477 2475 
6289 2440 6659 4842 
6290 4021 6296 2250 
6291 1735 2265 1739 
6292 3753 4826 4825 
6293 1393 6562 1409 
6294 6376 6851 5031 
6295 638 640 639 
6296 3155 5811 3003 
6297 714 716 715 
6298 3069 3072 3071 
6299 3287 6545 3289 
6300 7181 8287 439 
6301 1748 1751 1750 
6302 6328 6330 6329 
6303 3039 3469 3041 
6304 2207 2209 2208 
6305 5255 5256 5140 
6306 1414 6370 1412 
6307 565 5889 588 
6308 475 8546 5302 
6309 441 5780 28 
6310 4412 8603 5506 
6311 6241 7821 6084 
6312 6446 6447 492 
6313 4108 5663 4834 
6314 3847 5705 4682 
6315 2165 2167 2164 
6316 567 569 568 
6317 6131 6563 1032 
6318 605 606 604 
6319 3387 6403 3389 
6320 1268 1269 1267 
6321 5479 5480 4684 
6322 5912 8621 5911 
6323 3585 4515 3826 
6324 519 520 518 
6325 2119 2121 2120 
6326 4168 6694 5147 
6327 895 6705 913 
6328 3240 6397 3238 
6329 3182 3183 3181 
6330 3072 3074 3073 
6331 2003 6223 6222 
6332 3216 3910 2570 
6333 1153 1155 1154 
6334 3790 4582 3603 
6335 1617 1642 1615 
6336 6469 8752 5131 
6337 2057 6169 1779 
6338 1342 1343 1337 
6339 5378 5382 5379 
6340 6321 7359 6322 
6341 1470 6193 1469 
6342 5273 6605 5272 
6343 477 6311 6310 
6344 3073 3077 3071 
6345 3581 3584 3583 
6346 2304 8260 2302 
6347 3074 6785 3073 
6348 2990 6823 5907 
6349 2266 6489 4045 
6350 3715 4069 3522 
6351 1068 1070 1069 
6352 2968 6421 2971 
6353 4657 6210 3982 
6354 5382 5384 5383 
6355 2392 2393 2382 
6356 4633 5065 4634 
6357 470 8824 6300 
6358 4560 8066 4753 
6359 484 6923 6401 
6360 5357 5358 4151 
6361 8634 8913 6548 
6362 1358 1359 1343 
6363 4856 4857 4238 
6364 6349 6350 6348 
6365 2976 3171 2977 
6366 2280 2281 2279 
6367 3174 3580 3579 
6368 1052 5892 5890 
6369 4509 6194 3736 
6370 2402 6994 2404 
6371 609 610 608 
6372 1555 1557 1556 
6373 3673 3674 3672 
6374 6262 6264 6263 
6375 605 6571 606 
6376 4962 4963 3889 
6377 3084 6785 4004 
6378 2985 3038 3037 
6379 3389 4035 3717 
6380 1571 6722 1570 
6381 5955 6825 5951 
6382 1921 5675 2002 
6383 4051 5077 4050 
6384 1569 1570 1567 
6385 3242 4042 3240 
6386 2391 2402 2401 
6387 5020 8579 8556 
6388 3340 3341 3339 
6389 4239 4898 4856 
6390 5065 5079 5066 
6391 5948 8794 4246 
6392 3603 6134 2874 
6393 1291 1294 1293 
6394 2242 2243 2241 
6395 1962 6707 1964 
6396 2979 2982 2981 
6397 3788 6114 4481 
6398 4787 4788 4785 
6399 2893 2896 2895 
6400 1457 1493 1458 
6401 2698 6574 2556 
6402 2342 7137 2339 
6403 1472 1473 1470 
6404 5344 8060 6760 
6405 4703 4859 4704 
6406 5474 8332 975 
6407 2081 2084 2080 
6408 6438 6439 6427 
6409 3727 8200 8081 
6410 4496 8134 4867 
6411 946 951 950 
6412 4395 6521 5004 
6413 4140 4797 4134 
6414 4157 5261 5260 
6415 2990 5240 4948 
6416 5669 7727 5670 
6417 1310 1312 1311 
6418 2123 2125 2124 
6419 1297 1300 1299 
6420 3086 6002 3405 
6421 1024 1025 1019 
6422 5673 7839 6957 
6423 1695 6581 1935 
6424 2155 2156 2153 
6425 4261 4661 4260 
6426 1463 6803 1681 
6427 5816 7597 4091 
6428 3570 4626 4477 
6429 5994 5995 5993 
6430 8790 8844 2797 
6431 777 779 778 
6432 1017 7025 1016 
6433 4591 7995 4593 
6434 716 718 717 
6435 8112 8767 4536 
6436 3249 8802 8591 
6437 3268 4381 3814 
6438 2414 6967 3237 
6439 1635 1653 1634 
6440 4604 6213 3415 
6441 6072 6111 6071 
6442 3736 3991 3552 
6443 4495 8867 5332 
6444 16 6461 15 
6445 3055 3233 2704 
6446 6368 6369 4381 
6447 898 899 892 
6448 4969 4970 3742 
6449 4270 4271 4268 
6450 7775 8192 2265 
6451 6416 6418 6417 
6452 4512 7470 5660 
6453 1476 1477 1474 
6454 6386 6388 6387 
6455 2478 2479 2477 
6456 702 6119 704 
6457 645 647 646 
6458 4234 4239 4238 
6459 891 892 889 
6460 993 8207 5779 
6461 2983 6379 2985 
6462 1605 6181 2263 
6463 1287 1290 1289 
6464 5267 5268 5266 
6465 2906 2908 2907 
6466 2046 2049 2048 
6467 5670 5671 1540 
6468 1155 1157 1156 
6469 1372 1373 1368 
6470 3367 6192 5350 
6471 4859 4861 4860 
6472 4749 4751 4750 
6473 1894 6860 1849 
6474 1764 6716 1767 
6475 4443 7047 4954 
6476 2955 6566 3711 
6477 1070 1072 1071 
6478 6350 6352 6348 
6479 3121 3122 3120 
6480 4004 6785 6178 
6481 1619 6490 1617 
6482 3109 3112 2827 
6483 6590 8556 6485 
6484 6273 8597 5328 
6485 2333 2336 2334 
6486 2912 2914 2913 
6487 6800 8836 1663 
6488 3232 5967 685 
6489 4928 4930 4929 
6490 5384 5386 5385 
6491 4296 5862 4992 
6492 1032 1033 1031 
6493 1557 1559 1558 
6494 6386 6387 2846 
6495 4417 6099 3181 
6496 2463 2464 2461 
6497 3221 3224 2370 
6498 1808 1811 1810 
6499 2258 6530 6044 
6500 4208 6718 4207 
6501 3902 4600 4599 
6502 2812 2813 2524 
6503 6405 6406 5010 
6504 4751 5029 5028 
6505 2282 2283 2281 
6506 3084 3085 3077 
6507 1961 2354 2353 
6508 4173 5311 4115 
6509 4626 5467 5466 
6510 4067 4835 4475 
6511 5102 6372 5104 
6512 5413 5456 5414 
6513 6424 6427 6426 
6514 88 7069 481 
6515 6569 6570 5545 
6516 5832 5833 5831 
6517 5050 5051 4999 
6518 2865 6523 1978 
6519 2523 2524 2283 
6520 3704 6212 3224 
6521 1148 1151 1150 
6522 7860 8121 6288 
6523 6434 6436 6435 
6524 2880 4135 3533 
6525 3127 3482 2872 
6526 1239 1241 1240 
6527 759 8470 6865 
6528 4861 5061 4862 
6529 3495 4090 3788 
6530 3068 3070 3066 
6531 2642 2644 2643 
6532 5760 5761 5759 
6533 845 847 846 
6534 2085 2086 2084 
6535 3029 3030 2813 
6536 3453 8771 5456 
6537 3545 3891 2938 
6538 1380 1381 1373 
6539 3342 3343 3341 
6540 130 442 129 
6541 29 441 28 
6542 2713 3381 2630 
6543 179 443 178 
6544 78 440 77 
6545 1466 1467 1453 
6546 6943 7439 1935 
6547 5703 8941 5701 
6548 5397 8190 462 
6549 6111 8379 1822 
6550 4691 5664 5644 
6551 3444 4462 3460 
6552 128 471 127 
6553 31 468 30 
6554 80 474 79 
6555 177 473 176 
6556 1803 1807 1806 
6557 810 2268 813 
6558 1112 1113 1109 
6559 1798 1802 1801 
6560 6388 6465 6390 
6561 5955 8951 2030 
6562 27 469 26 
6563 132 470 131 
6564 6596 6597 499 
6565 76 475 75 
6566 4167 6694 4168 
6567 4083 6608 3477 
6568 181 472 180 
6569 1185 6518 1189 
6570 126 444 125 
6571 33 446 32 
6572 2908 2910 2909 
6573 1135 5478 1136 
6574 4935 6541 4932 
6575 82 447 81 
6576 2636 2638 2637 
6577 175 445 174 
6578 560 5975 2739 
6579 3550 3552 3549 
6580 35 477 34 
6581 124 476 123 
6582 2041 2988 2987 
6583 4042 6397 3240 
6584 84 483 83 
6585 1312 1314 1313 
6586 4597 5338 4083 
6587 173 478 172 
6588 813 6508 815 
6589 6813 8071 5977 
6590 1914 1926 1913 
6591 1336 1337 1334 
6592 122 432 121 
6593 37 433 36 
6594 86 436 85 
6595 73 437 72 
6596 888 889 880 
6597 3381 6360 2630 
6598 135 439 134 
6599 24 438 23 
6600 1222 1225 1224 
6601 1573 1575 1571 
6602 171 434 170 
6603 184 435 183 
6604 3466 3467 3085 
6605 5668 8897 8171 
6606 3612 3614 3613 
6607 6462 6464 6463 
6608 6136 7723 4708 
6609 1443 6370 1414 
6610 1372 6380 1384 
6611 1527 6883 1524 
6612 3217 3218 2752 
6613 1218 1221 1220 
6614 2209 2211 2210 
6615 1911 6585 2012 
6616 4930 4932 4931 
6617 5696 7717 4802 
6618 6577 8587 2886 
6619 2246 2247 2245 
6620 3732 3971 3734 
6621 1409 6562 2317 
6622 3252 7005 3052 
6623 5079 5221 5080 
6624 1392 6759 1390 
6625 1184 8875 6518 
6626 4134 6574 2698 
6627 3679 3680 3678 
6628 951 954 953 
6629 2465 2466 2464 
6630 4041 4061 3171 
6631 6347 6348 6345 
6632 3640 5903 4435 
6633 120 480 119 
6634 39 479 38 
6635 1226 1229 1228 
6636 88 481 87 
6637 71 482 70 
6638 169 487 168 
6639 186 486 185 
6640 4100 6523 2865 
6641 137 485 136 
6642 22 484 21 
6643 6165 6167 6166 
6644 3610 3930 3381 
6645 6263 6265 6261 
6646 2256 2257 2254 
6647 4366 8032 6803 
6648 5406 8832 3971 
6649 2336 2338 2337 
6650 3451 5893 3739 
6651 1480 7559 1483 
6652 6389 6391 6388 
6653 1641 1650 1640 
6654 5205 7348 3837 
6655 6456 6459 6458 
6656 1274 1275 1273 
6657 2971 2976 2973 
6658 3515 6405 5010 
6659 471 7070 6315 
6660 1450 1452 1445 
6661 4792 7983 5738 
6662 3656 6279 3760 
6663 1874 1875 1873 
6664 4381 6400 3814 
6665 3236 3933 3932 
6666 2049 2052 2051 
6667 4249 5045 4251 
6668 2557 6591 3450 
6669 3965 3966 3964 
6670 3949 5857 5404 
6671 5329 5330 4064 
6672 3082 3495 3107 
6673 2021 3021 2020 
6674 5610 8792 5607 
6675 3170 3936 3935 
6676 5481 5482 5480 
6677 2346 4522 3128 
6678 2585 2586 2466 
6679 3933 5251 5250 
6680 5542 6569 5539 
6681 647 649 648 
6682 1241 1243 1242 
6683 1747 6510 1748 
6684 4643 6897 3608 
6685 1226 7444 1229 
6686 4033 6254 4614 
6687 2136 5840 2836 
6688 3006 6511 6385 
6689 1578 1579 1576 
6690 166 425 165 
6691 189 424 188 
6692 117 428 116 
6693 42 429 41 
6694 2781 8083 5438 
6695 5486 6057 4063 
6696 91 431 90 
6697 68 430 67 
6698 4519 6238 4216 
6699 140 427 139 
6700 19 426 18 
6701 4279 6107 3175 
6702 2966 2974 2968 
6703 1467 6164 1453 
6704 1592 1593 1591 
6705 5057 5058 4271 
6706 6456 6458 6457 
6707 5503 5696 4802 
6708 4120 4660 4659 
6709 2394 2395 2393 
6710 1479 1480 1381 
6711 3931 6376 3930 
6712 1157 1159 1158 
6713 521 524 520 
6714 1509 1511 1510 
6715 485 8769 5431 
6716 2425 6385 2428 
6717 4285 5333 5332 
6718 616 617 615 
6719 626 629 628 
6720 2277 3144 1938 
6721 4050 4052 3474 
6722 822 826 824 
6723 630 634 632 
6724 3150 4008 4007 
6725 2923 3626 3624 
6726 3462 4528 4378 
6727 1195 1196 1194 
6728 3062 3093 3060 
6729 3481 6479 3818 
6730 779 782 780 
6731 3289 3291 3290 
6732 1582 1583 1580 
6733 682 683 681 
6734 5612 5614 5613 
6735 2338 2340 2339 
6736 1367 1368 1366 
6737 2200 2203 2202 
6738 3001 3004 3003 
6739 2407 2443 2442 
6740 1354 6482 4820 
6741 1947 1949 1948 
6742 1362 1363 1361 
6743 766 5989 5988 
6744 6058 6059 6057 
6745 5804 7803 5038 
6746 5373 5376 5375 
6747 5138 6607 4392 
6748 3287 3289 3288 
6749 1737 6032 1718 
6750 6239 6240 6238 
6751 5061 5063 5062 
6752 1446 4058 2044 
6753 3002 3639 2999 
6754 831 834 833 
6755 2985 6379 3038 
6756 1951 1953 1952 
6757 6424 6426 6425 
6758 1889 1890 1888 
6759 2982 2983 2981 
6760 2456 7019 3975 
6761 3158 8490 8421 
6762 3344 3345 3343 
6763 4251 6488 4253 
6764 2644 2646 2645 
6765 2689 2949 2588 
6766 3810 8918 8676 
6767 133 6539 132 
6768 5119 7098 4455 
6769 718 720 719 
6770 827 830 829 
6771 3868 3869 3867 
6772 5788 5790 5789 
6773 2684 6192 3367 
6774 1754 1757 1756 
6775 1685 2990 2939 
6776 4932 4934 4933 
6777 6153 6154 877 
6778 847 850 848 
6779 162 6805 453 
6780 2684 3367 2824 
6781 5315 5316 5078 
6782 4428 6821 6820 
6783 2673 3419 2675 
6784 5492 5493 5491 
6785 2380 2381 2379 
6786 2172 2173 2171 
6787 2087 2088 2086 
6788 2480 2481 2479 
6789 2759 3500 3337 
6790 725 6529 2055 
6791 2354 3131 3129 
6792 3394 6363 4019 
6793 2423 3006 2425 
6794 2724 7062 2727 
6795 3295 3297 3296 
6796 1748 6510 1751 
6797 954 956 955 
6798 7365 7559 5163 
6799 6426 6429 6428 
6800 3044 6989 1687 
6801 3818 4747 4746 
6802 3355 6882 3353 
6803 6323 8016 445 
6804 1657 1658 1650 
6805 1763 6716 1764 
6806 6788 7402 2561 
6807 2976 2977 2973 
6808 2334 8003 2335 
6809 3212 6481 1356 
6810 3789 4951 3643 
6811 2974 6421 2968 
6812 3285 3287 3286 
6813 5467 5469 5468 
6814 64 6807 448 
6815 3630 4779 4778 
6816 691 692 690 
6817 2551 6368 3268 
6818 1793 1794 1791 
6819 1494 1497 1496 
6820 2032 5444 5420 
6821 4117 5443 4063 
6822 3626 4285 3956 
6823 6343 6345 6344 
6824 6397 7463 6652 
6825 3136 3138 3137 
6826 6415 6416 6414 
6827 1433 1435 1434 
6828 187 6546 186 
6829 2266 4045 4044 
6830 7836 8309 6431 
6831 4101 6141 4103 
6832 569 572 571 
6833 3456 5969 694 
6834 3656 3760 3759 
6835 1243 1245 1244 
6836 5058 6963 5059 
6837 2428 2846 2430 
6838 3280 7540 6442 
6839 74 6543 73 
6840 1626 5693 1623 
6841 5968 6010 5967 
6842 2768 7124 2869 
6843 3602 3603 2874 
6844 1609 3136 1666 
6845 1901 2312 1898 
6846 5297 5801 4066 
6847 1638 6780 4891 
6848 3079 6681 3076 
6849 6447 6449 6448 
6850 1036 1037 1035 
6851 815 821 820 
6852 3140 3143 3142 
6853 484 6512 21 
6854 4614 4616 4615 
6855 2646 2648 2647 
6856 1594 1595 1593 
6857 164 6423 488 
6858 7394 8660 6157 
6859 490 6444 43 
6860 7248 7440 6176 
6861 6108 6109 6107 
6862 493 6445 92 
6863 66 6446 492 
6864 17 6455 494 
6865 2582 6936 2861 
6866 5769 7843 2344 
6867 2023 6898 4155 
6868 649 651 650 
6869 1511 1513 1512 
6870 5763 5764 5761 
6871 2988 3227 3226 
6872 1648 8945 5983 
6873 5218 8742 6496 
6874 5314 8735 1028 
6875 6416 6417 6414 
6876 1632 1634 1629 
6877 3323 6367 5901 
6878 557 560 559 
6879 836 843 838 
6880 3378 3646 3376 
6881 1121 1122 1120 
6882 4211 4212 4210 
6883 3449 6889 4871 
6884 3681 3682 3680 
6885 2482 2483 2481 
6886 5269 5718 5268 
6887 7462 8318 5768 
6888 4406 8053 5411 
6889 2387 7665 2383 
6890 3038 3039 3037 
6891 2914 2916 2915 
6892 629 8136 6693 
6893 4465 6513 6512 
6894 1159 1161 1160 
6895 4952 6123 3643 
6896 1314 1316 1315 
6897 6413 6414 3006 
6898 1072 1074 1073 
6899 3528 4122 3828 
6900 6429 6431 6430 
6901 2396 2397 2395 
6902 1409 2317 1421 
6903 5552 7868 5548 
6904 3122 6730 3124 
6905 6371 6500 6370 
6906 3982 6210 5725 
6907 2252 6092 1583 
6908 3527 6130 3143 
6909 3188 3189 3187 
6910 752 2309 754 
6911 4099 4100 2865 
6912 3457 3938 2809 
6913 2383 2384 2381 
6914 3471 3725 3164 
6915 3892 3894 3893 
6916 3039 6272 3469 
6917 2012 6585 2953 
6918 4857 6868 6068 
6919 6064 7695 7523 
6920 2755 4134 2698 
6921 900 901 899 
6922 2270 2271 2249 
6923 5263 7186 5264 
6924 4811 4814 4813 
6925 3138 3140 3139 
6926 2982 4034 3474 
6927 2748 3510 3031 
6928 850 852 851 
6929 1613 6869 1610 
6930 3442 6678 2790 
6931 2484 2485 2483 
6932 6514 6567 5378 
6933 4104 4105 3968 
6934 5574 5576 5575 
6935 6834 6835 1956 
6936 2340 2343 2342 
6937 782 784 783 
6938 4600 4874 4873 
6939 4109 8892 4110 
6940 2903 2906 2905 
6941 3203 6863 3201 
6942 3526 3528 3527 
6943 3346 3347 3345 
6944 694 695 692 
6945 709 6968 711 
6946 5045 6488 4251 
6947 6176 7440 4299 
6948 5149 6800 5150 
6949 8106 8947 6220 
6950 5094 8356 5680 
6951 6311 6312 6310 
6952 1771 6489 2266 
6953 5517 7956 6056 
6954 1567 6138 1566 
6955 6017 8841 8120 
6956 1443 8694 6371 
6957 635 638 637 
6958 4815 6973 4692 
6959 6284 8933 8488 
6960 6277 8379 6072 
6961 3840 4002 4001 
6962 2129 2131 2130 
6963 4045 4047 4046 
6964 3227 4906 3627 
6965 678 6568 682 
6966 3297 3299 3298 
6967 4108 4109 4107 
6968 3450 6591 5394 
6969 4217 4218 4216 
6970 525 527 524 
6971 1984 2630 1904 
6972 5931 5932 5928 
6973 3524 6002 3086 
6974 4165 4166 3778 
6975 3932 6186 3207 
6976 1826 1827 1825 
6977 4219 4220 4218 
6978 1590 1591 1588 
6979 3944 5794 3479 
6980 6462 6463 452 
6981 3006 6385 2425 
6982 2211 2213 2212 
6983 5003 8778 6991 
6984 491 6613 6612 
6985 1821 1823 1820 
6986 1824 1825 1823 
6987 3776 3777 3774 
6988 4421 6787 3091 
6989 3114 3804 3803 
6990 1469 6193 2286 
6991 689 690 688 
6992 2398 2542 2397 
6993 3190 3191 3189 
6994 3614 3616 3615 
6995 7260 7932 5720 
6996 2005 6233 1650 
6997 5242 5243 4970 
6998 3281 4094 3278 
6999 4111 5218 3879 
7000 1921 1922 1920 
7001 1497 6021 2059 
7002 1431 1457 1441 
7003 3552 6532 3836 
7004 5940 8530 4959 
7005 2648 2650 2649 
7006 2709 8475 6953 
7007 2289 2695 2694 
7008 6140 7693 1831 
7009 6400 7524 4247 
7010 5040 7820 5804 
7011 572 575 574 
7012 4519 7513 6239 
7013 6432 8466 453 
7014 1596 1597 1595 
7015 1040 1041 1039 
7016 3494 3952 3380 
7017 4047 5219 4624 
7018 2953 6585 6566 
7019 3103 6573 3213 
7020 4054 4884 3489 
7021 1245 1247 1246 
7022 3822 5908 3820 
7023 6870 7347 6129 
7024 1819 1820 1818 
7025 3652 3655 3654 
7026 2061 2311 2063 
7027 1428 6731 1423 
7028 852 854 853 
7029 1917 1918 1916 
7030 2869 2870 2769 
7031 1962 1964 1963 
7032 3785 6741 6740 
7033 6175 7714 6176 
7034 2174 2175 2173 
7035 2451 6505 4097 
7036 4890 6119 702 
7037 2613 5985 2615 
7038 5029 5127 5126 
7039 685 686 683 
7040 4547 6559 4526 
7041 3752 3983 3042 
7042 840 7051 6211 
7043 1817 1818 1816 
7044 3394 4019 3023 
7045 2435 6757 1804 
7046 6391 6465 6388 
7047 4221 4222 4220 
7048 3683 3684 3682 
7049 5604 8077 5610 
7050 3454 4138 4136 
7051 3785 6740 3784 
7052 1074 1076 1075 
7053 784 786 785 
7054 720 723 721 
7055 6388 6390 6387 
7056 3820 5903 3640 
7057 641 645 644 
7058 1559 1561 1560 
7059 6593 7732 1807 
7060 6597 6599 6598 
7061 700 701 699 
7062 4168 5147 5146 
7063 3515 5010 4603 
7064 3764 6572 3766 
7065 1468 1470 1469 
7066 913 6705 936 
7067 762 766 765 
7068 1815 1816 1814 
7069 1923 1924 1922 
7070 606 6571 609 
7071 7350 7507 6369 
7072 2625 2632 2631 
7073 4726 6577 3979 
7074 6386 6389 6388 
7075 5351 5352 4433 
7076 2937 7366 2794 
7077 1706 1708 1707 
7078 3807 4408 4407 
7079 1704 1706 1705 
7080 1296 5941 1297 
7081 3313 4048 3605 
7082 4814 4849 4848 
7083 5835 8601 5833 
7084 2768 2769 2056 
7085 2213 2215 2214 
7086 2543 2886 2542 
7087 4234 6815 4239 
7088 6157 8777 7394 
7089 2133 2135 2134 
7090 3580 3581 3579 
7091 656 658 657 
7092 575 577 576 
7093 1894 7001 6860 
7094 4239 6815 4899 
7095 3723 4063 3557 
7096 3450 5394 5393 
7097 13 6596 499 
7098 4034 4051 4050 
7099 941 1640 939 
7100 1944 2259 2258 
7101 3875 6958 5917 
7102 1954 7689 6242 
7103 3348 3349 3347 
7104 2420 6413 2423 
7105 2925 7446 7367 
7106 1044 1045 1043 
7107 2639 2642 2641 
7108 468 7270 6909 
7109 6165 6166 1452 
7110 5104 7567 7495 
7111 6024 6028 6027 
7112 2486 2487 2485 
7113 1811 6668 1813 
7114 5576 5579 5578 
7115 5831 6865 5830 
7116 5391 7978 3971 
7117 2327 2328 2273 
7118 3740 6931 5102 
7119 5495 5496 5493 
7120 3048 3651 3363 
7121 3870 3871 3869 
7122 2065 2068 2067 
7123 1771 1773 1772 
7124 2811 5197 3446 
7125 4178 4516 3891 
7126 7927 8415 6902 
7127 3820 5908 5903 
7128 1908 1909 1907 
7129 3823 3824 3175 
7130 2289 6527 2695 
7131 5920 5921 5919 
7132 4536 6363 3394 
7133 3591 3592 3218 
7134 4223 4224 4222 
7135 1203 1204 1202 
7136 1232 1235 1234 
7137 1199 1200 1198 
7138 6720 6721 4522 
7139 4522 4523 3128 
7140 3705 4657 3982 
7141 7367 7446 4458 
7142 4616 6484 4617 
7143 3192 3193 3191 
7144 1867 6720 2346 
7145 4141 5945 5944 
7146 1188 4669 4005 
7147 1708 1710 1709 
7148 3229 3230 2870 
7149 5019 8911 6552 
7150 6397 6652 3238 
7151 4956 6536 4776 
7152 2835 8231 3157 
7153 2615 2636 2617 
7154 854 856 855 
7155 1307 1310 1309 
7156 786 788 787 
7157 3292 3295 3294 
7158 3186 3187 3184 
7159 3771 3773 3770 
7160 4272 6701 5742 
7161 3794 5478 1135 
7162 2855 8868 2196 
7163 3646 6412 6409 
7164 118 6552 117 
7165 2135 2137 2136 
7166 1483 1484 1482 
7167 3677 3678 3675 
7168 1506 1509 1508 
7169 6164 6544 6165 
7170 3325 3326 3324 
7171 4058 6845 2044 
7172 5020 8556 5021 
7173 6053 8571 5157 
7174 1566 6138 2287 
7175 6274 6276 6275 
7176 6347 6349 6348 
7177 6492 6820 3044 
7178 2176 2177 2175 
7179 2658 6589 3521 
7180 2982 6809 4034 
7181 6743 8458 4676 
7182 1950 6912 1951 
7183 1969 2020 1927 
7184 3228 3318 2278 
7185 7055 7186 5263 
7186 3425 3643 3025 
7187 2343 6325 2759 
7188 1619 6491 6490 
7189 577 580 579 
7190 4392 6141 4101 
7191 5928 7377 5929 
7192 3095 7044 3866 
7193 2046 6845 2049 
7194 5280 6670 5284 
7195 4820 6482 4831 
7196 3936 4561 4560 
7197 3685 3686 3684 
7198 2029 7577 6586 
7199 3507 6698 4539 
7200 6705 6706 6581 
7201 1236 1239 1238 
7202 2385 2386 2384 
7203 4662 6535 4663 
7204 5225 5227 5226 
7205 3514 3705 3704 
7206 6570 7481 2792 
7207 905 906 901 
7208 6138 6527 2287 
7209 2448 4026 2450 
7210 2215 2217 2216 
7211 4033 4614 4613 
7212 1147 5979 1148 
7213 1076 1078 1077 
7214 3769 3770 3768 
7215 658 660 659 
7216 3210 4514 2767 
7217 1813 1814 1812 
7218 5026 5027 3981 
7219 1280 1281 1279 
7220 2184 6474 2185 
7221 4820 4830 4829 
7222 4515 4776 3826 
7223 2976 4041 3171 
7224 4155 6898 5504 
7225 4051 6236 5077 
7226 2709 8749 8475 
7227 3584 3585 3583 
7228 1378 6739 1546 
7229 6368 6375 6369 
7230 702 704 701 
7231 2639 6662 2642 
7232 6023 7827 6025 
7233 3268 6368 4381 
7234 3766 3768 3765 
7235 1099 4375 4374 
7236 5648 7846 5649 
7237 6154 6930 877 
7238 3944 7546 5794 
7239 1828 1829 1827 
7240 6488 7468 4253 
7241 1247 1249 1248 
7242 1561 1563 1562 
7243 698 699 697 
7244 2777 3285 3284 
7245 6496 8124 6495 
7246 910 911 906 
7247 918 919 917 
7248 4482 5555 5554 
7249 916 917 911 
7250 6281 6737 6280 
7251 6248 8840 5001 
7252 1485 1486 1484 
7253 528 529 527 
7254 4225 4226 4224 
7255 1758 6592 1760 
7256 6155 6156 6154 
7257 580 583 582 
7258 5345 5346 5034 
7259 1751 1752 1750 
7260 39 6564 479 
7261 3350 3351 3349 
7262 1399 6636 1397 
7263 4352 6551 3861 
7264 925 926 924 
7265 30 508 29 
7266 923 924 922 
7267 178 6292 177 
7268 131 6298 130 
7269 921 922 919 
7270 2178 2179 2177 
7271 5276 6605 5273 
7272 5121 6481 3212 
7273 5227 5229 5228 
7274 2037 2040 2039 
7275 7743 8559 6314 
7276 1048 1049 1047 
7277 127 6315 126 
7278 32 6304 31 
7279 81 6321 80 
7280 3323 3324 3322 
7281 176 6323 175 
7282 3479 5794 4189 
7283 83 6326 82 
7284 174 6334 173 
7285 3194 3195 3193 
7286 2916 2918 2917 
7287 7010 8924 4128 
7288 1207 1208 1206 
7289 6617 8332 5474 
7290 3299 3301 3300 
7291 2830 2831 2029 
7292 4215 4216 4213 
7293 4008 4535 4534 
7294 2632 2805 2804 
7295 123 6335 122 
7296 3792 4210 3442 
7297 172 6337 171 
7298 5048 8658 6209 
7299 1258 7316 1262 
7300 4260 6657 4536 
7301 2370 6895 2366 
7302 2500 8876 5825 
7303 23 6356 22 
7304 1764 1767 1766 
7305 3597 3998 2866 
7306 2932 7977 7706 
7307 3872 3873 3871 
7308 1777 1779 1778 
7309 4455 6360 3381 
7310 3258 3259 2831 
7311 4691 4692 4690 
7312 8036 8716 6694 
7313 72 6355 71 
7314 87 6341 86 
7315 3948 5153 5152 
7316 7469 8620 1101 
7317 444 6558 125 
7318 1316 1318 1317 
7319 4227 4228 4226 
7320 5104 7495 5103 
7321 2953 6566 2955 
7322 1466 1468 1467 
7323 1912 1913 1669 
7324 4210 6678 3442 
7325 2923 6850 3626 
7326 3373 7280 3785 
7327 5229 5231 5230 
7328 5337 8623 4974 
7329 1747 1748 1746 
7330 5903 8006 4435 
7331 3327 3328 3326 
7332 1760 1763 1762 
7333 538 540 537 
7334 1161 1163 1162 
7335 531 532 529 
7336 956 960 959 
7337 6416 6419 6418 
7338 1101 8620 5948 
7339 2170 2171 2168 
7340 6743 6744 6742 
7341 3764 3765 3763 
7342 5174 8292 8003 
7343 535 537 534 
7344 533 534 532 
7345 2335 6039 2332 
7346 2147 6483 2146 
7347 4779 5124 5123 
7348 3917 5120 3212 
7349 4102 5139 5138 
7350 2650 2652 2651 
7351 6493 7877 6403 
7352 3043 3175 2028 
7353 4034 6809 6098 
7354 4241 6801 6019 
7355 2719 2720 1997 
7356 1563 1565 1564 
7357 2385 7665 2399 
7358 583 585 584 
7359 4172 6749 3789 
7360 3064 8020 5465 
7361 7388 8836 8619 
7362 3289 6545 4730 
7363 3086 3405 2728 
7364 788 791 789 
7365 5338 6608 4083 
7366 448 6746 6745 
7367 4583 6134 3603 
7368 927 928 926 
7369 6494 6496 6495 
7370 4415 4416 4006 
7371 1489 1490 1488 
7372 2511 2512 2510 
7373 929 930 928 
7374 1710 1712 1711 
7375 5054 5055 4137 
7376 1450 1453 1452 
7377 1811 1812 1810 
7378 5865 8850 3262 
7379 4041 4062 4061 
7380 222 7518 6197 
7381 3593 3594 3592 
7382 2180 2181 2179 
7383 465 8343 6771 
7384 7282 8903 6289 
7385 5880 6788 5881 
7386 11 6677 456 
7387 4413 8128 6517 
7388 2955 3711 2957 
7389 5811 8926 5455 
7390 3908 6396 5320 
7391 6456 6457 494 
7392 1653 4190 2035 
7393 4614 6254 6080 
7394 6604 6606 6605 
7395 2093 2094 2092 
7396 2507 2508 2506 
7397 451 6611 192 
7398 113 6612 455 
7399 454 6615 45 
7400 3128 6854 2347 
7401 5677 8774 7681 
7402 4115 7027 3010 
7403 450 6616 94 
7404 1802 1803 1801 
7405 1807 1808 1806 
7406 5189 8602 2176 
7407 5867 6784 5866 
7408 2488 2489 2487 
7409 6425 6805 488 
7410 5272 6634 5137 
7411 3498 7191 4194 
7412 2805 3017 3016 
7413 5579 5581 5580 
7414 4808 4811 4810 
7415 1456 6636 1399 
7416 2596 3159 2598 
7417 1889 8199 5679 
7418 1768 1771 1770 
7419 1285 6393 1287 
7420 2723 2724 2722 
7421 2727 2728 2726 
7422 2966 2968 2967 
7423 4611 8673 4892 
7424 3833 4027 3259 
7425 6597 6598 499 
7426 5222 5225 5224 
7427 166 7067 425 
7428 1945 1946 1943 
7429 6424 6425 488 
7430 3687 3688 3686 
7431 2451 4097 2449 
7432 1565 1649 1648 
7433 6448 6807 492 
7434 1491 1492 1490 
7435 2918 3546 2919 
7436 1002 6711 1003 
7437 5133 8844 8790 
7438 2217 2219 2218 
7439 1232 6723 1235 
7440 1712 1714 1713 
7441 2688 5405 2114 
7442 936 6581 1695 
7443 1472 1474 1473 
7444 931 932 930 
7445 3853 3907 3856 
7446 5676 7681 4110 
7447 1779 1782 1781 
7448 2977 6809 2979 
7449 165 6423 164 
7450 4101 4103 3318 
7451 43 6444 42 
7452 2423 6413 3006 
7453 67 6446 66 
7454 92 6445 91 
7455 18 6455 17 
7456 6070 7942 6140 
7457 6165 6544 6168 
7458 2287 6527 2289 
7459 79 6055 78 
7460 3629 3843 2991 
7461 3396 6703 2912 
7462 5465 8020 7863 
7463 4167 4168 4166 
7464 4144 4662 4491 
7465 2182 2183 2181 
7466 6612 6614 455 
7467 6762 7742 7609 
7468 1163 1165 1164 
7469 6005 8951 7532 
7470 5137 6634 5135 
7471 3220 6405 3515 
7472 6031 6033 6032 
7473 960 965 964 
7474 4138 6249 6248 
7475 3092 6924 2602 
7476 3221 3514 3224 
7477 5202 7662 4556 
7478 3640 4435 3639 
7479 4470 6891 4467 
7480 1626 6503 5693 
7481 5915 6009 5913 
7482 6447 6448 492 
7483 3762 3763 3761 
7484 1966 1967 1924 
7485 3987 5048 3177 
7486 1052 1053 1051 
7487 1868 5423 3851 
7488 709 710 708 
7489 6074 8474 2974 
7490 2259 2261 2260 
7491 856 858 857 
7492 4561 4563 4562 
7493 3268 3814 3269 
7494 2461 7019 2458 
7495 1961 6912 2354 
7496 3017 3097 3096 
7497 2782 6659 2440 
7498 2990 4948 2939 
7499 5792 7645 5787 
7500 2388 2389 2386 
7501 1291 7122 1294 
7502 791 793 792 
7503 1003 1005 1004 
7504 191 489 190 
7505 164 488 163 
7506 1602 1603 1601 
7507 115 491 114 
7508 44 490 43 
7509 3050 3052 3051 
7510 93 493 92 
7511 66 492 65 
7512 142 495 141 
7513 17 494 16 
7514 2846 6392 2430 
7515 7198 8317 5862 
7516 6413 6415 6414 
7517 1127 1128 1126 
7518 835 8549 5711 
7519 1476 1478 1477 
7520 4229 6067 4228 
7521 3196 3197 3195 
7522 2652 2654 2653 
7523 3248 5941 1296 
7524 497 6743 6742 
7525 3980 4694 3979 
7526 5037 5038 5036 
7527 3458 6185 3099 
7528 2568 7981 7132 
7529 3166 6994 3902 
7530 2288 4021 2250 
7531 2601 2625 2624 
7532 1714 1716 1715 
7533 1054 1055 1053 
7534 6604 6605 5276 
7535 1249 7438 1251 
7536 936 6705 6581 
7537 5177 7641 5176 
7538 8224 8500 3595 
7539 5434 7672 4433 
7540 2490 2491 2489 
7541 5617 6966 5618 
7542 1376 3212 1356 
7543 660 664 663 
7544 1318 1320 1319 
7545 3814 4247 3815 
7546 2862 3180 2583 
7547 1927 6093 1926 
7548 2095 2096 2094 
7549 707 708 706 
7550 2139 2141 2140 
7551 4443 4954 4953 
7552 5777 8250 5778 
7553 2040 2537 2536 
7554 1354 4820 4819 
7555 2695 2860 2859 
7556 4164 6587 4453 
7557 4166 6888 3778 
7558 3943 4480 4479 
7559 3574 4192 2934 
7560 6514 8489 6567 
7561 5480 8429 8337 
7562 3908 5320 4310 
7563 2050 3027 3026 
7564 6426 6428 6425 
7565 653 656 655 
7566 2860 3220 3219 
7567 2184 2185 1967 
7568 8344 8709 4572 
7569 731 6825 734 
7570 793 795 794 
7571 3305 3410 3408 
7572 6348 6399 6345 
7573 1645 6823 1685 
7574 6188 7857 5937 
7575 3149 3607 3606 
7576 1395 6759 1392 
7577 4035 5308 3717 
7578 6308 6309 6306 
7579 4606 4607 4605 
7580 3921 3922 3899 
7581 1165 1168 1167 
7582 2353 6707 1962 
7583 4841 7674 6870 
7584 6221 8461 4756 
7585 4472 4591 4473 
7586 1478 1567 1566 
7587 1211 1212 1210 
7588 4389 5689 3699 
7589 3352 3353 3351 
7590 1217 6036 1218 
7591 3329 3330 3328 
7592 6437 6442 6436 
7593 6726 6727 5790 
7594 3646 6409 6408 
7595 3393 4261 4260 
7596 5280 5284 5278 
7597 541 542 540 
7598 2269 6516 3114 
7599 5619 7163 5624 
7600 5278 6604 5276 
7601 3760 6279 6274 
7602 4488 4729 4718 
7603 1600 1601 1598 
7604 1695 1935 1697 
7605 4121 4170 3594 
7606 5284 6604 5278 
7607 3416 3418 3415 
7608 3566 6422 4628 
7609 4142 6748 4144 
7610 5600 5601 3317 
7611 1284 1285 1283 
7612 4046 6660 4044 
7613 585 587 586 
7614 1586 6669 1585 
7615 4732 5445 4733 
7616 5102 5104 5103 
7617 1789 6724 1793 
7618 1830 1833 1829 
7619 1249 1251 1250 
7620 2994 5979 1147 
7621 1011 1013 1012 
7622 3874 3875 3873 
7623 4002 4080 4079 
7624 1649 1674 1673 
7625 435 8107 5215 
7626 179 6602 443 
7627 3760 3761 3759 
7628 6213 7661 6630 
7629 1056 1057 1055 
7630 1619 6653 6491 
7631 1782 1784 1783 
7632 2438 6757 2435 
7633 1413 1414 1412 
7634 4656 6212 3704 
7635 3099 3101 3100 
7636 5557 8158 428 
7637 5039 5040 5038 
7638 3271 6659 2782 
7639 191 6611 489 
7640 1005 1007 1006 
7641 4247 4249 4248 
7642 44 6615 490 
7643 491 6612 114 
7644 3198 3199 3197 
7645 6449 6450 6448 
7646 93 6616 493 
7647 1584 1586 1585 
7648 6429 6430 6428 
7649 1774 1777 1776 
7650 2948 7684 5784 
7651 2423 2425 2424 
7652 2049 6845 2829 
7653 6613 6614 6612 
7654 6284 8488 4868 
7655 1168 1170 1169 
7656 3626 6850 4912 
7657 858 860 859 
7658 1320 1322 1321 
7659 7014 7779 69 
7660 2959 2962 2961 
7661 6788 6789 5881 
7662 795 797 796 
7663 1632 1635 1634 
7664 2041 2987 2038 
7665 1215 1216 1214 
7666 1397 3234 1395 
7667 4080 4287 4286 
7668 6536 7560 3725 
7669 1135 1136 1134 
7670 4728 5943 4172 
7671 3305 5990 3411 
7672 3799 5729 2528 
7673 1604 1605 1603 
7674 2414 3237 2416 
7675 5056 5353 5055 
7676 3414 3415 2883 
7677 3505 7433 6698 
7678 2261 2872 2871 
7679 6660 6841 4141 
7680 2551 3268 2785 
7681 888 5508 1936 
7682 6742 6744 450 
7683 1574 7808 6205 
7684 5298 8356 5096 
7685 3928 3929 3271 
7686 6432 6805 6425 
7687 2455 4145 2457 
7688 6458 7475 6457 
7689 3790 5179 4582 
7690 5344 6760 4291 
7691 1415 1416 1414 
7692 664 666 665 
7693 4888 4889 3929 
7694 2459 2468 2462 
7695 14 6596 13 
7696 6410 7606 6408 
7697 1078 1080 1079 
7698 2006 2280 2279 
7699 2145 2147 2146 
7700 1170 1177 1176 
7701 1582 1584 1583 
7702 5740 7177 1925 
7703 1784 1786 1785 
7704 5940 8028 1971 
7705 6171 7545 1792 
7706 2968 2971 2970 
7707 2950 6940 4968 
7708 1513 1515 1514 
7709 2492 2493 2491 
7710 2425 2428 2426 
7711 5663 8324 4834 
7712 5788 6726 5790 
7713 2219 2221 2220 
7714 2709 8733 7031 
7715 4836 7958 4475 
7716 3331 3332 3330 
7717 5781 8521 3005 
7718 5041 5042 5040 
7719 4013 4014 3983 
7720 7249 7383 4806 
7721 3779 6072 6071 
7722 5825 8843 2500 
7723 1141 1142 1140 
7724 1926 6093 5529 
7725 1170 7403 1178 
7726 6378 7676 1404 
7727 3746 7250 5111 
7728 2097 2098 2096 
7729 1834 1840 1833 
7730 4552 4553 3801 
7731 1677 6919 5695 
7732 4249 4251 4250 
7733 1841 1940 1840 
7734 6297 8554 4738 
7735 6453 6807 6448 
7736 4233 4234 4232 
7737 1774 6732 1777 
7738 3406 3944 3479 
7739 4591 4593 4592 
7740 2321 2322 2183 
7741 2036 4116 2034 
7742 1995 2029 1846 
7743 587 590 589 
7744 2329 6036 1217 
7745 3251 3406 3252 
7746 5456 8418 3453 
7747 3461 7625 3542 
7748 3107 6681 3079 
7749 2971 2973 2972 
7750 4210 7414 6678 
7751 1716 1718 1717 
7752 5684 7620 5686 
7753 3784 6740 4485 
7754 768 769 767 
7755 5427 8833 6650 
7756 4294 7198 4296 
7757 1606 1607 1605 
7758 1701 1704 1703 
7759 2713 3610 3381 
7760 6571 8586 4147 
7761 1269 7013 5633 
7762 711 712 710 
7763 1546 6739 1672 
7764 6926 7946 6135 
7765 4781 4783 4782 
7766 5444 6297 5420 
7767 1129 1130 1128 
7768 6331 6332 6330 
7769 2656 7383 7249 
7770 464 8953 5452 
7771 6528 8169 3796 
7772 2253 3453 2255 
7773 5075 8950 4986 
7774 2977 2979 2978 
7775 6673 6674 6671 
7776 1674 1691 1690 
7777 1786 1789 1788 
7778 4629 4630 4416 
7779 3075 3076 3074 
7780 3897 5785 2108 
7781 2091 2092 2089 
7782 860 863 862 
7783 4608 4610 4607 
7784 12 6677 11 
7785 3602 3790 3603 
7786 4864 4866 4865 
7787 1322 1324 1323 
7788 2405 6402 2407 
7789 6372 8004 5104 
7790 1401 1456 1399 
7791 1672 3247 1877 
7792 1179 1181 1180 
7793 1538 1539 1492 
7794 5943 6749 4172 
7795 3333 3429 3332 
7796 543 545 542 
7797 2892 2893 2891 
7798 5271 5272 5137 
7799 2279 7071 3228 
7800 5407 8371 5408 
7801 797 799 798 
7802 4869 6847 4133 
7803 2963 2966 2965 
7804 3017 6729 3098 
7805 6908 7255 6479 
7806 978 8692 7987 
7807 666 668 667 
7808 271 7491 6083 
7809 2143 2145 2144 
7810 5145 6888 4166 
7811 3027 3120 3119 
7812 1689 3044 1687 
7813 551 552 549 
7814 548 549 547 
7815 590 594 593 
7816 2918 6728 3547 
7817 546 547 545 
7818 1139 1140 1138 
7819 1133 1134 1132 
7820 1013 1015 1014 
7821 4631 4632 4630 
7822 2053 6164 1467 
7823 5222 6786 5225 
7824 2440 4842 2438 
7825 1569 1571 1570 
7826 4599 8167 5049 
7827 2983 2985 2984 
7828 1251 1254 1253 
7829 5296 8753 4886 
7830 3200 3201 3199 
7831 3655 3656 3654 
7832 3740 5102 5101 
7833 1984 2713 2630 
7834 1672 6739 3247 
7835 4970 7005 3742 
7836 1842 6214 6076 
7837 3651 3652 3363 
7838 3748 5832 5831 
7839 1941 2269 1940 
7840 4565 4781 4780 
7841 1629 6503 1626 
7842 6086 6824 6087 
7843 5035 5036 4470 
7844 5634 6594 4797 
7845 3122 3124 3123 
7846 5540 8257 7534 
7847 8380 8532 1664 
7848 2979 2981 2980 
7849 3160 6867 3165 
7850 3689 3690 3688 
7851 2969 6793 3012 
7852 4084 4085 4014 
7853 766 767 765 
7854 4140 5634 4797 
7855 4231 4232 4229 
7856 4122 7253 4904 
7857 4794 8365 7983 
7858 980 7245 6542 
7859 1418 1419 1416 
7860 1757 1758 1756 
7861 3610 3931 3930 
7862 4207 4770 3904 
7863 2654 2658 2655 
7864 3302 3305 3304 
7865 3239 3240 3238 
7866 2188 2189 2187 
7867 5043 5044 5042 
7868 1499 1500 1498 
7869 5711 7770 5712 
7870 3255 3271 2782 
7871 5761 7587 5759 
7872 2099 2100 2098 
7873 1718 1720 1719 
7874 84 6664 483 
7875 5507 7370 5053 
7876 2149 2151 2150 
7877 2767 6879 2412 
7878 2221 2223 2222 
7879 668 670 669 
7880 3894 6478 3949 
7881 2420 2423 2422 
7882 6356 6923 484 
7883 2314 7820 7480 
7884 1121 8811 5637 
7885 6925 6926 6135 
7886 3044 6860 6492 
7887 21 6512 20 
7888 4662 4663 4491 
7889 5283 6670 5280 
7890 1789 1791 1790 
7891 2603 3149 3148 
7892 6769 6771 6770 
7893 1578 1580 1579 
7894 4539 4541 4540 
7895 4251 4253 4252 
7896 5585 5588 5586 
7897 4344 4869 4133 
7898 1900 1901 1898 
7899 6318 6794 6319 
7900 3825 5858 4259 
7901 1515 1517 1516 
7902 3022 6582 3021 
7903 1501 1502 1500 
7904 5969 8162 5970 
7905 594 597 596 
7906 5636 6478 3894 
7907 4611 4612 4610 
7908 2346 6720 4522 
7909 1080 1082 1081 
7910 1422 1423 1419 
7911 3866 7044 4548 
7912 3937 5015 3118 
7913 1573 1576 1575 
7914 2755 4140 4134 
7915 1179 6861 1181 
7916 6769 8230 465 
7917 1340 7477 5981 
7918 1254 1256 1255 
7919 3234 6759 1395 
7920 159 6752 461 
7921 1843 6934 1882 
7922 6566 7774 3711 
7923 4593 4740 4594 
7924 3931 6377 6376 
7925 3430 3431 3429 
7926 3202 3203 3201 
7927 4280 6796 4279 
7928 1957 8849 6749 
7929 3101 3103 3102 
7930 1405 3115 1403 
7931 3245 5361 4049 
7932 1147 1148 1146 
7933 1893 1894 1849 
7934 4498 7398 6932 
7935 1497 1498 1496 
7936 1904 6949 1662 
7937 1691 1852 1851 
7938 125 6558 124 
7939 625 626 624 
7940 723 725 724 
7941 4468 4472 4471 
7942 7242 7568 3730 
7943 1503 1504 1502 
7944 1324 1326 1325 
7945 3273 3979 2922 
7946 4261 6579 4661 
7947 6442 7540 6436 
7948 2494 2495 2493 
7949 4408 4410 4409 
7950 526 8037 5148 
7951 3124 3549 3548 
7952 2823 3595 2683 
7953 2985 3037 3036 
7954 1493 1494 1458 
7955 1296 1297 1295 
7956 3124 6730 3550 
7957 1411 1412 1407 
7958 1434 6731 1428 
7959 970 8765 5965 
7960 1914 1927 1926 
7961 770 771 769 
7962 799 802 801 
7963 670 673 672 
7964 2373 4147 2375 
7965 1427 1428 1423 
7966 6574 7007 2291 
7967 2341 8003 2337 
7968 3179 4095 4020 
7969 5431 8176 485 
7970 3452 3747 2825 
7971 4892 5340 4612 
7972 554 555 552 
7973 5367 8732 5370 
7974 2323 2324 2322 
7975 3997 6130 3527 
7976 6183 8650 6182 
7977 6769 6770 6767 
7978 1517 1519 1518 
7979 3378 6412 3646 
7980 3804 4655 3803 
7981 5796 5800 4832 
7982 1720 1722 1721 
7983 3354 3355 3353 
7984 2404 2405 2403 
7985 1145 1146 1144 
7986 2102 2103 2100 
7987 2223 2225 2224 
7988 6346 6347 6345 
7989 1540 1541 1539 
7990 1082 1084 1083 
7991 773 774 771 
7992 5859 8686 528 
7993 2898 2899 2897 
7994 5343 7661 4604 
7995 6040 6041 6039 
7996 5139 5255 5140 
7997 453 6751 161 
7998 1590 1592 1591 
7999 5147 5859 5146 
8000 4531 8038 5458 
8001 2776 6975 1959 
8002 6766 6772 501 
8003 2428 2430 2429 
8004 620 621 619 
8005 6872 7925 5158 
8006 5788 5789 904 
8007 4744 5364 4743 
8008 3030 3340 3339 
8009 7315 8161 5822 
8010 1912 1914 1913 
8011 1432 1433 1428 
8012 799 7453 802 
8013 5131 8752 4307 
8014 2151 2153 2152 
8015 2402 2403 2401 
8016 3078 3079 3076 
8017 1256 1258 1257 
8018 5965 7852 970 
8019 5254 6186 3932 
8020 4633 4634 4632 
8021 2988 3226 2987 
8022 2377 2392 2382 
8023 4529 5477 3994 
8024 2658 3520 2659 
8025 3204 3205 3203 
8026 5485 8801 8165 
8027 1519 1521 1520 
8028 5544 6163 1998 
8029 5104 8004 7567 
8030 4842 6757 2438 
8031 2068 2070 2069 
8032 3094 3182 3181 
8033 599 601 600 
8034 933 942 932 
8035 3062 3094 3093 
8036 3164 7072 2535 
8037 3400 4156 3242 
8038 1897 1898 1895 
8039 2005 6982 6233 
8040 7413 7444 5336 
8041 1505 1506 1504 
8042 1457 1458 1441 
8043 1986 5357 4151 
8044 4253 4428 4254 
8045 3073 6785 3084 
8046 4173 6849 5312 
8047 714 715 712 
8048 1735 7571 2265 
8049 4144 6748 4662 
8050 2194 2195 2193 
8051 550 7800 5914 
8052 6644 6958 3912 
8053 6201 6575 1639 
8054 5998 6810 3978 
8055 3949 6478 5857 
8056 3241 3242 3240 
8057 1592 1594 1593 
8058 443 6955 6293 
8059 871 6995 4961 
8060 8023 8154 4711 
8061 834 836 833 
8062 6158 6930 6154 
8063 623 8385 8335 
8064 7240 7241 6561 
8065 6080 6676 4616 
8066 40 6564 39 
8067 3063 7133 3570 
8068 4616 4617 4615 
8069 775 776 774 
8070 4922 4923 4920 
8071 2430 2432 2431 
8072 1060 1061 1059 
8073 1854 1856 1855 
8074 4541 4982 4542 
8075 6224 6225 6223 
8076 180 6602 179 
8077 1523 1527 1524 
8078 4996 7436 4724 
8079 4345 7899 6707 
8080 3540 6364 3339 
8081 4656 6695 6212 
8082 2896 2897 2895 
8083 2354 6912 4918 
8084 3432 3433 3431 
8085 6034 8299 2054 
8086 3691 3692 3690 
8087 2900 2901 2899 
8088 4488 6980 4729 
8089 161 6751 160 
8090 1181 1183 1182 
8091 3907 6396 3908 
8092 2325 2326 2324 
8093 2388 8029 2682 
8094 6031 6032 1737 
8095 673 676 675 
8096 1951 1952 1949 
8097 4683 8245 8149 
8098 6770 6772 6767 
8099 1681 6803 3225 
8100 1294 1295 1293 
8101 313 7381 6191 
8102 6751 6752 160 
8103 1521 1523 1522 
8104 6969 7187 2267 
8105 2196 2197 2195 
8106 4091 5082 4090 
8107 830 831 829 
8108 448 6745 63 
8109 2872 7000 2871 
8110 5365 5366 5364 
8111 2021 3022 3021 
8112 1217 1218 1216 
8113 6024 6027 1736 
8114 6778 6779 466 
8115 826 827 824 
8116 3182 3184 3183 
8117 5275 5276 5273 
8118 725 727 726 
8119 1258 1261 1260 
8120 4380 7019 2461 
8121 1744 7571 1732 
8122 3467 3483 3468 
8123 563 564 561 
8124 4480 5185 5184 
8125 2962 2963 2961 
8126 502 6775 6774 
8127 4685 6827 6470 
8128 6673 6675 6674 
8129 4274 7435 3134 
8130 1062 1063 1061 
8131 3218 7168 2752 
8132 6932 6933 4529 
8133 4614 4615 4613 
8134 5062 8524 5339 
8135 556 557 555 
8136 6845 7172 2829 
8137 1084 1086 1085 
8138 1947 1948 1946 
8139 4541 8092 5203 
8140 6258 6960 2677 
8141 843 844 838 
8142 1236 7016 1239 
8143 1962 1963 1953 
8144 497 6742 96 
8145 1608 1609 1607 
8146 2192 2193 2191 
8147 2930 3667 2947 
8148 494 6461 16 
8149 2861 6936 3590 
8150 2840 3238 1974 
8151 629 630 628 
8152 7009 7050 4188 
8153 5017 5018 4201 
8154 6775 6776 6774 
8155 4410 4724 4723 
8156 5623 6180 2993 
8157 1549 1550 1548 
8158 560 561 559 
8159 3553 5931 5928 
8160 565 566 564 
8161 1763 1764 1762 
8162 4139 6848 6795 
8163 6734 8232 4942 
8164 1064 1065 1063 
8165 5773 8902 1317 
8166 3723 4117 4063 
8167 5277 5278 5276 
8168 821 822 820 
8169 4190 6946 2035 
8170 3278 7616 3276 
8171 4701 4702 3513 
8172 5396 6644 3912 
8173 4428 6820 6492 
8174 1300 1301 1299 
8175 1722 1725 1724 
8176 5816 5817 4625 
8177 1290 1291 1289 
8178 5954 5956 5955 
8179 5313 7027 4115 
8180 3227 3627 3226 
8181 716 717 715 
8182 4055 5236 5235 
8183 3080 3082 3079 
8184 5227 8148 5229 
8185 6170 7390 6172 
8186 6438 7797 6439 
8187 85 6664 84 
8188 3178 6190 1263 
8189 4150 4317 4316 
8190 5065 5066 4634 
8191 3902 6994 5011 
8192 5367 5368 5366 
8193 3291 3292 3290 
8194 192 6611 191 
8195 45 6615 44 
8196 114 6612 113 
8197 3206 3207 3205 
8198 94 6616 93 
8199 5185 5447 5446 
8200 2104 2105 2103 
8201 7320 8830 5324 
8202 2225 2227 2226 
8203 3573 4150 3709 
8204 3668 3671 3670 
8205 1594 1596 1595 
8206 601 604 603 
8207 5777 8164 703 
8208 3746 5111 5110 
8209 676 678 677 
8210 2454 6146 1190 
8211 4906 4907 3627 
8212 606 608 607 
8213 4141 5944 4043 
8214 3287 3288 3286 
8215 3356 3358 3355 
8216 567 568 566 
8217 4485 6740 4837 
8218 1551 1552 1550 
8219 727 729 728 
8220 3135 5652 5647 
8221 5271 5273 5272 
8222 3289 3290 3288 
8223 3370 4880 3371 
8224 3150 7062 4008 
8225 3590 4864 4863 
8226 1969 2021 2020 
8227 461 6761 158 
8228 3824 6584 4941 
8229 3012 6793 3573 
8230 6189 7857 6188 
8231 3461 3541 3433 
8232 3903 6475 5509 
8233 3693 3694 3692 
8234 4485 4837 4557 
8235 1955 1956 1901 
8236 1794 1796 1795 
8237 95 6742 450 
8238 5453 6877 4586 
8239 193 451 192 
8240 162 453 161 
8241 144 449 143 
8242 113 455 112 
8243 46 454 45 
8244 64 448 63 
8245 95 450 94 
8246 15 452 14 
8247 1725 1727 1726 
8248 150 6773 500 
8249 158 6761 157 
8250 4740 4838 4741 
8251 5589 8631 7694 
8252 2496 2497 2495 
8253 7001 7134 6020 
8254 151 6773 150 
8255 5089 5091 5090 
8256 5279 5280 5278 
8257 1344 6717 3266 
8258 1727 1730 1729 
8259 4386 5008 4385 
8260 3039 3041 3040 
8261 6505 6506 4097 
8262 3754 4345 3130 
8263 62 6745 498 
8264 2157 2159 2158 
8265 3208 3236 3207 
8266 4228 6067 6066 
8267 2346 3128 2347 
8268 4187 7117 1837 
8269 5283 6671 6670 
8270 3103 3105 3104 
8271 3247 5122 1877 
8272 160 6752 159 
8273 4518 5299 4517 
8274 979 7872 7846 
8275 6447 8873 6452 
8276 4780 8467 6661 
8277 6270 6271 6268 
8278 4950 6880 3534 
8279 4823 6215 3644 
8280 6542 7594 4934 
8281 1436 1437 1435 
8282 2372 6324 610 
8283 3824 4941 4280 
8284 3890 8711 5422 
8285 2912 2913 2910 
8286 6748 7471 4662 
8287 729 731 730 
8288 3538 6790 4647 
8289 4820 4829 4819 
8290 3469 6272 6262 
8291 1767 1768 1766 
8292 5411 8154 3864 
8293 5628 7990 5630 
8294 4199 7131 7058 
8295 5602 5603 5601 
8296 4516 6837 5661 
8297 941 1641 1640 
8298 4051 6802 6236 
8299 2966 2967 2965 
8300 4747 4748 4746 
8301 3449 4871 4009 
8302 3318 6982 2278 
8303 2199 2200 2197 
8304 6352 6399 6348 
8305 2690 6834 1956 
8306 458 6755 147 
8307 60 6756 457 
8308 5079 5080 5066 
8309 4211 4213 4212 
8310 63 6745 62 
8311 3253 3526 3143 
8312 1652 1925 1667 
8313 7858 7993 4912 
8314 146 496 145 
8315 97 497 96 
8316 62 498 61 
8317 13 499 12 
8318 777 778 776 
8319 1229 1230 1228 
8320 3295 3296 3294 
8321 2070 2072 2071 
8322 2280 2282 2281 
8323 2594 6896 2592 
8324 2986 3903 2444 
8325 1225 1226 1224 
8326 1029 7704 7664 
8327 146 6755 496 
8328 498 6756 61 
8329 6519 6899 4512 
8330 6767 6772 6766 
8331 718 719 717 
8332 503 6777 8 
8333 1860 1862 1861 
8334 1511 1512 1510 
8335 1524 6883 1526 
8336 6330 6828 6329 
8337 3285 3286 3284 
8338 2106 2107 2105 
8339 96 6742 95 
8340 8 6777 7 
8341 1771 1772 1770 
8342 3297 3298 3296 
8343 2443 2444 2442 
8344 1842 6668 6214 
8345 1221 1222 1220 
8346 3454 7000 4138 
8347 3507 4539 4077 
8348 2901 6497 2903 
8349 2253 6669 3453 
8350 3035 8183 2221 
8351 912 8960 5417 
8352 2037 6946 2040 
8353 6532 6548 3836 
8354 159 461 158 
8355 196 460 195 
8356 110 463 109 
8357 49 462 48 
8358 5958 5961 5960 
8359 3695 3696 3694 
8360 1509 1510 1508 
8361 4387 5187 3401 
8362 2155 2157 2156 
8363 5052 5053 4770 
8364 1614 1615 1613 
8365 1302 1303 1301 
8366 4720 6850 2052 
8367 6318 8909 7632 
8368 2829 4720 2052 
8369 3505 6698 3507 
8370 4025 5315 5078 
8371 1185 1187 1186 
8372 2758 2793 2326 
8373 5673 7986 7839 
8374 6768 6769 6767 
8375 3989 6878 6644 
8376 4504 7935 4502 
8377 148 6763 458 
8378 457 6764 59 
8379 456 6765 10 
8380 4787 4789 4788 
8381 4693 6853 2446 
8382 6434 6437 6436 
8383 499 6677 12 
8384 2515 6981 889 
8385 2009 7128 3892 
8386 3792 4211 4210 
8387 3806 6244 2789 
8388 1796 1798 1797 
8389 506 6767 6766 
8390 3373 3785 3784 
8391 5335 5392 3958 
8392 147 6755 146 
8393 61 6756 60 
8394 3623 7053 4569 
8395 4217 4219 4218 
8396 2282 2523 2283 
8397 148 458 147 
8398 99 459 98 
8399 60 457 59 
8400 11 456 10 
8401 2072 2075 2074 
8402 500 6763 149 
8403 58 6764 502 
8404 9 6765 503 
8405 506 6768 6767 
8406 5252 5253 5251 
8407 2523 2812 2524 
8408 101 6766 501 
8409 149 6763 148 
8410 59 6764 58 
8411 10 6765 9 
8412 8626 8793 8305 
8413 150 500 149 
8414 101 501 100 
8415 58 502 57 
8416 9 503 8 
8417 502 6774 57 
8418 52 6778 466 
8419 6097 8116 4701 
8420 506 6766 102 
8421 102 6766 101 
8422 2462 8256 5730 
8423 156 464 155 
8424 107 465 106 
8425 52 466 51 
8426 199 467 198 
8427 4498 6932 4529 
8428 1376 3917 3212 
8429 1015 1017 1016 
8430 505 6778 53 
8431 53 6778 52 
8432 57 6774 56 
8433 1856 1858 1857 
8434 154 507 153 
8435 103 506 102 
8436 54 505 53 
8437 201 504 200 
8438 1263 1265 1264 
8439 3254 3729 3728 
8440 2498 2499 2497 
8441 1596 1598 1597 
8442 1444 1445 1437 
8443 3161 8621 8264 
8444 4219 4221 4220 
8445 3087 4270 4268 
8446 508 6909 509 
8447 610 612 611 
8448 1641 1657 1650 
8449 2501 8256 2469 
8450 1536 1651 1644 
8451 3425 3789 3643 
8452 3573 6793 4150 
8453 2227 2229 2228 
8454 2940 6697 3313 
8455 4995 4997 4996 
8456 5757 5760 5759 
8457 5504 5505 4828 
8458 2812 3029 2813 
8459 4997 4999 4998 
8460 3268 3269 2785 
8461 5286 8254 5270 
8462 830 7192 831 
8463 3041 3174 3173 
8464 2042 8729 5885 
8465 4482 5554 3976 
8466 1894 7134 7001 
8467 5675 6892 2002 
8468 2815 3503 2814 
8469 5881 5882 5879 
8470 4215 4217 4216 
8471 3340 3342 3341 
8472 1616 1617 1615 
8473 8089 8899 5664 
8474 2225 8393 2889 
8475 3359 3364 3358 
8476 3891 7137 2938 
8477 2960 6905 2958 
8478 4789 4791 4790 
8479 5628 5629 5626 
8480 4352 6553 6551 
8481 634 635 632 
8482 2423 2424 2422 
8483 2400 7139 2390 
8484 6598 6677 499 
8485 4424 4517 4422 
8486 451 8814 7048 
8487 6698 8092 4539 
8488 5091 5093 5092 
8489 2349 3370 2942 
8490 1867 2346 1973 
8491 4683 5334 4122 
8492 3814 3815 3269 
8493 5548 5549 5547 
8494 4808 7383 4811 
8495 5388 6601 5369 
8496 2425 2426 2424 
8497 4554 4555 4553 
8498 1730 1732 1731 
8499 3542 3611 3541 
8500 1553 1554 1552 
8501 1243 6830 1351 
8502 4749 4750 4748 
8503 2979 6809 2982 
8504 2468 2470 2469 
8505 4221 4223 4222 
8506 3729 4802 4801 
8507 2312 7472 6020 
8508 5199 7847 5198 
8509 1526 2795 1531 
8510 5452 5453 4586 
8511 2709 6953 2094 
8512 3648 4421 3091 
8513 3174 3579 3578 
8514 3483 3485 3484 
8515 5293 8335 4603 
8516 3165 6834 2690 
8517 4904 6873 6103 
8518 1773 1774 1772 
8519 7184 7205 6019 
8520 5370 5371 5368 
8521 5745 7617 767 
8522 2347 6854 2349 
8523 2845 4693 2446 
8524 1383 6913 6493 
8525 3089 4099 2865 
8526 6322 8336 5109 
8527 845 846 844 
8528 2110 2111 2109 
8529 1066 1067 1065 
8530 2992 6859 3316 
8531 2575 6916 2577 
8532 863 865 864 
8533 4884 6184 4885 
8534 3923 3924 3922 
8535 2592 4195 2590 
8536 4087 4385 3993 
8537 2503 2504 2499 
8538 4963 8768 6622 
8539 1941 7077 2269 
8540 5563 8934 3843 
8541 4987 8931 5201 
8542 432 6797 121 
8543 731 734 733 
8544 2950 4968 4570 
8545 4428 7468 6821 
8546 5988 7809 1993 
8547 3532 6844 2717 
8548 4247 4248 3815 
8549 3825 6836 5858 
8550 889 6981 880 
8551 1190 1192 1191 
8552 802 804 803 
8553 1777 1778 1776 
8554 2159 2161 2160 
8555 6502 6852 4462 
8556 4721 5741 4720 
8557 1565 8719 1891 
8558 5447 5450 5449 
8559 5852 7005 4970 
8560 4830 6733 4829 
8561 5093 5095 5094 
8562 5221 5222 5080 
8563 638 639 637 
8564 8358 8738 5393 
8565 2581 2835 2834 
8566 2968 2970 2967 
8567 2977 2978 2973 
8568 3243 7186 7055 
8569 198 6817 197 
8570 4003 5731 4510 
8571 1618 1619 1617 
8572 479 7743 6314 
8573 3043 3823 3175 
8574 1884 4187 1837 
8575 2045 4161 2043 
8576 943 945 942 
8577 4672 8380 5983 
8578 3797 3798 3410 
8579 5668 8171 5605 
8580 4344 5133 4869 
8581 4415 7628 6383 
8582 3342 3344 3343 
8583 434 7566 170 
8584 2392 2394 2393 
8585 1612 1613 1610 
8586 492 6807 65 
8587 488 6805 163 
8588 1585 6669 2253 
8589 1269 1271 1270 
8590 3823 6584 3824 
8591 1685 6823 2990 
8592 612 615 614 
8593 4195 7066 2590 
8594 2740 7050 7009 
8595 4641 4643 3608 
8596 4223 4225 4224 
8597 121 6797 120 
8598 6387 6392 2846 
8599 4103 8519 4915 
8600 1813 6668 1842 
8601 1086 1088 1087 
8602 1883 8545 1561 
8603 3186 3188 3187 
8604 3623 4569 4568 
8605 5288 6498 4939 
8606 5275 5277 5276 
8607 3365 3462 3364 
8608 4225 4227 4226 
8609 6670 7833 5284 
8610 169 7566 487 
8611 734 736 735 
8612 569 571 568 
8613 4791 4793 4792 
8614 1779 1781 1778 
8615 471 8316 6122 
8616 5372 5373 5371 
8617 5657 7711 1038 
8618 678 681 680 
8619 5718 7615 994 
8620 5153 5972 5152 
8621 779 780 778 
8622 4751 5028 4750 
8623 7026 8185 4657 
8624 3117 3868 3867 
8625 5102 5103 5101 
8626 4952 7790 6124 
8627 446 6308 6306 
8628 3485 3487 3486 
8629 720 721 719 
8630 3160 3165 2690 
8631 645 646 644 
8632 2075 2077 2076 
8633 1893 1895 1894 
8634 4249 4250 4248 
8635 1151 1152 1150 
8636 1752 1754 1753 
8637 3928 4888 3929 
8638 6764 6829 502 
8639 3255 3928 3271 
8640 5130 5131 4307 
8641 3334 4768 3423 
8642 6295 8756 7145 
8643 3993 6924 3092 
8644 5978 7911 5822 
8645 1960 8087 2777 
8646 2161 2163 2162 
8647 5839 8839 5067 
8648 2906 2907 2905 
8649 163 6805 162 
8650 510 5780 441 
8651 144 6903 449 
8652 4039 5267 5266 
8653 4793 4795 4794 
8654 3630 7124 4779 
8655 65 6807 64 
8656 3188 3190 3189 
8657 2050 3026 2047 
8658 1706 1707 1705 
8659 5604 5605 5603 
8660 1773 6732 1774 
8661 3299 3300 3298 
8662 1231 1232 1230 
8663 2229 2231 2230 
8664 1265 1267 1266 
8665 6087 8820 5838 
8666 6266 6267 6260 
8667 2560 3254 3015 
8668 946 950 945 
8669 6450 6454 6453 
8670 4841 6870 4028 
8671 2725 8148 5399 
8672 843 8088 2001 
8673 3581 3583 3582 
8674 4142 4144 4143 
8675 1025 1027 1026 
8676 452 6596 14 
8677 4150 7078 4317 
8678 1600 1602 1601 
8679 2908 2909 2907 
8680 6110 8086 3308 
8681 2116 2117 2115 
8682 3538 4647 3620 
8683 4249 7524 5045 
8684 3697 3698 3696 
8685 2112 2113 2111 
8686 915 6825 731 
8687 5264 8364 480 
8688 3508 6927 4181 
8689 5277 5279 5278 
8690 1708 1709 1707 
8691 1419 6819 1416 
8692 2848 2865 1978 
8693 1438 4092 1447 
8694 1732 1735 1734 
8695 6334 6901 478 
8696 2044 6845 2046 
8697 1798 1801 1800 
8698 2599 2814 2594 
8699 3113 6790 3538 
8700 3585 3826 3586 
8701 3487 3489 3488 
8702 8691 8733 2098 
8703 8066 8847 4753 
8704 1862 1864 1863 
8705 2638 2639 2637 
8706 1897 1900 1898 
8707 3508 4181 4114 
8708 4112 7055 5263 
8709 3943 6643 4480 
8710 6195 6196 3991 
8711 5483 8214 5401 
8712 2470 2472 2471 
8713 496 6903 145 
8714 1153 6875 1357 
8715 6607 8948 757 
8716 4823 6715 6215 
8717 464 8780 5454 
8718 5282 5283 5280 
8719 4095 5046 4096 
8720 3732 3734 3733 
8721 2995 6872 2481 
8722 1685 2939 1939 
8723 7060 7308 2972 
8724 736 738 737 
8725 3418 4606 4605 
8726 1304 1305 1303 
8727 1706 7721 2026 
8728 3344 3346 3345 
8729 1704 1705 1703 
8730 1459 4366 1461 
8731 5095 5097 5096 
8732 6663 8419 5348 
8733 1681 1683 1682 
8734 4150 4316 3709 
8735 1192 1194 1193 
8736 3067 3945 3069 
8737 1088 1090 1089 
8738 4538 7930 5908 
8739 3190 3192 3191 
8740 2585 7912 7549 
8741 1068 1069 1067 
8742 1363 7884 1367 
8743 3795 8273 3794 
8744 1748 1750 1749 
8745 2638 6662 2639 
8746 3663 7451 5457 
8747 640 641 639 
8748 3444 3460 3459 
8749 3734 4531 4242 
8750 2983 2984 2981 
8751 4239 4899 4898 
8752 3077 7166 6373 
8753 5178 7848 5177 
8754 4119 4120 3924 
8755 1931 2932 1928 
8756 3571 6826 3011 
8757 951 953 950 
8758 847 848 846 
8759 2573 4196 2575 
8760 357 6576 358 
8761 4275 7008 2371 
8762 1625 1626 1623 
8763 3612 3613 3611 
8764 782 783 780 
8765 2642 2643 2641 
8766 4251 4252 4250 
8767 1027 1031 1030 
8768 6437 6443 6442 
8769 3756 4274 3134 
8770 1090 1093 1092 
8771 1153 1154 1152 
8772 5452 7738 6600 
8773 6363 8767 8238 
8774 4004 6178 6177 
8775 2829 7172 4721 
8776 1803 1806 1805 
8777 3575 6863 3203 
8778 5036 6891 4470 
8779 1869 1871 1870 
8780 6325 8101 3500 
8781 2357 4142 3146 
8782 3842 7151 5416 
8783 738 740 739 
8784 7726 8113 5505 
8785 1316 8959 1318 
8786 4620 6844 3532 
8787 2644 2645 2643 
8788 7058 7131 2839 
8789 6319 6320 6317 
8790 1754 1756 1755 
8791 5270 5271 5137 
8792 2577 2581 2580 
8793 8404 8968 6443 
8794 1016 7025 1459 
8795 1882 6934 3113 
8796 1983 2359 1878 
8797 8433 8559 7012 
8798 3991 6532 3552 
8799 4113 4363 3307 
8800 6102 7325 887 
8801 2205 2206 2204 
8802 2394 2396 2395 
8803 6463 6596 452 
8804 2971 2972 2970 
8805 6343 6346 6345 
8806 1782 1783 1781 
8807 1808 1810 1809 
8808 2428 2429 2426 
8809 4918 5563 3131 
8810 2036 6998 4116 
8811 5605 8846 5668 
8812 3460 3732 3731 
8813 1284 8496 3496 
8814 3544 4709 3440 
8815 2636 2637 2617 
8816 5630 5632 5629 
8817 647 648 646 
8818 3884 5351 4433 
8819 1465 1466 1453 
8820 2350 6861 1179 
8821 1625 6980 1628 
8822 2914 2915 2913 
8823 5561 7913 4129 
8824 1793 6724 3065 
8825 345 6595 346 
8826 2231 2233 2232 
8827 2096 8733 2709 
8828 1306 1307 1305 
8829 2958 6905 3565 
8830 1622 1623 1620 
8831 6672 6673 6671 
8832 740 743 742 
8833 3380 6412 3378 
8834 6509 8342 5713 
8835 1317 8567 5773 
8836 6328 6331 6330 
8837 528 8084 5859 
8838 5158 7925 5157 
8839 1155 1156 1154 
8840 3757 6882 3355 
8841 1449 1450 1445 
8842 2573 7034 4196 
8843 1271 1273 1272 
8844 2953 2955 2954 
8845 1070 1071 1069 
8846 518 1957 516 
8847 3047 7011 2761 
8848 5029 5126 5028 
8849 4795 5155 5154 
8850 1911 7113 6585 
8851 5787 7644 5788 
8852 4227 4229 4228 
8853 4915 6982 3318 
8854 2472 2474 2473 
8855 6498 6866 4939 
8856 2052 6850 2923 
8857 3301 3302 3300 
8858 4660 4925 4659 
8859 1602 1604 1603 
8860 5274 5275 5273 
8861 7662 8355 4556 
8862 8489 8904 6567 
8863 2203 2204 2202 
8864 850 851 848 
8865 2715 6974 6502 
8866 935 7068 938 
8867 1033 1035 1034 
8868 2207 2208 2206 
8869 1555 1556 1554 
8870 2163 2165 2164 
8871 514 4018 512 
8872 954 955 953 
8873 1628 1629 1626 
8874 1710 1711 1709 
8875 3710 6867 3160 
8876 5502 8490 3158 
8877 1326 1328 1327 
8878 5746 8881 4969 
8879 2955 2957 2956 
8880 5376 5377 5375 
8881 3083 7140 6841 
8882 4144 4491 4490 
8883 5489 5492 5491 
8884 2410 4158 2408 
8885 4317 5735 4316 
8886 4708 7723 5747 
8887 3346 3348 3347 
8888 784 785 783 
8889 6028 6029 6027 
8890 4102 7071 5139 
8891 1741 1746 1745 
8892 2791 3444 3443 
8893 3724 7512 6184 
8894 3974 5345 5034 
8895 3811 4128 3111 
8896 1463 1681 1665 
8897 6215 6937 3644 
8898 467 6817 198 
8899 649 650 648 
8900 3477 6405 3220 
8901 1413 1415 1414 
8902 4926 4927 4925 
8903 6929 7078 6793 
8904 7010 7543 2331 
8905 2012 2953 2952 
8906 5244 8465 5916 
8907 3911 8436 3910 
8908 1784 1785 1783 
8909 3661 6710 2277 
8910 4703 4704 4702 
8911 4152 6922 6160 
8912 426 7296 6460 
8913 1093 1097 1096 
8914 2762 3048 3047 
8915 1645 1685 1684 
8916 4361 4549 3710 
8917 5097 5099 5098 
8918 4585 4586 3509 
8919 3192 3194 3193 
8920 3617 4193 2853 
8921 1631 1632 1629 
8922 2474 2476 2475 
8923 2077 2079 2078 
8924 3411 5990 4012 
8925 1636 1637 1635 
8926 5155 5157 5156 
8927 852 853 851 
8928 1411 1413 1412 
8929 3122 3123 3120 
8930 2519 3033 3032 
8931 251 6639 252 
8932 2646 2647 2645 
8933 2530 2843 2529 
8934 3313 3605 3604 
8935 6581 6943 1935 
8936 2118 2119 2117 
8937 5244 5916 4670 
8938 5136 5137 5135 
8939 804 806 805 
8940 1604 1606 1605 
8941 2040 6946 2873 
8942 2568 7862 6410 
8943 572 574 571 
8944 6722 8064 4638 
8945 3072 3075 3074 
8946 2963 2965 2964 
8947 3846 3847 3845 
8948 4253 4254 4252 
8949 6597 6856 6599 
8950 5790 5791 5789 
8951 890 8449 775 
8952 5449 6691 5446 
8953 2987 6998 2038 
8954 3209 3210 2767 
8955 1786 1788 1785 
8956 2233 2235 2234 
8957 333 6627 334 
8958 3307 6975 2776 
8959 1471 1472 1470 
8960 4306 4307 2633 
8961 1735 1739 1738 
8962 5279 5282 5280 
8963 656 657 655 
8964 1157 1158 1156 
8965 5287 5288 4939 
8966 2078 8378 2076 
8967 8317 8722 5862 
8968 1312 1313 1311 
8969 502 6829 6775 
8970 4587 5452 4586 
8971 4814 4848 4813 
8972 2311 7356 2063 
8973 2835 3157 3156 
8974 2396 2398 2397 
8975 3305 3408 3304 
8976 638 6898 2023 
8977 4231 4233 4232 
8978 2979 2980 2978 
8979 786 787 785 
8980 3224 6895 2370 
8981 1623 6653 1620 
8982 3027 3119 3026 
8983 5225 5226 5224 
8984 2940 3313 3311 
8985 743 745 744 
8986 6374 7370 3830 
8987 5378 5379 5377 
8988 854 855 853 
8989 3404 4773 4360 
8990 330 6588 331 
8991 651 653 650 
8992 1789 1790 1788 
8993 2806 3221 2370 
8994 4311 4872 3421 
8995 2766 2767 2412 
8996 1310 1311 1309 
8997 1620 6653 1619 
8998 5825 8876 5824 
8999 5235 8293 4675 
9000 4956 8026 6536 
9001 6865 8243 5830 
9002 4811 4813 4810 
9003 4859 4860 4704 
9004 4817 4821 3743 
9005 3414 3416 3415 
9006 3552 3836 3549 
9007 575 576 574 
9008 1235 1236 1234 
9009 239 6625 240 
9010 2957 2959 2958 
9011 4168 5146 5145 
9012 4233 4235 4234 
9013 4424 4518 4517 
9014 4961 7204 817 
9015 1946 7077 1943 
9016 2476 2478 2477 
9017 3348 3350 3349 
9018 5937 7697 5936 
9019 1683 1880 1879 
9020 2449 6590 2447 
9021 5271 5274 5273 
9022 865 868 867 
9023 6136 8204 420 
9024 2995 7925 6872 
9025 4514 6879 2767 
9026 2975 7078 6929 
9027 3277 3278 3276 
9028 245 6646 246 
9029 4384 4966 3972 
9030 1712 1713 1711 
9031 1241 1242 1240 
9032 806 808 807 
9033 2430 2431 2429 
9034 4034 6098 4051 
9035 5181 6718 4208 
9036 1900 1955 1901 
9037 5364 8965 2855 
9038 2122 2123 2121 
9039 2432 6758 2797 
9040 3194 3196 3195 
9041 306 6618 307 
9042 1964 1965 1963 
9043 5352 5461 5460 
9044 202 6684 203 
9045 1415 1418 1416 
9046 1239 1240 1238 
9047 3279 3281 3278 
9048 3012 3573 3572 
9049 2364 4185 2362 
9050 2648 2649 2647 
9051 1739 1741 1740 
9052 3533 4950 3534 
9053 2774 6738 3741 
9054 1328 1330 1329 
9055 2237 2239 2238 
9056 4368 5210 4369 
9057 2755 6808 4140 
9058 2398 2543 2542 
9059 577 579 576 
9060 8232 8553 4942 
9061 4585 4587 4586 
9062 3570 7133 4627 
9063 4962 8768 4963 
9064 5344 8351 8060 
9065 745 747 746 
9066 297 6666 298 
9067 5159 5309 4277 
9068 3491 4342 4341 
9069 5382 5383 5379 
9070 1557 1558 1556 
9071 1113 1115 1114 
9072 227 6638 228 
9073 7280 8817 3785 
9074 2369 2370 2366 
9075 267 6702 268 
9076 3941 6643 3943 
9077 1097 1109 1108 
9078 2969 6929 6793 
9079 3881 3882 3210 
9080 3796 7538 6302 
9081 3671 3673 3672 
9082 4130 4131 3571 
9083 4131 6826 3571 
9084 6346 6351 6347 
9085 5227 5228 5226 
9086 1159 1160 1158 
9087 2432 2797 2431 
9088 2985 3036 2984 
9089 2209 2210 2208 
9090 1714 1715 1713 
9091 3648 4422 4421 
9092 4861 4862 4860 
9093 262 6699 263 
9094 2880 3533 3019 
9095 4015 7965 6324 
9096 214 6691 215 
9097 4008 7062 5905 
9098 1784 7545 1786 
9099 219 6667 220 
9100 658 659 657 
9101 3504 3517 3281 
9102 8070 8874 4824 
9103 1513 1514 1512 
9104 2840 3239 3238 
9105 2618 2619 2611 
9106 397 6620 398 
9107 4699 8321 5665 
9108 7706 7977 5800 
9109 4938 4939 3708 
9110 3656 3759 3758 
9111 1475 1476 1474 
9112 391 6633 392 
9113 3048 3363 3362 
9114 5277 5281 5279 
9115 2873 2874 2537 
9116 3573 3709 3708 
9117 224 6700 225 
9118 2357 6839 4142 
9119 788 789 787 
9120 4670 7387 3455 
9121 4849 4993 4848 
9122 1875 7973 1889 
9123 1072 1073 1071 
9124 1231 6723 1232 
9125 873 880 874 
9126 1387 2692 1389 
9127 747 749 748 
9128 5741 8224 3747 
9129 5099 5994 5993 
9130 6549 6848 3836 
9131 580 582 579 
9132 1409 1421 1420 
9133 3588 3644 2887 
9134 2126 2127 2125 
9135 294 6631 295 
9136 2349 6854 3370 
9137 8023 8291 8154 
9138 276 6654 277 
9139 1243 1244 1242 
9140 4270 5057 4271 
9141 3652 3654 3653 
9142 2436 2762 2761 
9143 1314 1315 1313 
9144 2959 2961 2960 
9145 808 6930 810 
9146 3274 4379 4263 
9147 5384 5385 5383 
9148 1455 4258 1442 
9149 868 873 872 
9150 1378 7018 6739 
9151 5283 6672 6671 
9152 5229 5230 5228 
9153 3157 4368 3448 
9154 2704 8234 2702 
9155 1875 1888 1887 
9156 1418 1422 1419 
9157 2351 7002 4162 
9158 1421 1426 1425 
9159 5868 7588 985 
9160 3625 8976 5178 
9161 2830 3258 2831 
9162 5221 6786 5222 
9163 2165 2168 2167 
9164 4428 6492 4254 
9165 4300 4670 3455 
9166 2079 2081 2080 
9167 1951 6912 1961 
9168 4181 5823 4114 
9169 217 6645 218 
9170 583 584 582 
9171 7093 7834 5303 
9172 5081 8287 7181 
9173 1275 1277 1276 
9174 6205 8917 6202 
9175 6150 7964 1203 
9176 5018 7131 4201 
9177 3614 3615 3613 
9178 4606 4608 4607 
9179 5150 5917 4127 
9180 2963 2964 2961 
9181 5274 5285 5275 
9182 3258 3833 3259 
9183 3855 7506 6241 
9184 3663 5457 4550 
9185 142 7443 495 
9186 3639 7277 2999 
9187 1355 1356 1118 
9188 2331 7543 2329 
9189 4138 7000 6294 
9190 2319 7061 4304 
9191 4716 4983 4715 
9192 1422 1427 1423 
9193 5134 5135 5133 
9194 2553 3276 2547 
9195 3709 4938 3708 
9196 5842 6814 4175 
9197 2916 2917 2915 
9198 686 688 687 
9199 1995 2830 2029 
9200 3039 3040 3037 
9201 489 8275 7636 
9202 2517 6937 2518 
9203 1658 6876 2006 
9204 5463 7555 5740 
9205 5760 5763 5761 
9206 2625 2631 2624 
9207 4439 6862 4896 
9208 5978 8478 4866 
9209 940 7123 941 
9210 4350 7347 6870 
9211 4938 5287 4939 
9212 3960 3962 3961 
9213 6835 7580 1956 
9214 1903 1904 1662 
9215 6179 8969 5555 
9216 3350 3352 3351 
9217 282 6650 283 
9218 4718 6074 4911 
9219 3239 3241 3240 
9220 5735 5736 4316 
9221 4928 4929 4927 
9222 1245 1246 1244 
9223 1427 1432 1428 
9224 1901 7580 2312 
9225 5061 5062 4862 
9226 5057 6531 5058 
9227 2434 6965 6366 
9228 938 939 937 
9229 3196 3198 3197 
9230 3450 5393 4769 
9231 4714 4715 3529 
9232 3370 3371 2942 
9233 1871 1873 1872 
9234 856 857 855 
9235 3833 6993 4027 
9236 2081 2085 2084 
9237 4666 5354 4667 
9238 1794 1795 1791 
9239 4134 7637 6574 
9240 3149 3606 3148 
9241 3673 3675 3674 
9242 7715 7732 6593 
9243 4639 4705 3882 
9244 4006 6554 3986 
9245 4587 7738 5452 
9246 2844 4123 2843 
9247 2239 2241 2240 
9248 4921 4922 4920 
9249 3124 3548 3123 
9250 902 8478 5978 
9251 3099 3100 3097 
9252 1115 1120 1119 
9253 1716 1717 1715 
9254 1633 4488 4487 
9255 260 6704 261 
9256 3778 6888 3777 
9257 4197 4823 3644 
9258 573 7111 4184 
9259 4608 4611 4610 
9260 6457 6461 494 
9261 4434 6185 3458 
9262 412 6709 413 
9263 6489 6921 4045 
9264 3598 6325 2343 
9265 3172 6969 2267 
9266 2534 2880 2780 
9267 2517 2518 2359 
9268 2525 3508 2920 
9269 507 7738 7492 
9270 791 792 789 
9271 1359 1361 1360 
9272 4193 6962 2853 
9273 3605 4033 4032 
9274 4488 4718 4489 
9275 4197 4924 4823 
9276 3725 7560 7072 
9277 6575 8054 1639 
9278 2586 2588 2587 
9279 871 4961 817 
9280 1526 6883 2795 
9281 5085 8518 7882 
9282 2632 2804 2631 
9283 3885 7189 5992 
9284 2453 2819 2818 
9285 1606 1608 1607 
9286 6177 8969 6179 
9287 5360 5919 4677 
9288 3075 3078 3076 
9289 1386 6894 1116 
9290 695 697 696 
9291 2411 2414 2413 
9292 2416 2418 2417 
9293 1433 1436 1435 
9294 1568 1569 1567 
9295 1955 2690 1956 
9296 2814 6896 2594 
9297 3467 3468 3085 
9298 4114 4585 3509 
9299 808 810 809 
9300 5358 6991 4151 
9301 6128 7815 4607 
9302 3573 3708 3572 
9303 1670 2740 1545 
9304 2610 2611 2608 
9305 3030 7094 3340 
9306 1546 1672 1671 
9307 4485 4557 4556 
9308 3136 4425 3138 
9309 5274 5397 5285 
9310 1898 7134 1895 
9311 1880 1997 1996 
9312 2414 2416 2415 
9313 1037 1039 1038 
9314 1677 1865 1850 
9315 6450 6453 6448 
9316 4619 4620 3532 
9317 6428 6432 6425 
9318 2539 4818 3735 
9319 660 663 659 
9320 2420 2422 2421 
9321 617 619 618 
9322 3478 3602 2874 
9323 5020 5021 4000 
9324 956 959 955 
9325 6245 7772 255 
9326 5881 6798 5882 
9327 5496 5499 5498 
9328 3562 4666 4665 
9329 2478 2480 2479 
9330 70 7014 69 
9331 2887 6937 2517 
9332 3495 4091 4090 
9333 2346 2347 1973 
9334 5870 8664 8323 
9335 3198 3200 3199 
9336 1659 7281 4775 
9337 6468 7671 6469 
9338 4666 6831 5354 
9339 4712 8008 6246 
9340 3400 4157 4156 
9341 1905 1984 1904 
9342 3868 3870 3869 
9343 6598 7548 6677 
9344 1003 1004 965 
9345 4117 8487 5443 
9346 2358 2446 1899 
9347 793 794 792 
9348 1196 1198 1197 
9349 7709 8080 5744 
9350 4318 4319 4273 
9351 2418 2420 2419 
9352 3666 6862 4439 
9353 4205 4206 3517 
9354 5017 5019 5018 
9355 585 586 584 
9356 1958 7898 1960 
9357 4576 4578 4577 
9358 6206 6575 6201 
9359 3312 4764 3310 
9360 1200 1202 1201 
9361 2003 6224 6223 
9362 896 3726 879 
9363 1668 1669 1637 
9364 2849 2850 2677 
9365 4142 4143 3146 
9366 1074 1075 1073 
9367 3590 6936 4864 
9368 1628 6980 1633 
9369 4611 4892 4612 
9370 1896 1897 1895 
9371 2965 2969 2964 
9372 1247 1248 1246 
9373 5127 5128 5126 
9374 2720 2722 2721 
9375 5136 5270 5137 
9376 3049 3050 2850 
9377 3616 6878 3989 
9378 1122 1124 1123 
9379 447 7359 6321 
9380 4235 6815 4234 
9381 6033 6161 6032 
9382 4144 4490 4143 
9383 2920 3282 2845 
9384 935 937 914 
9385 4290 4291 4289 
9386 2359 6970 1878 
9387 3626 4912 4285 
9388 6404 8180 4035 
9389 5243 5853 5852 
9390 3241 3400 3242 
9391 4130 6754 4131 
9392 1161 1162 1160 
9393 795 796 794 
9394 6860 7001 6492 
9395 1375 1376 1356 
9396 2485 8511 2483 
9397 6098 6802 4051 
9398 2351 4162 2409 
9399 1330 1334 1333 
9400 8621 8952 5911 
9401 5352 6629 5461 
9402 3140 3253 3143 
9403 2557 3450 2559 
9404 2650 2651 2649 
9405 5136 5286 5270 
9406 4439 4896 4736 
9407 2085 2087 2086 
9408 6844 7152 2717 
9409 4930 4931 4929 
9410 1653 7423 4190 
9411 3508 4114 3509 
9412 2049 2829 2052 
9413 4954 4955 4953 
9414 4676 4677 4518 
9415 3588 4197 3644 
9416 3032 3589 3588 
9417 6366 7623 6283 
9418 1718 1719 1717 
9419 723 724 721 
9420 2969 3011 2964 
9421 6563 8052 1032 
9422 2519 3032 2887 
9423 1344 3266 1369 
9424 1354 4819 4153 
9425 4158 6885 2408 
9426 1865 2056 1976 
9427 4496 4497 4476 
9428 2426 2427 2424 
9429 1764 1766 1765 
9430 1011 1012 1007 
9431 6460 8890 6459 
9432 1758 1760 1759 
9433 4646 7168 3218 
9434 1393 1409 1408 
9435 3476 3477 3220 
9436 3628 4266 2944 
9437 5455 8926 4963 
9438 1587 1588 1586 
9439 4312 5068 2740 
9440 2816 3267 2619 
9441 6905 7235 6599 
9442 4292 4754 4291 
9443 1204 1206 1205 
9444 4323 4476 4321 
9445 3508 3509 2920 
9446 2669 4276 2667 
9447 5661 7137 3891 
9448 2243 2245 2244 
9449 6789 6798 5881 
9450 6826 6874 3011 
9451 5563 8608 5055 
9452 6856 6905 6599 
9453 1672 1877 1876 
9454 2918 2919 2917 
9455 4768 6846 3423 
9456 6599 7554 6598 
9457 858 859 857 
9458 5455 8468 3821 
9459 2211 2212 2210 
9460 1651 1652 1644 
9461 2805 3016 2804 
9462 3032 3588 2887 
9463 3892 7128 5635 
9464 3126 3127 2872 
9465 4188 4763 3917 
9466 5977 8071 539 
9467 3933 5252 5251 
9468 6472 8125 3750 
9469 4554 6911 6524 
9470 1045 1047 1046 
9471 4362 7743 4714 
9472 879 6995 871 
9473 1983 2517 2359 
9474 4663 6799 4491 
9475 6344 7667 6342 
9476 4385 6924 3993 
9477 2630 6949 1904 
9478 3012 3572 3571 
9479 3387 3389 3388 
9480 1559 1560 1558 
9481 1581 1582 1580 
9482 877 6930 808 
9483 5409 7519 5390 
9484 2546 2549 2548 
9485 4773 4774 4360 
9486 2525 2920 2845 
9487 1117 1354 1353 
9488 3985 4273 3391 
9489 3677 3679 3678 
9490 5351 6629 5352 
9491 3829 5406 2540 
9492 1848 1849 1689 
9493 1316 1317 1315 
9494 5386 5387 5385 
9495 4932 4933 4931 
9496 797 798 796 
9497 1076 1077 1075 
9498 2724 2726 2725 
9499 2525 2845 2446 
9500 2964 6874 2961 
9501 3525 4289 2696 
9502 2754 2755 2698 
9503 5292 8963 2352 
9504 1277 1279 1278 
9505 1720 1721 1719 
9506 6230 8809 2004 
9507 4185 6935 2362 
9508 2480 2482 2481 
9509 2563 4204 3168 
9510 966 1023 1020 
9511 2437 2438 2435 
9512 6294 6295 6249 
9513 3998 6487 6393 
9514 3546 3825 2919 
9515 3273 3980 3979 
9516 1768 1770 1769 
9517 2170 2172 2171 
9518 1021 1022 967 
9519 3200 3202 3201 
9520 3572 4130 3571 
9521 1426 1431 1430 
9522 2269 3114 2802 
9523 2957 2958 2956 
9524 1333 7363 1329 
9525 4139 6795 5662 
9526 3024 3025 3022 
9527 4343 4344 4133 
9528 3383 3387 3385 
9529 704 706 705 
9530 4732 8311 5462 
9531 1363 1366 1365 
9532 4387 8637 5188 
9533 3470 3471 3164 
9534 3616 3989 3615 
9535 2848 3089 2865 
9536 3491 6961 4342 
9537 4923 7308 4920 
9538 1892 1893 1849 
9539 4578 4581 4580 
9540 3659 4910 3434 
9541 2961 6874 2960 
9542 2577 6916 2581 
9543 810 813 812 
9544 2389 2391 2390 
9545 2128 2129 2127 
9546 1577 1578 1576 
9547 3319 3714 3267 
9548 4755 4756 4754 
9549 3017 3096 3016 
9550 664 665 663 
9551 1544 1677 1676 
9552 3078 3080 3079 
9553 2482 2484 2483 
9554 587 589 586 
9555 2551 2785 2552 
9556 5267 5269 5268 
9557 6888 7116 3777 
9558 2035 6946 2037 
9559 948 4382 957 
9560 1686 1687 1646 
9561 2558 2698 2556 
9562 4357 4576 4575 
9563 4870 5459 4705 
9564 860 862 859 
9565 4948 6697 2939 
9566 5134 5136 5135 
9567 5157 8571 5156 
9568 5275 6858 5277 
9569 4182 5005 3471 
9570 3962 3964 3963 
9571 3679 3681 3680 
9572 1688 1689 1687 
9573 1896 2357 1899 
9574 4094 8738 8358 
9575 3870 3872 3871 
9576 3202 3204 3203 
9577 4549 6867 3710 
9578 1572 1573 1571 
9579 4145 7309 2457 
9580 4033 4613 4169 
9581 4605 7815 5343 
9582 1608 1610 1609 
9583 2959 2960 2958 
9584 2549 2551 2550 
9585 2519 2887 2517 
9586 1774 1776 1775 
9587 3878 5744 3152 
9588 4272 6736 6701 
9589 3046 5069 3738 
9590 3352 3354 3353 
9591 2955 2956 2954 
9592 3389 3717 3390 
9593 2458 7019 2456 
9594 3740 5101 4454 
9595 3230 3322 3321 
9596 4557 5202 4556 
9597 3080 3083 3082 
9598 1589 1590 1588 
9599 5697 7589 3915 
9600 3528 4683 4122 
9601 2422 2433 2421 
9602 2676 2677 2671 
9603 5285 6858 5275 
9604 4047 5220 5219 
9605 4082 4083 3477 
9606 3436 5462 3707 
9607 1796 1797 1795 
9608 1983 2519 2517 
9609 3581 3582 3579 
9610 3033 6864 3032 
9611 1910 1912 1669 
9612 3114 3803 3492 
9613 863 864 862 
9614 3090 3740 3647 
9615 870 1647 878 
9616 2318 7273 4262 
9617 2984 6983 2981 
9618 6224 6226 6225 
9619 2969 3012 3011 
9620 3709 6893 4938 
9621 590 593 589 
9622 2030 8951 6005 
9623 6047 8279 6046 
9624 1281 1283 1282 
9625 382 6781 383 
9626 4132 4133 3256 
9627 6047 8302 8279 
9628 4258 7208 1442 
9629 958 3802 949 
9630 3966 3968 3967 
9631 3012 3571 3011 
9632 666 667 665 
9633 4921 5247 4922 
9634 3497 4649 4017 
9635 2945 3255 2782 
9636 2554 2782 2440 
9637 4867 5737 4497 
9638 2087 2089 2088 
9639 3784 4485 4484 
9640 1179 1180 1177 
9641 3334 6988 4768 
9642 4360 4361 3710 
9643 1612 1614 1613 
9644 6585 7633 6566 
9645 3274 7121 4379 
9646 852 7901 854 
9647 3529 7011 3047 
9648 599 600 597 
9649 4423 4424 4422 
9650 3565 6905 6856 
9651 1614 1616 1615 
9652 2533 4275 2371 
9653 4676 5360 4677 
9654 799 801 798 
9655 6675 8499 6746 
9656 2652 2653 2651 
9657 2439 2440 2438 
9658 5036 7803 6891 
9659 5089 8745 5091 
9660 4321 7139 2400 
9661 4919 4920 4255 
9662 2484 2486 2485 
9663 2953 2954 2952 
9664 4647 6887 3620 
9665 2172 2174 2173 
9666 1798 1800 1797 
9667 594 596 593 
9668 2247 2249 2248 
9669 145 6903 144 
9670 1893 1896 1895 
9671 6315 7070 6316 
9672 1394 1395 1392 
9673 1616 1618 1617 
9674 1722 1724 1721 
9675 136 7181 135 
9676 4023 4742 3520 
9677 3375 3376 3127 
9678 5005 7003 3471 
9679 6336 8065 6335 
9680 5231 8447 6088 
9681 6550 8706 4771 
9682 5796 7372 5800 
9683 668 669 667 
9684 4586 6877 3509 
9685 3057 3058 2565 
9686 3860 3861 3714 
9687 4884 4885 3489 
9688 1494 1496 1495 
9689 514 6833 4018 
9690 5661 7894 2341 
9691 3645 6998 2987 
9692 6465 7022 6390 
9693 6871 8447 5229 
9694 6470 6471 3510 
9695 5999 8724 7449 
9696 3232 8778 5968 
9697 5843 8898 1339 
9698 1041 1043 1042 
9699 5207 8122 3795 
9700 4168 5145 4166 
9701 4907 5294 4908 
9702 2358 2525 2446 
9703 940 941 939 
9704 2213 2214 2212 
9705 1033 8052 1036 
9706 1968 1969 1927 
9707 4528 7639 4378 
9708 6457 7475 6462 
9709 4934 6231 4933 
9710 4069 5781 4881 
9711 3163 3164 2535 
9712 1621 4391 1624 
9713 3255 6847 3928 
9714 1115 8811 1121 
9715 1515 1516 1514 
9716 2913 7148 2910 
9717 1896 1899 1897 
9718 4147 7209 2375 
9719 3062 6842 3094 
9720 3862 4336 3133 
9721 4779 7124 5125 
9722 4272 7625 6736 
9723 3059 3060 3058 
9724 2774 3741 3368 
9725 5553 8939 885 
9726 960 964 959 
9727 1760 1762 1761 
9728 670 672 669 
9729 75 7267 74 
9730 2404 6994 3166 
9731 5122 6689 1877 
9732 1918 1920 1919 
9733 1618 1620 1619 
9734 5277 6858 5281 
9735 3783 3888 3372 
9736 3113 6934 6790 
9737 1163 1164 1162 
9738 3970 6079 6078 
9739 5868 8168 5559 
9740 6812 7532 3403 
9741 2974 8474 6421 
9742 2706 4601 3512 
9743 4544 4573 2626 
9744 6209 8658 3898 
9745 510 6838 5780 
9746 1803 1805 1801 
9747 5213 5214 4176 
9748 1165 1167 1164 
9749 1448 4146 1439 
9750 5954 5955 5951 
9751 3041 3173 3040 
9752 1632 1636 1635 
9753 2939 2940 1939 
9754 3984 5437 5436 
9755 1436 1444 1437 
9756 4344 5134 5133 
9757 4757 4758 4756 
9758 1208 1210 1209 
9759 4596 4597 4083 
9760 4068 4334 3154 
9761 3204 3206 3205 
9762 2357 2358 1899 
9763 2357 3146 2358 
9764 1752 1753 1750 
9765 2941 4199 2348 
9766 5443 8487 881 
9767 3223 4265 4016 
9768 6609 8375 4879 
9769 4311 7222 6013 
9770 4491 4967 4490 
9771 4589 8141 5503 
9772 5295 8788 3427 
9773 4200 4201 4199 
9774 1249 1250 1248 
9775 7754 7907 6933 
9776 1958 1960 1959 
9777 2563 7017 4204 
9778 1982 1983 1878 
9779 1444 1449 1445 
9780 6099 7291 6101 
9781 3483 3484 3468 
9782 5635 5636 3894 
9783 1005 1006 1004 
9784 1849 6860 1689 
9785 4424 4676 4518 
9786 2654 2655 2653 
9787 1450 1465 1453 
9788 6721 7781 4522 
9789 2866 6393 1285 
9790 5658 7936 3838 
9791 2685 7044 3095 
9792 673 675 672 
9793 4316 6893 3709 
9794 3737 6990 3045 
9795 802 803 801 
9796 1812 1832 1810 
9797 4349 5017 4201 
9798 2665 6915 3497 
9799 3250 3251 3052 
9800 1685 1939 1684 
9801 913 936 934 
9802 5828 6364 3540 
9803 4334 7482 3154 
9804 2215 2216 2214 
9805 2766 3209 2767 
9806 1622 1625 1623 
9807 938 7068 948 
9808 2132 2133 2131 
9809 5139 7071 6476 
9810 6056 8617 5144 
9811 2532 7074 6525 
9812 1124 1126 1125 
9813 749 752 751 
9814 3648 4423 4422 
9815 4490 4492 4143 
9816 3174 3578 3173 
9817 7232 8799 3398 
9818 2073 7536 6290 
9819 2708 4282 3464 
9820 3585 3586 3583 
9821 1897 6853 1900 
9822 2934 6402 2405 
9823 500 8130 7531 
9824 3377 3378 3376 
9825 2970 2975 2967 
9826 2420 2421 2419 
9827 1388 1970 1386 
9828 1909 1916 1915 
9829 1318 1319 1317 
9830 1890 1907 1906 
9831 3534 6880 4089 
9832 5123 8682 8528 
9833 1808 1809 1806 
9834 1725 1726 1724 
9835 5451 5564 4269 
9836 5492 5495 5493 
9837 3950 3951 3004 
9838 2896 8653 3427 
9839 3734 4242 3733 
9840 3681 3683 3682 
9841 3708 6866 3572 
9842 1517 1518 1516 
9843 4760 4761 4758 
9844 4307 7015 2633 
9845 4022 7783 3996 
9846 4485 4556 4484 
9847 3206 3208 3207 
9848 711 6968 902 
9849 1727 1729 1726 
9850 3418 7054 4606 
9851 4255 7308 7060 
9852 4939 6866 3708 
9853 3756 6979 4274 
9854 1168 1169 1167 
9855 3209 3881 3210 
9856 5341 7909 4612 
9857 4351 4352 3861 
9858 1013 1014 1012 
9859 606 607 604 
9860 6322 8905 474 
9861 4087 4386 4385 
9862 1049 1051 1050 
9863 1170 1176 1169 
9864 3208 3608 3236 
9865 4202 8793 5117 
9866 6723 7622 1235 
9867 3799 7407 5729 
9868 1730 1731 1729 
9869 1480 1482 1481 
9870 2742 3436 3435 
9871 2561 7455 6789 
9872 6153 7095 6155 
9873 1689 6860 3044 
9874 6525 7020 4135 
9875 621 624 623 
9876 3834 4059 3335 
9877 1468 1471 1470 
9878 4610 7909 6128 
9879 5424 5425 4597 
9880 1431 1441 1440 
9881 4510 8940 7830 
9882 3011 6874 2964 
9883 4105 4107 4106 
9884 6817 6893 5736 
9885 3313 3604 3311 
9886 5736 6893 4316 
9887 4719 5088 4671 
9888 2019 7365 2998 
9889 4183 4255 3369 
9890 2431 2621 2429 
9891 4155 5504 4828 
9892 2729 3598 2343 
9893 2278 6982 2005 
9894 1523 1524 1522 
9895 3404 4360 3710 
9896 573 4184 3270 
9897 2174 2176 2175 
9898 1754 1755 1753 
9899 1519 1520 1518 
9900 3384 4844 3382 
9901 3652 3653 3363 
9902 2871 7000 3454 
9903 1561 1562 1560 
9904 1672 1876 1671 
9905 4397 4671 3934 
9906 4531 4532 4242 
9907 4060 6969 3172 
9908 3742 7005 3252 
9909 1970 6894 1386 
9910 4413 7077 1946 
9911 676 677 675 
9912 3647 3648 3091 
9913 1078 1079 1077 
9914 1521 1522 1520 
9915 7814 8323 7351 
9916 6442 8968 7106 
9917 4893 4894 3568 
9918 2847 7313 6372 
9919 4129 7913 1913 
9920 527 1370 524 
9921 4581 4690 4689 
9922 7769 8791 5672 
9923 2418 2419 2417 
9924 1625 1628 1626 
9925 4919 4921 4920 
9926 4716 6480 4983 
9927 1599 1600 1598 
9928 2648 8748 3249 
9929 1791 6750 1790 
9930 1207 8068 5851 
9931 3061 3062 3060 
9932 3101 3102 3100 
9933 3881 4639 3882 
9934 2416 2417 2415 
9935 2271 2273 2272 
9936 4503 4504 4502 
9937 6919 8803 5695 
9938 4864 4865 4863 
9939 3641 3934 3490 
9940 3509 6877 2920 
9941 3379 3380 3378 
9942 5960 7963 3407 
9943 836 838 837 
9944 2319 4304 4303 
9945 3032 6864 3589 
9946 3498 4194 3793 
9947 1778 1780 1776 
9948 1391 7006 6562 
9949 1960 2777 2776 
9950 3732 3733 3731 
9951 3601 4308 2679 
9952 1843 1881 1657 
9953 4499 4500 2660 
9954 2920 6877 3282 
9955 1320 1321 1319 
9956 3605 4032 3604 
9957 3354 3356 3355 
9958 610 611 608 
9959 1823 2361 1820 
9960 5565 7438 7410 
9961 3292 3294 3293 
9962 3872 3874 3873 
9963 1628 1631 1629 
9964 2176 2178 2177 
9965 1563 1564 1562 
9966 1818 1822 1816 
9967 3424 3425 3025 
9968 6337 8213 6338 
9969 2939 6697 2940 
9970 1181 1182 1180 
9971 1748 1749 1746 
9972 1758 1759 1756 
9973 2486 2488 2487 
9974 4052 8597 6273 
9975 1892 6839 1893 
9976 534 962 532 
9977 1661 1958 1902 
9978 3118 6497 2901 
9979 892 2515 889 
9980 601 603 600 
9981 831 833 832 
9982 2421 3176 2419 
9983 3371 3373 3372 
9984 1723 3275 1838 
9985 4872 7099 3421 
9986 3539 4256 3257 
9987 4718 4911 4489 
9988 3373 3784 3783 
9989 2065 7356 2068 
9990 4474 7500 5190 
9991 5111 5112 5110 
9992 2665 3497 2700 
9993 3441 3442 2790 
9994 2217 2218 2216 
9995 2697 3160 2690 
9996 1880 8115 2719 
9997 3683 3685 3684 
9998 3990 4284 3823 
9999 3791 3792 3442 
10000 4438 4822 3665 
10001 6245 8467 4782 
10002 2877 3043 2028 
10003 827 829 828 
10004 2777 3284 3283 
10005 4214 4215 4213 
10006 3815 3816 3269 
10007 3123 7032 3120 
10008 2015 8161 5884 
10009 4871 5032 4009 
10010 3048 3362 3047 
10011 199 7275 467 
10012 936 1695 1694 
10013 504 7275 200 
10014 1876 1878 1671 
10015 3842 5416 5012 
10016 4465 6401 4059 
10017 3732 7804 3971 
10018 2178 2180 2179 
10019 1565 1648 1564 
10020 2829 4721 4720 
10021 3214 3215 3105 
10022 1827 1831 1825 
10023 2980 4163 3369 
10024 3493 3494 3380 
10025 1885 1930 1929 
10026 1882 2028 1881 
10027 2663 6915 2665 
10028 1932 2541 1977 
10029 4761 6973 4858 
10030 2973 7060 2972 
10031 3460 3731 3459 
10032 3572 6866 4130 
10033 3404 3710 3160 
10034 2762 3047 2761 
10035 4250 4558 4248 
10036 3656 3758 3654 
10037 3485 3486 3484 
10038 1251 1253 1250 
10039 5910 8265 5912 
10040 4821 7049 3743 
10041 1322 1323 1321 
10042 5463 5638 4284 
10043 2414 2415 2413 
10044 3722 3723 3557 
10045 3549 6848 3548 
10046 4506 4508 3472 
10047 3562 7080 4666 
10048 2038 6998 2036 
10049 6464 7310 3565 
10050 5904 8223 5464 
10051 383 6782 384 
10052 1631 6939 1632 
10053 2252 7816 6092 
10054 2564 4281 3056 
10055 1398 1399 1397 
10056 1376 4188 3917 
10057 4488 4489 4487 
10058 449 7443 143 
10059 6072 8379 6111 
10060 4331 5349 5195 
10061 2045 7090 4161 
10062 1774 1775 1772 
10063 1649 1673 1648 
10064 1972 1974 1866 
10065 1285 1287 1286 
10066 4113 4940 4363 
10067 2713 3634 3610 
10068 6756 8908 6672 
10069 3761 3786 3759 
10070 4747 7103 4749 
10071 3444 3459 3443 
10072 1764 1765 1762 
10073 3770 3780 3768 
10074 1955 2697 2690 
10075 1107 3309 2363 
10076 1732 1734 1731 
10077 557 559 558 
10078 1212 1214 1213 
10079 2180 2182 2181 
10080 2365 2368 2367 
10081 1472 1475 1474 
10082 3765 3767 3763 
10083 1506 1508 1507 
10084 312 7381 313 
10085 2962 8048 6340 
10086 7882 8518 883 
10087 3554 3555 3494 
10088 4338 4698 3951 
10089 4977 8731 5700 
10090 1670 4312 2740 
10091 725 726 724 
10092 7235 7554 6599 
10093 527 7591 1370 
10094 1636 1668 1637 
10095 2697 3404 3160 
10096 4363 6975 3307 
10097 4015 6324 2372 
10098 1848 1892 1849 
10099 949 7123 940 
10100 6363 8648 4019 
10101 2040 2873 2537 
10102 4913 5506 4060 
10103 2422 6904 2433 
10104 3312 4765 4764 
10105 1876 1982 1878 
10106 68 7779 430 
10107 3685 3687 3686 
10108 4343 6840 4344 
10109 2305 2306 2304 
10110 2328 2506 2505 
10111 3904 6475 3903 
10112 2446 6853 1899 
10113 5035 5037 5036 
10114 3254 3728 3015 
10115 822 824 823 
10116 3548 6848 4139 
10117 2303 2304 2302 
10118 3556 3557 3555 
10119 2553 3277 3276 
10120 4600 6971 4874 
10121 1355 1375 1356 
10122 3705 4816 4657 
10123 2417 2888 2415 
10124 813 815 814 
10125 2314 7966 5804 
10126 3231 7880 7627 
10127 3487 3488 3486 
10128 777 8449 2007 
10129 2391 2401 2400 
10130 482 7014 70 
10131 4163 4717 4183 
10132 3155 8926 5811 
10133 2349 2942 2941 
10134 575 8842 595 
10135 1688 1848 1689 
10136 4387 5188 5187 
10137 662 8055 5733 
10138 727 728 726 
10139 2091 2093 2092 
10140 2347 2349 2348 
10141 4911 6340 4489 
10142 1324 1325 1323 
10143 4254 6020 4252 
10144 1396 1397 1395 
10145 6678 7224 2714 
10146 1546 1671 1670 
10147 1400 1401 1399 
10148 3887 4957 4403 
10149 1768 1769 1766 
10150 7237 7283 5153 
10151 4838 6950 4839 
10152 1893 6839 1896 
10153 3277 3279 3278 
10154 2351 2408 1769 
10155 1530 3412 1525 
10156 617 618 615 
10157 3664 7084 4637 
10158 8662 8881 5746 
10159 6198 8513 3141 
10160 2488 2490 2489 
10161 3537 4545 4427 
10162 3725 7072 3164 
10163 2644 8712 2646 
10164 3632 4877 4876 
10165 3511 4502 2817 
10166 3356 3359 3358 
10167 5537 5541 5540 
10168 601 8963 605 
10169 4284 6584 3823 
10170 2945 3623 3256 
10171 630 632 631 
10172 2858 4944 3621 
10173 2424 6904 2422 
10174 4695 8661 5359 
10175 6434 7067 6437 
10176 4097 6590 2449 
10177 2893 2895 2894 
10178 3103 3104 3102 
10179 3185 3186 3184 
10180 3279 3504 3281 
10181 1611 4302 1627 
10182 4375 6948 5894 
10183 3888 7028 3372 
10184 2658 2659 2655 
10185 2182 2321 2183 
10186 3546 6836 3825 
10187 3423 4081 3834 
10188 2354 4918 3131 
10189 2138 2139 2137 
10190 1899 6853 1897 
10191 1254 1255 1253 
10192 3644 6937 2887 
10193 2958 3565 2956 
10194 678 680 677 
10195 1854 1855 1852 
10196 1770 2351 1769 
10197 1404 1405 1403 
10198 729 730 728 
10199 2301 2308 2307 
10200 5047 5142 4698 
10201 1465 2275 1466 
10202 1735 1738 1734 
10203 6063 7523 1743 
10204 2838 8842 572 
10205 3729 4801 3728 
10206 1256 1257 1255 
10207 6548 6549 3836 
10208 3623 4568 4132 
10209 3664 4637 4636 
10210 2439 3028 2554 
10211 1610 6869 1609 
10212 6757 7147 1804 
10213 2512 3566 2832 
10214 1688 2274 1848 
10215 2299 2301 2300 
10216 5778 8248 5779 
10217 450 7789 6616 
10218 2297 2302 2295 
10219 5874 8151 772 
10220 2308 2891 2890 
10221 4230 4231 4229 
10222 4491 6799 4967 
10223 3090 3091 3089 
10224 2839 2840 1974 
10225 5037 5039 5038 
10226 1486 1488 1487 
10227 3083 6886 3082 
10228 1185 1186 1183 
10229 4472 4473 4471 
10230 4132 4343 4133 
10231 4058 7172 6845 
10232 1790 6750 3744 
10233 1406 1407 1405 
10234 234 7569 6001 
10235 2967 6929 2965 
10236 2093 2095 2094 
10237 6077 8709 2000 
10238 2841 8108 6141 
10239 3740 4454 3647 
10240 3371 3372 2942 
10241 1410 1411 1407 
10242 626 628 627 
10243 6598 7554 7548 
10244 1402 1403 1401 
10245 1674 1690 1673 
10246 4591 4592 4473 
10247 4302 5328 5327 
10248 4199 7058 2348 
10249 4845 8039 7972 
10250 1204 8046 1207 
10251 1741 1745 1740 
10252 3826 3827 3586 
10253 2703 2704 2702 
10254 3599 4732 3598 
10255 2965 6929 2969 
10256 3633 7699 7485 
10257 2727 7062 3150 
10258 6384 7333 2259 
10259 1263 1264 1261 
10260 983 7983 6704 
10261 6498 7036 6866 
10262 2560 7432 3254 
10263 3413 3414 2883 
10264 3408 5257 3409 
10265 612 614 611 
10266 4103 4915 3318 
10267 781 8204 5861 
10268 4342 4762 4341 
10269 1546 1670 1545 
10270 5871 8664 5869 
10271 3423 6846 4081 
10272 1015 1016 1014 
10273 1652 1667 1660 
10274 4639 4870 4705 
10275 4264 7010 4128 
10276 5283 7100 6672 
10277 1057 1059 1058 
10278 1867 1973 1972 
10279 3209 3883 3881 
10280 1790 3744 2660 
10281 1080 1081 1079 
10282 1695 1697 1696 
10283 1535 1537 1532 
10284 2219 2220 2218 
10285 425 7067 6434 
10286 1840 1954 1833 
10287 5520 8685 8341 
10288 1699 1701 1700 
10289 8245 8346 4906 
10290 1413 1417 1415 
10291 3995 6190 3178 
10292 4893 8885 5421 
10293 1697 1699 1698 
10294 1829 6890 1827 
10295 2377 7209 2392 
10296 5870 8369 4384 
10297 1667 1867 1866 
10298 3010 7027 2949 
10299 2004 8037 519 
10300 4904 8386 6873 
10301 4447 4451 4450 
10302 1801 6965 1800 
10303 3040 7033 3037 
10304 4171 4172 3789 
10305 3228 7071 4102 
10306 2508 2510 2509 
10307 2945 3256 3255 
10308 5744 8080 4628 
10309 1459 7025 4366 
10310 2981 6983 2980 
10311 3359 3365 3364 
10312 752 754 753 
10313 3054 3055 2704 
10314 4819 4840 4153 
10315 3036 4198 3502 
10316 466 7420 51 
10317 540 2620 537 
10318 1691 1851 1690 
10319 4617 5081 4615 
10320 880 881 874 
10321 4629 7999 4631 
10322 4714 4716 4715 
10323 6293 8831 6292 
10324 865 867 864 
10325 2405 2407 2406 
10326 1190 1191 1187 
10327 2554 2945 2782 
10328 4462 7804 3460 
10329 5039 5041 5040 
10330 1354 4153 1353 
10331 2490 2492 2491 
10332 3302 3304 3303 
10333 2552 2837 2550 
10334 2427 6904 2424 
10335 4379 4533 4263 
10336 4764 6986 3310 
10337 1378 1546 1545 
10338 731 733 730 
10339 1686 1688 1687 
10340 4257 7645 5792 
10341 1668 1910 1669 
10342 2369 2806 2370 
10343 2785 2786 2552 
10344 2296 2299 2298 
10345 6480 8363 429 
10346 1668 1911 1910 
10347 1258 1260 1257 
10348 2095 2097 2096 
10349 3026 7090 2047 
10350 3312 4766 4765 
10351 2439 2554 2440 
10352 2551 2552 2550 
10353 4344 6840 5134 
10354 4796 7456 4160 
10355 7485 7699 4525 
10356 2882 2883 2771 
10357 2411 6967 2414 
10358 359 522 360 
10359 4722 4824 4430 
10360 4198 5194 4330 
10361 2954 3519 2952 
10362 873 874 872 
10363 3914 3915 3167 
10364 1609 6869 3136 
10365 3566 4628 3567 
10366 4311 5996 4872 
10367 2980 3369 2978 
10368 3504 4205 3517 
10369 6552 8911 428 
10370 2142 2143 2141 
10371 4593 4594 4592 
10372 1806 6822 1805 
10373 2345 4640 3999 
10374 3978 6810 4039 
10375 804 805 803 
10376 2012 2952 2951 
10377 4349 5557 5017 
10378 3579 6792 3578 
10379 4200 4349 4201 
10380 2941 4200 4199 
10381 1905 1985 1984 
10382 1914 1968 1927 
10383 2770 2771 2521 
10384 1628 1633 1631 
10385 2459 7309 2468 
10386 2347 2348 1973 
10387 2437 2439 2438 
10388 2409 2410 2408 
10389 1633 4487 4071 
10390 3784 4484 3783 
10391 5041 5043 5042 
10392 2826 2827 2306 
10393 8506 8858 6333 
10394 2549 2550 2548 
10395 4262 7671 6468 
10396 3937 8723 5015 
10397 2413 2766 2412 
10398 3119 4186 3642 
10399 6481 7108 1106 
10400 1739 1740 1738 
10401 1785 1787 1783 
10402 1937 1938 1675 
10403 1082 1083 1081 
10404 2847 2848 1978 
10405 3373 3783 3372 
10406 1633 4071 1631 
10407 358 6576 6537 
10408 4695 7277 3639 
10409 4391 5410 1624 
10410 1911 2012 2011 
10411 1543 4148 1345 
10412 4674 5238 5237 
10413 2411 2412 2410 
10414 2806 3222 3221 
10415 3988 4060 3172 
10416 3131 8747 5353 
10417 1584 1587 1586 
10418 1355 1378 1375 
10419 1701 1703 1702 
10420 3502 6983 2984 
10421 1943 7077 1941 
10422 1378 1545 1375 
10423 4564 4565 4563 
10424 868 872 867 
10425 1136 1138 1137 
10426 3609 4644 4642 
10427 3149 8285 4886 
10428 4183 4919 4255 
10429 3657 3658 3416 
10430 4032 4420 3604 
10431 1896 6839 2357 
10432 1746 6974 1745 
10433 4512 6899 4460 
10434 938 940 939 
10435 1478 1568 1567 
10436 2525 6927 3508 
10437 2411 2413 2412 
10438 4266 7183 2944 
10439 1142 1144 1143 
10440 1860 1861 1858 
10441 5601 7366 3317 
10442 1084 1085 1083 
10443 3948 5152 4324 
10444 353 530 354 
10445 4541 4542 4540 
10446 5618 6966 5621 
10447 5008 7751 4385 
10448 1760 1761 1759 
10449 4273 7171 3391 
10450 4907 4908 3627 
10451 3366 3948 3947 
10452 3450 4769 2559 
10453 2701 2702 2666 
10454 4322 4674 4673 
10455 695 696 692 
10456 2848 3090 3089 
10457 3533 3534 3019 
10458 1406 1438 1410 
10459 3247 7004 5122 
10460 3687 3689 3688 
10461 1161 8613 1163 
10462 1451 7350 6375 
10463 4336 6808 3133 
10464 1632 6939 1636 
10465 3226 3645 2987 
10466 2351 2409 2408 
10467 2039 8105 2041 
10468 5453 8953 5454 
10469 4945 4947 3658 
10470 4152 7441 6922 
10471 734 735 733 
10472 3090 3647 3091 
10473 3548 4139 3551 
10474 806 807 805 
10475 1130 1132 1131 
10476 4539 4540 4077 
10477 2185 2187 2186 
10478 5136 6978 5286 
10479 5966 8765 343 
10480 2936 3536 2992 
10481 2527 7133 3063 
10482 1269 1270 1267 
10483 2409 2411 2410 
10484 4655 6813 3803 
10485 4133 6847 3256 
10486 5843 8855 5841 
10487 1409 1420 1408 
10488 5997 7643 3835 
10489 2021 3024 3022 
10490 1375 7009 1376 
10491 2873 3478 2874 
10492 736 737 735 
10493 4435 5241 4695 
10494 2692 7006 1389 
10495 4978 4984 3622 
10496 5435 7610 5612 
10497 4292 8537 8135 
10498 4766 5684 4875 
10499 1633 6980 4488 
10500 1104 3481 3480 
10501 3340 7094 3635 
10502 1421 1425 1420 
10503 2097 2099 2098 
10504 4191 4987 3638 
10505 2555 7096 6591 
10506 1590 1654 1592 
10507 3481 3818 3817 
10508 6759 7042 1390 
10509 3623 4132 3256 
10510 2940 3311 3310 
10511 3608 6897 3236 
10512 3516 4160 3029 
10513 2940 3310 1939 
10514 2599 2815 2814 
10515 1127 7128 2009 
10516 935 938 937 
10517 5431 5432 4169 
10518 2221 2222 2220 
10519 686 687 683 
10520 641 644 643 
10521 1977 1978 1933 
10522 4582 8027 6090 
10523 2321 2323 2322 
10524 2246 8865 8609 
10525 3082 6886 3495 
10526 754 756 755 
10527 2880 3019 2780 
10528 1645 1684 1646 
10529 4501 7320 5325 
10530 635 637 636 
10531 3363 7012 3362 
10532 3244 3361 3109 
10533 4039 6810 5267 
10534 2349 2941 2348 
10535 3913 8129 5508 
10536 4766 4875 4765 
10537 1475 2291 1476 
10538 1426 1430 1425 
10539 4492 7425 7157 
10540 1447 1645 1448 
10541 1766 6885 1765 
10542 1422 1429 1427 
10543 1903 1905 1904 
10544 2492 2494 2493 
10545 740 742 739 
10546 1932 1933 1931 
10547 3036 3502 2984 
10548 2835 3156 2834 
10549 2581 2834 2580 
10550 2901 2903 2902 
10551 363 523 364 
10552 6521 6832 1346 
10553 808 809 807 
10554 5284 7833 7825 
10555 6196 6533 6532 
10556 4296 7198 5862 
10557 743 744 742 
10558 3489 6961 3488 
10559 5222 5224 5223 
10560 738 739 737 
10561 3256 6847 3255 
10562 545 882 542 
10563 3334 3423 3335 
10564 3471 7003 3725 
10565 1723 1837 1702 
10566 2318 4262 2668 
10567 5684 5685 4875 
10568 895 7039 6705 
10569 1105 7146 6482 
10570 347 536 348 
10571 3530 3879 3055 
10572 3277 3280 3279 
10573 7021 8856 6491 
10574 2099 2102 2100 
10575 1681 1682 1665 
10576 2358 6927 2525 
10577 3818 4746 4745 
10578 1033 1034 1031 
10579 4163 4183 3369 
10580 2276 2277 1938 
10581 1929 1931 1928 
10582 4139 5662 4337 
10583 6324 7965 616 
10584 3108 3109 2827 
10585 4033 4169 4032 
10586 1800 2434 1804 
10587 1790 2660 1788 
10588 653 655 654 
10589 2996 4447 4348 
10590 1659 4775 4511 
10591 2740 7009 1545 
10592 1438 1447 1439 
10593 4988 4989 4111 
10594 3620 4088 3703 
10595 3133 6808 2755 
10596 2261 3126 2872 
10597 1652 1660 1644 
10598 2975 6929 2967 
10599 4613 5431 4169 
10600 4050 7870 4052 
10601 2107 2110 2109 
10602 4715 7011 3529 
10603 4162 6967 2409 
10604 3726 6995 879 
10605 8348 8706 6550 
10606 6688 8693 6560 
10607 815 820 819 
10608 3975 6146 2454 
10609 1911 2011 1910 
10610 1494 1495 1458 
10611 1192 1193 1191 
10612 688 1029 687 
10613 2840 3243 3239 
10614 4300 5244 4670 
10615 1885 1928 1884 
10616 1684 1686 1646 
10617 3180 7240 6561 
10618 3037 7033 3036 
10619 1025 1026 1019 
10620 1621 1622 1620 
10621 270 7491 271 
10622 747 748 746 
10623 2869 7124 3630 
10624 1800 1804 1797 
10625 1578 1581 1580 
10626 2012 2951 2011 
10627 4468 7765 4472 
10628 2148 2149 2147 
10629 1536 1644 1643 
10630 1705 6914 1703 
10631 1972 2839 1974 
10632 756 762 761 
10633 4056 4057 3246 
10634 3754 7263 4345 
10635 1968 3334 2854 
10636 745 746 744 
10637 5355 8773 5905 
10638 749 751 748 
10639 1353 1355 1118 
10640 2269 2802 1940 
10641 3162 8481 5451 
10642 3138 6902 3140 
10643 3478 4688 3602 
10644 3146 6927 2358 
10645 2407 2442 2441 
10646 3311 3312 3310 
10647 3564 7276 7033 
10648 2514 4495 654 
10649 4623 4796 4160 
10650 1297 1299 1298 
10651 1596 1599 1598 
10652 4455 7098 6360 
10653 3331 7282 3333 
10654 1533 1536 1535 
10655 362 6556 363 
10656 2605 3422 2607 
10657 1611 1612 1610 
10658 2436 2437 2435 
10659 361 1981 362 
10660 901 903 899 
10661 1867 1972 1866 
10662 2847 6931 2848 
10663 1838 1884 1837 
10664 4942 8553 3524 
10665 2223 2224 2222 
10666 4707 7588 5868 
10667 1291 1293 1292 
10668 831 7192 834 
10669 4651 6990 3737 
10670 2345 7120 4640 
10671 1667 1866 1660 
10672 5201 8931 1742 
10673 2546 2548 2547 
10674 2938 7137 2342 
10675 4231 4236 4233 
10676 2384 2735 2381 
10677 836 837 833 
10678 3179 7316 4095 
10679 5210 5211 4369 
10680 1781 6952 1778 
10681 699 6913 697 
10682 3880 4111 3879 
10683 3362 3529 3047 
10684 2434 2436 2435 
10685 1645 1646 1448 
10686 762 765 764 
10687 3120 7032 3119 
10688 5422 8753 3890 
10689 2189 2191 2190 
10690 4740 4741 4594 
10691 1500 1534 1498 
10692 5373 7933 5376 
10693 1107 2362 837 
10694 704 705 701 
10695 2323 2325 2324 
10696 6106 7882 6105 
10697 3225 8115 1683 
10698 3946 8149 3227 
10699 3136 6869 4425 
10700 679 7196 7138 
10701 1700 2852 1698 
10702 4650 4651 3737 
10703 2909 4180 3895 
10704 4902 8859 7538 
10705 3903 5509 3906 
10706 2436 2761 2437 
10707 1882 3113 2877 
10708 2327 7361 5570 
10709 1569 1572 1571 
10710 3423 3834 3335 
10711 4175 7631 4023 
10712 4368 4369 3448 
10713 3186 6928 3188 
10714 2434 2435 1804 
10715 1531 1533 1532 
10716 1573 1577 1576 
10717 3657 4946 4945 
10718 549 2876 547 
10719 1618 1621 1620 
10720 4567 8162 5198 
10721 1637 7423 1635 
10722 1287 1289 1288 
10723 7653 8917 6205 
10724 1600 1630 1602 
10725 2673 2675 2674 
10726 341 544 342 
10727 6346 6507 6351 
10728 3241 4112 3400 
10729 1265 1266 1264 
10730 3090 6931 3740 
10731 2088 7855 2086 
10732 2603 3148 3092 
10733 3236 6897 3933 
10734 7489 7626 5246 
10735 5723 8255 6211 
10736 221 7518 222 
10737 1451 2545 1449 
10738 521 8037 526 
10739 2720 2721 1997 
10740 581 7933 7075 
10741 1107 6906 3309 
10742 2609 2613 2612 
10743 6592 8574 1763 
10744 1148 1150 1149 
10745 4138 6294 6249 
10746 4553 7407 3801 
10747 4906 8346 4907 
10748 2860 3476 3220 
10749 6437 6534 6443 
10750 5638 7081 4284 
10751 2558 2754 2698 
10752 6776 7501 6774 
10753 1977 2847 1978 
10754 1275 1276 1273 
10755 6706 6943 6581 
10756 3538 3620 3539 
10757 2613 2615 2614 
10758 831 832 829 
10759 4170 6126 4739 
10760 2670 2673 2672 
10761 1271 1272 1270 
10762 6382 8637 2309 
10763 6980 7220 4729 
10764 1953 7210 1952 
10765 1444 1451 1449 
10766 1805 6965 1801 
10767 6156 6158 6154 
10768 1526 1531 1530 
10769 346 6595 6557 
10770 3744 4499 2660 
10771 3362 4362 3529 
10772 5043 6832 5044 
10773 4727 4728 4172 
10774 5973 8871 2058 
10775 838 1107 837 
10776 2102 2104 2103 
10777 2548 2553 2547 
10778 6096 8402 4354 
10779 3100 7199 3097 
10780 3620 6887 4088 
10781 3288 3523 3286 
10782 2546 2547 2545 
10783 6043 7596 763 
10784 564 2531 561 
10785 1856 1857 1855 
10786 2198 7317 4294 
10787 5582 5583 5581 
10788 1762 7063 1761 
10789 4174 4668 3426 
10790 5194 5245 4330 
10791 2047 7090 2045 
10792 3043 3990 3823 
10793 3320 8777 7095 
10794 1795 6750 1791 
10795 7240 8369 5870 
10796 911 2568 906 
10797 152 7492 151 
10798 3834 4465 4059 
10799 1027 1030 1026 
10800 844 6906 838 
10801 4362 4714 3529 
10802 4045 6921 4047 
10803 1451 2546 2545 
10804 2225 2226 2224 
10805 439 8286 6540 
10806 7 7499 6 
10807 3504 4710 4205 
10808 2018 7444 7413 
10809 2754 3133 2755 
10810 5698 8675 2033 
10811 1581 2371 1582 
10812 1306 8354 1307 
10813 1683 1879 1682 
10814 4221 4237 4223 
10815 2686 5064 4905 
10816 919 920 917 
10817 5258 5259 3409 
10818 1641 1843 1657 
10819 56 7501 55 
10820 4655 8530 8071 
10821 3648 6985 4423 
10822 2855 8958 5364 
10823 6104 7618 2333 
10824 512 6838 510 
10825 827 828 824 
10826 1022 6997 967 
10827 1447 1448 1439 
10828 2113 2116 2115 
10829 1968 2854 1969 
10830 4693 7076 6853 
10831 356 968 357 
10832 4285 7024 5333 
10833 5310 8948 5140 
10834 1709 1728 1707 
10835 3173 3564 3040 
10836 6137 8202 2569 
10837 4092 8040 5907 
10838 6401 7659 4059 
10839 6866 7036 4130 
10840 3113 3538 3257 
10841 1226 1228 1227 
10842 3119 3642 3026 
10843 5243 5852 4970 
10844 5726 8242 3906 
10845 2325 2758 2326 
10846 1869 1870 1864 
10847 813 814 812 
10848 5149 8836 6800 
10849 810 812 809 
10850 679 4288 643 
10851 6927 7157 4181 
10852 2539 7063 4818 
10853 600 7136 597 
10854 4217 4309 4219 
10855 1398 1400 1399 
10856 1932 1977 1933 
10857 1621 7109 4391 
10858 2903 2905 2904 
10859 3862 4687 4336 
10860 509 6909 2003 
10861 1404 1406 1405 
10862 3031 3750 3106 
10863 6739 7556 3247 
10864 4211 4214 4213 
10865 516 6833 514 
10866 3689 3691 3690 
10867 850 7498 852 
10868 3985 4318 4273 
10869 5741 8500 8224 
10870 1465 4652 2275 
10871 4198 4330 3502 
10872 1222 1224 1223 
10873 1406 1410 1407 
10874 4784 4785 4783 
10875 4416 6554 4006 
10876 3470 4182 3471 
10877 1614 2699 1616 
10878 5885 7818 1102 
10879 3292 3293 3290 
10880 1400 1424 1402 
10881 3902 5011 4600 
10882 4299 7440 6339 
10883 4318 5418 4319 
10884 1687 6989 1646 
10885 6297 8762 2317 
10886 1402 1404 1403 
10887 481 7069 6343 
10888 5068 8817 7280 
10889 4227 4230 4229 
10890 3637 3846 3845 
10891 3698 3702 3700 
10892 1699 7607 1701 
10893 3416 7054 3418 
10894 3836 6848 3549 
10895 4425 6902 3138 
10896 1756 7057 1755 
10897 1832 8721 6276 
10898 2675 2748 2747 
10899 1568 6857 1569 
10900 4910 7223 3434 
10901 2822 3661 2277 
10902 1929 1932 1931 
10903 4606 7054 4609 
10904 4085 4743 4446 
10905 335 553 336 
10906 1761 2538 1759 
10907 1466 6920 1468 
10908 4130 7036 6754 
10909 4265 4803 4016 
10910 3548 3551 3123 
10911 5130 6467 5131 
10912 1882 2877 2028 
10913 1701 1702 1700 
10914 3495 6886 4091 
10915 1885 1929 1928 
10916 4652 6649 2275 
10917 1608 1611 1610 
10918 3667 6843 3668 
10919 4182 5006 5005 
10920 1809 6822 1806 
10921 3163 3470 3164 
10922 604 6954 603 
10923 1086 1087 1085 
10924 2728 2828 2726 
10925 4824 8874 8311 
10926 3551 7032 3123 
10927 1769 6885 1766 
10928 816 817 764 
10929 1045 1046 1043 
10930 1703 1723 1702 
10931 5718 8097 7615 
10932 1759 7057 1756 
10933 1496 2319 1495 
10934 3751 5141 4697 
10935 4242 5169 3733 
10936 4319 7046 4273 
10937 1196 1197 1194 
10938 771 2681 769 
10939 557 558 555 
10940 3251 3407 3406 
10941 1838 1885 1884 
10942 1396 1398 1397 
10943 1845 1846 1656 
10944 5562 8376 4147 
10945 6196 6532 3991 
10946 1699 1700 1698 
10947 4397 4719 4671 
10948 7033 7276 4198 
10949 4396 4566 3463 
10950 2748 3031 2935 
10951 2539 3735 2540 
10952 3990 5463 4284 
10953 1117 1353 1118 
10954 350 969 351 
10955 3735 4706 3829 
10956 1105 1117 1106 
10957 3425 4171 3789 
10958 6606 7856 6605 
10959 5965 8765 5966 
10960 4946 6243 5108 
10961 1587 1589 1588 
10962 4306 5130 4307 
10963 1541 1548 1547 
10964 4584 5089 4287 
10965 1197 8662 5746 
10966 4302 5327 1627 
10967 3408 3409 3304 
10968 1020 1105 1021 
10969 1621 1624 1622 
10970 1524 1526 1525 
10971 3803 4559 3492 
10972 3269 6956 2785 
10973 1506 1507 1504 
10974 1337 6717 1334 
10975 3157 3448 3156 
10976 3131 8153 3129 
10977 3298 3306 3296 
10978 2494 2496 2495 
10979 1105 1106 1021 
10980 1117 1118 1106 
10981 2724 2725 2722 
10982 1020 1021 967 
10983 3114 3492 2802 
10984 4502 7450 2817 
10985 5134 6978 5136 
10986 1843 1882 1881 
10987 1394 1396 1395 
10988 1326 1327 1325 
10989 3414 3657 3416 
10990 5208 8118 5209 
10991 5896 7800 550 
10992 3046 7150 5069 
10993 1862 1863 1861 
10994 358 6537 359 
10995 3641 4397 3934 
10996 1655 1656 1542 
10997 4294 4296 4295 
10998 1400 1402 1401 
10999 874 875 872 
11000 1958 1959 1902 
11001 2639 2641 2640 
11002 3336 4031 4030 
11003 5026 8430 5027 
11004 2464 4380 2461 
11005 4632 4798 4630 
11006 1755 2513 1753 
11007 5880 8024 6788 
11008 6162 8400 6753 
11009 2104 2106 2105 
11010 3140 6902 3253 
11011 848 849 846 
11012 4296 4992 4297 
11013 1431 1440 1430 
11014 5282 7100 5283 
11015 3387 3388 3385 
11016 1438 1439 1410 
11017 4202 5117 3713 
11018 1007 6889 1006 
11019 1965 2603 2602 
11020 3024 3424 3025 
11021 5490 8097 5488 
11022 2843 7611 2529 
11023 1180 7203 1177 
11024 329 562 330 
11025 966 1020 967 
11026 1393 1394 1392 
11027 2980 6983 4163 
11028 4706 5458 3829 
11029 3024 4678 3424 
11030 1880 1996 1879 
11031 3302 3303 3300 
11032 2615 2617 2616 
11033 822 823 820 
11034 6591 7682 5394 
11035 2610 2618 2611 
11036 2769 6738 2056 
11037 3890 5002 3833 
11038 1006 6889 3449 
11039 936 1694 934 
11040 2119 2122 2121 
11041 4245 7860 6288 
11042 938 948 940 
11043 1948 4413 1946 
11044 559 573 558 
11045 924 2627 922 
11046 3126 3375 3127 
11047 1975 1995 1846 
11048 3620 3703 3539 
11049 6936 7831 4864 
11050 1960 2776 1959 
11051 1604 2716 1606 
11052 2006 6876 2280 
11053 3334 3335 2854 
11054 1218 1220 1219 
11055 4481 7547 4482 
11056 1449 7056 1450 
11057 1440 1442 1430 
11058 4692 7155 5007 
11059 966 967 958 
11060 3809 6244 3806 
11061 5068 7050 2740 
11062 5139 6476 5255 
11063 2275 6920 1466 
11064 3397 7148 2913 
11065 3992 3993 3092 
11066 3735 3829 2540 
11067 346 6557 347 
11068 1450 7056 1465 
11069 1755 4440 2513 
11070 615 7017 614 
11071 1749 6974 1746 
11072 4912 7024 4285 
11073 1021 7108 1022 
11074 2227 2228 2226 
11075 3586 7088 3583 
11076 1037 1038 1035 
11077 3050 3250 3052 
11078 3182 3185 3184 
11079 3691 3693 3692 
11080 3441 3791 3442 
11081 360 6938 361 
11082 4388 4851 4850 
11083 1464 1542 1462 
11084 6727 7947 5790 
11085 1113 1114 1109 
11086 5584 5585 5583 
11087 3151 4388 3877 
11088 6090 7768 882 
11089 2504 2530 2529 
11090 3230 3321 2870 
11091 6273 8196 6272 
11092 1391 1392 1390 
11093 3653 7012 3363 
11094 1385 1387 1386 
11095 1723 6914 3275 
11096 3712 3713 3662 
11097 3934 7201 3490 
11098 4588 7432 7136 
11099 2389 2390 2386 
11100 3029 7094 3030 
11101 3647 6985 3648 
11102 5487 7421 2857 
11103 3478 5560 4688 
11104 6679 8095 1988 
11105 1376 7009 4188 
11106 1900 7076 1955 
11107 8453 8696 6253 
11108 2319 3743 1495 
11109 958 6997 3802 
11110 5413 7242 5456 
11111 3223 7085 4265 
11112 1359 1360 1343 
11113 752 753 751 
11114 626 627 624 
11115 8311 8874 5462 
11116 1902 1903 1662 
11117 7606 8756 6411 
11118 1515 8871 1574 
11119 1041 1042 1039 
11120 3283 3307 2776 
11121 3791 5170 4590 
11122 4171 6127 4727 
11123 4828 8113 5726 
11124 2355 7284 7104 
11125 2882 4314 3413 
11126 1661 1662 1455 
11127 4710 5166 4205 
11128 3933 6897 5252 
11129 4071 6939 1631 
11130 344 970 345 
11131 6793 7078 4150 
11132 1448 6989 4146 
11133 4323 4496 4476 
11134 3078 3417 3080 
11135 1723 1838 1837 
11136 573 2717 558 
11137 2123 2126 2125 
11138 1611 1627 1612 
11139 6527 7083 2695 
11140 2539 2540 2538 
11141 3389 3390 3388 
11142 2198 4294 2867 
11143 957 958 949 
11144 957 966 958 
11145 4400 4401 4399 
11146 630 631 628 
11147 1454 1455 1442 
11148 2427 7859 6606 
11149 2154 2155 2153 
11150 2618 2816 2619 
11151 1599 6907 1600 
11152 2058 8871 1513 
11153 754 755 753 
11154 1545 7009 1375 
11155 355 7599 356 
11156 3954 3955 2773 
11157 5070 5071 4436 
11158 1715 1733 1713 
11159 6853 7076 1900 
11160 659 662 657 
11161 4838 4839 4741 
11162 4654 4845 3955 
11163 756 761 755 
11164 5879 6806 5877 
11165 4606 4609 4608 
11166 4989 7135 4111 
11167 2758 3111 2793 
11168 3476 4082 3477 
11169 3564 7033 3040 
11170 4635 7604 4633 
11171 1345 7363 1333 
11172 762 764 761 
11173 7799 8665 2387 
11174 3731 4053 3459 
11175 3847 6837 5705 
11176 2842 4806 4805 
11177 4496 4867 4497 
11178 2791 3443 3441 
11179 3811 4264 4128 
11180 323 570 324 
11181 5114 5115 4642 
11182 765 816 764 
11183 3375 3377 3376 
11184 2496 2498 2497 
11185 4452 4958 4386 
11186 2754 3274 3133 
11187 1387 1388 1386 
11188 1778 6952 1780 
11189 4008 5905 4535 
11190 4508 6842 3472 
11191 1536 1643 1535 
11192 3866 4548 4547 
11193 3439 4914 3543 
11194 3887 4113 3307 
11195 3582 6792 3579 
11196 2586 2587 2466 
11197 611 7143 608 
11198 6654 7582 5168 
11199 1200 1201 1198 
11200 2777 3283 2776 
11201 5454 8953 464 
11202 4786 4787 4785 
11203 648 2731 646 
11204 4806 4808 4807 
11205 4186 4994 3642 
11206 135 7181 439 
11207 4666 4667 4665 
11208 1389 1390 1388 
11209 6985 7789 6744 
11210 8519 8798 4915 
11211 7774 7928 3711 
11212 1396 2680 1398 
11213 6588 6626 331 
11214 1088 1089 1087 
11215 1695 1696 1694 
11216 2715 2791 2790 
11217 3520 6940 2659 
11218 4214 5356 5109 
11219 3693 3695 3694 
11220 1745 2715 2714 
11221 2237 2238 2235 
11222 1770 7002 2351 
11223 1577 7074 1578 
11224 2785 6956 2786 
11225 1275 8453 6253 
11226 1875 1887 1873 
11227 948 949 940 
11228 3488 3491 3490 
11229 5517 8381 7956 
11230 4314 5143 4315 
11231 3538 3539 3257 
11232 3657 4945 3658 
11233 3144 8604 7207 
11234 4139 4337 3551 
11235 948 7068 4382 
11236 5022 8334 7960 
11237 6181 8650 2263 
11238 1761 2539 2538 
11239 653 654 650 
11240 1697 1698 1696 
11241 1533 1535 1532 
11242 1204 1205 1202 
11243 5066 5067 4634 
11244 4365 4436 3263 
11245 948 957 949 
11246 6409 7981 6410 
11247 299 613 300 
11248 776 818 774 
11249 6071 7942 6070 
11250 6257 7549 3936 
11251 2336 3308 2338 
11252 928 944 926 
11253 3113 3257 2877 
11254 3791 4590 3792 
11255 3609 4641 3608 
11256 5257 5258 3409 
11257 5454 8780 6761 
11258 571 578 568 
11259 3583 7088 3582 
11260 1745 2714 1740 
11261 311 591 312 
11262 2229 2230 2228 
11263 1531 1532 1530 
11264 1696 3398 1694 
11265 317 581 318 
11266 4393 4395 4394 
11267 621 623 619 
11268 5457 5473 4550 
11269 3722 3724 3723 
11270 1387 1389 1388 
11271 1475 2555 2291 
11272 2355 7104 3745 
11273 4082 4596 4083 
11274 1049 1050 1047 
11275 1903 2807 1905 
11276 2282 2589 2523 
11277 8085 8436 3911 
11278 402 811 403 
11279 4725 4995 4724 
11280 2566 2853 636 
11281 6373 7182 3070 
11282 2996 6884 4447 
11283 1425 3261 1420 
11284 1985 6972 1984 
11285 4808 4810 4809 
11286 3488 3490 3486 
11287 1093 1096 1092 
11288 2498 2503 2499 
11289 3377 3379 3378 
11290 2110 2112 2111 
11291 3491 4341 3641 
11292 3745 4686 4685 
11293 1363 1365 1361 
11294 1581 2532 2371 
11295 2557 2559 2558 
11296 1104 6908 3481 
11297 305 602 306 
11298 4885 6961 3489 
11299 2806 3223 3222 
11300 1281 1282 1279 
11301 3057 3059 3058 
11302 644 679 643 
11303 3392 4399 2799 
11304 334 6580 335 
11305 7157 7425 4181 
11306 1090 1092 1089 
11307 7004 8678 4099 
11308 6258 8805 6960 
11309 6622 8468 4963 
11310 4214 5109 4215 
11311 396 825 397 
11312 4816 7026 4657 
11313 6189 7914 7857 
11314 1166 5716 5715 
11315 3642 7090 3026 
11316 334 6627 6580 
11317 374 841 375 
11318 2848 6931 3090 
11319 3274 4263 3862 
11320 4072 4073 3980 
11321 1984 6972 2713 
11322 1878 6970 1671 
11323 3492 4598 2802 
11324 4182 5165 5006 
11325 5425 7581 4597 
11326 3326 4065 3324 
11327 3664 4332 3293 
11328 596 2520 884 
11329 232 722 233 
11330 2408 6885 1769 
11331 4086 4087 3993 
11332 6673 8499 6675 
11333 6446 8873 6447 
11334 3276 7465 2547 
11335 1122 1123 1120 
11336 5014 8407 3714 
11337 870 871 817 
11338 1023 7146 1020 
11339 238 713 239 
11340 2593 2596 2595 
11341 3059 3061 3060 
11342 761 2841 755 
11343 3294 3664 3293 
11344 655 2514 654 
11345 1403 7188 1401 
11346 1389 1391 1390 
11347 1647 7039 878 
11348 2003 6909 6224 
11349 2849 3049 2850 
11350 3223 4000 3222 
11351 5538 8737 5542 
11352 2512 7168 3566 
11353 3379 3493 3380 
11354 680 1385 1116 
11355 3484 4313 3468 
11356 3827 4176 3586 
11357 2882 3413 2883 
11358 6840 6978 5134 
11359 332 971 333 
11360 1671 6970 1670 
11361 2578 2579 2576 
11362 4047 6921 5220 
11363 4353 4909 4354 
11364 1391 1393 1392 
11365 338 972 339 
11366 697 1383 696 
11367 3163 4298 3470 
11368 188 7626 187 
11369 2693 4393 4340 
11370 635 636 632 
11371 1393 1408 1394 
11372 3960 3961 3858 
11373 1208 1209 1206 
11374 3827 4177 4176 
11375 6492 7001 4254 
11376 3695 3697 3696 
11377 706 869 705 
11378 210 763 211 
11379 1385 1386 1116 
11380 3534 3649 3019 
11381 4678 4679 3424 
11382 878 879 871 
11383 1370 7591 6579 
11384 6533 6548 6532 
11385 4621 5314 4073 
11386 293 622 294 
11387 1472 7096 1475 
11388 2921 2922 2543 
11389 256 684 257 
11390 331 6626 332 
11391 1471 7096 1472 
11392 2200 2202 2201 
11393 895 896 879 
11394 390 835 391 
11395 1526 1530 1525 
11396 913 914 896 
11397 934 935 914 
11398 5744 7424 3152 
11399 1765 7063 1762 
11400 710 2445 708 
11401 322 6601 323 
11402 6339 7780 4622 
11403 3085 7166 3077 
11404 2574 4355 2572 
11405 3493 3554 3494 
11406 6968 8675 4865 
11407 3004 8177 3005 
11408 4016 5020 4000 
11409 4163 7364 4717 
11410 3554 3556 3555 
11411 2582 2583 2579 
11412 337 6628 338 
11413 3319 3860 3714 
11414 641 643 639 
11415 4636 4971 4332 
11416 3556 3722 3557 
11417 2596 2598 2597 
11418 4303 4817 3743 
11419 1772 7002 1770 
11420 2598 2601 2600 
11421 1512 1529 1510 
11422 4492 7157 4143 
11423 5354 5355 4667 
11424 6437 7067 6534 
11425 1097 1108 1096 
11426 4440 5391 2513 
11427 2601 2624 2623 
11428 3190 3395 3192 
11429 2363 2364 2362 
11430 2816 3319 3267 
11431 7283 8417 5153 
11432 1277 1278 1276 
11433 1523 8054 1527 
11434 2409 6967 2411 
11435 1235 7016 1236 
11436 408 800 409 
11437 204 772 205 
11438 6517 8607 3804 
11439 287 633 288 
11440 4596 5424 4597 
11441 2555 2557 2556 
11442 4357 7243 4576 
11443 672 674 669 
11444 3468 7166 3085 
11445 853 2732 851 
11446 2257 7816 2254 
11447 2861 2862 2583 
11448 1252 4245 2591 
11449 4506 4981 4508 
11450 3534 4089 3649 
11451 3556 4572 3722 
11452 1236 1238 1237 
11453 913 934 914 
11454 895 913 896 
11455 415 790 416 
11456 5591 8808 5588 
11457 878 895 879 
11458 4452 4959 4958 
11459 421 781 422 
11460 1350 8448 5483 
11461 1432 7507 1433 
11462 1029 3665 687 
11463 2557 2558 2556 
11464 3803 6813 4559 
11465 318 7075 319 
11466 1721 1743 1719 
11467 1890 1906 1888 
11468 2927 4353 3402 
11469 616 8031 617 
11470 4276 7246 2667 
11471 6329 8506 6327 
11472 3304 6941 3303 
11473 1800 6965 2434 
11474 1115 1119 1114 
11475 2116 2118 2117 
11476 2752 7168 2512 
11477 237 6624 238 
11478 3491 3641 3490 
11479 1307 1309 1308 
11480 4692 5007 4690 
11481 584 592 582 
11482 1468 6920 1471 
11483 1183 7034 1182 
11484 1738 1886 1734 
11485 298 6603 299 
11486 2676 2849 2677 
11487 1232 1234 1233 
11488 870 878 871 
11489 2375 7209 2377 
11490 1677 1850 1676 
11491 2560 3015 2770 
11492 3600 4350 3013 
11493 1569 6857 1572 
11494 2365 2366 2364 
11495 1912 6988 1914 
11496 2391 2400 2390 
11497 304 6617 305 
11498 326 973 327 
11499 3536 6859 2992 
11500 2367 2369 2366 
11501 2520 2560 2521 
11502 859 861 857 
11503 4087 4452 4386 
11504 4853 5016 2691 
11505 3194 3859 3196 
11506 226 732 227 
11507 3061 3472 3062 
11508 833 6935 832 
11509 880 6981 881 
11510 5272 7856 6634 
11511 250 693 251 
11512 4754 8461 5344 
11513 1895 7134 1894 
11514 3624 8976 3625 
11515 815 819 814 
11516 263 671 264 
11517 3148 3992 3092 
11518 4946 5108 4945 
11519 401 6610 402 
11520 184 8107 435 
11521 6445 8942 5103 
11522 4458 4461 4459 
11523 6284 8188 258 
11524 5311 5313 4115 
11525 2231 2232 2230 
11526 5002 6993 3833 
11527 1107 2363 2362 
11528 2340 2729 2343 
11529 3274 3862 3133 
11530 5024 5025 3706 
11531 751 757 748 
11532 4351 5727 4352 
11533 1524 1525 1522 
11534 7116 7876 3777 
11535 1729 1836 1726 
11536 4684 4696 3926 
11537 7006 8219 6562 
11538 2532 2534 2533 
11539 4289 7342 2696 
11540 3472 6842 3062 
11541 787 866 785 
11542 1871 1872 1870 
11543 2155 6977 2157 
11544 1827 6890 1831 
11545 2534 2780 2535 
11546 3223 4016 4000 
11547 3860 4351 3861 
11548 486 8107 185 
11549 3198 3374 3200 
11550 4644 5114 4642 
11551 7624 7674 4841 
11552 2787 4458 4457 
11553 216 750 217 
11554 1031 7080 1030 
11555 2893 2894 2891 
11556 7621 7652 1385 
11557 5921 8067 7302 
11558 4983 7638 4715 
11559 3270 3532 2717 
11560 2999 7277 2997 
11561 2555 2556 2291 
11562 319 6651 320 
11563 3768 6976 3765 
11564 244 703 245 
11565 220 741 221 
11566 1290 7122 1291 
11567 363 6556 523 
11568 4255 7060 3369 
11569 5222 5223 5080 
11570 2921 3746 3272 
11571 3518 4525 4524 
11572 4509 7692 6194 
11573 3272 3273 2922 
11574 1670 6970 4312 
11575 3816 6956 3269 
11576 1783 7037 1781 
11577 579 2733 576 
11578 2978 7060 2973 
11579 3119 7032 4186 
11580 2770 2882 2771 
11581 1865 1976 1850 
11582 1331 4443 4442 
11583 2726 6871 2725 
11584 225 6637 226 
11585 193 7656 451 
11586 3185 3863 3638 
11587 553 8324 5749 
11588 3424 7158 3425 
11589 1955 7076 2697 
11590 2129 2132 2131 
11591 816 870 817 
11592 1440 1454 1442 
11593 4476 7139 4321 
11594 2842 7249 4806 
11595 3379 3925 3493 
11596 2243 2244 2241 
11597 1661 1902 1662 
11598 407 7129 408 
11599 637 2566 636 
11600 3208 3609 3608 
11601 1454 1661 1455 
11602 2910 7148 2909 
11603 1508 2345 1507 
11604 3126 3749 3375 
11605 3036 7033 4198 
11606 5000 5050 4999 
11607 2715 2790 2714 
11608 2392 7209 3231 
11609 3825 4259 4036 
11610 269 661 270 
11611 1703 6914 1723 
11612 292 6632 293 
11613 3946 8360 7897 
11614 2233 2234 2232 
11615 4018 6951 6838 
11616 3204 3563 3206 
11617 4500 7521 7352 
11618 249 6640 250 
11619 2791 3441 2790 
11620 6183 8388 4947 
11621 3117 7374 3868 
11622 1965 2602 1963 
11623 3970 7213 6079 
11624 1578 7074 1581 
11625 3516 4990 4623 
11626 281 642 282 
11627 4177 5213 4176 
11628 2708 7268 4282 
11629 5022 7960 5023 
11630 4373 4619 3532 
11631 667 2738 665 
11632 1057 1058 1055 
11633 320 974 321 
11634 5070 8476 5071 
11635 1209 8340 5854 
11636 1351 8845 5774 
11637 2405 2406 2403 
11638 3372 7028 2942 
11639 1788 7045 1785 
11640 597 7136 596 
11641 375 6679 376 
11642 2056 2774 1976 
11643 398 7245 399 
11644 2812 3516 3029 
11645 2532 2533 2371 
11646 3087 7403 4270 
11647 4177 5216 5213 
11648 365 6683 366 
11649 301 6658 302 
11650 6894 7170 1116 
11651 307 6656 308 
11652 4089 5009 3649 
11653 5316 8220 5078 
11654 3488 6961 3491 
11655 4640 5033 3999 
11656 5798 7372 5796 
11657 1388 7042 1970 
11658 680 1116 677 
11659 1885 7030 1930 
11660 4318 5419 5418 
11661 4779 5125 5124 
11662 314 977 315 
11663 3283 3887 3307 
11664 1745 6974 2715 
11665 1368 1377 1366 
11666 717 760 715 
11667 3328 7185 3326 
11668 5373 5375 5374 
11669 3728 3730 3015 
11670 6964 7868 2502 
11671 4373 5129 4619 
11672 3746 5110 3837 
11673 1775 7002 1772 
11674 275 652 276 
11675 603 4589 4588 
11676 4454 6985 3647 
11677 4567 5198 4036 
11678 1044 8925 1045 
11679 6440 7540 6441 
11680 2319 4303 3743 
11681 2419 6996 2417 
11682 968 6576 357 
11683 400 6641 401 
11684 3802 7123 949 
11685 5143 5412 4315 
11686 379 839 380 
11687 2345 3421 1507 
11688 6343 7069 6346 
11689 3966 3967 3964 
11690 4443 4953 4445 
11691 2453 2818 2083 
11692 1029 3666 3665 
11693 3176 6996 2419 
11694 1743 7184 6801 
11695 838 6906 1107 
11696 1918 1919 1916 
11697 2367 2522 2369 
11698 4314 4315 3413 
11699 308 979 309 
11700 1981 6556 362 
11701 4171 4727 4172 
11702 2247 2248 2245 
11703 5362 7398 4498 
11704 359 6537 522 
11705 3362 7012 4362 
11706 573 3270 2717 
11707 3275 7030 1838 
11708 302 975 303 
11709 3264 3265 2862 
11710 4649 5217 4017 
11711 1285 1286 1283 
11712 5242 8932 8896 
11713 3810 7993 3452 
11714 5214 7088 4176 
11715 1939 6986 1684 
11716 1480 1481 1381 
11717 4160 7094 3029 
11718 2534 2535 2533 
11719 4736 4738 4737 
11720 1330 1333 1329 
11721 3887 4403 4113 
11722 1909 1915 1907 
11723 2780 3163 2535 
11724 423 6685 5 
11725 3340 3635 3342 
11726 6618 6656 307 
11727 74 7267 6543 
11728 1328 1329 1327 
11729 4331 5159 4277 
11730 399 980 400 
11731 798 876 796 
11732 608 7143 607 
11733 240 6686 241 
11734 2659 6940 2950 
11735 5170 5302 4590 
11736 6037 8709 8344 
11737 596 884 593 
11738 6880 6881 4089 
11739 2415 6987 2413 
11740 4127 6878 3616 
11741 4259 6780 4567 
11742 1995 6984 2830 
11743 435 7598 183 
11744 373 6621 374 
11745 603 6954 4589 
11746 3697 6804 3698 
11747 2942 7028 2941 
11748 2858 3617 2853 
11749 2417 6996 2888 
11750 3863 5307 4191 
11751 295 6665 296 
11752 3270 4373 3532 
11753 3185 3638 3186 
11754 3570 4627 4626 
11755 1355 7018 1378 
11756 679 5342 4288 
11757 1845 1979 1975 
11758 1194 7150 1193 
11759 3999 4311 3421 
11760 6639 7434 252 
11761 3657 7173 4946 
11762 2363 2365 2364 
11763 2413 6987 2766 
11764 4333 8025 5507 
11765 235 981 236 
11766 1932 7059 2541 
11767 4053 7834 7093 
11768 296 976 297 
11769 3892 5635 3894 
11770 6630 7225 884 
11771 2901 2902 2899 
11772 1212 1213 1210 
11773 2018 7413 4700 
11774 228 6680 229 
11775 5916 8233 3717 
11776 218 1990 219 
11777 6351 7567 6347 
11778 2365 2367 2366 
11779 491 7795 6613 
11780 417 6688 418 
11781 4303 6816 4817 
11782 2068 7356 4209 
11783 6620 7245 398 
11784 1518 1528 1516 
11785 6359 8082 3607 
11786 3096 4257 3706 
11787 1191 7216 1187 
11788 4447 7896 4451 
11789 2897 6884 2895 
11790 4736 4737 4735 
11791 3998 6393 2866 
11792 393 984 394 
11793 2126 2128 2127 
11794 6718 8576 5052 
11795 3621 4277 3617 
11796 3008 3438 2821 
11797 3476 4638 4082 
11798 4748 4752 4746 
11799 522 6938 360 
11800 3604 6992 3311 
11801 3258 3890 3833 
11802 4068 4965 4334 
11803 5334 7253 4122 
11804 291 6648 292 
11805 2603 3092 2602 
11806 5138 8948 6607 
11807 6299 8776 442 
11808 405 978 406 
11809 5408 7274 4405 
11810 1761 7063 2539 
11811 6625 6686 240 
11812 2271 2272 2249 
11813 4578 4580 4577 
11814 3146 7157 6927 
11815 7047 7406 4954 
11816 246 6696 247 
11817 4573 7217 2626 
11818 3658 7054 3416 
11819 3346 3357 3348 
11820 4576 4577 4575 
11821 1006 3449 3013 
11822 4500 7045 2660 
11823 376 1988 377 
11824 3366 3455 3365 
11825 1957 6833 516 
11826 679 7138 5342 
11827 589 2750 586 
11828 4019 8648 5529 
11829 7116 8809 6230 
11830 2888 6987 2415 
11831 965 7346 964 
11832 4143 7157 3146 
11833 4191 5200 4987 
11834 1264 7252 1261 
11835 7561 8837 5473 
11836 1476 7007 1478 
11837 4256 7114 3257 
11838 5152 5810 4324 
11839 2588 2742 2587 
11840 207 987 208 
11841 4516 5661 3891 
11842 4439 4736 4735 
11843 229 990 230 
11844 2135 2138 2137 
11845 3390 3391 3388 
11846 4201 7131 4199 
11847 3948 4324 3947 
11848 3497 4017 2700 
11849 4254 7001 6020 
11850 783 2730 780 
11851 6973 7155 4692 
11852 4184 7097 3270 
11853 253 991 254 
11854 3627 7021 3226 
11855 1051 1100 1050 
11856 3525 4290 4289 
11857 4018 6838 512 
11858 3846 4537 3847 
11859 366 999 367 
11860 2291 7007 1476 
11861 1142 1143 1140 
11862 290 988 291 
11863 5 986 202 
11864 241 993 242 
11865 3322 3842 3321 
11866 1017 7322 7025 
11867 2392 3231 2394 
11868 5932 7377 5928 
11869 378 6655 379 
11870 987 7784 6145 
11871 1334 1344 1333 
11872 418 989 419 
11873 1600 6907 1630 
11874 6546 7489 6547 
11875 1646 6989 1448 
11876 3914 4879 3915 
11877 794 2737 792 
11878 5416 5417 5012 
11879 3312 6992 4766 
11880 252 7434 253 
11881 1061 6908 1059 
11882 189 8102 424 
11883 1465 7056 4652 
11884 5735 8142 460 
11885 371 6712 372 
11886 3666 4439 4438 
11887 4067 4883 4835 
11888 213 982 214 
11889 4120 4659 4658 
11890 3332 3787 3330 
11891 4636 6122 4971 
11892 112 7662 111 
11893 1124 1125 1123 
11894 1582 7008 1584 
11895 6517 8644 4958 
11896 3664 4636 4332 
11897 377 6687 378 
11898 5694 8611 4266 
11899 1655 7144 1845 
11900 2560 2770 2521 
11901 3947 4300 3455 
11902 1684 6986 1686 
11903 3992 4086 3993 
11904 1922 1934 1920 
11905 4717 7048 4183 
11906 3730 7568 7197 
11907 3609 4642 4641 
11908 2348 7058 1973 
11909 7664 7704 4844 
11910 3352 3399 3354 
11911 247 992 248 
11912 932 2749 930 
11913 2530 2844 2843 
11914 4292 4755 4754 
11915 867 2734 864 
11916 6174 7390 6170 
11917 2239 2240 2238 
11918 4671 8034 3934 
11919 2706 7338 4601 
11920 7136 7432 2520 
11921 837 6935 833 
11922 970 6595 345 
11923 298 6666 6603 
11924 6313 8433 6312 
11925 819 887 814 
11926 4290 4292 4291 
11927 7757 7916 1100 
11928 4503 4505 4504 
11929 4192 6402 2934 
11930 4300 5521 5244 
11931 5230 5232 5228 
11932 2787 7367 4458 
11933 3061 3473 3472 
11934 413 1989 414 
11935 4360 7486 4361 
11936 261 1992 262 
11937 2519 7586 3033 
11938 1065 1095 1063 
11939 1297 1298 1295 
11940 223 994 224 
11941 2945 7053 3623 
11942 277 6719 278 
11943 2713 6972 3634 
11944 3666 4438 3665 
11945 1136 1137 1134 
11946 2861 3590 3264 
11947 3876 5073 4305 
11948 283 6708 284 
11949 1930 7059 1929 
11950 3449 4009 3600 
11951 7510 8971 4849 
11952 3371 7280 3373 
11953 2468 7309 3162 
11954 1262 7316 3179 
11955 4439 4735 4438 
11956 4514 7778 6879 
11957 1291 1292 1289 
11958 2365 7141 2368 
11959 3989 5946 4203 
11960 2909 3895 2907 
11961 266 996 267 
11962 1401 7188 1456 
11963 6631 6665 295 
11964 2063 7356 2065 
11965 1287 1288 1286 
11966 2401 4320 2400 
11967 259 983 260 
11968 5028 5030 4750 
11969 603 4588 600 
11970 2520 2521 884 
11971 6470 6827 6471 
11972 807 886 805 
11973 4822 7092 3665 
11974 2439 7195 3028 
11975 284 998 285 
11976 4109 4110 4107 
11977 1438 7676 4092 
11978 1969 7023 2021 
11979 4581 4689 4580 
11980 3511 4503 4502 
11981 607 6954 604 
11982 3436 3707 3435 
11983 3239 7055 3241 
11984 4308 7266 2679 
11985 4987 6928 3638 
11986 411 985 412 
11987 347 6557 536 
11988 3745 7104 4686 
11989 2371 7008 1582 
11990 2352 8963 599 
11991 5962 7799 2387 
11992 3590 4863 3832 
11993 3311 6992 3312 
11994 945 952 942 
11995 628 6945 627 
11996 4091 7597 5082 
11997 3359 3366 3365 
11998 4674 5237 4673 
11999 534 7040 962 
12000 6638 6680 228 
12001 5406 7539 2540 
12002 4015 8961 5737 
12003 4331 5195 5159 
12004 1130 1131 1128 
12005 2294 7701 6528 
12006 372 1987 373 
12007 614 2563 2562 
12008 3984 3985 3391 
12009 1270 7231 1267 
12010 2139 2142 2141 
12011 1973 7058 1972 
12012 220 6667 741 
12013 3404 7565 4773 
12014 3473 4507 4506 
12015 40 8363 6564 
12016 4105 4106 3968 
12017 2538 7057 1759 
12018 6026 7827 6023 
12019 4320 4321 2400 
12020 632 6962 631 
12021 4755 4757 4756 
12022 8264 8621 5912 
12023 2140 8882 5840 
12024 6646 6696 246 
12025 1353 7018 1355 
12026 4727 5848 4728 
12027 3621 4331 4277 
12028 4400 5290 5289 
12029 1594 7052 1596 
12030 5211 5212 4369 
12031 272 995 273 
12032 5219 8221 4624 
12033 562 6588 330 
12034 278 997 279 
12035 3297 8392 3299 
12036 618 7017 615 
12037 2566 2858 2853 
12038 3028 7053 2554 
12039 1622 7220 1625 
12040 2703 3054 2704 
12041 1106 7108 1021 
12042 2457 7309 2459 
12043 2398 2921 2543 
12044 4075 4076 3506 
12045 3459 7093 3443 
12046 739 758 737 
12047 3097 7199 3096 
12048 614 2562 611 
12049 5015 6497 3118 
12050 200 7275 199 
12051 1226 1227 1224 
12052 3390 3984 3391 
12053 967 6997 958 
12054 8592 8594 4725 
12055 4813 5291 4810 
12056 1486 1487 1484 
12057 3385 3386 3384 
12058 428 8158 116 
12059 7987 8692 5319 
12060 2623 2710 2600 
12061 3001 3950 3004 
12062 361 6938 1981 
12063 1148 1149 1146 
12064 2639 2640 2637 
12065 1280 8764 5331 
12066 263 6699 671 
12067 5224 5318 5223 
12068 3984 5436 3985 
12069 959 1009 955 
12070 8650 8829 2263 
12071 3786 7379 3759 
12072 4420 6992 3604 
12073 1461 1463 1462 
12074 3698 6804 3702 
12075 2842 4804 2640 
12076 4807 4812 4805 
12077 4190 7484 6946 
12078 7002 7473 4162 
12079 3718 4159 3544 
12080 6477 8894 3420 
12081 6546 7626 7489 
12082 1463 1665 1464 
12083 2743 8973 8589 
12084 3056 3057 2565 
12085 3054 3530 3055 
12086 697 6913 1383 
12087 1537 7086 1532 
12088 1845 1975 1846 
12089 3439 7408 4914 
12090 3903 3906 2444 
12091 280 7707 6038 
12092 2858 3621 3617 
12093 2941 7028 4200 
12094 2571 2604 1292 
12095 1780 7411 1776 
12096 3516 4623 4160 
12097 6616 8367 493 
12098 820 7257 819 
12099 744 2743 742 
12100 1222 1223 1220 
12101 4765 8259 7929 
12102 1655 1845 1656 
12103 3431 4648 3429 
12104 5897 8028 4452 
12105 2056 6738 2774 
12106 2272 8651 5642 
12107 1279 7236 1278 
12108 218 6645 1990 
12109 6652 7463 1660 
12110 2659 2950 2799 
12111 5898 7805 1175 
12112 7964 8070 4824 
12113 1120 7213 1119 
12114 7210 7751 1952 
12115 3383 3385 3384 
12116 6100 7291 6099 
12117 1459 1461 1460 
12118 2169 2170 2168 
12119 3962 3963 3961 
12120 1530 7086 3412 
12121 1855 7324 1852 
12122 2328 2505 2273 
12123 537 7040 534 
12124 3273 4072 3980 
12125 1781 7037 6952 
12126 3874 6958 3875 
12127 3765 6976 3767 
12128 3880 5435 4988 
12129 2854 7023 1969 
12130 2822 3663 3662 
12131 2645 2656 2643 
12132 1177 7203 1176 
12133 2828 6871 2726 
12134 4153 7018 1353 
12135 1020 7146 1105 
12136 1891 8950 5075 
12137 3310 6986 1939 
12138 4212 7414 4210 
12139 869 3719 705 
12140 1625 7220 6980 
12141 3609 7212 4644 
12142 1458 7049 1441 
12143 953 2751 950 
12144 1334 6717 1344 
12145 4757 4760 4758 
12146 4069 4881 3522 
12147 4770 6475 3904 
12148 5347 8802 3249 
12149 1387 7652 2692 
12150 6527 7642 7083 
12151 1252 2590 1237 
12152 5823 7531 4114 
12153 2185 2186 1967 
12154 4379 7572 7466 
12155 2915 3397 2913 
12156 2362 6935 837 
12157 1833 7038 1829 
12158 2407 2441 2406 
12159 2042 7902 7323 
12160 4760 5087 4761 
12161 2927 3401 2710 
12162 4894 7371 3568 
12163 1787 7037 1783 
12164 2303 2305 2304 
12165 2308 2890 2307 
12166 2305 2826 2306 
12167 528 8686 531 
12168 225 6700 6637 
12169 3751 4359 3106 
12170 971 6627 333 
12171 6966 7918 4555 
12172 3402 4387 3401 
12173 1937 2276 1938 
12174 3210 7954 4514 
12175 4588 7136 600 
12176 3448 3720 3156 
12177 2909 7148 4180 
12178 4674 7153 5238 
12179 2895 2996 2894 
12180 2877 7114 3043 
12181 380 6783 381 
12182 4305 5396 3912 
12183 1975 2796 1995 
12184 2016 7438 1249 
12185 3409 6941 3304 
12186 1126 2292 1125 
12187 369 842 370 
12188 442 8316 129 
12189 2657 3134 2616 
12190 4176 7088 3586 
12191 1914 6988 1968 
12192 2719 8212 2720 
12193 2545 7056 1449 
12194 4847 5339 4076 
12195 1602 7102 1604 
12196 1059 1104 1058 
12197 3890 5296 5002 
12198 2663 7236 6915 
12199 128 8316 471 
12200 2301 2307 2300 
12201 4282 4283 3464 
12202 3054 3531 3530 
12203 532 7234 529 
12204 1892 7471 6748 
12205 4915 8798 6358 
12206 2345 3999 3421 
12207 5830 8243 5827 
12208 3860 4882 4351 
12209 1214 2318 1213 
12210 4322 4323 4321 
12211 2950 4570 3392 
12212 3395 8517 7165 
12213 4990 4991 4623 
12214 4447 4450 4348 
12215 1785 7045 1787 
12216 3056 3721 3057 
12217 1498 7061 1496 
12218 2441 2763 2406 
12219 728 759 726 
12220 2701 2703 2702 
12221 3676 3677 3675 
12222 2442 3020 2441 
12223 3043 7114 3990 
12224 1218 1219 1216 
12225 6770 7302 6772 
12226 3880 4988 4111 
12227 2297 2303 2302 
12228 693 6639 251 
12229 3876 3912 3874 
12230 3481 3817 3480 
12231 3412 7176 1525 
12232 2816 3320 3319 
12233 713 6625 239 
12234 602 6618 306 
12235 1496 7061 2319 
12236 3473 4506 3472 
12237 812 2745 809 
12238 3818 4745 3817 
12239 1707 7089 1705 
12240 3863 4191 3638 
12241 2932 7706 1928 
12242 1383 3382 696 
12243 962 7234 532 
12244 3780 6976 3768 
12245 5606 7366 5601 
12246 2477 7490 2475 
12247 1940 7064 1840 
12248 2189 2190 2187 
12249 2145 2148 2147 
12250 3792 7073 4211 
12251 6901 8213 478 
12252 3383 3384 3382 
12253 4504 8228 7935 
12254 4030 4513 3756 
12255 3915 7589 3167 
12256 3428 8529 5658 
12257 803 2746 801 
12258 3366 3947 3455 
12259 2299 2300 2298 
12260 5894 8312 3397 
12261 2132 2267 2133 
12262 2512 2832 2510 
12263 3317 7366 2937 
12264 4836 7728 6626 
12265 4183 7048 4919 
12266 4746 6947 4745 
12267 4180 5003 3895 
12268 1187 7216 1186 
12269 4561 4564 4563 
12270 2564 3056 2565 
12271 2631 3235 2624 
12272 1611 7115 4302 
12273 5574 5902 5576 
12274 2554 7053 2945 
12275 3663 4550 3712 
12276 2564 7257 4281 
12277 2508 2509 2506 
12278 4111 7135 5218 
12279 834 8088 836 
12280 2564 2565 887 
12281 825 6620 397 
12282 4513 6979 3756 
12283 1982 7586 1983 
12284 1464 1655 1542 
12285 3541 3782 3433 
12286 5983 8380 8201 
12287 4877 5331 4876 
12288 2649 2756 2647 
12289 1182 2573 2572 
12290 3530 3880 3879 
12291 3774 7876 3773 
12292 3369 7060 2978 
12293 2355 2633 1227 
12294 985 8168 5868 
12295 1283 7217 1282 
12296 4219 7082 4221 
12297 4675 7988 3919 
12298 6654 6719 277 
12299 1389 7006 1391 
12300 1669 7913 1637 
12301 2614 2634 2612 
12302 2577 2580 2578 
12303 802 7453 2284 
12304 3638 6928 3186 
12305 2575 2577 2576 
12306 3601 7200 4308 
12307 1861 7312 1858 
12308 4697 6811 4359 
12309 3439 3440 2815 
12310 1293 2571 1292 
12311 2613 2614 2612 
12312 3565 7310 2956 
12313 2437 7195 2439 
12314 1972 7058 2839 
12315 2276 2822 2277 
12316 1383 3383 3382 
12317 4193 8906 5691 
12318 3336 3756 3134 
12319 3825 4036 2919 
12320 2701 2705 2703 
12321 4584 8667 8639 
12322 1371 7442 5757 
12323 835 6633 391 
12324 1332 4767 1298 
12325 1229 7444 2018 
12326 8385 8430 5026 
12327 4844 7293 3382 
12328 2573 2575 2574 
12329 3988 4913 4060 
12330 3587 7199 3100 
12331 2118 7183 2119 
12332 2834 3145 2580 
12333 703 6646 245 
12334 622 6631 294 
12335 3543 3544 3440 
12336 732 6638 227 
12337 4537 6837 3847 
12338 2591 2592 2590 
12339 7197 7568 4314 
12340 5347 5348 4445 
12341 1276 7262 1273 
12342 3750 3751 3106 
12343 1006 3013 1004 
12344 2889 8594 5728 
12345 2729 3599 3598 
12346 3309 7141 2363 
12347 1838 7030 1885 
12348 3111 7035 2793 
12349 5509 6526 3906 
12350 733 2753 730 
12351 5421 8687 4893 
12352 3290 7087 3288 
12353 5987 8078 4002 
12354 5686 8641 495 
12355 2660 7045 1788 
12356 6650 6708 283 
12357 1034 7711 6831 
12358 3917 7811 5120 
12359 2733 7941 6128 
12360 1755 7057 4440 
12361 1232 1233 1230 
12362 1938 7207 1675 
12363 2593 2594 2592 
12364 4387 8402 6095 
12365 5625 7875 5628 
12366 3108 3244 3109 
12367 1492 2779 1490 
12368 1138 2316 1137 
12369 2905 3161 2904 
12370 2619 8547 3716 
12371 1478 7007 1568 
12372 7844 8541 209 
12373 1331 4441 1308 
12374 1475 7096 2555 
12375 614 7017 2563 
12376 2615 2616 2614 
12377 2595 2599 2594 
12378 2903 2904 2902 
12379 1069 2757 1067 
12380 3296 7084 3294 
12381 2935 3403 2747 
12382 3613 5116 3611 
12383 3096 3706 3016 
12384 5818 8895 3798 
12385 4444 7907 7754 
12386 3031 3106 2935 
12387 1873 7243 1872 
12388 2263 8887 1603 
12389 1240 7043 1238 
12390 6056 7956 969 
12391 1390 7042 1388 
12392 1073 1091 1071 
12393 4132 7318 4343 
12394 1261 7252 1260 
12395 2675 2747 2674 
12396 7969 8231 2835 
12397 1668 7113 1911 
12398 1606 7115 1608 
12399 97 7745 497 
12400 4525 7413 5336 
12401 2826 3108 2827 
12402 1132 2313 1131 
12403 2854 7516 7023 
12404 4095 7316 6250 
12405 5242 8896 5243 
12406 4745 4976 3817 
12407 2819 3498 2818 
12408 2653 2878 2651 
12409 2904 3447 2902 
12410 2673 2674 2672 
12411 3102 3587 3100 
12412 2609 2610 2608 
12413 1012 6889 1007 
12414 6946 7484 2873 
12415 8122 8273 3795 
12416 4781 4784 4783 
12417 1030 3562 3561 
12418 4435 4695 3639 
12419 1267 7231 1266 
12420 1236 1237 1234 
12421 5397 7420 5285 
12422 5895 8284 4464 
12423 2151 2154 2153 
12424 1482 2544 1481 
12425 2620 7040 537 
12426 1307 1308 1305 
12427 559 7111 573 
12428 1541 1547 1539 
12429 4072 4621 4073 
12430 1100 2679 1050 
12431 3401 7850 2710 
12432 5074 5086 4010 
12433 1016 1459 1111 
12434 1749 7584 6852 
12435 2954 7310 3519 
12436 335 6580 553 
12437 4474 5035 4470 
12438 2262 7374 3117 
12439 6086 8629 6824 
12440 4031 5132 4030 
12441 4400 5289 4401 
12442 5872 7407 4553 
12443 2956 7310 2954 
12444 4469 4470 4467 
12445 1156 1171 1154 
12446 750 6645 217 
12447 1244 1259 1242 
12448 2695 7083 2860 
12449 6988 7464 4768 
12450 755 7041 753 
12451 1616 7109 1618 
12452 2761 7195 2437 
12453 2259 7333 2261 
12454 2563 3167 2562 
12455 1210 7246 1209 
12456 2607 2608 2606 
12457 976 6666 297 
12458 2563 3168 3167 
12459 2822 3662 3661 
12460 459 7745 98 
12461 941 7286 1641 
12462 3801 7407 3799 
12463 5647 8163 5650 
12464 1584 7008 1587 
12465 3712 4202 3713 
12466 7898 8087 1960 
12467 3168 3916 3914 
12468 652 6654 276 
12469 7738 8915 7492 
12470 2518 8001 2359 
12471 1635 7423 1653 
12472 6206 8079 3635 
12473 1311 7047 1309 
12474 4518 7696 5299 
12475 631 6945 628 
12476 2021 7023 3024 
12477 1273 7262 1272 
12478 1879 1999 1682 
12479 1104 3434 1058 
12480 1990 6667 219 
12481 1929 7059 1932 
12482 4313 7166 3468 
12483 1034 7080 1031 
12484 986 6684 202 
12485 3243 7055 3239 
12486 1968 6988 3334 
12487 2748 2935 2747 
12488 4494 8068 4722 
12489 2090 2091 2089 
12490 1030 3561 1026 
12491 5259 6941 3409 
12492 2659 2799 2655 
12493 1288 2626 1286 
12494 4579 7494 6563 
12495 4993 8939 8779 
12496 1303 2765 1301 
12497 8014 8976 8867 
12498 1299 1332 1298 
12499 2617 2657 2616 
12500 2195 2741 2193 
12501 2107 7369 2110 
12502 1280 8496 1281 
12503 4806 4807 4805 
12504 1178 7403 3087 
12505 5118 7263 3754 
12506 3983 7579 6474 
12507 4320 4322 4321 
12508 5882 6806 5879 
12509 5453 7609 6877 
12510 2255 7763 2256 
12511 8308 8309 7866 
12512 381 1991 382 
12513 5201 8296 7154 
12514 1182 2572 1180 
12515 1840 7064 1954 
12516 4880 7280 3371 
12517 1193 3045 1191 
12518 4667 5265 4665 
12519 1228 2355 1227 
12520 2468 3162 2470 
12521 4908 7021 3627 
12522 2241 7268 2240 
12523 2839 7515 2840 
12524 3425 7158 4171 
12525 642 6650 282 
12526 2641 2842 2640 
12527 3108 3831 3244 
12528 982 6691 214 
12529 3392 4400 4399 
12530 4322 4673 4323 
12531 2562 7143 611 
12532 480 8364 119 
12533 1750 7584 1749 
12534 683 7092 681 
12535 4026 7441 4152 
12536 2996 4347 2894 
12537 3226 7021 3645 
12538 2781 7765 7448 
12539 4590 7073 3792 
12540 4742 6940 3520 
12541 3559 7528 3560 
12542 1822 8368 6111 
12543 819 2564 887 
12544 1463 1464 1462 
12545 4679 7158 3424 
12546 2921 3272 2922 
12547 4059 7516 3335 
12548 5011 6971 4600 
12549 3746 3837 3272 
12550 636 6962 632 
12551 1916 6918 1915 
12552 2605 2606 2604 
12553 1954 7038 1833 
12554 1461 1462 1460 
12555 1992 6699 262 
12556 3773 7718 3770 
12557 5579 5582 5581 
12558 996 6702 267 
12559 4442 4444 4441 
12560 767 7617 765 
12561 3718 5085 4159 
12562 3414 7173 3657 
12563 1047 7266 1046 
12564 4085 4446 4014 
12565 8263 8293 5235 
12566 5585 5591 5588 
12567 1705 7089 6914 
12568 4532 7119 4242 
12569 1581 7074 2532 
12570 561 7111 559 
12571 3562 4665 4664 
12572 7011 7195 2761 
12573 1186 7034 1183 
12574 4503 4897 4505 
12575 4808 4809 4807 
12576 1799 8699 1794 
12577 721 2736 719 
12578 1182 7034 2573 
12579 878 7039 895 
12580 4468 4471 4469 
12581 4080 4584 4287 
12582 6035 8119 4408 
12583 4978 4985 4984 
12584 429 8363 41 
12585 994 6700 224 
12586 1843 7286 6934 
12587 5024 5522 5025 
12588 4032 7127 4420 
12589 5432 7127 4169 
12590 1169 1174 1167 
12591 6939 7113 1636 
12592 3666 7664 6862 
12593 261 6704 1992 
12594 855 7149 853 
12595 2572 7203 1180 
12596 1797 7147 1795 
12597 1114 7299 1109 
12598 1937 2718 2276 
12599 1948 8128 4413 
12600 2113 7354 2116 
12601 1488 1659 1487 
12602 387 1000 388 
12603 1829 7038 6890 
12604 2316 4370 1137 
12605 4095 6250 5046 
12606 1266 4301 2661 
12607 6018 7513 4519 
12608 1636 7113 1668 
12609 2959 8048 2962 
12610 413 6709 1989 
12611 2676 3053 2849 
12612 1884 7706 4187 
12613 3592 4646 3218 
12614 4709 7905 3440 
12615 4009 4520 3600 
12616 547 7101 545 
12617 3241 7055 4112 
12618 2318 2667 1213 
12619 2142 2315 2143 
12620 1257 1379 1255 
12621 1504 7099 1502 
12622 6837 7894 5661 
12623 5549 5551 5547 
12624 1510 7120 1508 
12625 5699 8598 912 
12626 1272 2584 1270 
12627 625 8150 626 
12628 6826 7554 7235 
12629 8589 8973 6784 
12630 3280 7106 3279 
12631 4174 5239 4668 
12632 2090 4466 2567 
12633 109 7782 108 
12634 2582 2861 2583 
12635 5018 7515 7131 
12636 4920 7308 4255 
12637 3168 3914 3167 
12638 1193 3046 3045 
12639 1162 1173 1160 
12640 3366 7237 3948 
12641 3294 7084 3664 
12642 677 7170 675 
12643 1977 7313 2847 
12644 4250 7472 4558 
12645 3413 7173 3414 
12646 2890 3154 2307 
12647 4529 7907 5477 
12648 4466 4468 4467 
12649 3950 4338 3951 
12650 3533 8759 4950 
12651 1624 7220 1622 
12652 2599 3439 2815 
12653 2200 2201 2197 
12654 5956 8459 7532 
12655 3449 3600 3013 
12656 1678 7336 6736 
12657 3566 3567 2832 
12658 2861 3264 2862 
12659 6859 7503 3316 
12660 489 8102 190 
12661 5862 8722 4460 
12662 3504 7106 4710 
12663 3745 4306 2633 
12664 3868 4293 3870 
12665 2578 2582 2579 
12666 3759 7379 3758 
12667 2672 2676 2671 
12668 6874 7235 2960 
12669 4259 4567 4036 
12670 2670 2671 2669 
12671 1552 2764 1550 
12672 4630 7107 4416 
12673 3024 7023 4678 
12674 2601 2623 2600 
12675 1837 7117 1702 
12676 4353 4354 3402 
12677 6346 7069 6507 
12678 3964 7306 3963 
12679 2541 7313 1977 
12680 1870 7349 1864 
12681 7273 7671 4262 
12682 6781 6782 383 
12683 6444 7578 429 
12684 2668 2669 2667 
12685 2305 3260 2826 
12686 1804 7147 1797 
12687 2598 2600 2597 
12688 1278 2662 1276 
12689 3842 4411 3321 
12690 7078 7822 4317 
12691 3279 7106 3504 
12692 3831 5324 4731 
12693 2313 4383 1131 
12694 2206 2925 2204 
12695 2793 7035 2936 
12696 1272 4327 2584 
12697 5691 8906 5309 
12698 255 7772 256 
12699 1250 1338 1248 
12700 2960 7235 6905 
12701 4170 4739 3594 
12702 323 6601 570 
12703 6073 7561 3913 
12704 4495 7175 654 
12705 1150 1166 1149 
12706 2596 2597 2595 
12707 1081 1094 1079 
12708 4564 5322 4565 
12709 6316 8909 6318 
12710 2774 2817 1976 
12711 2249 6910 2248 
12712 1495 7049 1458 
12713 3480 3659 3434 
12714 3080 7140 3083 
12715 1197 7150 1194 
12716 3295 8558 3297 
12717 1266 2661 1264 
12718 3094 7118 3182 
12719 8619 8836 5151 
12720 4568 7318 4132 
12721 3543 3718 3544 
12722 5368 5380 5366 
12723 5317 8811 1113 
12724 2970 7457 2975 
12725 983 6704 260 
12726 6889 7362 4871 
12727 4338 5047 4698 
12728 2607 2609 2608 
12729 3578 7125 3173 
12730 1321 1335 1319 
12731 7083 7642 4638 
12732 2472 3360 2474 
12733 4282 8009 5857 
12734 5730 8411 2467 
12735 1556 1663 1554 
12736 5559 8838 800 
12737 1618 7109 1621 
12738 1522 7176 1520 
12739 545 7101 882 
12740 6246 8701 3937 
12741 5760 6118 5763 
12742 4380 7991 6151 
12743 6271 7793 4515 
12744 5649 7872 5856 
12745 985 6709 412 
12746 2609 2612 2610 
12747 2148 2320 2149 
12748 440 8546 77 
12749 6020 7472 4252 
12750 1238 1252 1237 
12751 1596 7052 1599 
12752 8114 8564 6906 
12753 3989 4203 3615 
12754 1144 2622 1143 
12755 3711 8048 2957 
12756 4459 4460 4457 
12757 4348 5105 4347 
12758 2369 7085 2806 
12759 1286 7217 1283 
12760 6842 7118 3094 
12761 2571 2605 2604 
12762 3751 4697 4359 
12763 76 8546 475 
12764 1077 2783 1075 
12765 4257 5024 3706 
12766 1016 1111 1014 
12767 3336 4030 3756 
12768 1660 7463 1644 
12769 2873 7484 3478 
12770 4301 4980 4979 
12771 657 7161 655 
12772 5917 6878 4127 
12773 1728 7089 1707 
12774 4482 7391 5555 
12775 2159 2166 2161 
12776 1459 1460 1111 
12777 1534 7061 1498 
12778 1109 7299 1108 
12779 4198 7276 5194 
12780 5908 7930 5903 
12781 2072 2772 2075 
12782 2609 7233 2613 
12783 1848 7471 1892 
12784 1436 7350 1444 
12785 4436 7526 3263 
12786 4410 4725 4724 
12787 1100 3537 2679 
12788 5377 8479 8209 
12789 3753 8153 4826 
12790 1166 4390 1149 
12791 4923 7457 7308 
12792 701 7091 699 
12793 644 7196 679 
12794 5012 5013 4411 
12795 2531 7111 561 
12796 3842 5012 4411 
12797 6227 7718 6228 
12798 2670 7264 2673 
12799 4171 7158 6127 
12800 3507 4077 4075 
12801 3590 3832 3264 
12802 2169 3505 2629 
12803 1544 1676 1675 
12804 4863 5698 3832 
12805 7467 7587 2344 
12806 655 7161 2514 
12807 3663 3712 3662 
12808 2774 3368 2817 
12809 1543 7207 4148 
12810 6673 8908 8499 
12811 692 7293 690 
12812 2747 7269 2674 
12813 299 6603 613 
12814 5185 5448 5447 
12815 6990 7216 3045 
12816 3954 4654 3955 
12817 581 7075 318 
12818 2842 4805 4804 
12819 1369 1544 1543 
12820 7056 7465 4652 
12821 2802 7064 1940 
12822 2950 3392 2799 
12823 4793 5172 4795 
12824 3368 4040 3511 
12825 4814 7510 4849 
12826 2123 7335 2126 
12827 1852 7324 1851 
12828 4654 4846 4845 
12829 469 8864 26 
12830 708 7130 706 
12831 4860 4960 4704 
12832 115 8158 491 
12833 6658 8666 6218 
12834 5823 8928 458 
12835 332 6626 971 
12836 1444 7350 1451 
12837 4270 6499 5057 
12838 1309 1331 1308 
12839 1857 4852 2691 
12840 4640 8267 5033 
12841 3188 7154 3190 
12842 823 7257 820 
12843 2476 2500 2478 
12844 2191 2198 2190 
12845 1700 7117 2852 
12846 596 7136 2520 
12847 4296 4297 4295 
12848 2853 6962 636 
12849 4358 4544 2626 
12850 5019 7976 5018 
12851 3562 4664 3561 
12852 5629 5631 5626 
12853 2657 3336 3134 
12854 8054 8314 1527 
12855 1676 1937 1675 
12856 5524 7666 5525 
12857 2504 7396 2530 
12858 2605 2607 2606 
12859 338 6628 972 
12860 3242 8580 4042 
12861 1224 7015 1223 
12862 4712 4713 4377 
12863 51 7420 50 
12864 3046 3738 3737 
12865 2699 7109 1616 
12866 2292 2293 1125 
12867 1532 7086 1530 
12868 2068 4209 2070 
12869 7131 7515 2839 
12870 402 6610 811 
12871 1282 7236 1279 
12872 1544 1675 1543 
12873 1630 7102 1602 
12874 5499 7508 5498 
12875 5440 7950 5904 
12876 2577 2578 2576 
12877 305 6617 602 
12878 7346 7674 964 
12879 4284 7081 6584 
12880 1548 1678 1547 
12881 5743 8731 4977 
12882 789 7167 787 
12883 2575 2576 2574 
12884 7627 7880 5111 
12885 5603 5606 5601 
12886 1344 1345 1333 
12887 4396 5248 4566 
12888 6826 7235 6874 
12889 6014 7784 987 
12890 4076 8524 7756 
12891 3576 4068 3154 
12892 4169 7127 4032 
12893 3192 7165 3194 
12894 1123 7213 1120 
12895 238 6624 713 
12896 8579 8657 6592 
12897 3282 7654 2845 
12898 1641 7286 1843 
12899 1104 3480 3434 
12900 3505 3507 3506 
12901 1858 7312 1857 
12902 4053 7093 3459 
12903 208 7844 209 
12904 5373 5374 5371 
12905 7024 7993 3810 
12906 2623 2927 2710 
12907 3831 4731 3244 
12908 1688 7488 2274 
12909 4327 4855 4328 
12910 5324 7736 4731 
12911 6223 8705 6227 
12912 1344 1369 1345 
12913 3537 3601 2679 
12914 2796 6984 1995 
12915 7241 7814 4355 
12916 1030 7080 3562 
12917 3676 4986 4010 
12918 4294 4295 2867 
12919 687 7092 683 
12920 2210 2561 2208 
12921 2280 7156 2282 
12922 2927 3402 3401 
12923 1050 7266 1047 
12924 4878 4902 4372 
12925 3368 3511 2817 
12926 7087 7601 3523 
12927 2300 2744 2298 
12928 4997 5000 4999 
12929 7417 8455 3265 
12930 7633 7774 6566 
12931 4966 8714 6836 
12932 3439 3543 3440 
12933 2895 6884 2996 
12934 4427 5400 4448 
12935 4984 7218 3622 
12936 2622 4377 1143 
12937 3270 7097 4373 
12938 3257 7114 2877 
12939 4297 6473 4295 
12940 4555 5872 4553 
12941 2593 2595 2594 
12942 5746 8645 1197 
12943 3761 7542 3786 
12944 3872 3876 3874 
12945 851 7179 848 
12946 1089 1101 1087 
12947 4443 4445 4442 
12948 2742 3018 2587 
12949 5234 8315 5642 
12950 3348 7190 3350 
12951 2154 4406 2516 
12952 2996 4348 4347 
12953 2668 2670 2669 
12954 1108 1172 1096 
12955 1019 7322 1017 
12956 5062 5084 4862 
12957 4752 6947 4746 
12958 3537 4427 3601 
12959 2876 7101 547 
12960 4242 7119 5169 
12961 8534 8894 6477 
12962 3173 7125 3564 
12963 7538 8859 6302 
12964 2670 2672 2671 
12965 4953 5347 4445 
12966 2591 2593 2592 
12967 384 840 385 
12968 4869 8790 8440 
12969 1369 1543 1345 
12970 4494 8086 6110 
12971 1702 7117 1700 
12972 706 7130 869 
12973 5398 8557 1036 
12974 2142 2706 2315 
12975 4427 4448 3601 
12976 4211 7073 4214 
12977 4497 7971 4476 
12978 2318 2668 2667 
12979 2148 4398 2320 
12980 3019 7110 2780 
12981 1213 7246 1210 
12982 1059 6908 1104 
12983 2787 4456 2201 
12984 4371 4372 4370 
12985 2573 2574 2572 
12986 1252 2591 2590 
12987 3288 7087 3523 
12988 1119 2635 1114 
12989 2665 2700 2666 
12990 841 6679 375 
12991 4689 5398 4580 
12992 2545 7465 7056 
12993 1690 1692 1673 
12994 2132 2868 2267 
12995 1903 7357 2807 
12996 1845 7144 1979 
12997 4784 4786 4785 
12998 1864 7349 1863 
12999 4957 8189 6301 
13000 1108 4333 1172 
13001 7123 7286 941 
13002 4253 7468 4428 
13003 4309 7082 4219 
13004 3888 7460 7028 
13005 1085 2775 1083 
13006 2165 2169 2168 
13007 4634 7159 4632 
13008 5155 5158 5157 
13009 1963 7210 1953 
13010 4849 7511 4993 
13011 2700 2701 2666 
13012 2890 3576 3154 
13013 555 7152 552 
13014 4388 4850 3877 
13015 6963 8683 5550 
13016 3518 3811 3111 
13017 343 8483 5966 
13018 428 8911 5557 
13019 5093 5100 5095 
13020 2122 7335 2123 
13021 1119 3970 2635 
13022 2665 2666 2664 
13023 2154 2516 2155 
13024 118 8364 6552 
13025 1795 7147 6750 
13026 6659 7919 4842 
13027 293 6632 622 
13028 6523 8206 1933 
13029 2238 7386 2235 
13030 1315 1341 1313 
13031 5002 8173 7899 
13032 2198 2696 2190 
13033 4358 5659 4544 
13034 2011 7464 1910 
13035 1776 7411 1775 
13036 2077 2101 2079 
13037 2862 8007 3180 
13038 1564 1664 1562 
13039 4221 7082 4237 
13040 3668 6843 3671 
13041 2523 7178 2812 
13042 2663 2665 2664 
13043 4822 7652 7621 
13044 650 7175 648 
13045 1278 2663 2662 
13046 4760 5301 5087 
13047 3282 7742 7654 
13048 2294 2295 2293 
13049 5004 6132 4394 
13050 2559 7121 2558 
13051 1863 2687 2678 
13052 4288 7226 643 
13053 3868 7374 4293 
13054 408 7129 800 
13055 319 7075 6651 
13056 1678 4463 1547 
13057 699 7091 6913 
13058 1508 7120 2345 
13059 3738 4650 3737 
13060 2892 8653 2893 
13061 3046 3737 3045 
13062 6891 7458 2567 
13063 2296 2297 2295 
13064 3576 4426 4068 
13065 4365 5070 4436 
13066 2522 7085 2369 
13067 5381 7258 5374 
13068 374 6621 841 
13069 2742 3435 3018 
13070 1394 7105 1396 
13071 1775 7473 7002 
13072 7964 8046 1203 
13073 1949 7841 1948 
13074 6306 8800 6307 
13075 1288 4358 2626 
13076 5320 8625 5321 
13077 1608 7115 1611 
13078 2138 7338 2139 
13079 1252 7043 4245 
13080 864 7248 862 
13081 1234 7066 1233 
13082 2112 7354 2113 
13083 226 6637 732 
13084 4784 4943 4786 
13085 2852 7232 1698 
13086 4395 5004 4394 
13087 4120 4658 3924 
13088 646 7196 644 
13089 6244 8914 6052 
13090 1724 7184 1721 
13091 2989 7525 5489 
13092 1919 6918 1916 
13093 1808 7733 1811 
13094 2687 2864 2773 
13095 4925 7031 4659 
13096 4755 4759 4757 
13097 2292 2294 2293 
13098 6334 7221 6901 
13099 6975 7357 1959 
13100 3293 7087 3290 
13101 3970 6078 4854 
13102 2355 3745 2633 
13103 3743 7049 1495 
13104 250 6640 693 
13105 4825 7766 5118 
13106 1887 7243 1873 
13107 1408 7105 1394 
13108 4542 5565 4540 
13109 906 7132 901 
13110 4458 4459 4457 
13111 2187 7342 2186 
13112 2484 2502 2486 
13113 3163 7110 4298 
13114 2858 7603 4944 
13115 3422 7233 2607 
13116 2569 8202 6947 
13117 2106 7369 2107 
13118 4393 4394 4340 
13119 2558 7121 2754 
13120 2663 2664 2662 
13121 3306 7084 3296 
13122 3677 7112 3679 
13123 2480 2778 2482 
13124 6025 7788 6024 
13125 2296 2298 2297 
13126 3356 7237 3359 
13127 2294 2296 2295 
13128 2844 7424 4123 
13129 4148 7363 1345 
13130 2261 7333 3126 
13131 137 8769 485 
13132 2716 7115 1606 
13133 1863 2678 1861 
13134 2860 7083 3476 
13135 3876 4305 3912 
13136 4842 7705 6757 
13137 662 7161 657 
13138 819 7257 2564 
13139 2611 7861 2608 
13140 796 7214 794 
13141 1912 7464 6988 
13142 2316 4371 4370 
13143 4878 5295 4902 
13144 320 6651 974 
13145 4327 4328 2584 
13146 1857 2691 1855 
13147 3045 7216 1191 
13148 4855 6791 4328 
13149 2870 7126 2769 
13150 401 6641 6610 
13151 848 7179 849 
13152 1902 7357 1903 
13153 3791 7160 5170 
13154 1417 7535 1415 
13155 6940 7505 4968 
13156 2729 4429 3599 
13157 6915 8247 3497 
13158 2864 4777 3954 
13159 669 7206 667 
13160 4262 7264 2668 
13161 6313 8559 8433 
13162 3443 7160 3441 
13163 1604 7102 2716 
13164 4525 5336 4524 
13165 2706 3512 3426 
13166 2202 2787 2201 
13167 3512 4412 4174 
13168 2754 7121 3274 
13169 3096 7199 4257 
13170 4214 7073 5356 
13171 4302 7970 5328 
13172 5334 8821 7253 
13173 2126 2686 2128 
13174 922 7145 919 
13175 2544 3622 1481 
13176 4181 7425 5823 
13177 785 7180 783 
13178 2172 2628 2174 
13179 1331 7047 4443 
13180 2867 3525 2696 
13181 637 7226 2566 
13182 3900 8658 4707 
13183 3700 7930 4538 
13184 4357 4575 4574 
13185 4270 7403 6499 
13186 7448 7765 4466 
13187 143 7443 142 
13188 2313 4681 4383 
13189 6924 7210 2602 
13190 1331 4442 4441 
13191 675 7193 672 
13192 4934 7594 6231 
13193 4473 5808 4471 
13194 5759 7587 5762 
13195 3361 7903 3109 
13196 2218 2344 2216 
13197 5582 5584 5583 
13198 4301 4979 2661 
13199 2780 7110 3163 
13200 4571 5174 4537 
13201 3435 3727 3018 
13202 1659 4404 1487 
13203 3486 7201 3484 
13204 3673 3676 3675 
13205 2178 2264 2180 
13206 3767 7542 3763 
13207 934 7301 935 
13208 2806 7085 3223 
13209 3633 8041 6097 
13210 2868 3632 3172 
13211 901 7132 903 
13212 4371 4878 4372 
13213 1872 4357 4356 
13214 3745 4685 4306 
13215 2119 7183 2122 
13216 5039 5191 5041 
13217 7561 8129 3913 
13218 1442 7208 1430 
13219 2087 2090 2089 
13220 1420 7162 1408 
13221 4594 4595 4592 
13222 2661 7252 1264 
13223 289 7873 290 
13224 5762 7587 7467 
13225 919 7145 920 
13226 4720 7858 6850 
13227 3324 7151 3322 
13228 2503 7396 2504 
13229 2214 2788 2212 
13230 648 7175 2731 
13231 4365 5072 5070 
13232 3632 4876 3988 
13233 7566 8404 487 
13234 4577 4579 4575 
13235 2693 4339 2112 
13236 2081 2781 2085 
13237 1726 7205 1724 
13238 308 6656 979 
13239 140 8641 427 
13240 302 6658 975 
13241 4444 8419 6663 
13242 2943 2944 2118 
13243 4766 7620 5684 
13244 7023 7516 4678 
13245 935 7301 7068 
13246 2868 3172 2267 
13247 4340 4530 4339 
13248 3417 7140 3080 
13249 2323 3633 2325 
13250 705 7091 701 
13251 1560 2798 1558 
13252 6055 8905 5356 
13253 4724 7436 4723 
13254 2841 7041 755 
13255 3322 7151 3842 
13256 399 7245 980 
13257 2235 7386 2234 
13258 2363 7141 2365 
13259 4680 6199 4463 
13260 2128 7415 2129 
13261 4753 8847 6640 
13262 3398 7301 1694 
13263 4931 4937 4929 
13264 1872 4356 1870 
13265 6115 8114 849 
13266 7241 8323 7814 
13267 2510 7371 2509 
13268 2731 7196 646 
13269 6436 7540 6440 
13270 2719 8227 8212 
13271 4598 7064 2802 
13272 3525 4917 4290 
13273 4555 7918 5872 
13274 2182 2784 2321 
13275 3206 7212 3208 
13276 6310 8688 7379 
13277 4429 4494 4430 
13278 1507 7099 1504 
13279 4839 5981 4741 
13280 2936 7035 3536 
13281 2011 7650 7464 
13282 980 6641 400 
13283 1694 7301 934 
13284 3629 8608 3843 
13285 593 7225 589 
13286 6428 7668 6432 
13287 292 6648 6632 
13288 696 7293 692 
13289 4494 4722 4430 
13290 2758 3518 3111 
13291 3846 4571 4537 
13292 2272 6910 2249 
13293 3350 7227 3352 
13294 2568 7132 906 
13295 2129 7415 2132 
13296 1404 7676 1406 
13297 6523 8480 8206 
13298 2686 4376 2128 
13299 3970 4854 2635 
13300 2102 2931 2104 
13301 654 7175 650 
13302 3326 7185 4065 
13303 3567 3568 2832 
13304 151 7492 6773 
13305 1327 1339 1325 
13306 7676 8040 4092 
13307 4247 7524 4249 
13308 5115 7439 4642 
13309 4332 7087 3293 
13310 2224 2884 2222 
13311 4821 7552 7049 
13312 2584 7231 1270 
13313 4543 5182 3628 
13314 5253 8127 7617 
13315 376 6679 1988 
13316 926 7169 924 
13317 2116 2943 2118 
13318 2097 2314 2099 
13319 6224 7270 6226 
13320 558 7152 555 
13321 2882 7197 4314 
13322 3519 7595 2952 
13323 893 8837 6073 
13324 1682 7290 1665 
13325 5180 8751 4884 
13326 817 7204 764 
13327 1364 8935 5878 
13328 2686 7335 5064 
13329 325 7519 326 
13330 1116 7170 677 
13331 5511 8955 6394 
13332 639 7226 637 
13333 3632 3988 3172 
13334 3649 7110 3019 
13335 2379 8642 6361 
13336 1959 7357 1902 
13337 7076 7565 2697 
13338 4671 8403 8034 
13339 5087 7155 4761 
13340 3618 3628 2944 
13341 2492 2760 2494 
13342 258 8933 6284 
13343 366 6683 999 
13344 6218 8666 613 
13345 4764 7488 6986 
13346 7093 7160 3443 
13347 2717 7152 558 
13348 6928 7154 3188 
13349 7250 7627 5111 
13350 4075 4847 4076 
13351 3681 4464 3683 
13352 296 6665 976 
13353 1343 7142 1337 
13354 890 8326 5522 
13355 7756 8524 5063 
13356 2622 4712 4377 
13357 3758 7629 3654 
13358 253 7434 991 
13359 2894 7375 2891 
13360 4252 7472 4250 
13361 1429 7537 1427 
13362 4429 4430 3599 
13363 379 6655 839 
13364 2110 2693 2112 
13365 2864 3954 2773 
13366 6777 7499 7 
13367 395 7921 396 
13368 7607 7721 1704 
13369 7075 7933 5372 
13370 2234 4364 3263 
13371 1525 7176 1522 
13372 2604 7426 1292 
13373 2488 2792 2490 
13374 7364 7636 4717 
13375 3261 7162 1420 
13376 2706 3426 2315 
13377 1792 7545 1784 
13378 3730 7197 3015 
13379 3365 7387 3462 
13380 1422 7544 1429 
13381 853 7149 2732 
13382 3182 7118 3185 
13383 5 6685 986 
13384 6858 8412 6779 
13385 7226 7603 2566 
13386 6486 8565 349 
13387 1396 7105 2680 
13388 3512 4174 3426 
13389 241 6686 993 
13390 1520 7244 1518 
13391 3441 7160 3791 
13392 5492 5942 5495 
13393 4317 8057 5735 
13394 529 7591 527 
13395 875 7261 872 
13396 7304 7701 2292 
13397 6954 8184 8141 
13398 229 6680 990 
13399 3490 7201 3486 
13400 5929 8901 6635 
13401 5375 5381 5374 
13402 5831 8601 6865 
13403 4315 7173 3413 
13404 2234 3263 2232 
13405 3518 7485 4525 
13406 1537 7215 7086 
13407 1430 7208 1425 
13408 4798 7107 4630 
13409 1765 7476 7063 
13410 6774 7501 56 
13411 5239 8291 4668 
13412 3877 3878 3152 
13413 4589 7646 4588 
13414 2240 2707 2238 
13415 3151 3152 2844 
13416 3015 7197 2770 
13417 1166 5715 4390 
13418 1740 7224 1738 
13419 8073 8335 5293 
13420 2403 7194 2401 
13421 418 6688 989 
13422 3985 7164 4318 
13423 2687 2773 2678 
13424 2093 2801 2095 
13425 2891 7375 2890 
13426 988 6648 291 
13427 2396 7250 2398 
13428 2496 2803 2498 
13429 1576 8585 1575 
13430 2303 7327 2305 
13431 108 7982 107 
13432 7028 7460 4200 
13433 3597 8140 5694 
13434 2230 3009 2228 
13435 1991 6781 382 
13436 2804 7259 2631 
13437 6752 7486 461 
13438 872 7261 867 
13439 2244 7268 2241 
13440 2169 2629 2170 
13441 2240 2708 2707 
13442 6280 8477 6276 
13443 801 7219 798 
13444 2732 7179 851 
13445 4632 7159 4798 
13446 230 7948 231 
13447 4398 4711 2320 
13448 2899 7202 2897 
13449 5711 8549 7770 
13450 2708 3464 3463 
13451 2466 7430 2464 
13452 4419 4978 3622 
13453 2092 7871 2089 
13454 6002 7553 3405 
13455 3963 4546 3961 
13456 4459 4512 4460 
13457 6986 7488 1686 
13458 4852 4853 2691 
13459 7874 8026 4956 
13460 4388 7838 4851 
13461 8274 8937 5330 
13462 4416 7107 6554 
13463 3687 4098 3689 
13464 2544 4419 3622 
13465 1697 7764 1699 
13466 4774 7486 4360 
13467 5764 7669 6798 
13468 1227 7015 1224 
13469 4332 7601 7087 
13470 6441 8441 2837 
13471 3005 8521 3577 
13472 1988 6687 377 
13473 5044 7592 5042 
13474 1337 7142 6717 
13475 6685 8331 5468 
13476 1425 7208 3261 
13477 3967 7306 3964 
13478 1910 7464 1912 
13479 1659 4511 4404 
13480 247 6696 992 
13481 6450 7558 6454 
13482 7417 8454 4891 
13483 3925 8261 6049 
13484 1158 7285 1156 
13485 4236 7497 4233 
13486 2401 7194 4320 
13487 764 7204 761 
13488 2823 8224 3595 
13489 674 7206 669 
13490 3963 5076 4546 
13491 1987 6621 373 
13492 2530 3151 2844 
13493 4078 4893 3568 
13494 378 6687 6655 
13495 2627 7145 922 
13496 4379 7466 4533 
13497 4399 7326 2799 
13498 4469 4474 4470 
13499 1193 7150 3046 
13500 8238 8648 6363 
13501 924 7169 2627 
13502 5112 7880 5562 
13503 329 7563 562 
13504 2198 2867 2696 
13505 3912 6958 3874 
13506 4806 7383 4808 
13507 3297 8558 8392 
13508 2338 7174 2340 
13509 5640 8484 5428 
13510 1696 7232 3398 
13511 5582 5587 5584 
13512 3665 7092 687 
13513 1529 7120 1510 
13514 6702 7675 268 
13515 5820 8276 7215 
13516 5467 8614 5469 
13517 672 7193 674 
13518 930 7229 928 
13519 3632 7759 4877 
13520 2787 4457 4456 
13521 5349 8823 5893 
13522 1758 8579 6592 
13523 1483 7559 2019 
13524 2139 7338 2142 
13525 2516 6977 2155 
13526 3719 8218 6404 
13527 719 7297 717 
13528 4357 4574 4356 
13529 4750 7254 4748 
13530 2637 7239 2617 
13531 4322 7658 4674 
13532 2686 4905 4376 
13533 2691 7324 1855 
13534 4832 7977 4830 
13535 2282 7156 2589 
13536 2714 7224 1740 
13537 1678 4680 4463 
13538 3484 7201 4313 
13539 4943 5183 4786 
13540 2643 7249 2641 
13541 4659 5249 4658 
13542 3126 7333 3749 
13543 1644 7463 1643 
13544 4406 6623 2516 
13545 3693 3701 3695 
13546 643 7226 639 
13547 2579 7334 2576 
13548 3388 7171 3385 
13549 2384 7517 2735 
13550 3185 7118 3863 
13551 2133 7187 2135 
13552 3518 4524 3811 
13553 6741 8345 6740 
13554 2589 7178 2523 
13555 2593 7368 2596 
13556 6237 7853 5595 
13557 1698 7232 1696 
13558 2769 7126 6738 
13559 839 6783 380 
13560 372 6712 1987 
13561 4543 5433 5182 
13562 3066 8525 1799 
13563 4468 4469 4467 
13564 955 7256 953 
13565 3567 4078 3568 
13566 4368 8628 5210 
13567 2831 7577 2029 
13568 6369 7997 4381 
13569 5591 8914 8808 
13570 3507 4075 3506 
13571 2267 7187 2133 
13572 7114 7555 3990 
13573 1026 7322 1019 
13574 3950 5163 4338 
13575 4347 7375 2894 
13576 5914 7885 5915 
13577 2662 7262 1276 
13578 667 7206 2738 
13579 3190 7154 3395 
13580 1238 7043 1252 
13581 1721 7184 1743 
13582 5529 8648 4688 
13583 5294 8415 7927 
13584 2090 2567 2091 
13585 284 6708 998 
13586 5562 8586 5292 
13587 1661 7741 1958 
13588 7095 8777 6155 
13589 328 7563 329 
13590 2943 3618 2944 
13591 3395 7165 3192 
13592 787 7167 866 
13593 3421 7099 1507 
13594 5858 8714 3265 
13595 5436 7164 3985 
13596 3763 7542 3761 
13597 5323 8565 6486 
13598 3999 7222 4311 
13599 5763 7669 5764 
13600 4069 8334 5781 
13601 3464 4396 3463 
13602 3618 4543 3628 
13603 2832 7371 2510 
13604 5168 7582 4431 
13605 2190 7342 2187 
13606 1055 7223 1053 
13607 3922 8170 6291 
13608 3194 7165 3859 
13609 3385 7171 3386 
13610 2770 7197 2882 
13611 2464 7430 4380 
13612 4838 8566 6950 
13613 3316 7503 3637 
13614 5899 8022 5898 
13615 7121 7572 4379 
13616 3676 4010 3677 
13617 2445 7130 708 
13618 3476 7083 4638 
13619 6262 8196 6264 
13620 278 6719 997 
13621 3926 7189 3885 
13622 7018 7556 6739 
13623 4275 7509 7008 
13624 3354 7283 3356 
13625 4318 7164 5419 
13626 1836 7205 1726 
13627 6496 8742 3920 
13628 2693 4340 4339 
13629 6275 8721 6278 
13630 6876 7156 2280 
13631 2274 7471 1848 
13632 5459 8383 4532 
13633 2819 7191 3498 
13634 2708 3463 2707 
13635 5067 7159 4634 
13636 7593 8513 6198 
13637 2972 7457 2970 
13638 3505 3506 2629 
13639 3151 3877 3152 
13640 3516 7178 4990 
13641 6365 7927 4425 
13642 7737 7752 4713 
13643 326 7519 973 
13644 950 7279 945 
13645 1063 7255 1061 
13646 1738 7224 1886 
13647 2678 7312 1861 
13648 4466 4467 2567 
13649 761 7204 2841 
13650 4693 7565 7076 
13651 4999 8550 4998 
13652 1214 7273 2318 
13653 1126 7304 2292 
13654 6406 8922 5010 
13655 2927 7409 4353 
13656 1432 7997 7507 
13657 3321 7126 2870 
13658 5596 7873 5597 
13659 1965 8285 2603 
13660 3498 3499 2818 
13661 5818 8580 4156 
13662 3208 7212 3609 
13663 1433 7507 1436 
13664 7049 7552 1441 
13665 6634 8844 5135 
13666 4200 7460 4349 
13667 2317 8762 1421 
13668 1309 7047 1331 
13669 4738 8554 4737 
13670 3016 7303 2804 
13671 1295 7238 1293 
13672 7272 7608 5566 
13673 3498 3793 3499 
13674 2386 7517 2384 
13675 944 7169 926 
13676 4158 7476 6885 
13677 2921 7250 3746 
13678 5320 8970 8625 
13679 688 7704 1029 
13680 4364 4365 3263 
13681 4330 7364 3502 
13682 1230 7284 1228 
13683 1237 7066 1234 
13684 7194 7658 4320 
13685 7849 7884 1362 
13686 2538 7539 7057 
13687 3793 4901 4900 
13688 1216 7273 1214 
13689 5025 7303 3706 
13690 3563 7212 3206 
13691 5257 8895 5818 
13692 866 7180 785 
13693 3858 7506 3855 
13694 1381 7218 1373 
13695 8274 8740 4985 
13696 4350 7346 3013 
13697 3455 7387 3365 
13698 3391 7171 3388 
13699 1219 7671 7273 
13700 5893 8823 4944 
13701 3429 7271 3332 
13702 4719 7522 5088 
13703 4300 7265 5521 
13704 4950 8416 6808 
13705 3403 7269 2747 
13706 884 7225 593 
13707 2582 7400 6936 
13708 7565 7654 4773 
13709 876 7214 796 
13710 1823 7693 2361 
13711 1360 7142 1343 
13712 6944 8432 5252 
13713 602 6619 6618 
13714 2821 7191 2819 
13715 2728 7527 2828 
13716 4776 8099 3826 
13717 2812 7178 3516 
13718 8378 8827 2076 
13719 7063 7476 4818 
13720 6885 7476 1765 
13721 7339 7754 2765 
13722 3815 7688 3816 
13723 4114 7531 4585 
13724 2602 7210 1963 
13725 1518 7244 1528 
13726 2605 7680 3422 
13727 6143 8436 4627 
13728 4065 7151 3324 
13729 5033 7222 3999 
13730 1301 7298 1299 
13731 6153 8157 7095 
13732 4288 7603 7226 
13733 2617 7239 2657 
13734 4499 7521 4500 
13735 495 8641 141 
13736 6520 8074 3075 
13737 2610 7211 2618 
13738 1293 7238 2571 
13739 6773 8130 500 
13740 4414 7628 4415 
13741 4986 5074 4010 
13742 6648 8280 5580 
13743 4597 7581 5338 
13744 2626 7217 1286 
13745 2944 7183 2118 
13746 1686 7488 1688 
13747 928 7229 944 
13748 3502 7364 6983 
13749 7057 7539 4440 
13750 3151 7396 4388 
13751 3271 8160 6659 
13752 525 8084 528 
13753 1004 7346 965 
13754 589 7225 2750 
13755 1146 7247 1144 
13756 4458 7446 4461 
13757 1255 7337 1253 
13758 2679 7266 1050 
13759 2590 7066 1237 
13760 591 7381 312 
13761 4407 7702 4437 
13762 1134 7251 1132 
13763 4363 8222 7890 
13764 6746 8499 6745 
13765 6408 7606 6411 
13766 4946 7600 6243 
13767 1719 7523 1717 
13768 3947 7265 4300 
13769 2635 7299 1114 
13770 1119 7213 3970 
13771 4845 8098 3955 
13772 5127 8165 5128 
13773 4558 7688 4248 
13774 3357 7190 3348 
13775 2734 7248 864 
13776 6621 6622 841 
13777 3359 7237 3366 
13778 794 7214 2737 
13779 6957 8955 5511 
13780 5431 8769 5432 
13781 1132 7251 2313 
13782 1035 7711 1034 
13783 1140 7230 1138 
13784 2641 7249 2842 
13785 792 7520 789 
13786 3734 8832 4531 
13787 4531 8018 4532 
13788 735 8147 8138 
13789 1887 8089 6555 
13790 3793 4900 3499 
13791 1221 7655 6692 
13792 1886 7529 1734 
13793 7072 7560 4275 
13794 2520 7432 2560 
13795 2651 7340 2649 
13796 1266 7231 4301 
13797 2574 7334 4355 
13798 1278 7236 2663 
13799 4515 7793 4956 
13800 1289 7426 1288 
13801 3560 8039 5900 
13802 1743 7523 1719 
13803 4778 8528 5329 
13804 4742 7505 6940 
13805 1292 7426 1289 
13806 1798 8310 1802 
13807 6475 7903 5509 
13808 4233 7497 4235 
13809 6909 7270 6224 
13810 1734 7529 1731 
13811 783 7180 2730 
13812 5719 7720 5720 
13813 4355 7203 2572 
13814 2547 7465 2545 
13815 8073 8766 618 
13816 581 8489 6514 
13817 3273 7348 4072 
13818 805 7328 803 
13819 4153 7556 7018 
13820 6076 7677 7512 
13821 4668 7739 3426 
13822 2633 7015 1227 
13823 8399 8527 4731 
13824 4448 7200 3601 
13825 3308 7174 2338 
13826 1071 7305 1069 
13827 2655 7326 2653 
13828 7170 7193 675 
13829 2513 7584 1753 
13830 867 7261 2734 
13831 4642 7439 4641 
13832 1482 7278 2544 
13833 1304 8700 1306 
13834 3600 7347 4350 
13835 1490 7281 1488 
13836 1138 7230 2316 
13837 1415 7535 1418 
13838 5904 7950 1991 
13839 2667 7246 1213 
13840 1242 7329 1240 
13841 2110 7369 2693 
13842 4588 7646 7432 
13843 7139 7517 2390 
13844 2083 7536 2073 
13845 3405 7527 2728 
13846 1411 7731 1413 
13847 809 7289 807 
13848 3637 7503 3846 
13849 1427 7537 1432 
13850 2406 7194 2403 
13851 798 7219 876 
13852 1732 7571 1735 
13853 1048 8596 5892 
13854 2116 7354 2943 
13855 1956 7580 1901 
13856 4256 7555 7114 
13857 3272 7348 3273 
13858 2390 7517 2386 
13859 3611 7307 3541 
13860 1341 7926 7406 
13861 6061 7981 6409 
13862 445 8016 7221 
13863 3767 8325 7542 
13864 4565 7295 4781 
13865 4245 7368 2591 
13866 5058 8683 6963 
13867 1228 7284 2355 
13868 5515 8851 523 
13869 6643 7405 4480 
13870 3352 7227 3399 
13871 3542 7625 4272 
13872 1675 7207 1543 
13873 2333 7618 2336 
13874 7029 7731 1411 
13875 1160 7344 1158 
13876 1067 7345 1065 
13877 4393 7823 4395 
13878 2587 7430 2466 
13879 1408 7162 7105 
13880 4356 7349 1870 
13881 7092 7621 681 
13882 1805 7623 6965 
13883 1484 7278 1482 
13884 4569 7578 4568 
13885 1176 7351 1169 
13886 384 6782 840 
13887 2426 7859 2427 
13888 1488 7281 1659 
13889 3719 7091 705 
13890 1655 7321 7144 
13891 3478 7484 5560 
13892 8267 8392 5033 
13893 4433 7672 4432 
13894 2143 7292 2145 
13895 1075 7376 1073 
13896 7238 7680 2571 
13897 6347 7567 6349 
13898 5290 7498 5289 
13899 1299 7298 1332 
13900 1128 7304 1126 
13901 4369 7315 3448 
13902 3880 7610 5435 
13903 8057 8142 5735 
13904 942 7311 932 
13905 4060 8300 6969 
13906 6798 7660 5764 
13907 2693 7369 4393 
13908 1440 7552 1454 
13909 2126 7335 2686 
13910 1272 7262 4327 
13911 4324 7265 3947 
13912 47 8217 46 
13913 722 7569 233 
13914 7195 7638 3028 
13915 1872 7243 4357 
13916 7176 7244 1520 
13917 6594 8103 1572 
13918 7548 7554 4131 
13919 763 7596 211 
13920 5655 8253 2017 
13921 5086 7112 4010 
13922 1701 7607 1704 
13923 5322 7295 4565 
13924 2897 7202 6884 
13925 237 7635 6624 
13926 2149 7300 2151 
13927 7149 7391 2732 
13928 3235 7409 2624 
13929 1418 7544 1422 
13930 5016 7324 2691 
13931 3382 7293 696 
13932 4748 7254 4752 
13933 2634 7211 2612 
13934 8045 8938 4450 
13935 4822 7621 7092 
13936 1500 7634 1534 
13937 2383 7665 2385 
13938 4441 7754 7339 
13939 7807 8709 6077 
13940 6983 7364 4163 
13941 2315 7292 2143 
13942 7230 7734 2316 
13943 3537 7916 4545 
13944 7821 7973 1874 
13945 4718 8272 6074 
13946 7113 7633 6585 
13947 8498 8537 4917 
13948 5282 7953 6829 
13949 6548 8913 6549 
13950 7190 7228 7227 
13951 3615 7380 3613 
13952 549 7649 2876 
13953 5219 8362 8221 
13954 3747 7993 7858 
13955 3156 7332 2834 
13956 7745 8458 497 
13957 2193 7317 2191 
13958 2200 8578 2203 
13959 5005 8099 7003 
13960 2132 7415 2868 
13961 814 7325 812 
13962 2607 7233 2609 
13963 2902 7202 2899 
13964 7885 8681 3992 
13965 1014 7362 1012 
13966 381 6783 1991 
13967 1201 8932 8881 
13968 4804 7239 2640 
13969 1831 7693 1825 
13970 1436 7507 7350 
13971 1587 7509 1589 
13972 1009 7256 955 
13973 6754 7548 4131 
13974 2624 7409 2623 
13975 5880 8671 8024 
13976 3522 7287 3008 
13977 3246 7684 2948 
13978 1550 7336 1548 
13979 1305 7339 1303 
13980 5279 7953 5282 
13981 3399 7283 3354 
13982 2340 7174 2729 
13983 1061 7255 6908 
13984 3870 7397 3872 
13985 6042 8205 5683 
13986 3936 7549 4561 
13987 48 8254 47 
13988 6194 7670 6195 
13989 2833 8745 8639 
13990 1058 7223 1055 
13991 2763 7194 2406 
13992 2135 7187 2138 
13993 2398 7250 2921 
13994 4566 7826 3463 
13995 4400 7385 5290 
13996 5055 8747 5563 
13997 2815 7905 3503 
13998 6323 8974 8016 
13999 5753 8854 5752 
14000 3336 7713 4031 
14001 5736 8482 6817 
14002 5966 7647 5845 
14003 3876 7397 5073 
14004 2701 7319 2705 
14005 2840 7515 3243 
14006 7251 7729 2313 
14007 2513 7864 7584 
14008 6649 7945 2275 
14009 1313 7406 1311 
14010 2612 7211 2610 
14011 4454 7789 6985 
14012 1814 8146 1812 
14013 5212 7315 4369 
14014 2737 7520 792 
14015 1729 7573 1836 
14016 5525 7666 5527 
14017 4353 7767 4909 
14018 1665 7321 1464 
14019 981 7635 236 
14020 4890 8454 5698 
14021 1724 7205 7184 
14022 2530 7396 3151 
14023 1999 7290 1682 
14024 4826 7585 4825 
14025 2320 7300 2149 
14026 7003 8099 4776 
14027 7411 7473 1775 
14028 945 7279 952 
14029 3536 8924 6041 
14030 1298 7238 1295 
14031 6285 8514 7960 
14032 465 8230 106 
14033 6844 7649 7152 
14034 1857 7312 4852 
14035 2470 7378 2472 
14036 7421 8910 2857 
14037 7979 8354 1306 
14038 717 7297 760 
14039 4872 7634 7099 
14040 3517 8738 3281 
14041 5810 7314 4324 
14042 4609 7593 4608 
14043 4540 7410 4077 
14044 7552 7741 1454 
14045 1095 7255 1063 
14046 6817 8482 197 
14047 7433 7776 6698 
14048 2197 7358 2195 
14049 887 7325 814 
14050 6559 7605 6560 
14051 3407 7663 3406 
14052 1654 7712 1592 
14053 2240 7268 2708 
14054 1144 7247 2622 
14055 1441 7552 1440 
14056 7173 7600 4946 
14057 3539 7787 4256 
14058 236 7635 237 
14059 2640 7239 2637 
14060 2204 7367 2202 
14061 5362 8781 7398 
14062 1079 7399 1077 
14063 4106 8774 8251 
14064 4030 7353 4513 
14065 3145 7400 2580 
14066 1807 7733 1808 
14067 2656 7249 2643 
14068 2315 7739 7292 
14069 7376 8801 5485 
14070 3374 7570 3200 
14071 5030 7254 4750 
14072 2746 7219 801 
14073 680 7621 1385 
14074 6991 8778 4151 
14075 953 7256 2751 
14076 6387 8110 6392 
14077 170 7566 169 
14078 3955 7771 2773 
14079 4703 8104 4859 
14080 3264 7417 3265 
14081 3335 7516 2854 
14082 2707 7386 2238 
14083 540 7768 2620 
14084 7094 7456 3635 
14085 2668 7264 2670 
14086 2445 7483 7130 
14087 6881 7418 4089 
14088 368 7648 369 
14089 886 7328 805 
14090 2631 7259 3235 
14091 5627 7675 6702 
14092 211 7596 212 
14093 2749 7229 930 
14094 5570 7361 5574 
14095 5878 8671 5880 
14096 4648 8075 6509 
14097 2191 7317 2198 
14098 2998 7365 3001 
14099 6674 7879 6671 
14100 2647 7575 2645 
14101 7271 7272 3787 
14102 2474 7392 2476 
14103 2305 7327 3260 
14104 24 8815 438 
14105 1539 7360 1492 
14106 1481 7218 1381 
14107 3332 7271 3787 
14108 2621 7859 2429 
14109 4696 7189 3926 
14110 5576 7343 5579 
14111 4862 7401 4860 
14112 7008 7509 1587 
14113 4131 7554 6826 
14114 6172 8074 6520 
14115 4761 7155 6973 
14116 6633 7949 392 
14117 2208 7402 2206 
14118 269 7675 661 
14119 4791 7395 4793 
14120 807 7289 886 
14121 1548 7336 1678 
14122 5121 8880 8497 
14123 183 7598 182 
14124 1137 7251 1134 
14125 1143 7230 1140 
14126 4089 7418 5009 
14127 4767 7238 1298 
14128 7088 7576 3582 
14129 3835 7643 4067 
14130 2751 7279 950 
14131 7748 8100 4569 
14132 3720 7332 3156 
14133 5229 8447 5231 
14134 6924 7751 7210 
14135 1065 7345 1095 
14136 4702 7622 6723 
14137 3448 7315 3720 
14138 4659 7031 5249 
14139 1233 7284 1230 
14140 1108 7299 4333 
14141 2932 8206 6733 
14142 1850 7294 1676 
14143 6105 7882 883 
14144 3054 7404 3531 
14145 1554 7388 1552 
14146 4337 7493 3551 
14147 258 8188 259 
14148 6285 8223 839 
14149 6342 7667 6354 
14150 4350 7674 7346 
14151 5319 8692 5803 
14152 7190 7227 3350 
14153 3447 7202 2902 
14154 5549 8683 6531 
14155 7464 7650 4768 
14156 233 7569 234 
14157 2559 7572 7121 
14158 1983 7586 2519 
14159 4017 7319 2700 
14160 3561 7322 1026 
14161 870 8127 1647 
14162 4976 8202 6137 
14163 2745 7289 809 
14164 5496 7974 5499 
14165 187 7626 6546 
14166 4570 7385 3392 
14167 1731 7573 1729 
14168 1937 7294 2718 
14169 7259 7260 3235 
14170 2302 8093 2295 
14171 2697 7565 3404 
14172 4403 8824 6539 
14173 4550 7382 3712 
14174 4840 7556 4153 
14175 5819 8580 5818 
14176 6138 7642 6527 
14177 4010 7112 3677 
14178 6854 8533 3370 
14179 1253 7564 1250 
14180 2142 7338 2706 
14181 1219 7273 1216 
14182 1464 7321 1655 
14183 4816 8307 6505 
14184 932 7311 2749 
14185 243 8250 244 
14186 3200 7570 3202 
14187 1149 7247 1146 
14188 1863 7349 2687 
14189 242 8248 243 
14190 6590 8772 5021 
14191 8040 8569 5907 
14192 5565 8236 1348 
14193 3438 7191 2821 
14194 2540 7539 2538 
14195 3134 7435 2616 
14196 5757 7442 5760 
14197 3963 7306 5076 
14198 2170 7427 2172 
14199 2822 7451 3663 
14200 8335 8385 5026 
14201 3735 7840 4706 
14202 3588 8043 4197 
14203 4994 7541 3642 
14204 2552 7797 2837 
14205 7915 7944 3176 
14206 8329 8350 3878 
14207 4461 7470 4459 
14208 3747 8224 2825 
14209 2580 7400 2578 
14210 2618 7394 2816 
14211 4921 7656 5247 
14212 2702 8015 2666 
14213 6923 8056 4679 
14214 7932 8326 5720 
14215 2070 7389 2072 
14216 6691 7938 215 
14217 2834 7332 3145 
14218 875 8593 6219 
14219 2606 7861 7753 
14220 5994 7594 5995 
14221 2222 7454 2220 
14222 3706 7303 3016 
14223 1156 7285 1171 
14224 2228 7462 2226 
14225 4068 7323 4965 
14226 2876 7962 6926 
14227 4480 7405 5185 
14228 4789 7574 4791 
14229 4520 7347 3600 
14230 3356 7283 7237 
14231 4604 7661 6213 
14232 1839 8344 6047 
14233 4912 7993 7024 
14234 2676 7384 3053 
14235 4648 7271 3429 
14236 459 8720 5920 
14237 7308 7457 2972 
14238 661 7491 270 
14239 803 7328 2746 
14240 2202 7367 2787 
14241 3008 7287 3438 
14242 2816 7394 3320 
14243 4441 7339 1308 
14244 6794 7931 3303 
14245 4383 7701 7304 
14246 5309 8906 4277 
14247 2649 7340 2756 
14248 1676 7294 1937 
14249 5371 7422 5368 
14250 2478 7437 2480 
14251 4976 7355 3817 
14252 4842 7919 7705 
14253 5071 7562 4436 
14254 5270 8190 5271 
14255 4807 7428 4812 
14256 2431 7922 2621 
14257 4963 8926 3889 
14258 5228 7557 5226 
14259 5873 8830 4501 
14260 2599 7408 3439 
14261 3837 7348 3272 
14262 2329 7543 6036 
14263 3434 7223 1058 
14264 2765 7298 1301 
14265 3511 7331 4503 
14266 4795 7431 5155 
14267 789 7520 7167 
14268 8337 8429 3314 
14269 1083 7419 1081 
14270 1240 7329 7043 
14271 2696 7342 2190 
14272 4967 7906 4490 
14273 2163 7433 2165 
14274 7090 7541 4161 
14275 2075 7429 2077 
14276 3013 7346 1004 
14277 7290 7321 1665 
14278 5232 7557 5228 
14279 6759 8634 7042 
14280 6014 8151 5874 
14281 4339 7354 2112 
14282 8149 8245 4906 
14283 369 7648 842 
14284 2421 7915 3176 
14285 7053 7748 4569 
14286 2705 7404 2703 
14287 6695 8143 832 
14288 4769 7572 2559 
14289 1091 7305 1071 
14290 4411 7126 3321 
14291 2653 7326 2878 
14292 2205 8398 2933 
14293 2595 7408 2599 
14294 3984 8233 5437 
14295 2700 7319 2701 
14296 7649 7962 2876 
14297 3990 7555 5463 
14298 812 7325 2745 
14299 3641 7715 4397 
14300 3480 7355 3659 
14301 2890 7375 3576 
14302 5132 7353 4030 
14303 2212 7455 2210 
14304 6628 8854 972 
14305 196 8482 460 
14306 3961 7506 3858 
14307 8168 8838 5559 
14308 2799 7326 2655 
14309 3594 7393 3592 
14310 4626 8085 5467 
14311 1131 7304 1128 
14312 4040 7331 3511 
14313 1590 7874 1654 
14314 2778 8923 6963 
14315 3602 8238 3790 
14316 7011 7638 7195 
14317 1069 7305 2757 
14318 4401 7869 4399 
14319 1753 7584 1750 
14320 6340 7928 4489 
14321 722 8698 8077 
14322 2091 7458 2093 
14323 2878 7340 2651 
14324 4523 8422 3128 
14325 2576 7334 2574 
14326 1715 7695 1733 
14327 3595 8500 6168 
14328 1487 7278 1484 
14329 952 7311 942 
14330 7535 7544 1418 
14331 7709 8834 8080 
14332 5725 8796 828 
14333 973 7744 327 
14334 2878 7341 7340 
14335 3541 7307 3782 
14336 3817 7355 3480 
14337 1051 7757 1100 
14338 2849 7416 3049 
14339 4503 7331 4897 
14340 2645 7575 2656 
14341 1931 8206 2932 
14342 1259 7329 1242 
14343 3568 7371 2832 
14344 1379 7337 1255 
14345 2798 8551 6800 
14346 6145 7844 987 
14347 2247 8609 2270 
14348 6362 8642 2735 
14349 268 7675 269 
14350 8367 8942 493 
14351 3328 7630 7185 
14352 741 7518 221 
14353 5177 7848 7641 
14354 4315 7600 7173 
14355 4256 7787 7177 
14356 2672 7384 2676 
14357 2763 7658 7194 
14358 5128 8029 5126 
14359 1259 7330 7329 
14360 4370 7251 1137 
14361 4869 8440 6847 
14362 2952 7595 2951 
14363 2180 7447 2182 
14364 340 8371 341 
14365 520 8599 518 
14366 6647 8237 999 
14367 6422 8303 4123 
14368 4426 7323 4068 
14369 6011 8532 8380 
14370 2085 7448 2087 
14371 2145 7292 2148 
14372 3427 7752 5707 
14373 3551 7493 7032 
14374 1562 7478 1560 
14375 2270 8268 5902 
14376 2486 7445 2488 
14377 7391 7547 2732 
14378 1073 7376 1091 
14379 4110 7681 4107 
14380 6939 7633 7113 
14381 482 8383 7014 
14382 6851 8888 2680 
14383 2248 7725 2245 
14384 4225 7934 6828 
14385 4014 7579 3983 
14386 2757 7345 1067 
14387 403 8341 404 
14388 6522 8605 5044 
14389 3384 7865 4844 
14390 4330 7636 7364 
14391 2756 7575 2647 
14392 3275 8288 7030 
14393 5116 7307 3611 
14394 5774 8845 4847 
14395 4947 8388 3658 
14396 2703 7404 3054 
14397 4170 8741 6126 
14398 3671 7452 3673 
14399 4592 7449 4473 
14400 6178 8969 6177 
14401 7177 7787 6721 
14402 6126 7611 4739 
14403 6761 8780 157 
14404 2734 7440 7248 
14405 2591 7368 2593 
14406 7269 7384 2674 
14407 6001 7569 5609 
14408 4376 7415 2128 
14409 8127 8432 1647 
14410 2779 7281 1490 
14411 4000 8327 3222 
14412 882 7768 542 
14413 2614 7435 2634 
14414 2151 7300 2154 
14415 3712 7382 4202 
14416 1308 7339 1305 
14417 111 8795 110 
14418 911 7862 2568 
14419 571 7686 578 
14420 4768 7650 6846 
14421 6450 8132 7558 
14422 4314 7568 5143 
14423 1169 7351 1174 
14424 7239 7713 2657 
14425 2905 7724 3161 
14426 3392 7385 4400 
14427 6991 7724 3895 
14428 6996 7558 2888 
14429 339 8394 340 
14430 6024 7788 6028 
14431 3613 7380 5116 
14432 3251 7837 3407 
14433 6574 7637 7007 
14434 5528 8860 4843 
14435 5838 8822 5837 
14436 3152 7424 2844 
14437 6156 8647 6158 
14438 652 7582 6654 
14439 1288 7426 4358 
14440 2297 7373 2303 
14441 2744 7373 2298 
14442 4076 7756 3506 
14443 4910 7916 7757 
14444 4377 7230 1143 
14445 2234 7386 4364 
14446 3231 7627 2394 
14447 4824 8311 4430 
14448 5692 7957 4193 
14449 1012 7362 6889 
14450 2674 7384 2672 
14451 4781 7295 4784 
14452 4390 7247 1149 
14453 5186 7596 6043 
14454 505 8878 6778 
14455 4009 7673 4520 
14456 1173 7344 1160 
14457 2736 7297 719 
14458 3679 7474 3681 
14459 5444 8762 6297 
14460 1311 7406 7047 
14461 4 8560 152 
14462 153 8560 4 
14463 3 8561 103 
14464 104 8561 3 
14465 55 8562 2 
14466 2 8562 54 
14467 6 8563 1 
14468 1 8563 201 
14469 5055 8608 4137 
14470 1111 7362 1014 
14471 506 8561 6768 
14472 5274 8190 5397 
14473 3582 7576 6792 
14474 4383 7304 1131 
14475 4264 7543 7010 
14476 6084 7821 1874 
14477 4561 7549 4564 
14478 7822 8057 4317 
14479 2578 7400 2582 
14480 156 8780 464 
14481 6004 8943 6811 
14482 1152 8348 6550 
14483 8319 8361 7287 
14484 7457 7822 2975 
14485 3654 7629 3653 
14486 3887 8189 4957 
14487 3330 7630 3328 
14488 4608 7593 4611 
14489 4871 8061 5032 
14490 7014 8383 5459 
14491 4881 7287 3522 
14492 1303 7339 2765 
14493 859 7710 861 
14494 7153 7989 7726 
14495 99 8720 459 
14496 5390 8884 5389 
14497 4765 7929 4764 
14498 3018 7430 2587 
14499 6870 7674 4350 
14500 501 8720 100 
14501 2818 7536 2083 
14502 7929 8259 6535 
14503 4324 7314 7265 
14504 182 8473 181 
14505 7099 7634 1502 
14506 7064 7689 1954 
14507 2220 7467 2218 
14508 6211 8255 840 
14509 5023 8514 6687 
14510 1594 7712 7052 
14511 3832 7417 3264 
14512 2588 7867 2742 
14513 2298 7373 2297 
14514 4964 8723 5715 
14515 438 8491 6127 
14516 2741 7317 2193 
14517 2629 7427 2170 
14518 2623 7409 2927 
14519 3053 7416 2849 
14520 2783 7376 1075 
14521 1492 7360 2779 
14522 7406 7926 4954 
14523 7007 7637 1568 
14524 7914 8277 778 
14525 4438 7819 4822 
14526 2090 7448 4466 
14527 3787 7630 3330 
14528 6361 8642 6362 
14529 3105 8096 3104 
14530 4983 7748 7638 
14531 3846 7503 4571 
14532 1087 7461 1085 
14533 5302 7895 4590 
14534 6443 8968 6442 
14535 5902 7343 5576 
14536 5471 8438 842 
14537 6877 7609 3282 
14538 4160 7456 7094 
14539 2490 7481 2492 
14540 2804 7303 7259 
14541 2195 7358 2741 
14542 1471 7682 7096 
14543 8701 8723 3937 
14544 5892 8372 5890 
14545 959 7624 1009 
14546 969 7956 351 
14547 4809 7428 4807 
14548 3920 8742 3214 
14549 2597 7408 2595 
14550 8062 8864 469 
14551 2335 8292 6040 
14552 3162 7378 2470 
14553 4203 7380 3615 
14554 6230 7876 7116 
14555 5209 8122 5207 
14556 6177 7714 6175 
14557 4767 7680 7238 
14558 5216 7598 5213 
14559 6821 7731 7029 
14560 2764 7336 1550 
14561 7890 8222 6484 
14562 5198 7847 4036 
14563 1094 7399 1079 
14564 2616 7435 2614 
14565 5214 7576 7088 
14566 5448 8672 5641 
14567 4293 7397 3870 
14568 6771 8872 6770 
14569 2718 7451 2276 
14570 3716 8547 7937 
14571 1976 7450 1850 
14572 7152 7649 552 
14573 6911 8654 6524 
14574 5505 8136 7726 
14575 1077 7399 2783 
14576 2099 7480 2102 
14577 3154 7482 2307 
14578 3544 8278 4709 
14579 2276 7451 2822 
14580 7032 7493 4186 
14581 5964 7736 2022 
14582 681 7621 680 
14583 8779 8939 5553 
14584 3148 7885 3992 
14585 2817 7450 1976 
14586 6378 8040 7676 
14587 1502 7634 1500 
14588 3642 7541 7090 
14589 6214 7677 6076 
14590 1547 7360 1539 
14591 455 7662 112 
14592 4274 8647 7892 
14593 7432 7646 3254 
14594 6760 8060 2186 
14595 2169 7433 3505 
14596 6176 7710 7248 
14597 7682 7945 5394 
14598 1802 8109 6593 
14599 6547 7785 486 
14600 6873 8386 566 
14601 1704 7721 1706 
14602 3872 7397 3876 
14603 1081 7419 1094 
14604 2154 7300 4406 
14605 4041 8474 4062 
14606 2394 7627 2396 
14607 2925 7367 2204 
14608 3001 7365 3950 
14609 6553 8581 5614 
14610 6116 8045 894 
14611 7715 8109 4397 
14612 3049 8047 3050 
14613 5861 8204 6136 
14614 194 7656 193 
14615 2148 7292 4398 
14616 2472 7378 3360 
14617 5723 8916 8255 
14618 2845 7654 4693 
14619 7743 8633 4714 
14620 7293 7704 690 
14621 8103 8689 7020 
14622 7529 7573 1731 
14623 2206 7402 2925 
14624 1250 7564 1338 
14625 7967 8149 3946 
14626 2201 7358 2197 
14627 5702 8353 3987 
14628 5489 7525 5492 
14629 6120 7761 6121 
14630 3360 7392 2474 
14631 7476 7778 4818 
14632 5808 7500 4471 
14633 4854 8956 7370 
14634 1092 7469 1089 
14635 4948 8848 6256 
14636 2567 7458 2091 
14637 2729 7174 4429 
14638 4998 8550 7691 
14639 2919 7847 2917 
14640 1028 8735 5918 
14641 7141 8866 5082 
14642 4898 7883 4856 
14643 349 8565 350 
14644 4283 7412 3464 
14645 4652 7616 6649 
14646 8264 8265 3447 
14647 356 7599 968 
14648 4844 7704 7293 
14649 3530 7610 3880 
14650 6965 7623 6366 
14651 5996 8728 4872 
14652 4613 8176 5431 
14653 2732 7547 7179 
14654 7278 7824 2544 
14655 2325 7485 2758 
14656 4954 7926 4955 
14657 4158 7778 7476 
14658 5147 7716 5859 
14659 5579 7343 5582 
14660 6674 7915 7879 
14661 2476 7392 2500 
14662 5597 8744 5577 
14663 6700 7615 5494 
14664 5820 8123 5819 
14665 3676 7452 4986 
14666 6829 7953 6775 
14667 5574 7361 5902 
14668 1552 7388 2764 
14669 4456 7358 2201 
14670 1572 8103 1573 
14671 4971 7601 4332 
14672 997 7707 279 
14673 5565 7410 4540 
14674 6757 7705 7147 
14675 3531 7610 3530 
14676 1158 7344 7285 
14677 964 7624 959 
14678 1663 7388 1554 
14679 4514 7840 7778 
14680 584 7798 592 
14681 5480 8337 4684 
14682 7620 8126 5686 
14683 6987 8132 6451 
14684 3406 7663 3944 
14685 5009 7746 3649 
14686 7753 7861 5659 
14687 3525 7459 4917 
14688 4860 7401 4960 
14689 920 7862 917 
14690 4784 7295 4943 
14691 7048 8275 6611 
14692 6473 7459 4295 
14693 4471 7500 4469 
14694 2710 7794 2600 
14695 2775 7419 1083 
14696 6814 7631 4175 
14697 4370 7729 7251 
14698 3622 7218 1481 
14699 4506 7775 4981 
14700 6692 8920 1225 
14701 3276 7616 7465 
14702 3461 7996 7625 
14703 4077 7487 4075 
14704 6822 7623 1805 
14705 4195 7735 7066 
14706 2561 7402 2208 
14707 780 7914 778 
14708 2303 7373 7327 
14709 6824 8629 712 
14710 4235 8469 6815 
14711 6066 7760 6065 
14712 4098 8049 6394 
14713 3751 8125 5141 
14714 7258 7422 5374 
14715 4463 7360 1547 
14716 3728 7758 3730 
14717 5368 7422 5380 
14718 5084 7401 4862 
14719 4793 7395 5172 
14720 2307 7482 2300 
14721 5412 7600 4315 
14722 7211 7394 2618 
14723 1341 7406 1313 
14724 3167 7589 2562 
14725 6132 7479 4394 
14726 5802 8516 4895 
14727 3592 7393 4646 
14728 4123 7612 2843 
14729 7234 7591 529 
14730 4377 7734 7230 
14731 4705 8018 8017 
14732 2104 7496 2106 
14733 4888 8440 6758 
14734 746 7806 744 
14735 4378 7639 7483 
14736 2772 7429 2075 
14737 2500 7437 2478 
14738 552 7649 549 
14739 4821 7741 7552 
14740 5172 7431 4795 
14741 998 7853 285 
14742 5473 8812 4505 
14743 7960 8334 4070 
14744 7418 8974 6323 
14745 4693 7654 7565 
14746 2867 7459 3525 
14747 4404 7278 1487 
14748 2888 8132 6987 
14749 4983 8100 7748 
14750 2336 7618 3308 
14751 1101 7461 1087 
14752 7654 7742 4773 
14753 5952 8703 7416 
14754 6594 8689 8103 
14755 2072 7389 2772 
14756 4580 7494 4577 
14757 4537 7894 6837 
14758 5651 7846 5648 
14759 5458 8038 3829 
14760 2494 7504 2496 
14761 216 7938 750 
14762 5738 8188 6284 
14763 3722 7807 3724 
14764 724 7904 721 
14765 6130 8929 4892 
14766 3895 7724 2907 
14767 765 7617 816 
14768 7034 7730 4196 
14769 2172 7427 2628 
14770 5669 8072 7727 
14771 2750 7798 586 
14772 4446 7579 4014 
14773 1000 8916 5723 
14774 3298 7931 3306 
14775 5760 7442 6118 
14776 5398 7494 4580 
14777 6371 8694 7493 
14778 2300 7482 2744 
14779 861 7845 857 
14780 6545 8501 4304 
14781 4910 7757 7223 
14782 1089 7469 1101 
14783 1048 8925 8596 
14784 2566 7603 2858 
14785 3464 7412 4396 
14786 328 7744 7563 
14787 4209 7389 2070 
14788 4598 7689 7064 
14789 7147 7705 6750 
14790 343 8765 344 
14791 6560 8883 6688 
14792 3398 7747 7301 
14793 1085 7461 2775 
14794 7416 8703 3049 
14795 2210 7455 2561 
14796 4340 7479 4530 
14797 3798 8895 3410 
14798 1664 7478 1562 
14799 1997 8133 1996 
14800 5185 7405 5448 
14801 7292 7739 4398 
14802 619 8073 618 
14803 2396 7627 7250 
14804 4760 7502 5301 
14805 4938 8713 5287 
14806 7126 7786 6738 
14807 231 8698 232 
14808 493 8942 6445 
14809 6288 8121 6287 
14810 5321 8625 7910 
14811 3554 8117 3556 
14812 4301 7708 4980 
14813 5164 7790 4952 
14814 6683 8851 5515 
14815 3075 8074 3078 
14816 6842 7762 7118 
14817 5245 7636 4330 
14818 2738 8940 7959 
14819 5050 7887 5051 
14820 5374 7422 5371 
14821 2884 7454 2222 
14822 583 8389 1028 
14823 5001 8640 5054 
14824 6430 7668 6428 
14825 8724 8869 5808 
14826 4549 7668 6867 
14827 3730 7758 7242 
14828 2165 7433 2169 
14829 5008 7841 7751 
14830 3222 8409 3221 
14831 2077 7429 2101 
14832 6037 8344 1839 
14833 8174 8407 5014 
14834 6567 8904 977 
14835 3408 8895 5257 
14836 4739 7393 3594 
14837 7337 7564 1253 
14838 1888 8089 1887 
14839 7574 8058 5510 
14840 1000 7770 388 
14841 2285 8691 2100 
14842 4459 7470 4512 
14843 6377 8040 6378 
14844 1368 7889 1377 
14845 442 8776 8316 
14846 1825 7693 1823 
14847 264 8717 265 
14848 2480 7437 2778 
14849 5155 7431 5158 
14850 6560 8693 790 
14851 5788 7644 6726 
14852 393 7949 984 
14853 2498 7514 2503 
14854 4331 8823 5349 
14855 7711 8595 6831 
14856 6798 7669 5882 
14857 7248 7710 862 
14858 6808 8416 4140 
14859 5678 8774 5677 
14860 6377 8569 8040 
14861 7632 8677 6318 
14862 5815 8638 5814 
14863 591 8444 8002 
14864 5002 7899 6993 
14865 4449 8655 5060 
14866 5038 7803 5036 
14867 1733 7952 1713 
14868 3662 8019 3661 
14869 1568 7637 6857 
14870 4757 7502 4760 
14871 5465 7863 2885 
14872 407 7987 7129 
14873 8138 8243 2753 
14874 6789 7660 6798 
14875 2951 7650 2011 
14876 3303 7931 3300 
14877 257 8933 258 
14878 4677 7696 4518 
14879 3661 8019 7505 
14880 4295 7459 2867 
14881 7274 8854 5753 
14882 2502 7445 2486 
14883 1818 8368 1822 
14884 4059 7659 7516 
14885 4473 7449 5808 
14886 7904 8283 2736 
14887 4924 8679 4823 
14888 3009 7462 2228 
14889 2254 7816 2252 
14890 4248 7688 3815 
14891 2264 7447 2180 
14892 4595 7449 4592 
14893 394 8770 395 
14894 7097 7897 4373 
14895 5032 7673 4009 
14896 3204 7886 3563 
14897 8585 8784 5424 
14898 8007 8714 4966 
14899 4933 7651 4931 
14900 4548 7943 4547 
14901 5481 8413 6684 
14902 6091 7849 1362 
14903 6684 8413 203 
14904 2182 7447 2784 
14905 5166 8404 7566 
14906 466 8412 7420 
14907 7460 7795 4349 
14908 4733 8101 6325 
14909 2232 7526 2230 
14910 4223 7934 4225 
14911 7584 7864 6852 
14912 5117 8793 8626 
14913 5088 8403 4671 
14914 7685 7988 4675 
14915 1406 7676 1438 
14916 3399 8502 8417 
14917 1728 8094 6868 
14918 4205 8246 4206 
14919 288 8927 289 
14920 2788 7455 2212 
14921 2807 7890 6484 
14922 4804 7713 7239 
14923 6900 8728 5996 
14924 4546 7506 3961 
14925 7410 7487 4077 
14926 3528 8245 4683 
14927 978 7987 406 
14928 4347 7719 7375 
14929 2293 7683 1125 
14930 5445 8377 4733 
14931 3374 8090 6917 
14932 2017 8253 2994 
14933 6600 7738 507 
14934 3928 8440 4888 
14935 7112 7474 3679 
14936 3108 7832 3831 
14937 2803 7534 7514 
14938 2087 7448 2090 
14939 2218 7467 2344 
14940 6551 8966 5014 
14941 5956 8730 8059 
14942 3235 7767 7409 
14943 2781 7448 2085 
14944 6115 8564 8114 
14945 3695 7530 3697 
14946 327 7744 328 
14947 7301 7747 7068 
14948 388 7770 389 
14949 4759 7502 4757 
14950 2102 7480 2931 
14951 2093 7458 2801 
14952 6038 7707 5528 
14953 5042 7820 5040 
14954 4704 7622 4702 
14955 1560 7478 2798 
14956 2994 8893 5979 
14957 2758 7485 3518 
14958 4394 7479 4340 
14959 6775 8042 6776 
14960 579 7941 2733 
14961 4577 7494 4579 
14962 2076 8827 5883 
14963 844 8114 6906 
14964 8440 8790 6758 
14965 592 7941 582 
14966 4923 7822 7457 
14967 7084 7632 4637 
14968 1385 7652 1387 
14969 3673 7452 3676 
14970 5732 8940 4510 
14971 4071 7633 6939 
14972 7523 7695 1717 
14973 1663 8643 6800 
14974 4812 7992 4805 
14975 832 8143 829 
14976 3610 8715 3931 
14977 5548 7868 5550 
14978 1542 8313 1462 
14979 4646 8303 6422 
14980 2488 7445 2792 
14981 855 7845 7149 
14982 5582 7343 5587 
14983 6089 7902 2042 
14984 4283 8610 7412 
14985 3633 7485 2325 
14986 2492 7481 2760 
14987 5672 8791 5673 
14988 1592 7712 1594 
14989 6843 7452 3671 
14990 2314 7480 2099 
14991 6095 8402 6096 
14992 1709 8094 1728 
14993 2738 7959 665 
14994 4067 7643 4883 
14995 4107 7681 4106 
14996 3284 8189 3283 
14997 4678 7659 4679 
14998 5081 8176 4615 
14999 4075 7487 4847 
15000 6669 8771 3453 
15001 1656 8555 1542 
15002 4197 8343 4924 
15003 2604 7753 7426 
15004 8379 8570 1822 
15005 822 8239 826 
15006 979 8051 309 
15007 3453 7740 2255 
15008 3681 7474 4464 
15009 4522 7781 4523 
15010 4936 8366 5520 
15011 2733 7955 576 
15012 4352 8581 6553 
15013 7276 8322 5246 
15014 5306 7844 6145 
15015 6531 8818 5549 
15016 7240 8323 7241 
15017 5855 7887 3035 
15018 2562 7589 7143 
15019 2792 7481 2490 
15020 3950 7365 5163 
15021 353 8381 530 
15022 7118 7762 3863 
15023 659 8055 662 
15024 1329 7619 1327 
15025 1717 7695 1715 
15026 1321 7679 1335 
15027 4960 7622 4704 
15028 3717 8233 3390 
15029 1850 7450 7294 
15030 2931 7496 2104 
15031 1162 7690 1173 
15032 2629 7756 7427 
15033 5606 8897 5721 
15034 322 8145 6601 
15035 5401 8214 5248 
15036 6671 7879 6670 
15037 690 7704 688 
15038 6699 8708 5156 
15039 5809 8614 3911 
15040 7507 7997 6369 
15041 4475 7958 5297 
15042 6290 8339 4346 
15043 5356 8905 5109 
15044 4469 7500 4474 
15045 7363 7619 1329 
15046 526 8084 525 
15047 7465 7616 4652 
15048 7123 7817 7286 
15049 772 8151 205 
15050 5377 8209 5375 
15051 3939 8252 3938 
15052 1370 8289 524 
15053 4547 7605 6559 
15054 5326 7783 4022 
15055 2293 8093 7683 
15056 7221 8016 4687 
15057 7560 8026 7509 
15058 6605 7856 5272 
15059 2760 7504 2494 
15060 6815 7828 4899 
15061 6623 7614 2516 
15062 3878 7709 5744 
15063 4791 7574 7395 
15064 566 8386 564 
15065 7375 7719 3576 
15066 3263 7526 2232 
15067 2496 7504 2803 
15068 6707 7899 1964 
15069 3403 8813 6812 
15070 7096 7682 6591 
15071 5289 7755 4401 
15072 3346 7920 3357 
15073 4864 7831 4866 
15074 3863 7762 5307 
15075 2268 8011 6508 
15076 279 7707 280 
15077 5657 8595 7711 
15078 7216 7730 1186 
15079 2606 7753 2604 
15080 3499 7536 2818 
15081 2837 8441 2550 
15082 2933 8479 5502 
15083 6659 8160 7919 
15084 5921 7801 5919 
15085 6122 8493 471 
15086 574 7686 571 
15087 6011 8380 4672 
15088 6506 8772 4097 
15089 7284 7735 7104 
15090 4819 8616 4840 
15091 4193 7957 6962 
15092 974 8145 321 
15093 4607 7815 4605 
15094 1029 7664 3666 
15095 3492 8036 4598 
15096 6335 8065 432 
15097 1123 7683 7213 
15098 2751 7585 7279 
15099 3617 8906 4193 
15100 98 7745 97 
15101 5707 7752 7737 
15102 6957 7839 4098 
15103 4424 8919 4676 
15104 4274 7892 7435 
15105 7570 7788 6025 
15106 6992 7620 4766 
15107 6744 7789 450 
15108 4715 7638 7011 
15109 1928 7706 1884 
15110 5006 8446 5005 
15111 4931 7651 4937 
15112 2367 8131 2522 
15113 5109 8336 4215 
15114 8059 8459 5956 
15115 2803 7514 2498 
15116 4057 7684 3246 
15117 5727 7917 7453 
15118 4802 7763 4801 
15119 662 7641 7161 
15120 1816 8570 1814 
15121 3286 8347 3284 
15122 624 8385 623 
15123 6619 8175 6618 
15124 5670 7769 5671 
15125 862 7710 859 
15126 6969 7749 7187 
15127 7110 7746 4298 
15128 3770 7718 3780 
15129 7650 7791 6846 
15130 570 8269 324 
15131 4182 8215 5165 
15132 849 8114 846 
15133 421 8204 781 
15134 4057 8970 6396 
15135 7542 8325 6307 
15136 2230 7526 3009 
15137 631 7957 6945 
15138 2506 8156 2505 
15139 2553 8443 3277 
15140 8525 8699 1799 
15141 8288 8543 7030 
15142 7236 7777 6915 
15143 7142 8294 6717 
15144 7223 7757 1053 
15145 5814 8270 6232 
15146 1323 7679 1321 
15147 6937 8755 2518 
15148 6920 7682 1471 
15149 5441 8495 5442 
15150 4677 7801 7696 
15151 7572 8282 7466 
15152 6814 8604 3144 
15153 4327 7722 4855 
15154 6061 8216 7981 
15155 7899 8173 1964 
15156 4351 7917 5727 
15157 4593 7891 4740 
15158 3919 7988 3920 
15159 7416 8730 5954 
15160 6879 7778 4158 
15161 7957 8615 6945 
15162 2662 7722 7262 
15163 4420 7620 6992 
15164 4511 7687 4404 
15165 4320 7658 4322 
15166 4341 7715 3641 
15167 2166 7776 2161 
15168 6045 8934 4918 
15169 2907 7724 2905 
15170 2245 7725 2244 
15171 6135 7946 3558 
15172 1327 7619 1339 
15173 4628 8080 3567 
15174 4411 7786 7126 
15175 3260 7832 2826 
15176 5492 7525 5942 
15177 5325 7939 5326 
15178 4551 8276 3797 
15179 4851 8257 7968 
15180 3705 8307 4816 
15181 3649 7746 7110 
15182 2584 7708 7231 
15183 577 8503 580 
15184 5165 8215 6955 
15185 1338 7842 1248 
15186 5187 7850 3401 
15187 4645 7784 6014 
15188 2361 8368 1820 
15189 3460 7804 3732 
15190 6429 7836 6431 
15191 1935 7764 1697 
15192 7516 7659 4678 
15193 7408 7794 4914 
15194 5499 8846 7851 
15195 3578 8069 7125 
15196 6665 7694 976 
15197 3496 7998 3597 
15198 7762 7994 5307 
15199 2516 7614 6977 
15200 6750 7705 3744 
15201 4653 8095 4962 
15202 6452 8352 4639 
15203 7409 7767 4353 
15204 3198 8090 3374 
15205 758 8589 6784 
15206 712 8736 6824 
15207 7415 7759 2868 
15208 3859 8090 3196 
15209 3701 7530 3695 
15210 2763 7989 7153 
15211 4484 8456 3783 
15212 5960 7837 5959 
15213 4762 7732 4341 
15214 5210 8628 7663 
15215 4530 7810 4339 
15216 415 8258 790 
15217 4891 8454 4890 
15218 7517 7971 2735 
15219 7413 7699 4700 
15220 5121 8497 7108 
15221 7454 7467 2220 
15222 7026 8298 3721 
15223 1164 7690 1162 
15224 5919 7801 4677 
15225 5461 8121 7330 
15226 4275 7560 7509 
15227 4196 8333 6916 
15228 463 7782 109 
15229 2681 8954 6583 
15230 4891 8455 7417 
15231 2734 7780 7440 
15232 4312 8817 5068 
15233 3379 8261 3925 
15234 1125 7683 1123 
15235 553 8431 336 
15236 3635 8079 3342 
15237 1832 8886 1810 
15238 1282 7777 7236 
15239 4401 7755 7511 
15240 7322 7881 7025 
15241 5557 8911 5017 
15242 411 8168 985 
15243 6772 8067 501 
15244 4773 7742 4774 
15245 311 8338 591 
15246 3056 8185 3721 
15247 6583 8954 818 
15248 1244 7908 1259 
15249 1413 7731 1417 
15250 2442 8242 3020 
15251 4100 8480 6523 
15252 8031 8134 620 
15253 3306 7632 7084 
15254 1424 8888 6851 
15255 1851 7923 6395 
15256 6970 8001 4312 
15257 6864 7801 5921 
15258 1362 7884 1363 
15259 7379 8688 3758 
15260 2274 7929 6535 
15261 6844 7962 7649 
15262 3061 8182 3473 
15263 4451 8045 4450 
15264 2687 7796 2864 
15265 7286 7817 6934 
15266 455 8355 7662 
15267 2622 8008 4712 
15268 994 7615 6700 
15269 6617 7691 602 
15270 5077 7870 4050 
15271 4427 8010 5400 
15272 869 8218 3719 
15273 6649 8358 7945 
15274 781 8331 422 
15275 69 7779 68 
15276 6231 8622 3064 
15277 7531 8130 4585 
15278 1046 8232 6734 
15279 536 8825 348 
15280 1038 7711 1035 
15281 3749 8091 3375 
15282 6812 8813 4359 
15283 7426 7753 4358 
15284 6973 8508 4858 
15285 7167 7520 5934 
15286 304 8332 6617 
15287 7670 7692 674 
15288 4071 7774 7633 
15289 5192 7772 6245 
15290 5105 7719 4347 
15291 285 7853 286 
15292 5605 8171 5603 
15293 2337 8003 2334 
15294 7609 7742 3282 
15295 712 8629 710 
15296 6380 7900 1384 
15297 4638 8064 4082 
15298 523 8851 364 
15299 4794 7983 4792 
15300 7601 7602 3523 
15301 6865 8470 2753 
15302 4979 7685 2661 
15303 5041 7979 5043 
15304 2548 8441 2553 
15305 7262 7722 4327 
15306 4654 8460 4846 
15307 5005 8446 8099 
15308 4404 7824 7278 
15309 7603 7812 4944 
15310 5115 7764 7439 
15311 8135 8537 5891 
15312 854 7901 1103 
15313 1575 8585 8304 
15314 427 8126 7127 
15315 999 8237 367 
15316 8228 8812 5457 
15317 7922 8844 6634 
15318 5822 8161 2015 
15319 2951 7791 7650 
15320 7108 8497 1022 
15321 2836 8600 3314 
15322 4440 7978 5391 
15323 4482 7547 7391 
15324 776 8277 818 
15325 4763 7811 3917 
15326 1989 8258 414 
15327 1053 7757 1051 
15328 7213 7683 6079 
15329 7193 7670 674 
15330 423 8331 6685 
15331 7480 7592 2931 
15332 542 7768 540 
15333 975 8332 303 
15334 3412 8035 7698 
15335 4002 8078 4080 
15336 2571 7680 2605 
15337 4304 8501 4303 
15338 6914 8030 3275 
15339 1996 8044 1879 
15340 5720 8326 890 
15341 3431 8075 4648 
15342 7281 7750 4775 
15343 4509 7830 7692 
15344 4950 8759 8416 
15345 204 8413 772 
15346 337 8431 6628 
15347 4231 8618 4236 
15348 4376 7759 7415 
15349 2441 7989 2763 
15350 7592 7820 5042 
15351 7130 7639 869 
15352 5690 8423 6303 
15353 4217 8336 4309 
15354 7070 8493 4637 
15355 4737 8554 8219 
15356 5630 7990 6054 
15357 6800 8643 2798 
15358 6116 8938 8045 
15359 4446 8663 6012 
15360 1400 8888 1424 
15361 5890 8372 5891 
15362 6738 7786 3741 
15363 602 7691 6619 
15364 735 8138 733 
15365 1350 8476 8448 
15366 4298 8215 3470 
15367 471 8493 7070 
15368 317 8489 581 
15369 6719 7703 997 
15370 6788 8024 7402 
15371 4809 8462 7192 
15372 6746 8445 6675 
15373 6640 8606 5688 
15374 8356 8770 984 
15375 566 8957 6873 
15376 6632 7700 622 
15377 6934 7817 6790 
15378 4844 7865 7664 
15379 4637 8493 4636 
15380 5948 8410 7461 
15381 7789 8367 6616 
15382 8273 8687 3794 
15383 2344 7843 2216 
15384 1999 7604 7290 
15385 7231 7708 4301 
15386 4363 7890 6975 
15387 4341 7732 7715 
15388 1233 7735 7284 
15389 758 8147 737 
15390 4759 8596 7502 
15391 4601 8603 3512 
15392 6270 8972 6271 
15393 3721 8181 3057 
15394 7847 8538 2917 
15395 6278 8721 8146 
15396 3314 8429 5809 
15397 539 8530 5940 
15398 2161 7776 2163 
15399 4712 7737 4713 
15400 2138 7749 7338 
15401 1512 8244 1529 
15402 4735 7819 4438 
15403 7318 8572 4343 
15404 4408 8119 4410 
15405 2313 7729 4681 
15406 7191 8775 4194 
15407 2214 7843 2788 
15408 5046 8505 4096 
15409 7652 7819 2692 
15410 8639 8667 5472 
15411 6628 8431 5751 
15412 6834 7866 6835 
15413 3428 8816 8529 
15414 4740 8137 4838 
15415 4487 7774 4071 
15416 1198 8662 1197 
15417 3599 8311 4732 
15418 4801 7758 3728 
15419 3831 7832 7320 
15420 3109 7903 3112 
15421 3561 7881 7322 
15422 4822 7819 7652 
15423 825 8750 5993 
15424 210 8541 763 
15425 1913 7913 1669 
15426 5642 8118 5208 
15427 3697 7727 6804 
15428 7360 7951 2779 
15429 5039 7813 5191 
15430 771 8954 2681 
15431 7656 8814 451 
15432 4562 8066 4560 
15433 613 8666 300 
15434 1202 8932 1201 
15435 652 8654 6911 
15436 4881 8319 7287 
15437 2751 7766 7585 
15438 1377 8281 1366 
15439 2786 7797 2552 
15440 4349 7795 5557 
15441 266 8396 996 
15442 824 8796 823 
15443 2399 8029 2388 
15444 3473 8182 6922 
15445 4328 7708 2584 
15446 5629 7924 5631 
15447 997 8860 7707 
15448 2292 7701 2294 
15449 7439 7764 1935 
15450 390 8549 835 
15451 2387 8665 7665 
15452 3721 8185 7026 
15453 4106 8251 3968 
15454 2311 8852 7356 
15455 3446 8494 5656 
15456 7705 7919 3744 
15457 2316 7734 4371 
15458 4450 8076 4348 
15459 6672 8908 6673 
15460 5348 8419 4445 
15461 586 7798 584 
15462 4612 7909 4610 
15463 1454 7741 1661 
15464 2657 7713 3336 
15465 5449 7938 6691 
15466 6749 8849 4951 
15467 7357 7890 2807 
15468 674 7692 7206 
15469 1922 8351 1934 
15470 5210 7963 5211 
15471 4504 8812 8228 
15472 7218 7889 1373 
15473 5360 8458 7745 
15474 8566 8852 6950 
15475 4876 8764 8696 
15476 981 8515 7635 
15477 7420 8412 5285 
15478 6896 8451 4195 
15479 6902 8415 3253 
15480 6092 8784 1579 
15481 4323 8320 4496 
15482 4984 7889 7218 
15483 2664 7722 2662 
15484 4507 7775 4506 
15485 5914 8681 7885 
15486 3587 7645 7199 
15487 2122 7802 7335 
15488 7570 7886 3202 
15489 1874 7973 1875 
15490 467 8713 6817 
15491 4508 7994 7762 
15492 5260 8509 5258 
15493 4810 8462 4809 
15494 6194 7692 7670 
15495 4531 8832 8038 
15496 5607 7851 5605 
15497 3576 7719 4426 
15498 2186 8060 1967 
15499 3667 8583 6843 
15500 724 8807 7904 
15501 3782 8075 3433 
15502 790 8693 416 
15503 5602 8077 5604 
15504 249 8606 6640 
15505 607 8184 6954 
15506 1186 7730 7034 
15507 4237 7934 4223 
15508 3703 7787 3539 
15509 6850 7858 4912 
15510 800 8838 409 
15511 6349 8186 6350 
15512 4713 7734 4377 
15513 4372 7729 4370 
15514 371 8438 6712 
15515 4365 8139 5072 
15516 8616 8678 4840 
15517 365 8851 6683 
15518 301 8666 6658 
15519 325 8269 7519 
15520 4944 8823 3621 
15521 7338 7749 4601 
15522 6904 7833 2433 
15523 3924 8170 3922 
15524 7180 7697 2730 
15525 213 8507 982 
15526 2678 7771 7312 
15527 7190 7653 7228 
15528 4992 7805 4297 
15529 3028 7748 7053 
15530 4501 8830 7320 
15531 4356 7796 7349 
15532 977 8904 315 
15533 4399 7869 7326 
15534 4481 7773 7547 
15535 4098 7839 3689 
15536 1176 7814 7351 
15537 1648 8201 1564 
15538 3493 8302 3554 
15539 4914 8370 3543 
15540 4525 7699 7413 
15541 4444 7754 4441 
15542 6977 8349 2157 
15543 3412 7698 7176 
15544 7091 7877 6913 
15545 1952 7841 1949 
15546 4466 7765 4468 
15547 3295 8789 8558 
15548 1384 8226 1380 
15549 2106 7823 7369 
15550 2544 7824 4419 
15551 5773 8220 5316 
15552 7196 8208 7138 
15553 275 8654 652 
15554 2597 7794 7408 
15555 4818 7840 3735 
15556 7066 7735 1233 
15557 7153 7726 5238 
15558 4909 7809 4354 
15559 4113 8900 4940 
15560 5728 8594 8592 
15561 3607 8082 3606 
15562 417 8693 6688 
15563 992 8606 248 
15564 5239 8582 8291 
15565 6852 7864 4462 
15566 2163 7776 7433 
15567 405 8685 978 
15568 5762 7467 7454 
15569 4385 7751 6924 
15570 4711 8053 2320 
15571 5701 8941 5702 
15572 7202 7896 6884 
15573 6990 7730 7216 
15574 8021 8105 2536 
15575 4572 7807 3722 
15576 3653 8433 7012 
15577 1154 8348 1152 
15578 7326 7869 2878 
15579 568 8957 566 
15580 5224 8861 5318 
15581 3860 8428 4882 
15582 1223 8359 1220 
15583 1971 8028 5897 
15584 5636 8610 6478 
15585 6817 8713 6893 
15586 746 8975 7806 
15587 7483 7639 7130 
15588 6843 8583 5075 
15589 874 8593 875 
15590 842 8438 370 
15591 4266 7802 7183 
15592 617 8031 620 
15593 917 7862 911 
15594 8206 8480 6733 
15595 2097 7966 2314 
15596 2427 7825 6904 
15597 6580 8324 553 
15598 5262 8211 5261 
15599 5088 8525 8403 
15600 7683 8093 6079 
15601 7888 8122 5209 
15602 3777 7876 3774 
15603 4429 8086 4494 
15604 6601 8145 5369 
15605 6626 7728 971 
15606 3780 8705 6976 
15607 3987 8353 5048 
15608 7811 8422 4523 
15609 4801 7763 7740 
15610 3250 7837 3251 
15611 7800 8681 5914 
15612 3906 8242 2444 
15613 7638 7748 3028 
15614 7551 8123 5820 
15615 4991 8314 4623 
15616 3506 7756 2629 
15617 2975 7822 7078 
15618 2661 7685 7252 
15619 757 8975 748 
15620 6800 8551 5150 
15621 5580 8280 5578 
15622 4717 8275 7048 
15623 7025 7881 4366 
15624 2429 7859 2426 
15625 519 8037 521 
15626 744 7806 2743 
15627 6359 8330 4414 
15628 4359 8813 3106 
15629 6478 8610 4283 
15630 7354 7810 2943 
15631 7509 8026 1589 
15632 4463 7951 7360 
15633 1248 7842 1246 
15634 5870 8323 7240 
15635 5108 8829 4945 
15636 6127 8491 4727 
15637 2503 7838 7396 
15638 4358 7753 5659 
15639 4803 8657 4016 
15640 3357 7653 7190 
15641 857 7845 855 
15642 7817 8050 6790 
15643 2089 7871 2088 
15644 6147 8081 6148 
15645 1919 8656 6918 
15646 3244 8527 3361 
15647 7939 8944 3260 
15648 4854 8025 2635 
15649 6251 8192 6252 
15650 715 8736 712 
15651 215 7938 216 
15652 7095 8428 3320 
15653 7327 7939 3260 
15654 2707 7826 7386 
15655 392 7949 393 
15656 7440 7780 6339 
15657 4798 8835 5889 
15658 256 7772 684 
15659 7217 7777 1282 
15660 3426 7739 2315 
15661 5174 7894 4537 
15662 5178 8976 8014 
15663 3707 8200 3435 
15664 7669 8783 1374 
15665 5163 7893 4338 
15666 8061 8313 5032 
15667 5306 8541 7844 
15668 2323 8041 3633 
15669 4944 8853 5893 
15670 3786 8800 7379 
15671 7349 7796 2687 
15672 4319 8782 7046 
15673 8141 8184 5697 
15674 1365 8682 1361 
15675 4755 8135 4759 
15676 7824 7936 4419 
15677 3558 8021 2536 
15678 5266 8797 4903 
15679 2826 7832 3108 
15680 5386 8002 5387 
15681 1589 7874 1590 
15682 7553 8710 3405 
15683 7910 8690 5321 
15684 5342 7812 4288 
15685 5617 7918 6966 
15686 4874 8000 4873 
15687 840 8255 385 
15688 7451 8228 5457 
15689 2216 7843 2214 
15690 7139 7971 7517 
15691 2868 7759 3632 
15692 3862 8734 4687 
15693 7199 7645 4257 
15694 2801 7966 2095 
15695 7780 8106 4622 
15696 7741 7898 1958 
15697 8487 8593 881 
15698 2735 8642 2381 
15699 7031 8733 5249 
15700 438 8815 8491 
15701 4957 8824 4403 
15702 7879 7915 2433 
15703 2101 8083 2079 
15704 7664 7865 6862 
15705 351 7956 352 
15706 6976 8705 6225 
15707 3693 7986 3701 
15708 6797 8211 5262 
15709 6947 8202 4745 
15710 4667 8227 5265 
15711 5614 8374 6553 
15712 5054 8463 5056 
15713 7176 7698 7244 
15714 1528 8588 1516 
15715 7215 8276 4551 
15716 7946 8021 3558 
15717 4508 7762 6842 
15718 4631 7999 4635 
15719 7035 8924 3536 
15720 1032 8052 1033 
15721 7120 7985 4640 
15722 4701 8116 4703 
15723 5888 8197 5887 
15724 4460 8722 4457 
15725 7312 7771 4852 
15726 5078 8435 4521 
15727 3882 8017 7954 
15728 5013 7786 4411 
15729 7267 7834 6543 
15730 4665 8652 4664 
15731 5372 7933 5373 
15732 6675 7944 6674 
15733 3386 7865 3384 
15734 6431 8309 8308 
15735 5937 7857 7697 
15736 5154 8365 4794 
15737 7068 7747 4382 
15738 7048 8814 4919 
15739 2203 8398 2205 
15740 2784 8041 2321 
15741 2743 8589 742 
15742 4288 7812 7603 
15743 2600 7794 2597 
15744 6531 8862 1352 
15745 4036 7847 2919 
15746 7179 7773 849 
15747 2773 7771 2678 
15748 6547 8069 7785 
15749 5217 8547 8407 
15750 3882 7954 3210 
15751 7488 7929 2274 
15752 2026 8718 6026 
15753 964 7674 7624 
15754 6984 8711 2830 
15755 6157 8660 7892 
15756 5790 7947 5791 
15757 2753 8470 730 
15758 5100 8159 5095 
15759 7708 8012 4980 
15760 2680 8888 1398 
15761 836 8088 843 
15762 1373 7889 1368 
15763 818 8954 774 
15764 7567 8004 6349 
15765 7617 8127 816 
15766 6231 7855 4933 
15767 5097 7863 5099 
15768 970 7852 6595 
15769 3689 7839 3691 
15770 3687 8049 4098 
15771 5019 8442 7976 
15772 368 8237 7648 
15773 4813 8535 5291 
15774 5713 8342 5714 
15775 3606 7885 3148 
15776 7395 7574 2808 
15777 4817 7898 4821 
15778 4490 7906 4492 
15779 5303 7834 7267 
15780 3798 8276 5820 
15781 7260 7767 3235 
15782 1257 8263 1379 
15783 7386 7826 4364 
15784 6894 7878 7170 
15785 8301 8453 1274 
15786 2949 7867 2588 
15787 6593 8109 7715 
15788 713 8290 6625 
15789 2081 8083 2781 
15790 1639 8054 1523 
15791 2433 7915 2421 
15792 4487 7928 7774 
15793 6933 7907 4529 
15794 6790 8050 4647 
15795 1111 8061 7362 
15796 5749 8324 5663 
15797 3161 8264 2904 
15798 7215 8035 7086 
15799 5111 7880 5112 
15800 4796 8314 8054 
15801 3447 7896 7202 
15802 3402 8402 4387 
15803 7959 8940 5732 
15804 406 7987 407 
15805 7187 7749 2138 
15806 4991 8526 8314 
15807 987 7844 208 
15808 8183 8393 2223 
15809 4339 7810 7354 
15810 3816 8309 6956 
15811 7825 7833 6904 
15812 3258 8711 3890 
15813 3420 8894 5691 
15814 4902 8669 4372 
15815 1915 8707 1907 
15816 5406 7978 7539 
15817 7306 8199 5076 
15818 4420 8126 7620 
15819 7054 8388 4609 
15820 7588 8353 5702 
15821 1203 8046 1204 
15822 6953 8475 4937 
15823 5293 8766 8073 
15824 8019 8414 4968 
15825 3202 7886 3204 
15826 5197 8819 3446 
15827 4573 7777 7217 
15828 4873 8167 4599 
15829 5391 7864 2513 
15830 7511 7755 4993 
15831 620 8134 6714 
15832 8110 8193 6392 
15833 6975 7890 7357 
15834 3719 7877 7091 
15835 5037 7813 5039 
15836 7430 7991 4380 
15837 4725 8594 4995 
15838 3977 8267 5524 
15839 7530 7727 3697 
15840 7183 7802 2122 
15841 5655 8329 8253 
15842 7611 7612 4739 
15843 387 8916 1000 
15844 6454 8445 6746 
15845 4373 7897 5129 
15846 1934 8684 1920 
15847 4539 8092 4541 
15848 7330 7860 7329 
15849 3361 8527 7288 
15850 4574 7796 4356 
15851 728 8470 759 
15852 4414 8330 7628 
15853 4734 7564 7337 
15854 2915 8538 3397 
15855 4894 8273 8122 
15856 7732 7733 1807 
15857 3320 8428 3319 
15858 5179 8027 4582 
15859 7722 8015 4855 
15860 4681 8669 7538 
15861 3864 8154 3995 
15862 4846 8039 4845 
15863 1172 8390 1096 
15864 3452 7993 3747 
15865 2797 7922 2431 
15866 4863 8675 5698 
15867 4687 8734 7221 
15868 3397 8312 7148 
15869 5281 7953 5279 
15870 7979 8700 5043 
15871 4953 8802 5347 
15872 5200 8931 4987 
15873 4770 8573 6475 
15874 3727 7991 3018 
15875 626 8150 629 
15876 7508 8792 990 
15877 6152 8157 6153 
15878 3374 7788 7570 
15879 574 7955 7686 
15880 4739 7612 7393 
15881 3440 7905 2815 
15882 7161 7848 2514 
15883 3344 7920 3346 
15884 4716 8633 6564 
15885 6951 8062 469 
15886 4556 8355 4484 
15887 5034 8328 4527 
15888 4435 8006 5241 
15889 4683 7967 5334 
15890 8362 8659 4265 
15891 7256 7766 2751 
15892 739 8589 758 
15893 5495 7974 5496 
15894 7302 8067 6772 
15895 7697 8635 5936 
15896 6041 8761 3536 
15897 1246 7908 1244 
15898 2502 8826 6964 
15899 2943 7810 3618 
15900 5183 8249 4786 
15901 7261 7780 2734 
15902 4550 8225 7382 
15903 5706 8290 4682 
15904 3300 7931 3298 
15905 5464 8223 6285 
15906 107 7982 465 
15907 1349 8869 8724 
15908 7335 7802 5064 
15909 6285 7960 4070 
15910 4834 8373 4833 
15911 2608 7861 2606 
15912 6964 8826 2778 
15913 5637 8610 5636 
15914 7549 7912 4564 
15915 3802 8050 7817 
15916 4281 8907 6210 
15917 4735 8262 7819 
15918 4835 8397 4836 
15919 349 8825 6486 
15920 7713 7992 4031 
15921 4442 8419 4444 
15922 2536 8105 2039 
15923 2224 8172 2884 
15924 2881 8672 7405 
15925 2796 8013 6984 
15926 759 8807 726 
15927 5339 8845 8408 
15928 3157 8231 5107 
15929 4903 8426 6042 
15930 7362 8061 4871 
15931 4489 7928 4487 
15932 5057 8862 6531 
15933 2359 8001 6970 
15934 4923 8057 7822 
15935 8318 8450 5766 
15936 4989 8568 7947 
15937 4943 8411 5183 
15938 4789 8058 7574 
15939 7740 7758 4801 
15940 5399 8148 5227 
15941 5018 7976 7515 
15942 7329 7860 7043 
15943 6656 7872 979 
15944 4918 8934 5563 
15945 4685 7984 6827 
15946 7671 8359 6469 
15947 580 8389 583 
15948 3811 8504 4264 
15949 2054 8299 6106 
15950 1663 8836 7388 
15951 7017 8766 4204 
15952 4933 7855 7651 
15953 7986 8791 3701 
15954 105 8230 6768 
15955 3463 7826 2707 
15956 6253 8764 1280 
15957 2159 8349 2166 
15958 3802 7817 7123 
15959 5269 8910 7421 
15960 841 8768 6679 
15961 4669 8082 6359 
15962 2779 7750 7281 
15963 6828 7934 6329 
15964 8209 8479 2933 
15965 6060 8216 6061 
15966 3744 7919 4499 
15967 6557 7910 536 
15968 582 7941 579 
15969 1713 7952 1711 
15970 5085 7882 4159 
15971 4502 7935 7450 
15972 3955 8098 7771 
15973 1577 8103 7020 
15974 5620 8912 7163 
15975 2730 7914 780 
15976 6627 8373 4834 
15977 7493 8694 4186 
15978 7418 8831 5009 
15979 3129 8153 3753 
15980 5698 8454 3832 
15981 7851 8846 5605 
15982 290 7873 988 
15983 2864 8229 4777 
15984 7687 7936 7824 
15985 4590 7895 7073 
15986 4639 8352 4870 
15987 7547 7773 7179 
15988 1579 8784 8585 
15989 4313 8034 7182 
15990 5366 8965 5364 
15991 4147 8376 7209 
15992 8240 8738 3517 
15993 473 8831 7418 
15994 1317 8902 1315 
15995 6920 7945 7682 
15996 1930 8936 7059 
15997 7206 7830 2738 
15998 5633 8301 1274 
15999 7596 8507 212 
16000 5632 7924 5629 
16001 883 8518 6382 
16002 4647 8401 6887 
16003 4705 8017 3882 
16004 8131 8221 2522 
16005 4551 8035 7215 
16006 4649 7937 5217 
16007 8868 8965 5380 
16008 8138 8147 5829 
16009 2275 7945 6920 
16010 7253 8821 2531 
16011 6199 7951 4463 
16012 4584 8639 5089 
16013 4961 8108 7204 
16014 6674 7944 7915 
16015 5800 7977 4832 
16016 6913 7877 6493 
16017 4017 8174 7319 
16018 4961 8519 8108 
16019 576 7955 574 
16020 1802 8310 8109 
16021 2469 8256 2462 
16022 432 8211 6797 
16023 7492 8915 6773 
16024 5394 8358 5393 
16025 2221 8183 2223 
16026 3702 7930 3700 
16027 6535 8259 4663 
16028 4762 7733 7732 
16029 8043 8872 6771 
16030 3877 8329 3878 
16031 2320 8053 7300 
16032 7782 8679 4924 
16033 1310 8437 1312 
16034 6753 8229 4574 
16035 7628 8330 8013 
16036 963 8464 5875 
16037 4338 7893 5047 
16038 996 7875 6702 
16039 5253 8432 8127 
16040 5417 8960 5012 
16041 5907 8569 5240 
16042 4882 7917 4351 
16043 1335 8567 1319 
16044 978 8685 8366 
16045 4897 8492 8129 
16046 5665 8625 4056 
16047 2467 8727 2465 
16048 1664 8532 7478 
16049 4664 7881 3561 
16050 4464 8284 3683 
16051 3102 8702 3587 
16052 721 7904 2736 
16053 8550 8921 6619 
16054 7065 8806 6058 
16055 342 8483 343 
16056 1673 8945 1648 
16057 3951 8319 8177 
16058 5452 8953 5453 
16059 2664 8015 7722 
16060 2692 8262 7006 
16061 4679 8056 7158 
16062 7031 8749 2709 
16063 1174 8754 1167 
16064 309 8051 310 
16065 8279 8302 3925 
16066 3180 8369 7240 
16067 2317 8554 6297 
16068 665 7959 663 
16069 5505 8113 4828 
16070 396 7921 825 
16071 2720 8212 2723 
16072 7073 7895 5356 
16073 5267 8910 5269 
16074 4993 8779 4848 
16075 7396 7838 4388 
16076 7268 8009 4282 
16077 7857 7914 2730 
16078 2957 8048 2959 
16079 5768 8172 7462 
16080 5878 8935 8671 
16081 4833 8373 7728 
16082 6884 7896 4447 
16083 7530 7769 5670 
16084 7369 7823 4393 
16085 7848 8014 2514 
16086 5541 7968 5540 
16087 7203 7814 1176 
16088 6786 8133 2721 
16089 6047 8344 8117 
16090 5920 8067 5921 
16091 4620 7962 6844 
16092 3531 8374 7610 
16093 3456 8162 5969 
16094 1728 7883 7089 
16095 6711 8552 4293 
16096 7385 8305 5290 
16097 1556 8643 1663 
16098 6046 8279 6048 
16099 7563 7744 5802 
16100 7790 8289 1370 
16101 4425 7927 6902 
16102 5650 8444 5651 
16103 6726 8702 3104 
16104 7740 7763 2255 
16105 3797 8276 3798 
16106 3265 8007 2862 
16107 5829 8166 5828 
16108 7204 8108 2841 
16109 5096 8356 5094 
16110 5550 8683 5549 
16111 4328 8012 7708 
16112 7462 8172 2226 
16113 3701 7769 7530 
16114 6892 8891 2002 
16115 821 8810 7353 
16116 7641 7848 7161 
16117 6962 7957 631 
16118 7392 8876 2500 
16119 4913 8696 8453 
16120 7972 8039 3560 
16121 3501 8548 5776 
16122 5203 8349 6977 
16123 4650 7969 4651 
16124 7371 7888 2509 
16125 6396 8970 5320 
16126 6796 8512 2589 
16127 4100 8616 8480 
16128 8186 8536 6350 
16129 7085 8362 4265 
16130 6515 8865 2246 
16131 1683 8115 1880 
16132 2041 8360 2988 
16133 4564 7912 5322 
16134 8174 8966 7319 
16135 478 8213 6337 
16136 4922 8057 4923 
16137 8251 8774 5678 
16138 3713 8414 8019 
16139 7578 8695 4568 
16140 2716 7970 7115 
16141 2878 7869 7341 
16142 7515 7976 3243 
16143 6657 8112 4536 
16144 5025 7932 7303 
16145 6950 8852 2311 
16146 5209 8156 7888 
16147 3018 7991 7430 
16148 2095 7966 2097 
16149 8034 8403 7182 
16150 4694 8710 4726 
16151 7558 8198 6454 
16152 4530 8144 7810 
16153 6803 8032 3225 
16154 2004 8809 8037 
16155 1339 8898 1325 
16156 6189 8277 7914 
16157 4042 8123 6398 
16158 7759 8033 4877 
16159 5123 8528 4778 
16160 7781 8005 4523 
16161 3243 7976 7186 
16162 562 7958 6588 
16163 7819 8262 2692 
16164 6025 7886 7570 
16165 4764 7929 7488 
16166 7303 7932 7259 
16167 7589 8184 7143 
16168 6160 8298 6159 
16169 6625 8290 5706 
16170 4777 8584 3954 
16171 2935 8813 3403 
16172 5954 8730 5956 
16173 7595 7791 2951 
16174 4894 7888 7371 
16175 4925 8749 7031 
16176 4290 8537 4292 
16177 1542 8555 8313 
16178 1100 7916 3537 
16179 6621 8452 6622 
16180 7125 8322 3564 
16181 6219 8947 875 
16182 7132 8216 903 
16183 7043 7860 4245 
16184 990 7948 230 
16185 7585 7766 4825 
16186 5442 8495 7051 
16187 4774 8457 7486 
16188 8408 8845 1351 
16189 3589 8043 3588 
16190 5947 8410 5948 
16191 4686 7984 4685 
16192 7309 8481 3162 
16193 4687 8016 6881 
16194 7170 7878 7193 
16195 8815 8864 5848 
16196 7628 8013 2796 
16197 454 8217 6978 
16198 2178 8602 2264 
16199 2764 8619 6701 
16200 7538 8669 4902 
16201 6220 8947 6219 
16202 7508 7851 5607 
16203 7842 7908 1246 
16204 4937 8475 4929 
16205 5422 8711 6984 
16206 8321 8825 536 
16207 3829 8038 5406 
16208 5644 8425 4815 
16209 5668 8846 5667 
16210 2798 8643 1558 
16211 4997 8636 5000 
16212 4800 8515 4799 
16213 7138 8208 5333 
16214 6996 8198 7558 
16215 4876 8696 3988 
16216 7115 7970 4302 
16217 968 8522 6247 
16218 8120 8841 4545 
16219 4035 8180 5308 
16220 5472 8667 2310 
16221 6642 8743 1981 
16222 6978 8217 5286 
16223 3713 8019 3662 
16224 2778 8826 2482 
16225 6026 8718 8405 
16226 7461 8410 2775 
16227 6709 8941 1989 
16228 3227 8149 4906 
16229 5883 8745 2833 
16230 3951 8177 3004 
16231 5100 8946 8827 
16232 3934 8034 7201 
16233 2531 8821 7111 
16234 5728 8592 2712 
16235 2484 8826 2502 
16236 5976 8476 1350 
16237 4566 8139 7826 
16238 4452 8028 4959 
16239 2885 8378 2078 
16240 6017 8427 3110 
16241 190 8102 189 
16242 7201 8034 4313 
16243 5246 8322 7489 
16244 5326 8697 7783 
16245 5056 8191 5353 
16246 3691 7986 3693 
16247 185 8107 184 
16248 4128 8924 7035 
16249 6390 8110 6387 
16250 5840 8600 2836 
16251 4981 7994 4508 
16252 5191 7979 5041 
16253 4308 8553 8232 
16254 6565 8551 8532 
16255 5652 8163 5647 
16256 7030 8543 1930 
16257 8625 8970 4056 
16258 7246 8340 1209 
16259 4986 8950 5074 
16260 1110 8498 3650 
16261 5295 8859 4902 
16262 2514 8014 4495 
16263 5329 8274 5330 
16264 7435 7892 2634 
16265 7496 7823 2106 
16266 7625 7996 4680 
16267 7259 7932 7260 
16268 6862 8542 4896 
16269 5859 8084 5146 
16270 8334 8521 5781 
16271 7536 8339 6290 
16272 7266 8232 1046 
16273 969 8617 6056 
16274 5542 8737 7504 
16275 4603 8335 5026 
16276 4371 8266 4878 
16277 4624 8221 4972 
16278 6834 8308 7866 
16279 6901 8734 4263 
16280 5415 8771 6669 
16281 1307 8354 1310 
16282 1967 8060 1924 
16283 3020 7989 2441 
16284 4865 8478 6968 
16285 5269 8097 5718 
16286 4817 8087 7898 
16287 7355 8427 6017 
16288 5670 7727 7530 
16289 5590 8726 5598 
16290 6761 8457 6762 
16291 4782 8467 4780 
16292 7323 7902 4965 
16293 4922 8142 8057 
16294 6562 8219 2317 
16295 205 8151 206 
16296 7193 7878 7670 
16297 321 8145 322 
16298 7846 8051 979 
16299 5027 8534 6477 
16300 497 8458 6743 
16301 7379 8800 6309 
16302 1529 8244 7666 
16303 5329 8528 8281 
16304 5655 8350 8329 
16305 7770 8549 389 
16306 4714 8633 4716 
16307 3619 8400 6162 
16308 4559 8036 3492 
16309 8305 8793 1103 
16310 8545 8719 1563 
16311 2309 8637 6095 
16312 4816 7980 7026 
16313 7944 8198 3176 
16314 4545 8010 4427 
16315 3650 8763 6473 
16316 6350 8536 6353 
16317 4787 8058 4789 
16318 3433 8075 3431 
16319 4655 8071 6813 
16320 3500 8746 3501 
16321 4264 8504 7655 
16322 3050 8047 3250 
16323 4154 8399 3940 
16324 7514 7838 2503 
16325 5188 8670 5187 
16326 4921 8814 7656 
16327 1970 8306 6894 
16328 7279 7835 952 
16329 5156 8708 5154 
16330 7192 8462 834 
16331 663 8055 659 
16332 7852 8690 6595 
16333 7486 8457 461 
16334 6030 8439 6031 
16335 3342 8079 3344 
16336 410 8168 411 
16337 4585 8130 4587 
16338 7086 8035 3412 
16339 6792 8069 3578 
16340 7850 8370 4914 
16341 7557 8861 5226 
16342 5632 7925 7924 
16343 3720 7911 7332 
16344 7944 8445 8198 
16345 4877 8632 5331 
16346 5485 8165 5127 
16347 7274 8394 972 
16348 6444 8695 7578 
16349 1318 8959 1349 
16350 7692 7830 7206 
16351 7363 8152 7619 
16352 4680 7996 6199 
16353 4775 8760 6289 
16354 2933 8398 8209 
16355 4805 7992 4804 
16356 4668 8023 7739 
16357 116 8158 115 
16358 6480 8100 4983 
16359 6646 8164 8111 
16360 7751 7841 1952 
16361 2321 8041 2323 
16362 7015 8752 1223 
16363 6779 8412 466 
16364 2879 8460 5739 
16365 5369 8732 5367 
16366 3357 8917 7653 
16367 6762 8457 4774 
16368 7725 8009 2244 
16369 3499 8339 7536 
16370 1197 8645 7150 
16371 5972 8417 5974 
16372 4663 8391 6799 
16373 3685 8049 3687 
16374 6997 8050 3802 
16375 5100 8378 8159 
16376 6100 8967 7289 
16377 5708 8958 2855 
16378 7956 8381 352 
16379 7697 7857 2730 
16380 2772 7891 7429 
16381 4974 8623 5516 
16382 5848 8062 4728 
16383 2825 8224 2823 
16384 5072 8448 5070 
16385 2702 8234 8015 
16386 2603 8285 3149 
16387 1711 8094 1709 
16388 4804 7992 7713 
16389 7686 7955 5341 
16390 6272 8196 6262 
16391 3826 8099 3827 
16392 7919 8160 4499 
16393 3196 8090 3198 
16394 4535 8595 5657 
16395 7651 7871 4937 
16396 2100 8691 2098 
16397 3830 8956 6078 
16398 1879 8044 1999 
16399 6210 8297 5725 
16400 4985 8740 4984 
16401 3078 8074 3417 
16402 3556 8117 4572 
16403 2666 8015 2664 
16404 3821 8468 4973 
16405 7453 7917 2284 
16406 971 8373 6627 
16407 7838 8257 4851 
16408 2223 8393 2225 
16409 7300 8053 4406 
16410 4868 8488 5986 
16411 4840 8678 7004 
16412 623 8073 619 
16413 7872 8175 5856 
16414 5221 8133 6786 
16415 2244 8009 7268 
16416 6484 8222 4617 
16417 7687 7824 4404 
16418 7952 8094 1711 
16419 5450 8804 5449 
16420 7916 8120 4545 
16421 4858 8656 6221 
16422 5612 8374 5614 
16423 5869 8664 5870 
16424 6791 8012 4328 
16425 5587 8865 5584 
16426 6006 8557 4689 
16427 4627 8085 4626 
16428 1092 8390 7469 
16429 4888 8193 4889 
16430 1812 8146 1832 
16431 8212 8227 5355 
16432 7666 8244 5527 
16433 3344 8079 7920 
16434 5020 8657 8579 
16435 3497 8247 4649 
16436 4082 8064 4596 
16437 6421 8474 4041 
16438 7778 7840 4818 
16439 5059 8843 5825 
16440 2270 8609 8268 
16441 2483 8511 2995 
16442 4536 8767 6363 
16443 6518 8875 4145 
16444 1281 8496 1284 
16445 7959 8055 663 
16446 4495 8179 7175 
16447 5860 8631 3809 
16448 4070 8334 4069 
16449 8881 8932 5242 
16450 6968 8478 902 
16451 1360 8725 7142 
16452 4149 8962 3432 
16453 8259 8391 4663 
16454 5346 8420 5034 
16455 2079 8083 2081 
16456 4821 7898 7741 
16457 5247 8142 4922 
16458 420 8204 421 
16459 5841 8855 5842 
16460 7805 8022 4297 
16461 7359 8858 4309 
16462 7324 7923 1851 
16463 6830 8408 1351 
16464 5133 8790 4869 
16465 2196 8868 2199 
16466 5692 8615 7957 
16467 6670 7879 7833 
16468 6859 8761 8434 
16469 6827 7984 3503 
16470 3053 8730 7416 
16471 4609 8513 7593 
16472 5993 8750 5098 
16473 1970 8577 8306 
16474 5395 8564 6115 
16475 775 8449 777 
16476 4826 7835 7585 
16477 5721 8897 2711 
16478 7810 8144 3618 
16479 7771 8098 4852 
16480 3375 8091 3377 
16481 7585 7835 7279 
16482 4297 8022 6473 
16483 8247 8395 4649 
16484 6556 8743 5513 
16485 758 8166 8147 
16486 7294 7935 2718 
16487 2302 8260 8093 
16488 7663 8628 3944 
16489 2246 8609 2247 
16490 7839 7986 3691 
16491 2620 8630 7040 
16492 846 8114 844 
16493 8292 8434 6040 
16494 6717 8294 3266 
16495 8338 8444 591 
16496 3215 8096 3105 
16497 4476 7971 7139 
16498 46 8217 454 
16499 7089 8030 6914 
16500 1460 8061 1111 
16501 7806 8975 5310 
16502 5766 8450 5765 
16503 6565 8532 6011 
16504 5051 8550 4999 
16505 6611 8275 489 
16506 7519 8269 5390 
16507 4398 8023 4711 
16508 1349 8724 5999 
16509 7707 8860 5528 
16510 6016 8841 6017 
16511 3141 8513 6183 
16512 2925 8024 7446 
16513 7532 8459 3403 
16514 5271 8190 5274 
16515 6816 8087 4817 
16516 6490 8627 1642 
16517 4615 8176 4613 
16518 6312 8433 7629 
16519 1529 7985 7120 
16520 4348 8076 5105 
16521 2256 8375 2257 
16522 1573 8103 1577 
16523 449 8523 7443 
16524 6714 8540 625 
16525 7728 8397 4833 
16526 8065 8211 432 
16527 1964 8173 1965 
16528 1991 7950 6781 
16529 7655 8504 6692 
16530 4355 7814 7203 
16531 8327 8772 6506 
16532 544 8483 342 
16533 7539 7978 4440 
16534 588 8839 5839 
16535 430 8873 6446 
16536 5119 8668 7162 
16537 7931 8677 3306 
16538 2368 8131 2367 
16539 4958 8644 4386 
16540 7228 8502 7227 
16541 816 8127 870 
16542 7425 8928 5823 
16543 7466 8282 4206 
16544 974 8732 8145 
16545 5151 8836 5149 
16546 4698 8319 3951 
16547 4513 8011 6979 
16548 3299 8392 3977 
16549 4905 8033 4376 
16550 4397 8109 4719 
16551 6768 8230 6769 
16552 5178 8014 7848 
16553 5325 8944 7939 
16554 4728 8062 6951 
16555 829 8143 828 
16556 4771 8706 5335 
16557 1045 8925 1048 
16558 7935 8228 2718 
16559 106 8230 105 
16560 6539 8824 470 
16561 5506 8300 4060 
16562 8244 8588 5527 
16563 367 8237 368 
16564 5025 8326 7932 
16565 8333 8680 6916 
16566 6117 8938 6116 
16567 8051 8338 310 
16568 7450 7935 7294 
16569 7943 8252 3939 
16570 1561 8545 1563 
16571 6715 8679 463 
16572 5428 8833 5427 
16573 3567 8080 4078 
16574 6508 8810 821 
16575 5408 8394 7274 
16576 4094 8358 6649 
16577 1906 8089 1888 
16578 6271 8972 7793 
16579 4078 8885 4893 
16580 6536 8026 7560 
16581 5359 8661 1680 
16582 6312 8688 6310 
16583 7635 8515 4800 
16584 7602 8347 3523 
16585 3526 8245 3528 
16586 7730 8333 4196 
16587 5064 8140 4905 
16588 7394 8777 3320 
16589 6773 8915 8130 
16590 6725 8583 3667 
16591 7694 8235 976 
16592 7685 8293 7252 
16593 385 8255 386 
16594 3403 8459 7269 
16595 2295 8093 2293 
16596 1274 8453 1275 
16597 462 8254 48 
16598 1163 8613 1352 
16599 2518 8755 8345 
16600 8024 8671 7446 
16601 3750 8125 3751 
16602 414 8258 415 
16603 8631 8808 3809 
16604 5142 8361 4698 
16605 4664 8652 8032 
16606 7163 8912 661 
16607 2088 7871 7651 
16608 823 8907 7257 
16609 4080 8078 4584 
16610 4689 8557 5398 
16611 5199 8538 7847 
16612 7892 8660 2634 
16613 2721 8133 1997 
16614 7299 8025 4333 
16615 1933 8206 1931 
16616 7537 7997 1432 
16617 5499 7851 7508 
16618 7796 8229 2864 
16619 7504 8737 2803 
16620 733 8138 2753 
16621 2949 8377 7867 
16622 6646 8111 6696 
16623 4188 8879 4763 
16624 461 8457 6761 
16625 4281 8185 3056 
16626 6635 8901 876 
16627 8030 8288 3275 
16628 4907 8415 5294 
16629 4309 8858 7082 
16630 6894 8306 7878 
16631 3898 8658 3900 
16632 324 8269 325 
16633 5770 8591 5771 
16634 6187 8472 6189 
16635 4304 8612 6545 
16636 605 8586 6571 
16637 7980 8298 7026 
16638 4729 8272 4718 
16639 7289 8967 886 
16640 6916 8680 2581 
16641 5150 8551 6565 
16642 7158 8056 6127 
16643 3587 8702 7644 
16644 3283 8189 3887 
16645 2541 8536 8186 
16646 5084 8408 6830 
16647 7998 8033 4905 
16648 5021 8327 4000 
16649 7469 8390 5181 
16650 1172 8576 6718 
16651 4969 8881 5242 
16652 4899 8288 4898 
16653 6289 8903 4775 
16654 8392 8558 5033 
16655 7604 8424 7290 
16656 737 8147 735 
16657 6353 8469 6352 
16658 5097 8159 7863 
16659 8277 8472 818 
16660 6614 8355 455 
16661 5095 8159 5097 
16662 7904 8807 5835 
16663 4151 8778 3232 
16664 7162 8668 7105 
16665 2001 8779 5553 
16666 1219 8359 7671 
16667 6990 8333 7730 
16668 5219 8659 8362 
16669 5051 8921 8550 
16670 7533 8635 866 
16671 4940 8222 4363 
16672 3659 8120 4910 
16673 5833 8601 5831 
16674 7812 8918 8853 
16675 7610 8374 5612 
16676 7313 8004 6372 
16677 5697 8184 7589 
16678 5230 8178 5232 
16679 129 8316 128 
16680 7866 8309 3816 
16681 7888 8156 2509 
16682 7701 8169 6528 
16683 5953 8703 5952 
16684 3014 8712 2644 
16685 181 8473 472 
16686 1563 8719 1565 
16687 2893 8653 2896 
16688 5421 8885 5196 
16689 4110 8892 6892 
16690 3059 8182 3061 
16691 4569 8100 7578 
16692 6394 8955 4098 
16693 5673 8791 7986 
16694 3057 8181 3059 
16695 5243 8896 5854 
16696 2741 8317 7198 
16697 8556 8579 1757 
16698 4410 8119 4725 
16699 5393 8240 4769 
16700 8300 8603 4601 
16701 8221 8362 2522 
16702 4852 8098 4853 
16703 2635 8025 7299 
16704 8225 8837 893 
16705 7127 8126 4420 
16706 2509 8156 2506 
16707 6327 8506 6333 
16708 6195 8306 6196 
16709 3526 8346 8245 
16710 25 8864 8815 
16711 7924 7925 2995 
16712 2772 8137 7891 
16713 5702 8941 6709 
16714 6656 8175 7872 
16715 6618 8175 6656 
16716 6302 8859 2892 
16717 1028 8389 8178 
16718 4637 8909 7070 
16719 7945 8358 5394 
16720 7883 8030 7089 
16721 4787 8249 8058 
16722 5153 8417 5972 
16723 7735 8451 7104 
16724 6486 8321 4699 
16725 4851 8194 4850 
16726 2843 7612 7611 
16727 524 8289 520 
16728 5217 8174 4017 
16729 6813 8195 4559 
16730 4688 8238 3602 
16731 2098 8733 2096 
16732 2931 8605 7496 
16733 2226 8172 2224 
16734 8140 8611 5694 
16735 5166 8246 4205 
16736 6155 8777 6157 
16737 6182 8650 6181 
16738 7670 7878 6195 
16739 4376 8033 7759 
16740 7247 8008 2622 
16741 3563 8405 7212 
16742 8477 8886 1832 
16743 7833 7879 2433 
16744 4880 8879 7050 
16745 3165 8308 6834 
16746 303 8332 304 
16747 422 8331 423 
16748 3470 8215 4182 
16749 875 8106 7261 
16750 1103 8793 6113 
16751 6202 8917 6203 
16752 2273 8651 2272 
16753 703 8164 6646 
16754 6289 8760 4149 
16755 439 8287 8286 
16756 3514 8307 3705 
16757 5140 8948 5138 
16758 41 8363 40 
16759 119 8364 118 
16760 8407 8547 3267 
16761 2646 8748 2648 
16762 8649 8973 8155 
16763 5603 8171 5606 
16764 4756 8461 4754 
16765 5296 8173 5002 
16766 6871 8148 2725 
16767 1164 8754 7690 
16768 6740 8345 4837 
16769 6954 8141 4589 
16770 595 8861 7557 
16771 6031 8517 6033 
16772 3501 8746 8548 
16773 4195 8451 7735 
16774 4875 8259 4765 
16775 2444 8242 2442 
16776 310 8338 311 
16777 6485 8556 1757 
16778 4292 8135 4755 
16779 3618 8144 4543 
16780 8504 8920 6692 
16781 5211 8203 5212 
16782 5664 8899 5644 
16783 3390 8233 3984 
16784 3176 8198 6996 
16785 4145 8875 8481 
16786 4384 8369 4966 
16787 866 8635 7180 
16788 4159 8278 3544 
16789 7835 8384 952 
16790 8179 8208 2731 
16791 4496 8320 8134 
16792 6545 8612 4730 
16793 3128 8422 6854 
16794 7982 8343 465 
16795 2541 8186 7313 
16796 996 8396 7990 
16797 5047 8241 5142 
16798 6636 8913 3234 
16799 7398 8781 4767 
16800 2814 8828 6896 
16801 5186 8507 7596 
16802 1514 8244 1512 
16803 6491 8856 6490 
16804 6301 8347 7602 
16805 1763 8574 6716 
16806 5016 7923 7324 
16807 2000 8709 6037 
16808 7910 8625 5665 
16809 4681 8169 4383 
16810 7491 8912 5620 
16811 7826 8139 4364 
16812 3968 8251 3967 
16813 5086 8210 7112 
16814 4364 8139 4365 
16815 1579 8585 1576 
16816 6948 8312 5894 
16817 4386 8644 5008 
16818 3253 8346 3526 
16819 7143 8184 607 
16820 5001 8840 8640 
16821 5312 8548 5311 
16822 1323 8898 7679 
16823 5082 8866 5395 
16824 6079 8260 6078 
16825 7651 7855 2088 
16826 7209 8376 3231 
16827 4265 8659 4803 
16828 490 8695 6444 
16829 823 8796 8297 
16830 5355 8227 4667 
16831 3435 8200 3727 
16832 4658 8170 3924 
16833 4745 8202 4976 
16834 5473 8225 4550 
16835 7739 8023 4398 
16836 7528 7972 3560 
16837 1820 8368 1818 
16838 1564 8201 1664 
16839 5889 8835 588 
16840 1527 8526 6883 
16841 4535 8773 8595 
16842 3889 8926 3155 
16843 4180 8312 6948 
16844 3739 8918 3810 
16845 4698 8361 8319 
16846 572 8842 575 
16847 8091 8261 3377 
16848 352 8381 353 
16849 4308 8232 7266 
16850 7924 8511 5631 
16851 7550 8739 1009 
16852 2756 8971 7510 
16853 5375 8209 5381 
16854 8827 8946 5883 
16855 4737 8262 4735 
16856 5013 8357 7786 
16857 5335 8471 5392 
16858 1460 8313 8061 
16859 6292 8831 473 
16860 4979 7988 7685 
16861 5322 8727 8387 
16862 259 8188 983 
16863 5124 8725 5123 
16864 778 8277 776 
16865 1366 8281 1365 
16866 7786 8357 3741 
16867 3142 8673 6198 
16868 5161 8794 5162 
16869 5328 8597 5327 
16870 5290 8305 7901 
16871 3377 8261 3379 
16872 8099 8446 3827 
16873 8191 8384 7835 
16874 6645 8205 1990 
16875 474 8905 6055 
16876 8181 8182 3059 
16877 7878 8306 6195 
16878 265 8396 266 
16879 4145 8481 7309 
16880 3714 8407 3267 
16881 8439 8517 6031 
16882 5063 8524 5062 
16883 8008 8701 6246 
16884 5424 8784 5425 
16885 8486 8691 2285 
16886 6686 8207 993 
16887 8405 8718 4644 
16888 4542 8236 5565 
16889 8391 8523 6799 
16890 7429 7995 2101 
16891 4905 8140 7998 
16892 7402 8024 2925 
16893 8064 8304 4596 
16894 4893 8273 4894 
16895 4886 8753 5422 
16896 4940 8900 8286 
16897 4215 8336 4217 
16898 6896 8828 8451 
16899 5866 8649 5865 
16900 1260 8263 1257 
16901 7175 8179 2731 
16902 4574 8229 7796 
16903 4786 8249 4787 
16904 479 8633 7743 
16905 5893 8853 3739 
16906 8867 8976 3956 
16907 6540 8900 4403 
16908 4875 8391 8259 
16909 7496 8605 6522 
16910 7261 8106 7780 
16911 244 8250 703 
16912 5117 8414 3713 
16913 4947 8829 8650 
16914 7505 8019 4968 
16915 4892 8929 5340 
16916 4276 8340 7246 
16917 8109 8310 4719 
16918 152 8560 7492 
16919 7499 8563 6 
16920 8816 8937 4985 
16921 7501 8562 55 
16922 2779 7951 7750 
16923 7221 8734 6901 
16924 4684 8337 4696 
16925 4726 8587 6577 
16926 4383 8169 7701 
16927 993 8248 242 
16928 4148 8604 8152 
16929 453 8466 6751 
16930 4156 8580 3242 
16931 6688 8531 989 
16932 203 8413 204 
16933 8050 8401 4647 
16934 7384 8059 3053 
16935 6963 8923 5059 
16936 839 8223 6783 
16937 7321 8424 7144 
16938 5212 8161 7315 
16939 5814 8638 8270 
16940 5101 8367 4454 
16941 6784 8863 758 
16942 8060 8351 1924 
16943 599 8963 601 
16944 2589 8512 7178 
16945 1924 8351 1922 
16946 8758 8787 8471 
16947 5866 8973 8649 
16948 3267 8547 2619 
16949 1534 8728 6900 
16950 4499 8160 7521 
16951 4968 8414 4570 
16952 7558 8132 2888 
16953 8425 8508 4815 
16954 4137 8608 3629 
16955 6903 8949 449 
16956 5107 8628 4368 
16957 3956 8976 3624 
16958 3925 8302 3493 
16959 3370 8533 4880 
16960 7700 8726 622 
16961 5799 8799 5798 
16962 7474 8063 4464 
16963 2904 8264 3447 
16964 976 8235 6666 
16965 4623 8314 4796 
16966 3221 8409 3514 
16967 5332 8867 3956 
16968 8240 8282 4769 
16969 2731 8208 7196 
16970 1513 8871 1515 
16971 3308 8086 7174 
16972 3683 8284 3685 
16973 4855 8234 6791 
16974 5549 8818 5551 
16975 6737 8477 6280 
16976 4596 8304 5424 
16977 6361 8961 4015 
16978 5322 8387 7295 
16979 410 8838 8168 
16980 5651 8338 8051 
16981 5331 8764 4876 
16982 8434 8761 6040 
16983 336 8431 337 
16984 6950 8270 4839 
16985 7332 8485 3145 
16986 6362 8961 6361 
16987 4547 7943 7605 
16988 564 8386 2531 
16989 4430 8311 3599 
16990 1306 8700 7979 
16991 4951 8849 5164 
16992 1809 8886 6737 
16993 5685 8391 4875 
16994 7145 8756 920 
16995 3266 8803 6919 
16996 4148 8152 7363 
16997 6564 8633 479 
16998 1757 8579 1758 
16999 7968 8194 4851 
17000 4390 8008 7247 
17001 6225 8705 6223 
17002 3514 8409 8307 
17003 3523 8347 3286 
17004 7269 8059 7384 
17005 370 8438 371 
17006 1113 8811 1115 
17007 2157 8349 2159 
17008 7727 8072 6804 
17009 2505 8651 2273 
17010 1462 8313 1460 
17011 4454 8367 7789 
17012 5285 8412 6858 
17013 3314 8600 8337 
17014 8896 8932 1205 
17015 2264 8602 7829 
17016 7443 8523 5685 
17017 4140 8416 5634 
17018 197 8482 196 
17019 3685 8284 8049 
17020 3804 8607 4655 
17021 4673 8320 4323 
17022 5187 8670 8370 
17023 1009 8739 7256 
17024 7906 8510 4492 
17025 6040 8761 6041 
17026 3564 8322 7276 
17027 7211 8660 7394 
17028 3234 8913 8634 
17029 886 8967 6578 
17030 4826 8191 7835 
17031 8488 8933 684 
17032 6745 8499 498 
17033 8425 8707 1915 
17034 4333 8576 1172 
17035 6995 8519 4961 
17036 7148 8312 4180 
17037 7042 8577 1970 
17038 7831 8485 4866 
17039 4898 8030 7883 
17040 5287 8539 5288 
17041 7766 8739 5118 
17042 5563 8747 3131 
17043 2264 8104 7447 
17044 4572 8709 7807 
17045 4548 8252 7943 
17046 6309 8800 6306 
17047 7867 8377 5445 
17048 4571 8292 5174 
17049 7046 8542 3386 
17050 885 8939 7755 
17051 341 8371 544 
17052 1352 8818 6531 
17053 811 8341 403 
17054 6276 8721 6275 
17055 7740 8418 7758 
17056 6818 8782 4319 
17057 6398 8123 7551 
17058 5898 8022 7805 
17059 5252 8432 5253 
17060 5120 8880 5121 
17061 6960 8805 4276 
17062 5240 8848 4948 
17063 77 8546 76 
17064 4866 8478 4865 
17065 4635 8424 7604 
17066 1603 8887 1601 
17067 4878 8788 5295 
17068 7876 8520 3773 
17069 627 8385 624 
17070 1022 8401 6997 
17071 6847 8440 3928 
17072 8306 8577 6196 
17073 5522 8326 5025 
17074 8591 8802 4955 
17075 5691 8894 5692 
17076 6557 8690 7910 
17077 7389 8137 2772 
17078 5054 8640 8463 
17079 5358 8952 8621 
17080 4967 8949 6903 
17081 1220 8359 1219 
17082 580 8503 8389 
17083 504 8539 7275 
17084 316 8489 317 
17085 3277 8443 3280 
17086 7636 8275 4717 
17087 5482 8429 5480 
17088 4884 8751 6184 
17089 4676 8458 5360 
17090 4710 8404 5166 
17091 7647 8483 544 
17092 8526 8624 6883 
17093 4099 8678 4100 
17094 4675 8293 7685 
17095 4843 8741 4170 
17096 8766 8922 4204 
17097 7827 8405 3563 
17098 1589 8026 7874 
17099 4850 8329 3877 
17100 5495 8590 7974 
17101 3543 8370 3718 
17102 3977 8392 8267 
17103 7939 7940 5326 
17104 4879 8375 7717 
17105 6026 8405 7827 
17106 4135 8759 3533 
17107 518 8599 1957 
17108 3070 8525 3066 
17109 5763 8783 7669 
17110 1171 8348 1154 
17111 4528 8218 7639 
17112 7252 8293 1260 
17113 8314 8526 1527 
17114 507 8560 153 
17115 103 8561 506 
17116 54 8562 505 
17117 201 8563 504 
17118 8246 8870 4206 
17119 8499 8908 498 
17120 5010 8922 5293 
17121 7734 8266 4371 
17122 988 8280 6648 
17123 7119 8383 482 
17124 3838 7936 7687 
17125 4511 8903 7282 
17126 3827 8446 4177 
17127 5014 8966 8174 
17128 7540 8443 6441 
17129 3785 8817 6741 
17130 3783 8456 3888 
17131 212 8507 213 
17132 4900 8339 3499 
17133 7534 8257 7514 
17134 2550 8441 2548 
17135 5116 8187 7307 
17136 3658 8388 7054 
17137 972 8394 339 
17138 531 8686 2251 
17139 6631 8726 5590 
17140 5191 8437 8354 
17141 920 8756 7606 
17142 8255 8916 386 
17143 7212 8405 4644 
17144 6997 8401 8050 
17145 7340 8971 2756 
17146 2783 8801 7376 
17147 8017 8018 5458 
17148 6859 8434 7503 
17149 8403 8525 3070 
17150 7562 8318 3009 
17151 6531 8683 5058 
17152 3971 8832 3734 
17153 3281 8738 4094 
17154 1260 8293 8263 
17155 4651 8333 6990 
17156 4307 8752 7015 
17157 4982 8505 4542 
17158 5339 8524 4076 
17159 6733 8480 4829 
17160 4815 8508 6973 
17161 5395 8866 8564 
17162 1421 8762 1426 
17163 209 8541 210 
17164 141 8641 140 
17165 389 8549 390 
17166 4513 8810 8011 
17167 5255 8850 5256 
17168 8236 8505 5046 
17169 1096 8390 1092 
17170 4542 8505 8236 
17171 4390 8701 8008 
17172 4721 8500 5741 
17173 5737 8961 6362 
17174 4354 8402 3402 
17175 2718 8228 7451 
17176 989 8531 7723 
17177 6196 8577 6533 
17178 4836 8397 7728 
17179 3234 8634 6759 
17180 3145 8485 7831 
17181 4098 8955 6957 
17182 6145 8494 5305 
17183 7024 8676 5333 
17184 3280 8443 7540 
17185 3997 8929 6130 
17186 4972 8221 8131 
17187 6836 8714 5858 
17188 7880 8376 5562 
17189 7154 8296 3395 
17190 5044 8605 7592 
17191 7174 8086 4429 
17192 6945 8430 627 
17193 2522 8362 7085 
17194 3446 8819 8494 
17195 7690 8754 5871 
17196 8328 8420 1173 
17197 4713 8266 7734 
17198 7854 8833 5428 
17199 5164 8289 7790 
17200 5905 8773 4535 
17201 4899 8543 8288 
17202 8253 8329 4850 
17203 6979 8647 4274 
17204 8216 8806 903 
17205 5101 8942 8367 
17206 7726 8136 5238 
17207 3995 8582 6190 
17208 8027 8630 2620 
17209 7791 8890 6846 
17210 4456 8722 8317 
17211 5132 8239 7353 
17212 8696 8764 6253 
17213 6704 8365 1992 
17214 5345 8544 5346 
17215 4719 8310 7522 
17216 248 8606 249 
17217 3319 8428 3860 
17218 7728 8373 971 
17219 8426 8797 6667 
17220 6215 8755 6937 
17221 4532 8383 7119 
17222 5748 8883 7605 
17223 3931 8569 6377 
17224 627 8430 8385 
17225 25 8815 24 
17226 7900 8241 1384 
17227 3577 8521 5022 
17228 4359 8943 6812 
17229 138 8769 137 
17230 8595 8773 5354 
17231 8011 8810 6508 
17232 8226 8241 5047 
17233 730 8470 728 
17234 8564 8866 3309 
17235 5634 8689 6594 
17236 7112 8210 7474 
17237 4445 8419 4442 
17238 4636 8493 6122 
17239 7863 8159 2885 
17240 5634 8759 8689 
17241 4769 8282 7572 
17242 100 8720 99 
17243 458 8928 6755 
17244 7891 7995 7429 
17245 3967 8406 7306 
17246 26 8864 25 
17247 4343 8572 6840 
17248 7562 8450 8318 
17249 8195 8716 4559 
17250 4303 8501 6816 
17251 7027 8377 2949 
17252 2828 8447 6871 
17253 7891 8137 4740 
17254 6629 8674 5461 
17255 6459 8890 7791 
17256 4710 8968 8404 
17257 6318 8677 6794 
17258 7679 8898 5843 
17259 5891 8372 8135 
17260 7998 8632 8033 
17261 3386 8542 7865 
17262 316 8904 8489 
17263 8548 8746 5311 
17264 5220 8659 5219 
17265 5379 8479 5377 
17266 5291 8462 4810 
17267 274 8654 275 
17268 4557 8964 6715 
17269 4651 8680 8333 
17270 4903 8797 8426 
17271 8480 8616 4829 
17272 5715 8723 8701 
17273 1514 8588 8244 
17274 300 8666 301 
17275 4727 8491 5848 
17276 2994 8253 8194 
17277 4829 8616 4819 
17278 5357 8952 5358 
17279 110 8795 463 
17280 4889 8193 8110 
17281 7111 8821 4184 
17282 6683 8423 999 
17283 4929 8475 4927 
17284 8015 8234 4855 
17285 157 8780 156 
17286 7806 8155 2743 
17287 5651 8051 7846 
17288 5685 8523 8391 
17289 4673 8540 8320 
17290 5258 8509 5259 
17291 5116 8464 8187 
17292 5135 8844 5133 
17293 2381 8642 2379 
17294 4823 8679 6715 
17295 5091 8946 5093 
17296 7752 8266 4713 
17297 4266 8611 7802 
17298 4883 8575 4835 
17299 3306 8677 7632 
17300 6778 8878 6779 
17301 6715 8964 6215 
17302 7802 8611 5064 
17303 8159 8378 2885 
17304 7998 8140 3597 
17305 5867 8863 6784 
17306 8220 8567 1335 
17307 8389 8503 5232 
17308 5727 8581 4352 
17309 570 8884 8269 
17310 4593 7995 7891 
17311 498 8908 6756 
17312 6033 8889 6161 
17313 416 8693 417 
17314 5093 8946 5100 
17315 7182 8403 3070 
17316 5333 8676 7138 
17317 8689 8759 4135 
17318 7150 8645 5069 
17319 5187 8370 7850 
17320 7275 8539 5287 
17321 903 8806 7065 
17322 8512 8757 4990 
17323 404 8685 405 
17324 8251 8406 3967 
17325 4848 8535 4813 
17326 3214 8742 3215 
17327 7514 8257 7838 
17328 7059 8536 2541 
17329 7393 8303 4646 
17330 1990 8426 6667 
17331 7242 8418 5456 
17332 7050 8879 4188 
17333 7639 8218 869 
17334 4276 8805 8340 
17335 7612 8303 7393 
17336 4658 8486 8170 
17337 1822 8570 1816 
17338 7716 8195 2251 
17339 6883 8624 2795 
17340 7758 8418 7242 
17341 2917 8538 2915 
17342 4731 8527 3244 
17343 7605 8883 6560 
17344 8313 8555 5032 
17345 5936 8635 7533 
17346 5457 8812 5473 
17347 6906 8564 3309 
17348 5808 8869 7500 
17349 881 8593 874 
17350 7358 8317 2741 
17351 6794 8677 7931 
17352 7976 8442 7186 
17353 7200 8553 4308 
17354 8294 8803 3266 
17355 8414 8626 4570 
17356 8370 8670 3718 
17357 1987 8452 6621 
17358 7865 8542 6862 
17359 5053 8573 4770 
17360 3634 8715 3610 
17361 5342 8918 7812 
17362 7632 8909 4637 
17363 8135 8372 4759 
17364 4988 8568 4989 
17365 7527 8710 4694 
17366 4507 8192 7775 
17367 4763 8422 7811 
17368 3410 8895 3408 
17369 7287 8361 3438 
17370 6893 8713 4938 
17371 7690 8328 1173 
17372 7717 8375 2256 
17373 3231 8376 7880 
17374 4293 8552 7397 
17375 7186 8442 5264 
17376 8266 8788 4878 
17377 8316 8776 6122 
17378 7657 8272 4729 
17379 4230 8618 4231 
17380 5524 8267 7985 
17381 6812 8943 6004 
17382 5294 8627 4908 
17383 6995 8798 8519 
17384 1516 8588 1514 
17385 973 8516 7744 
17386 3512 8603 4412 
17387 4767 8781 7680 
17388 952 8384 7311 
17389 8387 8727 2467 
17390 2203 8578 8398 
17391 350 8565 969 
17392 5462 8874 3707 
17393 710 8629 2445 
17394 4571 8434 8292 
17395 5071 8450 7562 
17396 6831 8595 5354 
17397 8286 8287 4940 
17398 5902 8268 7343 
17399 742 8589 739 
17400 4362 8559 7743 
17401 4456 8317 7358 
17402 1319 8567 1317 
17403 4837 8964 4557 
17404 7288 8399 4154 
17405 5249 8486 4658 
17406 3890 8753 5296 
17407 7290 8424 7321 
17408 5237 8540 4673 
17409 3790 8767 5179 
17410 4097 8772 6590 
17411 6150 8070 7964 
17412 7492 8560 507 
17413 504 8563 7499 
17414 505 8562 7501 
17415 7104 8451 4686 
17416 8543 8936 1930 
17417 3992 8681 4086 
17418 4898 8288 8030 
17419 7829 8602 5189 
17420 4123 8303 7612 
17421 8297 8907 823 
17422 2797 8844 7922 
17423 7207 8604 4148 
17424 348 8825 349 
17425 6811 8943 4359 
17426 8154 8291 3995 
17427 7716 8716 8195 
17428 7634 8728 1534 
17429 7985 8267 4640 
17430 1361 8682 1360 
17431 5353 8747 5055 
17432 4730 8612 6900 
17433 4062 8272 7657 
17434 4056 8970 4057 
17435 8147 8166 5829 
17436 409 8838 410 
17437 5265 8652 4665 
17438 7594 8622 6231 
17439 4186 8694 4994 
17440 364 8851 365 
17441 4683 8149 7967 
17442 7500 8869 5190 
17443 4917 8537 4290 
17444 5088 8699 8525 
17445 7644 8702 6726 
17446 2995 8511 7924 
17447 8755 8964 4837 
17448 4995 8636 4997 
17449 4524 8504 3811 
17450 3758 8688 7629 
17451 4016 8657 5020 
17452 3954 8584 4654 
17453 8205 8426 1990 
17454 6784 8973 5866 
17455 6758 8790 2797 
17456 2176 8602 2178 
17457 3809 8808 6244 
17458 7936 8529 4419 
17459 7295 8387 4943 
17460 5305 8819 4949 
17461 4919 8814 4921 
17462 4910 8120 7916 
17463 5598 8726 7700 
17464 7459 8763 4917 
17465 8270 8638 4839 
17466 3009 8318 7462 
17467 7012 8559 4362 
17468 8451 8828 4686 
17469 8000 8801 2783 
17470 5311 8746 5313 
17471 4492 8510 7425 
17472 5118 8739 7550 
17473 8494 8819 5305 
17474 7889 8740 1377 
17475 1558 8643 1556 
17476 315 8904 316 
17477 4894 8122 7888 
17478 5354 8773 5355 
17479 8361 8775 3438 
17480 4644 8718 5114 
17481 8093 8260 6079 
17482 2830 8711 3258 
17483 4865 8675 4863 
17484 6215 8964 8755 
17485 4419 8529 4978 
17486 3718 8670 5085 
17487 5942 8590 5495 
17488 1920 8684 1919 
17489 8198 8445 6454 
17490 6595 8690 6557 
17491 5162 8794 8620 
17492 8354 8437 1310 
17493 1810 8886 1809 
17494 6687 8514 6655 
17495 4277 8906 3617 
17496 8320 8540 6714 
17497 7938 8804 750 
17498 386 8916 387 
17499 5358 8786 6991 
17500 1907 8707 1906 
17501 3049 8703 8047 
17502 4100 8678 8616 
17503 6810 8910 5267 
17504 1201 8662 1198 
17505 5103 8942 5101 
17506 8808 8914 6244 
17507 3810 8676 7024 
17508 8463 8640 2749 
17509 7313 8186 8004 
17510 5381 8578 7258 
17511 5117 8626 8414 
17512 4423 8919 4424 
17513 5956 8951 5955 
17514 5034 8420 8328 
17515 1173 8420 7344 
17516 4263 8734 3862 
17517 5241 8661 4695 
17518 7893 8226 5047 
17519 7311 8463 2749 
17520 7343 8268 5587 
17521 3104 8702 3102 
17522 232 8698 722 
17523 7178 8512 4990 
17524 3621 8823 4331 
17525 4505 8812 4504 
17526 5017 8911 5019 
17527 7020 8689 4135 
17528 7590 8744 633 
17529 7937 8547 5217 
17530 4976 8427 7355 
17531 7318 8695 490 
17532 828 8796 824 
17533 1654 8972 7712 
17534 1981 8743 6556 
17535 7629 8433 3653 
17536 5232 8503 7557 
17537 3878 8350 7709 
17538 4743 8663 4446 
17539 7320 8944 5325 
17540 7070 8909 6316 
17541 4990 8757 4991 
17542 7679 8435 1335 
17543 7629 8688 6312 
17544 7665 8665 5030 
17545 7474 8210 8063 
17546 8137 8566 4838 
17547 7813 8437 5191 
17548 4945 8829 4947 
17549 671 8717 264 
17550 7227 8502 3399 
17551 7380 8464 5116 
17552 7397 8552 5073 
17553 3832 8454 7417 
17554 6122 8776 4971 
17555 7051 8495 4244 
17556 7331 8492 4897 
17557 4621 8735 5314 
17558 8398 8578 5381 
17559 1167 8754 1164 
17560 760 8736 715 
17561 5148 8809 7116 
17562 7680 8781 3422 
17563 8004 8186 6349 
17564 6799 8949 4967 
17565 3988 8696 4913 
17566 5033 8558 7222 
17567 7503 8434 4571 
17568 4839 8638 5981 
17569 1398 8888 1400 
17570 6073 8837 7561 
17571 2251 8686 7716 
17572 6846 8890 4081 
17573 344 8765 970 
17574 4650 8231 7969 
17575 4927 8749 4925 
17576 5226 8861 5224 
17577 8187 8464 963 
17578 1384 8241 8226 
17579 4743 8958 8663 
17580 8671 8935 4461 
17581 774 8954 771 
17582 4568 8695 7318 
17583 5043 8700 6832 
17584 4707 8353 7588 
17585 6619 8921 8175 
17586 4955 8802 4953 
17587 8475 8749 4927 
17588 8627 8856 4908 
17589 618 8766 7017 
17590 726 8807 724 
17591 3726 8798 6995 
17592 6118 8783 5763 
17593 5840 8882 8600 
17594 5147 8716 7716 
17595 972 8854 7274 
17596 5966 8483 7647 
17597 984 8770 394 
17598 5715 8701 4390 
17599 4403 8900 4113 
17600 760 8820 8736 
17601 4752 8704 6947 
17602 5142 8775 8361 
17603 4457 8722 4456 
17604 578 8957 568 
17605 5607 8792 7508 
17606 7105 8668 2680 
17607 3106 8813 2935 
17608 5994 8622 7594 
17609 7901 8305 1103 
17610 3309 8866 7141 
17611 8529 8816 4978 
17612 7302 8872 3589 
17613 622 8726 6631 
17614 8417 8502 5974 
17615 7370 8956 3830 
17616 1992 8708 6699 
17617 5912 8265 8264 
17618 6250 8877 5046 
17619 2482 8826 2484 
17620 8014 8867 4495 
17621 3453 8418 7740 
17622 4040 8930 7331 
17623 5364 8958 4743 
17624 8145 8732 5369 
17625 7744 8516 5802 
17626 748 8975 746 
17627 7522 8699 5088 
17628 6622 8768 841 
17629 5658 8529 7936 
17630 7257 8907 4281 
17631 6499 8862 5057 
17632 4570 8626 7385 
17633 2634 8660 7211 
17634 3405 8710 7527 
17635 8853 8918 3739 
17636 2803 8737 7534 
17637 8033 8632 4877 
17638 4775 8903 4511 
17639 4524 8920 8504 
17640 6667 8797 741 
17641 7716 8686 5859 
17642 7724 8786 3161 
17643 6490 8856 8627 
17644 8194 8253 4850 
17645 7897 8360 5129 
17646 1325 8898 1323 
17647 4883 8892 8575 
17648 7961 8804 5450 
17649 7222 8789 6013 
17650 2749 8640 7229 
17651 6770 8872 7302 
17652 3064 8622 8020 
17653 4978 8816 4985 
17654 8365 8708 1992 
17655 1692 8945 1673 
17656 684 8933 257 
17657 633 8927 288 
17658 8118 8651 2505 
17659 1205 8932 1202 
17660 7592 8605 2931 
17661 6189 8472 8277 
17662 1315 8902 1341 
17663 4924 8343 7982 
17664 4835 8575 8397 
17665 5030 8665 7254 
17666 8038 8832 5406 
17667 4209 8566 7389 
17668 3536 8761 6859 
17669 5008 8644 8128 
17670 6624 8857 713 
17671 5032 8555 7673 
17672 4649 8395 7937 
17673 4847 8845 5339 
17674 4908 8856 7021 
17675 7599 8522 968 
17676 6640 8847 693 
17677 6060 8806 8216 
17678 7828 8469 6353 
17679 7752 8788 8266 
17680 8291 8582 3995 
17681 7214 8901 5929 
17682 5191 8354 7979 
17683 7960 8514 5023 
17684 5012 8960 5013 
17685 5179 8630 8027 
17686 6199 8962 8785 
17687 7691 8550 6619 
17688 4088 8880 8005 
17689 4668 8291 8023 
17690 5336 8920 4524 
17691 7106 8968 4710 
17692 2467 8411 8387 
17693 7389 8566 8137 
17694 7729 8669 4681 
17695 8112 8630 5179 
17696 6815 8469 7828 
17697 6042 8426 8205 
17698 7799 8704 4752 
17699 7388 8619 2764 
17700 7341 8971 7340 
17701 5380 8965 5366 
17702 7159 8835 4798 
17703 8013 8330 4887 
17704 8384 8463 7311 
17705 6078 8956 4854 
17706 6159 8298 7980 
17707 623 8335 8073 
17708 7356 8852 4209 
17709 8020 8622 5994 
17710 7968 8893 8194 
17711 4763 8879 8533 
17712 7446 8671 4461 
17713 5067 8839 7159 
17714 4206 8870 7466 
17715 8663 8958 5708 
17716 7353 8810 4513 
17717 8471 8787 5346 
17718 7229 8840 944 
17719 7180 8635 7697 
17720 8002 8444 5650 
17721 6779 8878 8042 
17722 8366 8685 5520 
17723 5651 8444 8338 
17724 7405 8672 5448 
17725 8042 8878 6776 
17726 8600 8882 4696 
17727 7828 8543 4899 
17728 7306 8406 8199 
17729 4426 8729 7323 
17730 3438 8775 7191 
17731 1171 8758 8706 
17732 5056 8384 8191 
17733 6675 8445 7944 
17734 7911 8485 7332 
17735 5064 8611 8140 
17736 4057 8655 7684 
17737 7285 8758 1171 
17738 463 8679 7782 
17739 5022 8521 8334 
17740 8032 8652 3225 
17741 7297 8822 760 
17742 8063 8210 1883 
17743 8005 8880 5120 
17744 4461 8935 7470 
17745 8117 8344 4572 
17746 6473 8763 7459 
17747 8130 8915 4587 
17748 8346 8415 4907 
17749 4696 8882 7189 
17750 8134 8320 6714 
17751 8707 8899 1906 
17752 876 8901 7214 
17753 7750 8760 4775 
17754 7344 8787 7285 
17755 4209 8852 8566 
17756 5013 8598 8357 
17757 4086 8681 7800 
17758 7990 8396 6054 
17759 8178 8389 5232 
17760 7449 8724 5808 
17761 8785 8962 4149 
17762 4450 8938 8076 
17763 7319 8966 2705 
17764 8201 8380 1664 
17765 713 8857 8290 
17766 7818 8729 4426 
17767 8420 8787 7344 
17768 6881 8974 7418 
17769 5217 8407 8174 
17770 5154 8708 8365 
17771 8209 8398 5381 
17772 7256 8739 7766 
17773 5056 8463 8384 
17774 5848 8864 8062 
17775 7755 8939 4993 
17776 4872 8728 7634 
17777 4984 8740 7889 
17778 5346 8787 8420 
17779 5428 8484 7854 
17780 8121 8674 6287 
17781 3260 8944 7832 
17782 7681 8774 4106 
17783 7269 8459 8059 
17784 2500 8843 7437 
17785 7285 8787 8758 
17786 6230 8520 7876 
17787 4372 8669 7729 
17788 7712 8972 6270 
17789 4545 8841 8010 
17790 8640 8840 7229 
17791 3701 8791 7769 
17792 8037 8809 5148 
17793 4843 8860 7703 
17794 4627 8436 8085 
17795 8706 8758 5335 
17796 8199 8406 5679 
17797 7159 8839 8835 
17798 8387 8411 4943 
17799 5293 8922 8766 
17800 3707 8874 8070 
17801 7643 8891 4883 
17802 3265 8714 8007 
17803 1201 8881 8662 
17804 7703 8860 997 
17805 3253 8415 8346 
17806 750 8804 7961 
17807 472 8473 8295 
17808 5644 8899 8707 
17809 7437 8923 2778 
17810 8071 8530 539 
17811 8296 8889 6033 
17812 5393 8738 8240 
17813 7793 8972 1654 
17814 7969 8680 4651 
17815 8558 8789 7222 
17816 5461 8674 8121 
17817 8146 8721 1832 
17818 8295 8473 5216 
17819 4587 8915 7738 
17820 5196 8834 7709 
17821 5885 8729 7818 
17822 6991 8786 7724 
17823 8523 8949 6799 
17824 3427 8788 7752 
17825 661 8912 7491 
17826 7288 8527 8399 
17827 7828 8936 8543 
17828 4917 8763 8498 
17829 8281 8528 1365 
17830 8835 8839 588 
17831 7912 8727 5322 
17832 8366 8692 978 
17833 7940 8697 5326 
17834 7385 8626 8305 
17835 5773 8567 8220 
17836 8119 8592 4725 
17837 6338 8870 8246 
17838 8010 8841 6016 
17839 6486 8825 8321 
17840 6199 8785 7951 
17841 3496 8632 7998 
17842 7951 8785 7750 
17843 6688 8883 8531 
17844 7921 8750 825 
17845 693 8847 8066 
17846 449 8949 8523 
17847 5046 8877 8236 
17848 8078 8667 4584 
17849 7830 8940 2738 
17850 8430 8615 5027 
17851 4559 8716 8036 
17852 5642 8651 8118 
17853 8219 8554 2317 
17854 6210 8907 8297 
17855 5027 8615 8534 
17856 5449 8804 7938 
17857 7812 8853 4944 
17858 5256 8649 8155 
17859 8128 8644 6517 
17860 4686 8828 7984 
17861 8194 8893 2994 
17862 8304 8585 5424 
17863 990 8792 7948 
17864 6353 8936 7828 
17865 8059 8730 3053 
17866 8594 8636 4995 
17867 8268 8609 5587 
17868 8843 8923 7437 
17869 4654 8584 8460 
17870 1377 8740 8274 
17871 5335 8758 8471 
17872 7832 8944 7320 
17873 5346 8544 8471 
17874 8297 8796 5725 
17875 4688 8648 8238 
17876 5164 8849 8599 
17877 5506 8603 8300 
17878 8337 8600 4696 
17879 4893 8687 8273 
17880 8269 8884 5390 
17881 8047 8703 5953 
17882 3589 8872 8043 
17883 8155 8973 2743 
17884 6945 8615 8430 
17885 8745 8946 5091 
17886 5021 8772 8327 
17887 7331 8930 8492 
17888 8080 8834 4078 
17889 8471 8544 5392 
17890 7996 8962 6199 
17891 5644 8707 8425 
17892 1171 8706 8348 
17893 8460 8584 5739 
17894 8016 8974 6881 
17895 5541 8893 7968 
17896 8286 8900 6540 
17897 758 8863 8166 
17898 1906 8899 8089 
17899 8731 8930 4040 
17900 5473 8837 8225 
17901 8509 8646 5259 
17902 8345 8755 4837 
17903 5059 8923 8843 
17904 5249 8691 8486 
17905 875 8947 8106 
17906 2889 8636 8594 
17907 4848 8779 8535 
17908 8236 8877 1348 
17909 5013 8960 8598 
17910 8416 8759 5634 
17911 8715 8848 5240 
17912 8534 8615 5692 
17913 5123 8725 8682 
17914 5256 8850 8649 
17915 8171 8897 5606 
17916 8613 8818 1352 
17917 5100 8827 8378 
17918 6336 8646 8509 
17919 3161 8786 8621 
17920 8498 8763 3650 
17921 1919 8684 8656 
17922 8076 8938 6117 
17923 6452 8873 8352 
17924 8682 8725 1360 
17925 8598 8960 912 
17926 6755 8928 8510 
17927 7750 8785 8760 
17928 8352 8873 430 
17929 8491 8815 5848 
17930 8535 8779 2001 
17931 8175 8921 5856 
17932 5201 8889 8296 
17933 5551 8818 8613 
17934 8621 8786 5358 
17935 8656 8684 6221 
17936 6737 8886 8477 
17937 5692 8894 8534 
17938 8599 8849 1957 
17939 8533 8879 4880 
17940 8510 8928 7425 
17941 760 8822 8820 
17942 8744 8927 633 
17943 8531 8883 5748 
17944 3634 8848 8715 
17945 8649 8850 5865 
17946 5597 8927 8744 
17947 8760 8785 4149 
17948 8834 8885 4078 
17949 5196 8885 8834 
17950 8820 8822 5838 
17951 8891 8892 4883 
17952 5743 8930 8731 
17953 5883 8946 8745 
17954 6892 8892 8891 
17955 8869 8959 5190 
17956 1349 8959 8869 
17957 7421 8097 5269 
$EndElements
